note_id,route_id,driver_id,hub_id,timestamp,exception_type,body
DN-100000,RTE-IND-20250117-001,DRV-01031,HUB-IND,2025-01-17T11:15:00,weather,"[01/17 11:15] RTE-IND-20250117-001 / DRV-01031 @ IND~~NL~~Snow/ice on route. 55 stops ATT, 2 DEL to next day. Salt trucks late. ETA slippage all afternoon."
DN-100001,RTE-CHI-20250121-002,DRV-01017,HUB-CHI,2025-01-21T15:05:00,address,"[01/21 15:05] RTE-CHI-20250121-002 / DRV-01017 @ CHI~~NL~~Suite # missing, 4 stops undeliverable. Contacting account for update."
DN-100002,RTE-DET-20251130-001,DRV-01004,HUB-DET,2025-11-30T15:38:00,weather,"[11/30 15:38] RTE-DET-20251130-001 / DRV-01004 @ DET~~NL~~Snow/ice on route. 24 stops ATT, 1 DEL to next day. Salt trucks late. ETA slippage all afternoon."
DN-100003,RTE-IND-20250113-002,DRV-01006,HUB-IND,2025-01-13T15:26:00,address,[01/13 15:26] RTE-IND-20250113-002 / DRV-01006 @ IND~~NL~~Bad address on SHP-202501-000070. Geocode off by ~3mi. Held for dispatch correction.
DN-100004,RTE-CMH-20251112-003,DRV-01044,HUB-CMH,2025-11-12T09:13:00,access,[11/12 09:13] RTE-CMH-20251112-003 / DRV-01044 @ CMH~~NL~~Dock closed early. 6 LTL stops could not unload. Rescheduling AM.
DN-100005,RTE-CMH-20251024-001,DRV-01016,HUB-CMH,2025-10-24T12:38:00,access,[10/24 12:38] RTE-CMH-20251024-001 / DRV-01016 @ CMH~~NL~~Dock closed early. 1 LTL stops could not unload. Rescheduling AM.
DN-100006,RTE-IND-20251211-005,DRV-01031,HUB-IND,2025-12-11T13:05:00,customer_nsf,[12/11 13:05] RTE-IND-20251211-005 / DRV-01031 @ IND~~NL~~Consignee refused delivery the stop. Return to hub initiated.
DN-100007,RTE-CMH-20250507-001,DRV-01018,HUB-CMH,2025-05-07T17:14:00,access,[05/07 17:14] RTE-CMH-20250507-001 / DRV-01018 @ CMH~~NL~~Dock closed early. 3 LTL stops could not unload. Rescheduling AM.
DN-100008,RTE-DET-20251224-003,DRV-01022,HUB-DET,2025-12-24T13:17:00,traffic,"[12/24 13:17] RTE-DET-20251224-003 / DRV-01022 @ DET~~NL~~Accident on route, detour added. 4 DEL slipped past commit."
DN-100009,RTE-CHI-20251219-004,DRV-01011,HUB-CHI,2025-12-19T12:13:00,weather,[12/19 12:13] RTE-CHI-20251219-004 / DRV-01011 @ CHI~~NL~~Freezing rain. Driver DRV-01011 pulled early for safety. 6 stops rolled to tomorrow.
DN-100010,RTE-IND-20250214-002,DRV-01031,HUB-IND,2025-02-14T09:34:00,customer_nsf,[02/14 09:34] RTE-IND-20250214-002 / DRV-01031 @ IND~~NL~~the stop NSF - business closed. ATT 1440. Reattempt next biz day.
DN-100011,RTE-CHI-20251107-003,DRV-01005,HUB-CHI,2025-11-07T17:44:00,weather,[11/07 17:44] RTE-CHI-20251107-003 / DRV-01005 @ CHI~~NL~~Freezing rain. Driver DRV-01005 pulled early for safety. 1 stops rolled to tomorrow.
DN-100012,RTE-DET-20250326-004,DRV-01021,HUB-DET,2025-03-26T19:03:00,traffic,"[03/26 19:03] RTE-DET-20250326-004 / DRV-01021 @ DET~~NL~~I-65 closure, major backup. ETA +90m. 1 stops missed cutoff."
DN-100013,RTE-DET-20251204-002,DRV-01037,HUB-DET,2025-12-04T08:13:00,access,[12/04 08:13] RTE-DET-20251204-002 / DRV-01037 @ DET~~NL~~Dock closed early. 4 LTL stops could not unload. Rescheduling AM.
DN-100014,RTE-CHI-20250220-002,DRV-01017,HUB-CHI,2025-02-20T17:29:00,access,"[02/20 17:29] RTE-CHI-20250220-002 / DRV-01017 @ CHI~~NL~~Gate locked at delivery, no answer. ATT x2. the stop left as NSF, reattempt scheduled."
DN-100015,RTE-CMH-20250225-002,DRV-01010,HUB-CMH,2025-02-25T15:16:00,volume,"[02/25 15:16] RTE-CMH-20250225-002 / DRV-01010 @ CMH~~NL~~Peak volume, truck full. 3 pkgs bumped to overflow route."
DN-100016,RTE-IND-20250107-002,DRV-01032,HUB-IND,2025-01-07T09:32:00,weather,"[01/07 09:32] RTE-IND-20250107-002 / DRV-01032 @ IND~~NL~~Snow/ice on route. 36 stops ATT, 5 DEL to next day. Salt trucks late. ETA slippage all afternoon."
DN-100017,RTE-IND-20251112-001,DRV-01188,HUB-IND,2025-11-12T17:27:00,weather,[11/12 17:27] RTE-IND-20251112-001 / DRV-01188 @ IND~~NL~~Freezing rain. Driver DRV-01188 pulled early for safety. 2 stops rolled to tomorrow.
DN-100018,RTE-CIN-20250225-003,DRV-01023,HUB-CIN,2025-02-25T14:33:00,customer_nsf,[02/25 14:33] RTE-CIN-20250225-003 / DRV-01023 @ CIN~~NL~~Consignee refused delivery the stop. Return to hub initiated.
DN-100019,RTE-CIN-20251203-004,DRV-01038,HUB-CIN,2025-12-03T18:07:00,weather,[12/03 18:07] RTE-CIN-20251203-004 / DRV-01038 @ CIN~~NL~~Freezing rain. Driver DRV-01038 pulled early for safety. 3 stops rolled to tomorrow.
DN-100020,RTE-DET-20251212-003,DRV-01022,HUB-DET,2025-12-12T12:07:00,volume,"[12/12 12:07] RTE-DET-20251212-003 / DRV-01022 @ DET~~NL~~Peak volume, truck full. 1 pkgs bumped to overflow route."
DN-100021,RTE-DET-20250815-001,DRV-01022,HUB-DET,2025-08-15T18:56:00,access,[08/15 18:56] RTE-DET-20250815-001 / DRV-01022 @ DET~~NL~~Dock closed early. 2 LTL stops could not unload. Rescheduling AM.
DN-100022,RTE-DET-20250108-006,DRV-01021,HUB-DET,2025-01-08T08:55:00,mechanical,"[01/08 08:55] RTE-DET-20250108-006 / DRV-01021 @ DET~~NL~~Check-engine light, reduced power. Swapped to spare, 4 stops late."
DN-100023,RTE-IND-20251124-001,DRV-01188,HUB-IND,2025-11-24T12:48:00,weather,"[11/24 12:48] RTE-IND-20251124-001 / DRV-01188 @ IND~~NL~~Snow/ice on route. 51 stops ATT, 2 DEL to next day. Salt trucks late. ETA slippage all afternoon."
DN-100024,RTE-CMH-20251223-006,DRV-01028,HUB-CMH,2025-12-23T07:38:00,traffic,"[12/23 07:38] RTE-CMH-20251223-006 / DRV-01028 @ CMH~~NL~~Accident on route, detour added. 3 DEL slipped past commit."
DN-100025,RTE-CHI-20251209-001,DRV-01020,HUB-CHI,2025-12-09T19:19:00,traffic,"[12/09 19:19] RTE-CHI-20251209-001 / DRV-01020 @ CHI~~NL~~I-65 closure, major backup. ETA +90m. 4 stops missed cutoff."
DN-100026,RTE-CHI-20250815-003,DRV-01017,HUB-CHI,2025-08-15T08:05:00,address,"[08/15 08:05] RTE-CHI-20250815-003 / DRV-01017 @ CHI~~NL~~Suite # missing, 3 stops undeliverable. Contacting account for update."
DN-100027,RTE-CHI-20251225-002,DRV-01005,HUB-CHI,2025-12-25T09:08:00,customer_nsf,[12/25 09:08] RTE-CHI-20251225-002 / DRV-01005 @ CHI~~NL~~Consignee refused delivery the stop. Return to hub initiated.
DN-100028,RTE-CHI-20251209-002,DRV-01005,HUB-CHI,2025-12-09T16:27:00,customer_nsf,[12/09 16:27] RTE-CHI-20251209-002 / DRV-01005 @ CHI~~NL~~the stop NSF - business closed. ATT 1440. Reattempt next biz day.
DN-100029,RTE-CMH-20251128-003,DRV-01013,HUB-CMH,2025-11-28T18:19:00,address,"[11/28 18:19] RTE-CMH-20251128-003 / DRV-01013 @ CMH~~NL~~Suite # missing, 6 stops undeliverable. Contacting account for update."
DN-100030,RTE-DET-20251230-003,DRV-01014,HUB-DET,2025-12-30T15:28:00,mechanical,"[12/30 15:28] RTE-DET-20251230-003 / DRV-01014 @ DET~~NL~~Liftgate fault mid-route. DRV-01014 completed 27 stops manual, 3 deferred. VEH flagged for shop."
DN-100031,RTE-DET-20250508-002,DRV-01037,HUB-DET,2025-05-08T16:35:00,mechanical,"[05/08 16:35] RTE-DET-20250508-002 / DRV-01037 @ DET~~NL~~Liftgate fault mid-route. DRV-01037 completed 36 stops manual, 2 deferred. VEH flagged for shop."
DN-100032,RTE-IND-20251209-002,DRV-01188,HUB-IND,2025-12-09T17:03:00,weather,"[12/09 17:03] RTE-IND-20251209-002 / DRV-01188 @ IND~~NL~~Snow/ice on route. 65 stops ATT, 1 DEL to next day. Salt trucks late. ETA slippage all afternoon."
DN-100033,RTE-CMH-20250109-003,DRV-01049,HUB-CMH,2025-01-09T08:32:00,traffic,"[01/09 08:32] RTE-CMH-20250109-003 / DRV-01049 @ CMH~~NL~~I-74 closure, major backup. ETA +90m. 4 stops missed cutoff."
DN-100034,RTE-DET-20251209-002,DRV-01046,HUB-DET,2025-12-09T09:46:00,weather,[12/09 09:46] RTE-DET-20251209-002 / DRV-01046 @ DET~~NL~~Freezing rain. Driver DRV-01046 pulled early for safety. 3 stops rolled to tomorrow.
DN-100035,RTE-CMH-20250203-004,DRV-01013,HUB-CMH,2025-02-03T19:26:00,volume,"[02/03 19:26] RTE-CMH-20250203-004 / DRV-01013 @ CMH~~NL~~Overloaded manifest, 52 stops assigned. 6 could not be completed in service window."
DN-100036,RTE-CHI-20251104-002,DRV-01011,HUB-CHI,2025-11-04T13:26:00,mechanical,"[11/04 13:26] RTE-CHI-20251104-002 / DRV-01011 @ CHI~~NL~~Check-engine light, reduced power. Swapped to spare, 2 stops late."
DN-100037,RTE-DET-20250115-001,DRV-01004,HUB-DET,2025-01-15T17:06:00,address,[01/15 17:06] RTE-DET-20250115-001 / DRV-01004 @ DET~~NL~~Bad address on the stop. Geocode off by ~3mi. Held for dispatch correction.
DN-100038,RTE-IND-20251211-005,DRV-01031,HUB-IND,2025-12-11T08:15:00,volume,"[12/11 08:15] RTE-IND-20251211-005 / DRV-01031 @ IND~~NL~~Overloaded manifest, 40 stops assigned. 2 could not be completed in service window."
DN-100039,RTE-IND-20251218-002,DRV-01006,HUB-IND,2025-12-18T08:28:00,mechanical,"[12/18 08:28] RTE-IND-20251218-002 / DRV-01006 @ IND~~NL~~Liftgate fault mid-route. DRV-01006 completed 48 stops manual, 4 deferred. VEH flagged for shop."
DN-100040,RTE-DET-20250213-002,DRV-01021,HUB-DET,2025-02-13T07:05:00,customer_nsf,[02/13 07:05] RTE-DET-20250213-002 / DRV-01021 @ DET~~NL~~the stop NSF - business closed. ATT 1440. Reattempt next biz day.
DN-100041,RTE-CIN-20250626-001,DRV-01008,HUB-CIN,2025-06-26T13:57:00,customer_nsf,[06/26 13:57] RTE-CIN-20250626-001 / DRV-01008 @ CIN~~NL~~the stop NSF - business closed. ATT 1440. Reattempt next biz day.
DN-100042,RTE-IND-20250425-002,DRV-01032,HUB-IND,2025-04-25T11:59:00,traffic,"[04/25 11:59] RTE-IND-20250425-002 / DRV-01032 @ IND~~NL~~Accident on route, detour added. 2 DEL slipped past commit."
DN-100043,RTE-DET-20250205-002,DRV-01037,HUB-DET,2025-02-05T19:35:00,traffic,"[02/05 19:35] RTE-DET-20250205-002 / DRV-01037 @ DET~~NL~~Accident on route, detour added. 4 DEL slipped past commit."
DN-100044,RTE-DET-20251228-001,DRV-01004,HUB-DET,2025-12-28T07:37:00,weather,"[12/28 07:37] RTE-DET-20251228-001 / DRV-01004 @ DET~~NL~~Snow/ice on route. 45 stops ATT, 3 DEL to next day. Salt trucks late. ETA slippage all afternoon."
DN-100045,RTE-DET-20251218-003,DRV-01014,HUB-DET,2025-12-18T14:32:00,weather,[12/18 14:32] RTE-DET-20251218-003 / DRV-01014 @ DET~~NL~~Freezing rain. Driver DRV-01014 pulled early for safety. 1 stops rolled to tomorrow.
DN-100046,RTE-DET-20250717-001,DRV-01021,HUB-DET,2025-07-17T09:04:00,customer_nsf,[07/17 09:04] RTE-DET-20250717-001 / DRV-01021 @ DET~~NL~~the stop NSF - business closed. ATT 1440. Reattempt next biz day.
DN-100047,RTE-CIN-20251203-004,DRV-01038,HUB-CIN,2025-12-03T16:15:00,access,"[12/03 16:15] RTE-CIN-20251203-004 / DRV-01038 @ CIN~~NL~~Gate locked at delivery, no answer. ATT x2. the stop left as NSF, reattempt scheduled."
DN-100048,RTE-IND-20250214-001,DRV-01045,HUB-IND,2025-02-14T16:33:00,address,"[02/14 16:33] RTE-IND-20250214-001 / DRV-01045 @ IND~~NL~~Suite # missing, 4 stops undeliverable. Contacting account for update."
DN-100049,RTE-IND-20250107-001,DRV-01032,HUB-IND,2025-01-07T10:16:00,address,"[01/07 10:16] RTE-IND-20250107-001 / DRV-01032 @ IND~~NL~~Suite # missing, 1 stops undeliverable. Contacting account for update."
DN-100050,RTE-IND-20250212-003,DRV-01033,HUB-IND,2025-02-12T07:29:00,traffic,"[02/12 07:29] RTE-IND-20250212-003 / DRV-01033 @ IND~~NL~~I-65 closure, major backup. ETA +90m. 1 stops missed cutoff."
DN-100051,RTE-CHI-20250921-001,DRV-01011,HUB-CHI,2025-09-21T09:59:00,customer_nsf,[09/21 09:59] RTE-CHI-20250921-001 / DRV-01011 @ CHI~~NL~~Consignee refused delivery the stop. Return to hub initiated.
DN-100052,RTE-CIN-20250130-002,DRV-01002,HUB-CIN,2025-01-30T09:28:00,access,[01/30 09:28] RTE-CIN-20250130-002 / DRV-01002 @ CIN~~NL~~Dock closed early. 4 LTL stops could not unload. Rescheduling AM.
DN-100053,RTE-CMH-20250130-001,DRV-01010,HUB-CMH,2025-01-30T15:00:00,volume,"[01/30 15:00] RTE-CMH-20250130-001 / DRV-01010 @ CMH~~NL~~Peak volume, truck full. 3 pkgs bumped to overflow route."
DN-100054,RTE-DET-20250520-001,DRV-01004,HUB-DET,2025-05-20T11:07:00,traffic,"[05/20 11:07] RTE-DET-20250520-001 / DRV-01004 @ DET~~NL~~I-71 closure, major backup. ETA +90m. 2 stops missed cutoff."
DN-100055,RTE-IND-20251119-001,DRV-01031,HUB-IND,2025-11-19T16:13:00,weather,[11/19 16:13] RTE-IND-20251119-001 / DRV-01031 @ IND~~NL~~Freezing rain. Driver DRV-01031 pulled early for safety. 5 stops rolled to tomorrow.
DN-100056,RTE-IND-20250317-001,DRV-01188,HUB-IND,2025-03-17T11:32:00,address,[03/17 11:32] RTE-IND-20250317-001 / DRV-01188 @ IND~~NL~~Bad address on the stop. Geocode off by ~3mi. Held for dispatch correction.
DN-100057,RTE-DET-20250429-003,DRV-01014,HUB-DET,2025-04-29T07:00:00,traffic,"[04/29 07:00] RTE-DET-20250429-003 / DRV-01014 @ DET~~NL~~Accident on route, detour added. 1 DEL slipped past commit."
DN-100058,RTE-DET-20250422-003,DRV-01021,HUB-DET,2025-04-22T18:28:00,mechanical,"[04/22 18:28] RTE-DET-20250422-003 / DRV-01021 @ DET~~NL~~Check-engine light, reduced power. Swapped to spare, 3 stops late."
DN-100059,RTE-IND-20250112-001,DRV-01045,HUB-IND,2025-01-12T18:57:00,weather,"[01/12 18:57] RTE-IND-20250112-001 / DRV-01045 @ IND~~NL~~Snow/ice on route. 48 stops ATT, 4 DEL to next day. Salt trucks late. ETA slippage all afternoon."
DN-100060,RTE-CHI-20251204-001,DRV-01047,HUB-CHI,2025-12-04T15:09:00,access,[12/04 15:09] RTE-CHI-20251204-001 / DRV-01047 @ CHI~~NL~~Dock closed early. 2 LTL stops could not unload. Rescheduling AM.
DN-100061,RTE-CMH-20250110-001,DRV-01036,HUB-CMH,2025-01-10T19:55:00,access,"[01/10 19:55] RTE-CMH-20250110-001 / DRV-01036 @ CMH~~NL~~Gate locked at delivery, no answer. ATT x2. the stop left as NSF, reattempt scheduled."
DN-100062,RTE-DET-20251229-001,DRV-01037,HUB-DET,2025-12-29T08:22:00,weather,[12/29 08:22] RTE-DET-20251229-001 / DRV-01037 @ DET~~NL~~Freezing rain. Driver DRV-01037 pulled early for safety. 5 stops rolled to tomorrow.
DN-100063,RTE-DET-20250103-004,DRV-01014,HUB-DET,2025-01-03T10:55:00,volume,"[01/03 10:55] RTE-DET-20250103-004 / DRV-01014 @ DET~~NL~~Overloaded manifest, 28 stops assigned. 3 could not be completed in service window."
DN-100064,RTE-CMH-20251225-002,DRV-01016,HUB-CMH,2025-12-25T18:59:00,weather,[12/25 18:59] RTE-CMH-20251225-002 / DRV-01016 @ CMH~~NL~~Freezing rain. Driver DRV-01016 pulled early for safety. 6 stops rolled to tomorrow.
DN-100065,RTE-CIN-20250726-003,DRV-01026,HUB-CIN,2025-07-26T19:44:00,mechanical,"[07/26 19:44] RTE-CIN-20250726-003 / DRV-01026 @ CIN~~NL~~Liftgate fault mid-route. DRV-01026 completed 52 stops manual, 3 deferred. VEH flagged for shop."
DN-100066,RTE-IND-20250211-003,DRV-01031,HUB-IND,2025-02-11T10:12:00,traffic,"[02/11 10:12] RTE-IND-20250211-003 / DRV-01031 @ IND~~NL~~Accident on route, detour added. 5 DEL slipped past commit."
DN-100067,RTE-CHI-20251024-004,DRV-01017,HUB-CHI,2025-10-24T10:14:00,volume,"[10/24 10:14] RTE-CHI-20251024-004 / DRV-01017 @ CHI~~NL~~Overloaded manifest, 53 stops assigned. 2 could not be completed in service window."
DN-100068,RTE-CMH-20250102-004,DRV-01015,HUB-CMH,2025-01-02T08:49:00,access,[01/02 08:49] RTE-CMH-20250102-004 / DRV-01015 @ CMH~~NL~~Dock closed early. 5 LTL stops could not unload. Rescheduling AM.
DN-100069,RTE-CIN-20251204-001,DRV-01034,HUB-CIN,2025-12-04T15:21:00,access,"[12/04 15:21] RTE-CIN-20251204-001 / DRV-01034 @ CIN~~NL~~Gate locked at delivery, no answer. ATT x2. the stop left as NSF, reattempt scheduled."
DN-100070,RTE-CHI-20250106-004,DRV-01017,HUB-CHI,2025-01-06T16:16:00,weather,"[01/06 16:16] RTE-CHI-20250106-004 / DRV-01017 @ CHI~~NL~~Snow/ice on route. 36 stops ATT, 6 DEL to next day. Salt trucks late. ETA slippage all afternoon."
DN-100071,RTE-IND-20251215-002,DRV-01188,HUB-IND,2025-12-15T19:20:00,access,[12/15 19:20] RTE-IND-20251215-002 / DRV-01188 @ IND~~NL~~Dock closed early. 4 LTL stops could not unload. Rescheduling AM.
DN-100072,RTE-CIN-20250218-003,DRV-01041,HUB-CIN,2025-02-18T16:12:00,weather,"[02/18 16:12] RTE-CIN-20250218-003 / DRV-01041 @ CIN~~NL~~Whiteout conditions Cincinnati. Held 1 pkgs at hub, road closures on the north loop. POD delayed."
DN-100073,RTE-CIN-20251219-003,DRV-01025,HUB-CIN,2025-12-19T19:34:00,weather,[12/19 19:34] RTE-CIN-20251219-003 / DRV-01025 @ CIN~~NL~~Freezing rain. Driver DRV-01025 pulled early for safety. 5 stops rolled to tomorrow.
DN-100074,RTE-IND-20250214-004,DRV-01045,HUB-IND,2025-02-14T10:23:00,volume,"[02/14 10:23] RTE-IND-20250214-004 / DRV-01045 @ IND~~NL~~Peak volume, truck full. 2 pkgs bumped to overflow route."
DN-100075,RTE-DET-20250114-003,DRV-01014,HUB-DET,2025-01-14T16:20:00,traffic,"[01/14 16:20] RTE-DET-20250114-003 / DRV-01014 @ DET~~NL~~I-71 closure, major backup. ETA +90m. 2 stops missed cutoff."
DN-100076,RTE-CIN-20250209-003,DRV-01027,HUB-CIN,2025-02-09T17:26:00,mechanical,"[02/09 17:26] RTE-CIN-20250209-003 / DRV-01027 @ CIN~~NL~~Check-engine light, reduced power. Swapped to spare, 1 stops late."
DN-100077,RTE-CMH-20251112-003,DRV-01044,HUB-CMH,2025-11-12T10:26:00,customer_nsf,[11/12 10:26] RTE-CMH-20251112-003 / DRV-01044 @ CMH~~NL~~Consignee refused delivery the stop. Return to hub initiated.
DN-100078,RTE-IND-20251203-004,DRV-01024,HUB-IND,2025-12-03T16:19:00,weather,"[12/03 16:19] RTE-IND-20251203-004 / DRV-01024 @ IND~~NL~~Whiteout conditions Indianapolis. Held 4 pkgs at hub, road closures on the north loop. POD delayed."
DN-100079,RTE-CHI-20251219-004,DRV-01011,HUB-CHI,2025-12-19T10:27:00,weather,[12/19 10:27] RTE-CHI-20251219-004 / DRV-01011 @ CHI~~NL~~Freezing rain. Driver DRV-01011 pulled early for safety. 6 stops rolled to tomorrow.
DN-100080,RTE-DET-20250203-002,DRV-01021,HUB-DET,2025-02-03T17:13:00,mechanical,"[02/03 17:13] RTE-DET-20250203-002 / DRV-01021 @ DET~~NL~~Check-engine light, reduced power. Swapped to spare, 4 stops late."
DN-100081,RTE-CHI-20251213-001,DRV-01047,HUB-CHI,2025-12-13T15:42:00,weather,[12/13 15:42] RTE-CHI-20251213-001 / DRV-01047 @ CHI~~NL~~Freezing rain. Driver DRV-01047 pulled early for safety. 5 stops rolled to tomorrow.
DN-100082,RTE-CIN-20250106-001,DRV-01008,HUB-CIN,2025-01-06T19:15:00,volume,"[01/06 19:15] RTE-CIN-20250106-001 / DRV-01008 @ CIN~~NL~~Peak volume, truck full. 2 pkgs bumped to overflow route."
DN-100083,RTE-DET-20250711-002,DRV-01022,HUB-DET,2025-07-11T07:15:00,access,[07/11 07:15] RTE-DET-20250711-002 / DRV-01022 @ DET~~NL~~Dock closed early. 2 LTL stops could not unload. Rescheduling AM.
DN-100084,RTE-CIN-20250101-003,DRV-01002,HUB-CIN,2025-01-01T13:56:00,weather,[01/01 13:56] RTE-CIN-20250101-003 / DRV-01002 @ CIN~~NL~~Freezing rain. Driver DRV-01002 pulled early for safety. 1 stops rolled to tomorrow.
DN-100085,RTE-CMH-20250102-004,DRV-01015,HUB-CMH,2025-01-02T14:25:00,address,[01/02 14:25] RTE-CMH-20250102-004 / DRV-01015 @ CMH~~NL~~Bad address on the stop. Geocode off by ~3mi. Held for dispatch correction.
DN-100086,RTE-IND-20250411-003,DRV-01033,HUB-IND,2025-04-11T19:55:00,access,"[04/11 19:55] RTE-IND-20250411-003 / DRV-01033 @ IND~~NL~~Gate locked at delivery, no answer. ATT x2. the stop left as NSF, reattempt scheduled."
DN-100087,RTE-CHI-20251218-001,DRV-01048,HUB-CHI,2025-12-18T18:33:00,volume,"[12/18 18:33] RTE-CHI-20251218-001 / DRV-01048 @ CHI~~NL~~Peak volume, truck full. 6 pkgs bumped to overflow route."
DN-100088,RTE-CHI-20251223-003,DRV-01047,HUB-CHI,2025-12-23T08:29:00,traffic,"[12/23 08:29] RTE-CHI-20251223-003 / DRV-01047 @ CHI~~NL~~Accident on route, detour added. 6 DEL slipped past commit."
DN-100089,RTE-IND-20251107-004,DRV-01031,HUB-IND,2025-11-07T15:27:00,address,"[11/07 15:27] RTE-IND-20251107-004 / DRV-01031 @ IND~~NL~~Suite # missing, 5 stops undeliverable. Contacting account for update."
DN-100090,RTE-CIN-20251112-001,DRV-01008,HUB-CIN,2025-11-12T11:48:00,mechanical,"[11/12 11:48] RTE-CIN-20251112-001 / DRV-01008 @ CIN~~NL~~Liftgate fault mid-route. DRV-01008 completed 39 stops manual, 4 deferred. VEH flagged for shop."
DN-100091,RTE-CIN-20250203-001,DRV-01041,HUB-CIN,2025-02-03T14:40:00,volume,"[02/03 14:40] RTE-CIN-20250203-001 / DRV-01041 @ CIN~~NL~~Overloaded manifest, 36 stops assigned. 1 could not be completed in service window."
DN-100092,RTE-CIN-20250108-004,DRV-01019,HUB-CIN,2025-01-08T10:17:00,address,"[01/08 10:17] RTE-CIN-20250108-004 / DRV-01019 @ CIN~~NL~~Suite # missing, 5 stops undeliverable. Contacting account for update."
DN-100093,RTE-CHI-20251027-001,DRV-01005,HUB-CHI,2025-10-27T09:14:00,access,[10/27 09:14] RTE-CHI-20251027-001 / DRV-01005 @ CHI~~NL~~Dock closed early. 1 LTL stops could not unload. Rescheduling AM.
DN-100094,RTE-IND-20251112-001,DRV-01188,HUB-IND,2025-11-12T13:26:00,weather,"[11/12 13:26] RTE-IND-20251112-001 / DRV-01188 @ IND~~NL~~Whiteout conditions Indianapolis. Held 2 pkgs at hub, road closures on the north loop. POD delayed."
DN-100095,RTE-IND-20251014-004,DRV-01188,HUB-IND,2025-10-14T13:24:00,access,"[10/14 13:24] RTE-IND-20251014-004 / DRV-01188 @ IND~~NL~~Gate locked at delivery, no answer. ATT x2. the stop left as NSF, reattempt scheduled."
DN-100096,RTE-CMH-20251220-002,DRV-01010,HUB-CMH,2025-12-20T12:19:00,weather,"[12/20 12:19] RTE-CMH-20251220-002 / DRV-01010 @ CMH~~NL~~Whiteout conditions Columbus. Held 1 pkgs at hub, road closures on the north loop. POD delayed."
DN-100097,RTE-CMH-20250512-004,DRV-01010,HUB-CMH,2025-05-12T19:38:00,volume,"[05/12 19:38] RTE-CMH-20250512-004 / DRV-01010 @ CMH~~NL~~Overloaded manifest, 65 stops assigned. 2 could not be completed in service window."
DN-100098,RTE-CHI-20251218-001,DRV-01048,HUB-CHI,2025-12-18T07:24:00,mechanical,"[12/18 07:24] RTE-CHI-20251218-001 / DRV-01048 @ CHI~~NL~~Check-engine light, reduced power. Swapped to spare, 6 stops late."
DN-100099,RTE-IND-20251226-002,DRV-01031,HUB-IND,2025-12-26T09:53:00,access,"[12/26 09:53] RTE-IND-20251226-002 / DRV-01031 @ IND~~NL~~Gate locked at delivery, no answer. ATT x2. the stop left as NSF, reattempt scheduled."
DN-100100,RTE-CHI-20250218-002,DRV-01035,HUB-CHI,2025-02-18T16:36:00,traffic,"[02/18 16:36] RTE-CHI-20250218-002 / DRV-01035 @ CHI~~NL~~I-65 closure, major backup. ETA +90m. 5 stops missed cutoff."
DN-100101,RTE-CIN-20250209-001,DRV-01041,HUB-CIN,2025-02-09T14:11:00,weather,"[02/09 14:11] RTE-CIN-20250209-001 / DRV-01041 @ CIN~~NL~~Snow/ice on route. 20 stops ATT, 6 DEL to next day. Salt trucks late. ETA slippage all afternoon."
DN-100102,RTE-IND-20250425-002,DRV-01032,HUB-IND,2025-04-25T12:21:00,mechanical,"[04/25 12:21] RTE-IND-20250425-002 / DRV-01032 @ IND~~NL~~Check-engine light, reduced power. Swapped to spare, 2 stops late."
DN-100103,RTE-DET-20251212-003,DRV-01022,HUB-DET,2025-12-12T11:53:00,volume,"[12/12 11:53] RTE-DET-20251212-003 / DRV-01022 @ DET~~NL~~Overloaded manifest, 52 stops assigned. 1 could not be completed in service window."
DN-100104,RTE-CHI-20251209-001,DRV-01020,HUB-CHI,2025-12-09T12:14:00,customer_nsf,[12/09 12:14] RTE-CHI-20251209-001 / DRV-01020 @ CHI~~NL~~the stop NSF - business closed. ATT 1440. Reattempt next biz day.
DN-100105,RTE-CHI-20250418-001,DRV-01047,HUB-CHI,2025-04-18T10:12:00,access,"[04/18 10:12] RTE-CHI-20250418-001 / DRV-01047 @ CHI~~NL~~Gate locked at delivery, no answer. ATT x2. the stop left as NSF, reattempt scheduled."
DN-100106,RTE-IND-20251112-001,DRV-01188,HUB-IND,2025-11-12T17:07:00,weather,[11/12 17:07] RTE-IND-20251112-001 / DRV-01188 @ IND~~NL~~Freezing rain. Driver DRV-01188 pulled early for safety. 2 stops rolled to tomorrow.
DN-100107,RTE-IND-20250128-001,DRV-01033,HUB-IND,2025-01-28T12:10:00,weather,[01/28 12:10] RTE-IND-20250128-001 / DRV-01033 @ IND~~NL~~Freezing rain. Driver DRV-01033 pulled early for safety. 4 stops rolled to tomorrow.
DN-100108,RTE-IND-20250226-003,DRV-01006,HUB-IND,2025-02-26T19:52:00,address,[02/26 19:52] RTE-IND-20250226-003 / DRV-01006 @ IND~~NL~~Bad address on the stop. Geocode off by ~3mi. Held for dispatch correction.
DN-100109,RTE-CMH-20250115-002,DRV-01028,HUB-CMH,2025-01-15T11:36:00,weather,[01/15 11:36] RTE-CMH-20250115-002 / DRV-01028 @ CMH~~NL~~Freezing rain. Driver DRV-01028 pulled early for safety. 1 stops rolled to tomorrow.
DN-100110,RTE-CMH-20251111-001,DRV-01043,HUB-CMH,2025-11-11T08:37:00,address,[11/11 08:37] RTE-CMH-20251111-001 / DRV-01043 @ CMH~~NL~~Bad address on the stop. Geocode off by ~3mi. Held for dispatch correction.
DN-100111,RTE-CMH-20251112-003,DRV-01044,HUB-CMH,2025-11-12T17:38:00,weather,"[11/12 17:38] RTE-CMH-20251112-003 / DRV-01044 @ CMH~~NL~~Snow/ice on route. 64 stops ATT, 6 DEL to next day. Salt trucks late. ETA slippage all afternoon."
DN-100112,RTE-DET-20250909-002,DRV-01046,HUB-DET,2025-09-09T13:42:00,mechanical,"[09/09 13:42] RTE-DET-20250909-002 / DRV-01046 @ DET~~NL~~Check-engine light, reduced power. Swapped to spare, 3 stops late."
DN-100113,RTE-CIN-20251222-001,DRV-01019,HUB-CIN,2025-12-22T13:52:00,access,[12/22 13:52] RTE-CIN-20251222-001 / DRV-01019 @ CIN~~NL~~Dock closed early. 2 LTL stops could not unload. Rescheduling AM.
DN-100114,RTE-CIN-20251008-004,DRV-01002,HUB-CIN,2025-10-08T14:45:00,customer_nsf,[10/08 14:45] RTE-CIN-20251008-004 / DRV-01002 @ CIN~~NL~~the stop NSF - business closed. ATT 1440. Reattempt next biz day.
DN-100115,RTE-CIN-20251210-002,DRV-01003,HUB-CIN,2025-12-10T17:17:00,mechanical,"[12/10 17:17] RTE-CIN-20251210-002 / DRV-01003 @ CIN~~NL~~Check-engine light, reduced power. Swapped to spare, 5 stops late."
DN-100116,RTE-DET-20250218-001,DRV-01046,HUB-DET,2025-02-18T11:20:00,address,[02/18 11:20] RTE-DET-20250218-001 / DRV-01046 @ DET~~NL~~Bad address on the stop. Geocode off by ~3mi. Held for dispatch correction.
DN-100117,RTE-CMH-20251225-002,DRV-01016,HUB-CMH,2025-12-25T14:36:00,weather,"[12/25 14:36] RTE-CMH-20251225-002 / DRV-01016 @ CMH~~NL~~Whiteout conditions Columbus. Held 6 pkgs at hub, road closures on the north loop. POD delayed."
DN-100118,RTE-IND-20251209-001,DRV-01031,HUB-IND,2025-12-09T09:31:00,traffic,"[12/09 09:31] RTE-IND-20251209-001 / DRV-01031 @ IND~~NL~~I-74 closure, major backup. ETA +90m. 1 stops missed cutoff."
DN-100119,RTE-IND-20250117-003,DRV-01032,HUB-IND,2025-01-17T16:44:00,access,[01/17 16:44] RTE-IND-20250117-003 / DRV-01032 @ IND~~NL~~Dock closed early. 6 LTL stops could not unload. Rescheduling AM.
DN-100120,RTE-IND-20250112-001,DRV-01045,HUB-IND,2025-01-12T08:15:00,traffic,"[01/12 08:15] RTE-IND-20250112-001 / DRV-01045 @ IND~~NL~~Accident on route, detour added. 4 DEL slipped past commit."
DN-100121,RTE-IND-20251119-001,DRV-01031,HUB-IND,2025-11-19T14:41:00,weather,[11/19 14:41] RTE-IND-20251119-001 / DRV-01031 @ IND~~NL~~Freezing rain. Driver DRV-01031 pulled early for safety. 5 stops rolled to tomorrow.
DN-100122,RTE-CHI-20251205-001,DRV-01047,HUB-CHI,2025-12-05T11:14:00,weather,"[12/05 11:14] RTE-CHI-20251205-001 / DRV-01047 @ CHI~~NL~~Whiteout conditions Chicago. Held 2 pkgs at hub, road closures on the north loop. POD delayed."
DN-100123,RTE-DET-20251117-001,DRV-01014,HUB-DET,2025-11-17T12:30:00,address,"[11/17 12:30] RTE-DET-20251117-001 / DRV-01014 @ DET~~NL~~Suite # missing, 5 stops undeliverable. Contacting account for update."
DN-100124,RTE-CHI-20250207-004,DRV-01017,HUB-CHI,2025-02-07T12:44:00,customer_nsf,[02/07 12:44] RTE-CHI-20250207-004 / DRV-01017 @ CHI~~NL~~Consignee refused delivery the stop. Return to hub initiated.
DN-100125,RTE-DET-20251210-001,DRV-01022,HUB-DET,2025-12-10T18:12:00,weather,"[12/10 18:12] RTE-DET-20251210-001 / DRV-01022 @ DET~~NL~~Snow/ice on route. 60 stops ATT, 3 DEL to next day. Salt trucks late. ETA slippage all afternoon."
DN-100126,RTE-IND-20251216-005,DRV-01033,HUB-IND,2025-12-16T16:48:00,weather,[12/16 16:48] RTE-IND-20251216-005 / DRV-01033 @ IND~~NL~~Freezing rain. Driver DRV-01033 pulled early for safety. 1 stops rolled to tomorrow.
DN-100127,RTE-DET-20250313-001,DRV-01046,HUB-DET,2025-03-13T10:18:00,access,"[03/13 10:18] RTE-DET-20250313-001 / DRV-01046 @ DET~~NL~~Gate locked at delivery, no answer. ATT x2. the stop left as NSF, reattempt scheduled."
DN-100128,RTE-DET-20251214-001,DRV-01046,HUB-DET,2025-12-14T15:08:00,weather,[12/14 15:08] RTE-DET-20251214-001 / DRV-01046 @ DET~~NL~~Freezing rain. Driver DRV-01046 pulled early for safety. 5 stops rolled to tomorrow.
DN-100129,RTE-CMH-20251112-003,DRV-01044,HUB-CMH,2025-11-12T19:31:00,weather,"[11/12 19:31] RTE-CMH-20251112-003 / DRV-01044 @ CMH~~NL~~Snow/ice on route. 64 stops ATT, 6 DEL to next day. Salt trucks late. ETA slippage all afternoon."
DN-100130,RTE-DET-20251230-002,DRV-01046,HUB-DET,2025-12-30T14:21:00,mechanical,"[12/30 14:21] RTE-DET-20251230-002 / DRV-01046 @ DET~~NL~~Liftgate fault mid-route. DRV-01046 completed 19 stops manual, 2 deferred. VEH flagged for shop."
DN-100131,RTE-CIN-20250410-001,DRV-01002,HUB-CIN,2025-04-10T08:52:00,traffic,"[04/10 08:52] RTE-CIN-20250410-001 / DRV-01002 @ CIN~~NL~~I-94 closure, major backup. ETA +90m. 1 stops missed cutoff."
DN-100132,RTE-DET-20251215-003,DRV-01022,HUB-DET,2025-12-15T17:03:00,customer_nsf,[12/15 17:03] RTE-DET-20251215-003 / DRV-01022 @ DET~~NL~~the stop NSF - business closed. ATT 1440. Reattempt next biz day.
DN-100133,RTE-IND-20251114-002,DRV-01006,HUB-IND,2025-11-14T08:15:00,traffic,"[11/14 08:15] RTE-IND-20251114-002 / DRV-01006 @ IND~~NL~~I-90 closure, major backup. ETA +90m. 3 stops missed cutoff."
DN-100134,RTE-CHI-20251130-002,DRV-01007,HUB-CHI,2025-11-30T19:39:00,customer_nsf,[11/30 19:39] RTE-CHI-20251130-002 / DRV-01007 @ CHI~~NL~~the stop NSF - business closed. ATT 1440. Reattempt next biz day.
DN-100135,RTE-CMH-20251220-002,DRV-01010,HUB-CMH,2025-12-20T11:55:00,traffic,"[12/20 11:55] RTE-CMH-20251220-002 / DRV-01010 @ CMH~~NL~~Accident on route, detour added. 1 DEL slipped past commit."
DN-100136,RTE-DET-20250118-001,DRV-01046,HUB-DET,2025-01-18T18:06:00,weather,"[01/18 18:06] RTE-DET-20250118-001 / DRV-01046 @ DET~~NL~~Snow/ice on route. 26 stops ATT, 2 DEL to next day. Salt trucks late. ETA slippage all afternoon."
DN-100137,RTE-DET-20251229-001,DRV-01037,HUB-DET,2025-12-29T09:15:00,address,[12/29 09:15] RTE-DET-20251229-001 / DRV-01037 @ DET~~NL~~Bad address on the stop. Geocode off by ~3mi. Held for dispatch correction.
DN-100138,RTE-CHI-20250422-001,DRV-01048,HUB-CHI,2025-04-22T14:44:00,access,[04/22 14:44] RTE-CHI-20250422-001 / DRV-01048 @ CHI~~NL~~Dock closed early. 1 LTL stops could not unload. Rescheduling AM.
DN-100139,RTE-CHI-20251111-001,DRV-01011,HUB-CHI,2025-11-11T11:44:00,weather,"[11/11 11:44] RTE-CHI-20251111-001 / DRV-01011 @ CHI~~NL~~Whiteout conditions Chicago. Held 5 pkgs at hub, road closures on the north loop. POD delayed."
DN-100140,RTE-CIN-20250115-002,DRV-01008,HUB-CIN,2025-01-15T19:50:00,traffic,"[01/15 19:50] RTE-CIN-20250115-002 / DRV-01008 @ CIN~~NL~~I-94 closure, major backup. ETA +90m. 2 stops missed cutoff."
DN-100141,RTE-CIN-20251107-001,DRV-01023,HUB-CIN,2025-11-07T09:58:00,weather,"[11/07 09:58] RTE-CIN-20251107-001 / DRV-01023 @ CIN~~NL~~Whiteout conditions Cincinnati. Held 3 pkgs at hub, road closures on the north loop. POD delayed."
DN-100142,RTE-CHI-20250226-001,DRV-01047,HUB-CHI,2025-02-26T11:38:00,weather,[02/26 11:38] RTE-CHI-20250226-001 / DRV-01047 @ CHI~~NL~~Freezing rain. Driver DRV-01047 pulled early for safety. 6 stops rolled to tomorrow.
DN-100143,RTE-CIN-20250203-003,DRV-01023,HUB-CIN,2025-02-03T14:44:00,mechanical,"[02/03 14:44] RTE-CIN-20250203-003 / DRV-01023 @ CIN~~NL~~Check-engine light, reduced power. Swapped to spare, 1 stops late."
DN-100144,RTE-CMH-20251125-001,DRV-01039,HUB-CMH,2025-11-25T15:31:00,weather,"[11/25 15:31] RTE-CMH-20251125-001 / DRV-01039 @ CMH~~NL~~Whiteout conditions Columbus. Held 3 pkgs at hub, road closures on the north loop. POD delayed."
DN-100145,RTE-IND-20251215-002,DRV-01188,HUB-IND,2025-12-15T18:20:00,traffic,"[12/15 18:20] RTE-IND-20251215-002 / DRV-01188 @ IND~~NL~~Accident on route, detour added. 4 DEL slipped past commit."
DN-100146,RTE-CHI-20251202-001,DRV-01007,HUB-CHI,2025-12-02T16:37:00,traffic,"[12/02 16:37] RTE-CHI-20251202-001 / DRV-01007 @ CHI~~NL~~I-71 closure, major backup. ETA +90m. 4 stops missed cutoff."
DN-100147,RTE-CIN-20251212-001,DRV-01034,HUB-CIN,2025-12-12T19:48:00,customer_nsf,[12/12 19:48] RTE-CIN-20251212-001 / DRV-01034 @ CIN~~NL~~the stop NSF - business closed. ATT 1440. Reattempt next biz day.
DN-100148,RTE-CMH-20251105-001,DRV-01036,HUB-CMH,2025-11-05T11:11:00,mechanical,"[11/05 11:11] RTE-CMH-20251105-001 / DRV-01036 @ CMH~~NL~~Check-engine light, reduced power. Swapped to spare, 6 stops late."
DN-100149,RTE-CHI-20250103-002,DRV-01047,HUB-CHI,2025-01-03T14:22:00,traffic,"[01/03 14:22] RTE-CHI-20250103-002 / DRV-01047 @ CHI~~NL~~Accident on route, detour added. 3 DEL slipped past commit."
DN-100150,RTE-DET-20251114-001,DRV-01021,HUB-DET,2025-11-14T09:21:00,weather,"[11/14 09:21] RTE-DET-20251114-001 / DRV-01021 @ DET~~NL~~Whiteout conditions Detroit. Held 6 pkgs at hub, road closures on the north loop. POD delayed."
DN-100151,RTE-DET-20250909-001,DRV-01014,HUB-DET,2025-09-09T13:52:00,address,[09/09 13:52] RTE-DET-20250909-001 / DRV-01014 @ DET~~NL~~Bad address on the stop. Geocode off by ~3mi. Held for dispatch correction.
DN-100152,RTE-DET-20251115-001,DRV-01004,HUB-DET,2025-11-15T08:49:00,weather,"[11/15 08:49] RTE-DET-20251115-001 / DRV-01004 @ DET~~NL~~Whiteout conditions Detroit. Held 1 pkgs at hub, road closures on the north loop. POD delayed."
DN-100153,RTE-CHI-20250210-003,DRV-01011,HUB-CHI,2025-02-10T15:29:00,weather,"[02/10 15:29] RTE-CHI-20250210-003 / DRV-01011 @ CHI~~NL~~Whiteout conditions Chicago. Held 6 pkgs at hub, road closures on the north loop. POD delayed."
DN-100154,RTE-IND-20250218-001,DRV-01033,HUB-IND,2025-02-18T19:31:00,access,[02/18 19:31] RTE-IND-20250218-001 / DRV-01033 @ IND~~NL~~Dock closed early. 6 LTL stops could not unload. Rescheduling AM.
DN-100155,RTE-IND-20250317-001,DRV-01188,HUB-IND,2025-03-17T11:28:00,address,"[03/17 11:28] RTE-IND-20250317-001 / DRV-01188 @ IND~~NL~~Suite # missing, 1 stops undeliverable. Contacting account for update."
DN-100156,RTE-IND-20251209-001,DRV-01031,HUB-IND,2025-12-09T19:15:00,customer_nsf,[12/09 19:15] RTE-IND-20251209-001 / DRV-01031 @ IND~~NL~~the stop NSF - business closed. ATT 1440. Reattempt next biz day.
DN-100157,RTE-DET-20250205-003,DRV-01046,HUB-DET,2025-02-05T08:14:00,customer_nsf,[02/05 08:14] RTE-DET-20250205-003 / DRV-01046 @ DET~~NL~~the stop NSF - business closed. ATT 1440. Reattempt next biz day.
DN-100158,RTE-DET-20250223-003,DRV-01021,HUB-DET,2025-02-23T09:31:00,address,"[02/23 09:31] RTE-DET-20250223-003 / DRV-01021 @ DET~~NL~~Suite # missing, 4 stops undeliverable. Contacting account for update."
DN-100159,RTE-DET-20250128-005,DRV-01014,HUB-DET,2025-01-28T14:30:00,access,"[01/28 14:30] RTE-DET-20250128-005 / DRV-01014 @ DET~~NL~~Gate locked at delivery, no answer. ATT x2. the stop left as NSF, reattempt scheduled."
DN-100160,RTE-CMH-20251218-001,DRV-01015,HUB-CMH,2025-12-18T16:32:00,access,"[12/18 16:32] RTE-CMH-20251218-001 / DRV-01015 @ CMH~~NL~~Gate locked at delivery, no answer. ATT x2. the stop left as NSF, reattempt scheduled."
DN-100161,RTE-IND-20250221-002,DRV-01031,HUB-IND,2025-02-21T13:21:00,volume,"[02/21 13:21] RTE-IND-20250221-002 / DRV-01031 @ IND~~NL~~Peak volume, truck full. 1 pkgs bumped to overflow route."
DN-100162,RTE-DET-20250313-001,DRV-01046,HUB-DET,2025-03-13T16:37:00,mechanical,"[03/13 16:37] RTE-DET-20250313-001 / DRV-01046 @ DET~~NL~~Check-engine light, reduced power. Swapped to spare, 3 stops late."
DN-100163,RTE-CHI-20251205-001,DRV-01047,HUB-CHI,2025-12-05T12:35:00,mechanical,"[12/05 12:35] RTE-CHI-20251205-001 / DRV-01047 @ CHI~~NL~~Check-engine light, reduced power. Swapped to spare, 2 stops late."
DN-100164,RTE-IND-20250221-003,DRV-01045,HUB-IND,2025-02-21T18:15:00,traffic,"[02/21 18:15] RTE-IND-20250221-003 / DRV-01045 @ IND~~NL~~I-94 closure, major backup. ETA +90m. 6 stops missed cutoff."
DN-100165,RTE-IND-20251225-001,DRV-01045,HUB-IND,2025-12-25T18:58:00,volume,"[12/25 18:58] RTE-IND-20251225-001 / DRV-01045 @ IND~~NL~~Peak volume, truck full. 2 pkgs bumped to overflow route."
DN-100166,RTE-CIN-20250811-004,DRV-01041,HUB-CIN,2025-08-11T17:09:00,volume,"[08/11 17:09] RTE-CIN-20250811-004 / DRV-01041 @ CIN~~NL~~Peak volume, truck full. 1 pkgs bumped to overflow route."
DN-100167,RTE-DET-20250108-001,DRV-01014,HUB-DET,2025-01-08T12:55:00,traffic,"[01/08 12:55] RTE-DET-20250108-001 / DRV-01014 @ DET~~NL~~I-94 closure, major backup. ETA +90m. 5 stops missed cutoff."
DN-100168,RTE-DET-20251002-001,DRV-01046,HUB-DET,2025-10-02T07:46:00,traffic,"[10/02 07:46] RTE-DET-20251002-001 / DRV-01046 @ DET~~NL~~I-94 closure, major backup. ETA +90m. 2 stops missed cutoff."
DN-100169,RTE-CIN-20250227-002,DRV-01019,HUB-CIN,2025-02-27T08:30:00,traffic,"[02/27 08:30] RTE-CIN-20250227-002 / DRV-01019 @ CIN~~NL~~Accident on route, detour added. 3 DEL slipped past commit."
DN-100170,RTE-CHI-20251112-002,DRV-01011,HUB-CHI,2025-11-12T08:54:00,access,[11/12 08:54] RTE-CHI-20251112-002 / DRV-01011 @ CHI~~NL~~Dock closed early. 6 LTL stops could not unload. Rescheduling AM.
DN-100171,RTE-CHI-20250822-004,DRV-01012,HUB-CHI,2025-08-22T15:02:00,volume,"[08/22 15:02] RTE-CHI-20250822-004 / DRV-01012 @ CHI~~NL~~Overloaded manifest, 28 stops assigned. 1 could not be completed in service window."
DN-100172,RTE-CIN-20251121-003,DRV-01025,HUB-CIN,2025-11-21T10:47:00,traffic,"[11/21 10:47] RTE-CIN-20251121-003 / DRV-01025 @ CIN~~NL~~I-94 closure, major backup. ETA +90m. 6 stops missed cutoff."
DN-100173,RTE-CHI-20251225-002,DRV-01005,HUB-CHI,2025-12-25T18:55:00,volume,"[12/25 18:55] RTE-CHI-20251225-002 / DRV-01005 @ CHI~~NL~~Overloaded manifest, 40 stops assigned. 5 could not be completed in service window."
DN-100174,RTE-CHI-20251209-002,DRV-01005,HUB-CHI,2025-12-09T07:02:00,weather,"[12/09 07:02] RTE-CHI-20251209-002 / DRV-01005 @ CHI~~NL~~Whiteout conditions Chicago. Held 2 pkgs at hub, road closures on the north loop. POD delayed."
DN-100175,RTE-CMH-20250103-002,DRV-01001,HUB-CMH,2025-01-03T09:15:00,access,[01/03 09:15] RTE-CMH-20250103-002 / DRV-01001 @ CMH~~NL~~Dock closed early. 3 LTL stops could not unload. Rescheduling AM.
DN-100176,RTE-CIN-20250106-002,DRV-01002,HUB-CIN,2025-01-06T09:05:00,weather,[01/06 09:05] RTE-CIN-20250106-002 / DRV-01002 @ CIN~~NL~~Freezing rain. Driver DRV-01002 pulled early for safety. 2 stops rolled to tomorrow.
DN-100177,RTE-DET-20250225-002,DRV-01022,HUB-DET,2025-02-25T16:09:00,weather,"[02/25 16:09] RTE-DET-20250225-002 / DRV-01022 @ DET~~NL~~Snow/ice on route. 25 stops ATT, 3 DEL to next day. Salt trucks late. ETA slippage all afternoon."
DN-100178,RTE-IND-20250117-001,DRV-01031,HUB-IND,2025-01-17T17:00:00,mechanical,"[01/17 17:00] RTE-IND-20250117-001 / DRV-01031 @ IND~~NL~~Check-engine light, reduced power. Swapped to spare, 2 stops late."
DN-100179,RTE-CHI-20251015-003,DRV-01005,HUB-CHI,2025-10-15T14:22:00,access,[10/15 14:22] RTE-CHI-20251015-003 / DRV-01005 @ CHI~~NL~~Dock closed early. 1 LTL stops could not unload. Rescheduling AM.
DN-100180,RTE-CMH-20251117-004,DRV-01001,HUB-CMH,2025-11-17T14:54:00,address,"[11/17 14:54] RTE-CMH-20251117-004 / DRV-01001 @ CMH~~NL~~Suite # missing, 3 stops undeliverable. Contacting account for update."
DN-100181,RTE-CIN-20251214-001,DRV-01038,HUB-CIN,2025-12-14T08:15:00,traffic,"[12/14 08:15] RTE-CIN-20251214-001 / DRV-01038 @ CIN~~NL~~Accident on route, detour added. 2 DEL slipped past commit."
DN-100182,RTE-CHI-20250220-001,DRV-01047,HUB-CHI,2025-02-20T18:18:00,weather,"[02/20 18:18] RTE-CHI-20250220-001 / DRV-01047 @ CHI~~NL~~Snow/ice on route. 63 stops ATT, 2 DEL to next day. Salt trucks late. ETA slippage all afternoon."
DN-100183,RTE-CMH-20251111-001,DRV-01043,HUB-CMH,2025-11-11T17:49:00,weather,[11/11 17:49] RTE-CMH-20251111-001 / DRV-01043 @ CMH~~NL~~Freezing rain. Driver DRV-01043 pulled early for safety. 5 stops rolled to tomorrow.
DN-100184,RTE-CIN-20250225-005,DRV-01023,HUB-CIN,2025-02-25T11:49:00,volume,"[02/25 11:49] RTE-CIN-20250225-005 / DRV-01023 @ CIN~~NL~~Overloaded manifest, 57 stops assigned. 4 could not be completed in service window."
DN-100185,RTE-IND-20251111-003,DRV-01033,HUB-IND,2025-11-11T10:39:00,weather,[11/11 10:39] RTE-IND-20251111-003 / DRV-01033 @ IND~~NL~~Freezing rain. Driver DRV-01033 pulled early for safety. 5 stops rolled to tomorrow.
DN-100186,RTE-CMH-20250109-003,DRV-01049,HUB-CMH,2025-01-09T11:50:00,address,"[01/09 11:50] RTE-CMH-20250109-003 / DRV-01049 @ CMH~~NL~~Suite # missing, 4 stops undeliverable. Contacting account for update."
DN-100187,RTE-CHI-20250114-002,DRV-01047,HUB-CHI,2025-01-14T08:58:00,address,"[01/14 08:58] RTE-CHI-20250114-002 / DRV-01047 @ CHI~~NL~~Suite # missing, 2 stops undeliverable. Contacting account for update."
DN-100188,RTE-CHI-20250111-002,DRV-01020,HUB-CHI,2025-01-11T09:50:00,weather,[01/11 09:50] RTE-CHI-20250111-002 / DRV-01020 @ CHI~~NL~~Freezing rain. Driver DRV-01020 pulled early for safety. 5 stops rolled to tomorrow.
DN-100189,RTE-CHI-20250203-002,DRV-01035,HUB-CHI,2025-02-03T09:16:00,traffic,"[02/03 09:16] RTE-CHI-20250203-002 / DRV-01035 @ CHI~~NL~~Accident on route, detour added. 4 DEL slipped past commit."
DN-100190,RTE-CHI-20250111-002,DRV-01020,HUB-CHI,2025-01-11T08:29:00,access,"[01/11 08:29] RTE-CHI-20250111-002 / DRV-01020 @ CHI~~NL~~Gate locked at delivery, no answer. ATT x2. the stop left as NSF, reattempt scheduled."
DN-100191,RTE-DET-20251121-002,DRV-01004,HUB-DET,2025-11-21T17:46:00,weather,[11/21 17:46] RTE-DET-20251121-002 / DRV-01004 @ DET~~NL~~Freezing rain. Driver DRV-01004 pulled early for safety. 4 stops rolled to tomorrow.
DN-100192,RTE-CHI-20251203-005,DRV-01020,HUB-CHI,2025-12-03T12:05:00,volume,"[12/03 12:05] RTE-CHI-20251203-005 / DRV-01020 @ CHI~~NL~~Peak volume, truck full. 5 pkgs bumped to overflow route."
DN-100193,RTE-DET-20250213-001,DRV-01004,HUB-DET,2025-02-13T12:43:00,weather,[02/13 12:43] RTE-DET-20250213-001 / DRV-01004 @ DET~~NL~~Freezing rain. Driver DRV-01004 pulled early for safety. 4 stops rolled to tomorrow.
DN-100194,RTE-DET-20250331-002,DRV-01004,HUB-DET,2025-03-31T17:23:00,customer_nsf,[03/31 17:23] RTE-DET-20250331-002 / DRV-01004 @ DET~~NL~~the stop NSF - business closed. ATT 1440. Reattempt next biz day.
DN-100195,RTE-IND-20251202-001,DRV-01188,HUB-IND,2025-12-02T15:20:00,weather,[12/02 15:20] RTE-IND-20251202-001 / DRV-01188 @ IND~~NL~~Freezing rain. Driver DRV-01188 pulled early for safety. 6 stops rolled to tomorrow.
DN-100196,RTE-IND-20250214-002,DRV-01031,HUB-IND,2025-02-14T14:58:00,address,"[02/14 14:58] RTE-IND-20250214-002 / DRV-01031 @ IND~~NL~~Suite # missing, 4 stops undeliverable. Contacting account for update."
DN-100197,RTE-CIN-20250627-001,DRV-01019,HUB-CIN,2025-06-27T07:19:00,access,[06/27 07:19] RTE-CIN-20250627-001 / DRV-01019 @ CIN~~NL~~Dock closed early. 3 LTL stops could not unload. Rescheduling AM.
DN-100198,RTE-CHI-20251104-002,DRV-01011,HUB-CHI,2025-11-04T09:24:00,traffic,"[11/04 09:24] RTE-CHI-20251104-002 / DRV-01011 @ CHI~~NL~~Accident on route, detour added. 2 DEL slipped past commit."
DN-100199,RTE-IND-20251202-003,DRV-01024,HUB-IND,2025-12-02T15:26:00,volume,"[12/02 15:26] RTE-IND-20251202-003 / DRV-01024 @ IND~~NL~~Overloaded manifest, 36 stops assigned. 2 could not be completed in service window."
DN-100200,RTE-CHI-20250220-002,DRV-01017,HUB-CHI,2025-02-20T16:26:00,volume,"[02/20 16:26] RTE-CHI-20250220-002 / DRV-01017 @ CHI~~NL~~Peak volume, truck full. 6 pkgs bumped to overflow route."
DN-100201,RTE-DET-20251210-002,DRV-01037,HUB-DET,2025-12-10T14:15:00,weather,"[12/10 14:15] RTE-DET-20251210-002 / DRV-01037 @ DET~~NL~~Snow/ice on route. 25 stops ATT, 3 DEL to next day. Salt trucks late. ETA slippage all afternoon."
DN-100202,RTE-IND-20251112-002,DRV-01006,HUB-IND,2025-11-12T17:22:00,traffic,"[11/12 17:22] RTE-IND-20251112-002 / DRV-01006 @ IND~~NL~~I-94 closure, major backup. ETA +90m. 3 stops missed cutoff."
DN-100203,RTE-IND-20250221-002,DRV-01031,HUB-IND,2025-02-21T14:05:00,traffic,"[02/21 14:05] RTE-IND-20250221-002 / DRV-01031 @ IND~~NL~~I-65 closure, major backup. ETA +90m. 1 stops missed cutoff."
DN-100204,RTE-CMH-20250311-002,DRV-01013,HUB-CMH,2025-03-11T09:50:00,mechanical,"[03/11 09:50] RTE-CMH-20250311-002 / DRV-01013 @ CMH~~NL~~Liftgate fault mid-route. DRV-01013 completed 60 stops manual, 2 deferred. VEH flagged for shop."
DN-100205,RTE-CIN-20250718-003,DRV-01041,HUB-CIN,2025-07-18T16:13:00,address,[07/18 16:13] RTE-CIN-20250718-003 / DRV-01041 @ CIN~~NL~~Bad address on the stop. Geocode off by ~3mi. Held for dispatch correction.
DN-100206,RTE-IND-20250224-005,DRV-01024,HUB-IND,2025-02-24T16:00:00,volume,"[02/24 16:00] RTE-IND-20250224-005 / DRV-01024 @ IND~~NL~~Overloaded manifest, 61 stops assigned. 6 could not be completed in service window."
DN-100207,RTE-IND-20250714-001,DRV-01006,HUB-IND,2025-07-14T17:55:00,access,"[07/14 17:55] RTE-IND-20250714-001 / DRV-01006 @ IND~~NL~~Gate locked at delivery, no answer. ATT x2. the stop left as NSF, reattempt scheduled."
DN-100208,RTE-CIN-20250708-001,DRV-01003,HUB-CIN,2025-07-08T10:37:00,volume,"[07/08 10:37] RTE-CIN-20250708-001 / DRV-01003 @ CIN~~NL~~Peak volume, truck full. 1 pkgs bumped to overflow route."
DN-100209,RTE-DET-20250116-001,DRV-01022,HUB-DET,2025-01-16T18:26:00,weather,[01/16 18:26] RTE-DET-20250116-001 / DRV-01022 @ DET~~NL~~Freezing rain. Driver DRV-01022 pulled early for safety. 3 stops rolled to tomorrow.
DN-100210,RTE-CHI-20250111-002,DRV-01020,HUB-CHI,2025-01-11T19:23:00,mechanical,"[01/11 19:23] RTE-CHI-20250111-002 / DRV-01020 @ CHI~~NL~~Liftgate fault mid-route. DRV-01020 completed 30 stops manual, 5 deferred. VEH flagged for shop."
DN-100211,RTE-CHI-20250207-002,DRV-01047,HUB-CHI,2025-02-07T07:46:00,traffic,"[02/07 07:46] RTE-CHI-20250207-002 / DRV-01047 @ CHI~~NL~~Accident on route, detour added. 3 DEL slipped past commit."
DN-100212,RTE-CIN-20250209-001,DRV-01041,HUB-CIN,2025-02-09T14:54:00,weather,"[02/09 14:54] RTE-CIN-20250209-001 / DRV-01041 @ CIN~~NL~~Whiteout conditions Cincinnati. Held 6 pkgs at hub, road closures on the north loop. POD delayed."
DN-100213,RTE-CIN-20250115-002,DRV-01008,HUB-CIN,2025-01-15T14:04:00,mechanical,"[01/15 14:04] RTE-CIN-20250115-002 / DRV-01008 @ CIN~~NL~~Liftgate fault mid-route. DRV-01008 completed 39 stops manual, 2 deferred. VEH flagged for shop."
DN-100214,RTE-IND-20250411-002,DRV-01188,HUB-IND,2025-04-11T11:39:00,access,[04/11 11:39] RTE-IND-20250411-002 / DRV-01188 @ IND~~NL~~Dock closed early. 3 LTL stops could not unload. Rescheduling AM.
DN-100215,RTE-CHI-20250913-001,DRV-01007,HUB-CHI,2025-09-13T14:32:00,address,"[09/13 14:32] RTE-CHI-20250913-001 / DRV-01007 @ CHI~~NL~~Suite # missing, 1 stops undeliverable. Contacting account for update."
DN-100216,RTE-CIN-20250110-001,DRV-01003,HUB-CIN,2025-01-10T17:41:00,weather,[01/10 17:41] RTE-CIN-20250110-001 / DRV-01003 @ CIN~~NL~~Freezing rain. Driver DRV-01003 pulled early for safety. 3 stops rolled to tomorrow.
DN-100217,RTE-CIN-20251105-004,DRV-01002,HUB-CIN,2025-11-05T10:26:00,mechanical,"[11/05 10:26] RTE-CIN-20251105-004 / DRV-01002 @ CIN~~NL~~Check-engine light, reduced power. Swapped to spare, 5 stops late."
DN-100218,RTE-CMH-20250112-002,DRV-01044,HUB-CMH,2025-01-12T12:27:00,address,"[01/12 12:27] RTE-CMH-20250112-002 / DRV-01044 @ CMH~~NL~~Suite # missing, 4 stops undeliverable. Contacting account for update."
DN-100219,RTE-IND-20251217-003,DRV-01188,HUB-IND,2025-12-17T17:59:00,traffic,"[12/17 17:59] RTE-IND-20251217-003 / DRV-01188 @ IND~~NL~~Accident on route, detour added. 6 DEL slipped past commit."
DN-100220,RTE-CHI-20251202-001,DRV-01007,HUB-CHI,2025-12-02T13:06:00,weather,[12/02 13:06] RTE-CHI-20251202-001 / DRV-01007 @ CHI~~NL~~Freezing rain. Driver DRV-01007 pulled early for safety. 4 stops rolled to tomorrow.
DN-100221,RTE-CMH-20251018-001,DRV-01001,HUB-CMH,2025-10-18T07:37:00,access,[10/18 07:37] RTE-CMH-20251018-001 / DRV-01001 @ CMH~~NL~~Dock closed early. 2 LTL stops could not unload. Rescheduling AM.
DN-100222,RTE-CHI-20250919-001,DRV-01011,HUB-CHI,2025-09-19T17:48:00,customer_nsf,[09/19 17:48] RTE-CHI-20250919-001 / DRV-01011 @ CHI~~NL~~Consignee refused delivery the stop. Return to hub initiated.
DN-100223,RTE-CHI-20251224-001,DRV-01005,HUB-CHI,2025-12-24T11:22:00,weather,"[12/24 11:22] RTE-CHI-20251224-001 / DRV-01005 @ CHI~~NL~~Snow/ice on route. 35 stops ATT, 2 DEL to next day. Salt trucks late. ETA slippage all afternoon."
DN-100224,RTE-DET-20250110-002,DRV-01021,HUB-DET,2025-01-10T12:54:00,traffic,"[01/10 12:54] RTE-DET-20250110-002 / DRV-01021 @ DET~~NL~~Accident on route, detour added. 3 DEL slipped past commit."
DN-100225,RTE-DET-20250108-006,DRV-01021,HUB-DET,2025-01-08T19:27:00,customer_nsf,[01/08 19:27] RTE-DET-20250108-006 / DRV-01021 @ DET~~NL~~the stop NSF - business closed. ATT 1440. Reattempt next biz day.
DN-100226,RTE-IND-20250212-003,DRV-01033,HUB-IND,2025-02-12T11:01:00,volume,"[02/12 11:01] RTE-IND-20250212-003 / DRV-01033 @ IND~~NL~~Overloaded manifest, 37 stops assigned. 1 could not be completed in service window."
DN-100227,RTE-CMH-20251124-003,DRV-01028,HUB-CMH,2025-11-24T12:22:00,weather,"[11/24 12:22] RTE-CMH-20251124-003 / DRV-01028 @ CMH~~NL~~Snow/ice on route. 32 stops ATT, 3 DEL to next day. Salt trucks late. ETA slippage all afternoon."
DN-100228,RTE-CIN-20250227-002,DRV-01019,HUB-CIN,2025-02-27T13:04:00,customer_nsf,[02/27 13:04] RTE-CIN-20250227-002 / DRV-01019 @ CIN~~NL~~the stop NSF - business closed. ATT 1440. Reattempt next biz day.
DN-100229,RTE-CHI-20250311-002,DRV-01005,HUB-CHI,2025-03-11T18:33:00,access,[03/11 18:33] RTE-CHI-20250311-002 / DRV-01005 @ CHI~~NL~~Dock closed early. 1 LTL stops could not unload. Rescheduling AM.
DN-100230,RTE-CHI-20250204-001,DRV-01035,HUB-CHI,2025-02-04T12:49:00,weather,[02/04 12:49] RTE-CHI-20250204-001 / DRV-01035 @ CHI~~NL~~Freezing rain. Driver DRV-01035 pulled early for safety. 5 stops rolled to tomorrow.
DN-100231,RTE-IND-20250221-001,DRV-01045,HUB-IND,2025-02-21T09:48:00,weather,[02/21 09:48] RTE-IND-20250221-001 / DRV-01045 @ IND~~NL~~Freezing rain. Driver DRV-01045 pulled early for safety. 4 stops rolled to tomorrow.
DN-100232,RTE-DET-20251125-001,DRV-01046,HUB-DET,2025-11-25T14:38:00,address,"[11/25 14:38] RTE-DET-20251125-001 / DRV-01046 @ DET~~NL~~Suite # missing, 6 stops undeliverable. Contacting account for update."
DN-100233,RTE-CIN-20250912-001,DRV-01034,HUB-CIN,2025-09-12T08:22:00,volume,"[09/12 08:22] RTE-CIN-20250912-001 / DRV-01034 @ CIN~~NL~~Peak volume, truck full. 2 pkgs bumped to overflow route."
DN-100234,RTE-DET-20250313-001,DRV-01046,HUB-DET,2025-03-13T14:33:00,address,"[03/13 14:33] RTE-DET-20250313-001 / DRV-01046 @ DET~~NL~~Suite # missing, 3 stops undeliverable. Contacting account for update."
DN-100235,RTE-IND-20251209-002,DRV-01188,HUB-IND,2025-12-09T07:00:00,traffic,"[12/09 07:00] RTE-IND-20251209-002 / DRV-01188 @ IND~~NL~~I-74 closure, major backup. ETA +90m. 1 stops missed cutoff."
DN-100236,RTE-CIN-20250113-002,DRV-01002,HUB-CIN,2025-01-13T19:16:00,volume,"[01/13 19:16] RTE-CIN-20250113-002 / DRV-01002 @ CIN~~NL~~Peak volume, truck full. 3 pkgs bumped to overflow route."
DN-100237,RTE-CMH-20250102-002,DRV-01028,HUB-CMH,2025-01-02T13:11:00,mechanical,"[01/02 13:11] RTE-CMH-20250102-002 / DRV-01028 @ CMH~~NL~~Liftgate fault mid-route. DRV-01028 completed 25 stops manual, 6 deferred. VEH flagged for shop."
DN-100238,RTE-CHI-20250203-002,DRV-01035,HUB-CHI,2025-02-03T15:53:00,weather,[02/03 15:53] RTE-CHI-20250203-002 / DRV-01035 @ CHI~~NL~~Freezing rain. Driver DRV-01035 pulled early for safety. 4 stops rolled to tomorrow.
DN-100239,RTE-CHI-20250226-001,DRV-01047,HUB-CHI,2025-02-26T07:27:00,traffic,"[02/26 07:27] RTE-CHI-20250226-001 / DRV-01047 @ CHI~~NL~~I-94 closure, major backup. ETA +90m. 6 stops missed cutoff."
DN-100240,RTE-CIN-20250203-003,DRV-01023,HUB-CIN,2025-02-03T16:27:00,traffic,"[02/03 16:27] RTE-CIN-20250203-003 / DRV-01023 @ CIN~~NL~~Accident on route, detour added. 1 DEL slipped past commit."
DN-100241,RTE-CIN-20251204-001,DRV-01034,HUB-CIN,2025-12-04T13:01:00,weather,"[12/04 13:01] RTE-CIN-20251204-001 / DRV-01034 @ CIN~~NL~~Whiteout conditions Cincinnati. Held 3 pkgs at hub, road closures on the north loop. POD delayed."
DN-100242,RTE-CHI-20250623-003,DRV-01012,HUB-CHI,2025-06-23T18:58:00,address,"[06/23 18:58] RTE-CHI-20250623-003 / DRV-01012 @ CHI~~NL~~Suite # missing, 3 stops undeliverable. Contacting account for update."
DN-100243,RTE-IND-20251031-002,DRV-01032,HUB-IND,2025-10-31T13:37:00,access,[10/31 13:37] RTE-IND-20251031-002 / DRV-01032 @ IND~~NL~~Dock closed early. 3 LTL stops could not unload. Rescheduling AM.
DN-100244,RTE-CHI-20250130-001,DRV-01047,HUB-CHI,2025-01-30T18:21:00,traffic,"[01/30 18:21] RTE-CHI-20250130-001 / DRV-01047 @ CHI~~NL~~I-74 closure, major backup. ETA +90m. 4 stops missed cutoff."
DN-100245,RTE-CHI-20251106-006,DRV-01007,HUB-CHI,2025-11-06T17:07:00,weather,[11/06 17:07] RTE-CHI-20251106-006 / DRV-01007 @ CHI~~NL~~Freezing rain. Driver DRV-01007 pulled early for safety. 5 stops rolled to tomorrow.
DN-100246,RTE-CMH-20250102-004,DRV-01015,HUB-CMH,2025-01-02T12:46:00,volume,"[01/02 12:46] RTE-CMH-20250102-004 / DRV-01015 @ CMH~~NL~~Overloaded manifest, 62 stops assigned. 5 could not be completed in service window."
DN-100247,RTE-CMH-20251001-001,DRV-01009,HUB-CMH,2025-10-01T09:38:00,mechanical,"[10/01 09:38] RTE-CMH-20251001-001 / DRV-01009 @ CMH~~NL~~Liftgate fault mid-route. DRV-01009 completed 41 stops manual, 2 deferred. VEH flagged for shop."
DN-100248,RTE-CHI-20250422-001,DRV-01048,HUB-CHI,2025-04-22T17:31:00,traffic,"[04/22 17:31] RTE-CHI-20250422-001 / DRV-01048 @ CHI~~NL~~Accident on route, detour added. 1 DEL slipped past commit."
DN-100249,RTE-CIN-20250505-001,DRV-01023,HUB-CIN,2025-05-05T16:41:00,customer_nsf,[05/05 16:41] RTE-CIN-20250505-001 / DRV-01023 @ CIN~~NL~~Consignee refused delivery the stop. Return to hub initiated.
DN-100250,RTE-IND-20251213-001,DRV-01031,HUB-IND,2025-12-13T14:28:00,mechanical,"[12/13 14:28] RTE-IND-20251213-001 / DRV-01031 @ IND~~NL~~Check-engine light, reduced power. Swapped to spare, 2 stops late."
DN-100251,RTE-IND-20250122-003,DRV-01033,HUB-IND,2025-01-22T08:19:00,access,[01/22 08:19] RTE-IND-20250122-003 / DRV-01033 @ IND~~NL~~Dock closed early. 2 LTL stops could not unload. Rescheduling AM.
DN-100252,RTE-CHI-20251105-001,DRV-01005,HUB-CHI,2025-11-05T11:04:00,access,"[11/05 11:04] RTE-CHI-20251105-001 / DRV-01005 @ CHI~~NL~~Gate locked at delivery, no answer. ATT x2. the stop left as NSF, reattempt scheduled."
DN-100253,RTE-CHI-20251123-001,DRV-01017,HUB-CHI,2025-11-23T16:35:00,access,"[11/23 16:35] RTE-CHI-20251123-001 / DRV-01017 @ CHI~~NL~~Gate locked at delivery, no answer. ATT x2. the stop left as NSF, reattempt scheduled."
DN-100254,RTE-DET-20250709-007,DRV-01021,HUB-DET,2025-07-09T10:20:00,address,"[07/09 10:20] RTE-DET-20250709-007 / DRV-01021 @ DET~~NL~~Suite # missing, 3 stops undeliverable. Contacting account for update."
DN-100255,RTE-CMH-20251230-001,DRV-01013,HUB-CMH,2025-12-30T08:51:00,weather,"[12/30 08:51] RTE-CMH-20251230-001 / DRV-01013 @ CMH~~NL~~Whiteout conditions Columbus. Held 2 pkgs at hub, road closures on the north loop. POD delayed."
DN-100256,RTE-IND-20250221-001,DRV-01045,HUB-IND,2025-02-21T07:15:00,address,"[02/21 07:15] RTE-IND-20250221-001 / DRV-01045 @ IND~~NL~~Suite # missing, 4 stops undeliverable. Contacting account for update."
DN-100257,RTE-DET-20251125-003,DRV-01021,HUB-DET,2025-11-25T12:58:00,weather,"[11/25 12:58] RTE-DET-20251125-003 / DRV-01021 @ DET~~NL~~Whiteout conditions Detroit. Held 3 pkgs at hub, road closures on the north loop. POD delayed."
DN-100258,RTE-CHI-20250106-002,DRV-01035,HUB-CHI,2025-01-06T16:03:00,access,[01/06 16:03] RTE-CHI-20250106-002 / DRV-01035 @ CHI~~NL~~Dock closed early. 5 LTL stops could not unload. Rescheduling AM.
DN-100259,RTE-IND-20250126-001,DRV-01042,HUB-IND,2025-01-26T13:18:00,customer_nsf,[01/26 13:18] RTE-IND-20250126-001 / DRV-01042 @ IND~~NL~~Consignee refused delivery the stop. Return to hub initiated.
DN-100260,RTE-CIN-20250101-003,DRV-01002,HUB-CIN,2025-01-01T16:55:00,traffic,"[01/01 16:55] RTE-CIN-20250101-003 / DRV-01002 @ CIN~~NL~~I-74 closure, major backup. ETA +90m. 1 stops missed cutoff."
DN-100261,RTE-IND-20250214-001,DRV-01045,HUB-IND,2025-02-14T12:19:00,address,"[02/14 12:19] RTE-IND-20250214-001 / DRV-01045 @ IND~~NL~~Suite # missing, 4 stops undeliverable. Contacting account for update."
DN-100262,RTE-CHI-20251123-001,DRV-01017,HUB-CHI,2025-11-23T11:35:00,traffic,"[11/23 11:35] RTE-CHI-20251123-001 / DRV-01017 @ CHI~~NL~~Accident on route, detour added. 5 DEL slipped past commit."
DN-100263,RTE-IND-20251204-005,DRV-01031,HUB-IND,2025-12-04T17:44:00,volume,"[12/04 17:44] RTE-IND-20251204-005 / DRV-01031 @ IND~~NL~~Overloaded manifest, 57 stops assigned. 1 could not be completed in service window."
DN-100264,RTE-IND-20251202-003,DRV-01024,HUB-IND,2025-12-02T07:23:00,mechanical,"[12/02 07:23] RTE-IND-20251202-003 / DRV-01024 @ IND~~NL~~Check-engine light, reduced power. Swapped to spare, 2 stops late."
DN-100265,RTE-CIN-20251202-001,DRV-01008,HUB-CIN,2025-12-02T19:31:00,access,"[12/02 19:31] RTE-CIN-20251202-001 / DRV-01008 @ CIN~~NL~~Gate locked at delivery, no answer. ATT x2. the stop left as NSF, reattempt scheduled."
DN-100266,RTE-CIN-20251214-001,DRV-01038,HUB-CIN,2025-12-14T11:54:00,weather,"[12/14 11:54] RTE-CIN-20251214-001 / DRV-01038 @ CIN~~NL~~Snow/ice on route. 53 stops ATT, 2 DEL to next day. Salt trucks late. ETA slippage all afternoon."
DN-100267,RTE-CIN-20251229-001,DRV-01025,HUB-CIN,2025-12-29T15:02:00,volume,"[12/29 15:02] RTE-CIN-20251229-001 / DRV-01025 @ CIN~~NL~~Peak volume, truck full. 6 pkgs bumped to overflow route."
DN-100268,RTE-CHI-20251107-002,DRV-01020,HUB-CHI,2025-11-07T09:11:00,access,"[11/07 09:11] RTE-CHI-20251107-002 / DRV-01020 @ CHI~~NL~~Gate locked at delivery, no answer. ATT x2. the stop left as NSF, reattempt scheduled."
DN-100269,RTE-CMH-20250414-002,DRV-01013,HUB-CMH,2025-04-14T17:46:00,customer_nsf,[04/14 17:46] RTE-CMH-20250414-002 / DRV-01013 @ CMH~~NL~~the stop NSF - business closed. ATT 1440. Reattempt next biz day.
DN-100270,RTE-CMH-20251218-002,DRV-01036,HUB-CMH,2025-12-18T19:28:00,volume,"[12/18 19:28] RTE-CMH-20251218-002 / DRV-01036 @ CMH~~NL~~Overloaded manifest, 27 stops assigned. 5 could not be completed in service window."
DN-100271,RTE-CMH-20250115-003,DRV-01016,HUB-CMH,2025-01-15T19:30:00,traffic,"[01/15 19:30] RTE-CMH-20250115-003 / DRV-01016 @ CMH~~NL~~I-74 closure, major backup. ETA +90m. 6 stops missed cutoff."
DN-100272,RTE-CMH-20250319-003,DRV-01039,HUB-CMH,2025-03-19T14:29:00,address,"[03/19 14:29] RTE-CMH-20250319-003 / DRV-01039 @ CMH~~NL~~Suite # missing, 2 stops undeliverable. Contacting account for update."
DN-100273,RTE-IND-20250602-001,DRV-01033,HUB-IND,2025-06-02T09:52:00,customer_nsf,[06/02 09:52] RTE-IND-20250602-001 / DRV-01033 @ IND~~NL~~the stop NSF - business closed. ATT 1440. Reattempt next biz day.
DN-100274,RTE-CMH-20250225-002,DRV-01010,HUB-CMH,2025-02-25T17:30:00,weather,"[02/25 17:30] RTE-CMH-20250225-002 / DRV-01010 @ CMH~~NL~~Whiteout conditions Columbus. Held 3 pkgs at hub, road closures on the north loop. POD delayed."
DN-100275,RTE-CMH-20251209-002,DRV-01010,HUB-CMH,2025-12-09T15:54:00,address,[12/09 15:54] RTE-CMH-20251209-002 / DRV-01010 @ CMH~~NL~~Bad address on SHP-202512-000438. Geocode off by ~3mi. Held for dispatch correction.
DN-100276,RTE-CMH-20250110-004,DRV-01030,HUB-CMH,2025-01-10T13:05:00,mechanical,"[01/10 13:05] RTE-CMH-20250110-004 / DRV-01030 @ CMH~~NL~~Liftgate fault mid-route. DRV-01030 completed 56 stops manual, 5 deferred. VEH flagged for shop."
DN-100277,RTE-CMH-20250729-003,DRV-01043,HUB-CMH,2025-07-29T13:03:00,traffic,"[07/29 13:03] RTE-CMH-20250729-003 / DRV-01043 @ CMH~~NL~~Accident on route, detour added. 3 DEL slipped past commit."
DN-100278,RTE-CMH-20250203-002,DRV-01044,HUB-CMH,2025-02-03T08:23:00,access,"[02/03 08:23] RTE-CMH-20250203-002 / DRV-01044 @ CMH~~NL~~Gate locked at delivery, no answer. ATT x2. the stop left as NSF, reattempt scheduled."
DN-100279,RTE-IND-20251202-002,DRV-01032,HUB-IND,2025-12-02T18:41:00,weather,"[12/02 18:41] RTE-IND-20251202-002 / DRV-01032 @ IND~~NL~~Whiteout conditions Indianapolis. Held 5 pkgs at hub, road closures on the north loop. POD delayed."
DN-100280,RTE-CMH-20251113-001,DRV-01013,HUB-CMH,2025-11-13T14:44:00,weather,"[11/13 14:44] RTE-CMH-20251113-001 / DRV-01013 @ CMH~~NL~~Snow/ice on route. 50 stops ATT, 3 DEL to next day. Salt trucks late. ETA slippage all afternoon."
DN-100281,RTE-CHI-20250518-001,DRV-01017,HUB-CHI,2025-05-18T08:01:00,address,"[05/18 08:01] RTE-CHI-20250518-001 / DRV-01017 @ CHI~~NL~~Suite # missing, 1 stops undeliverable. Contacting account for update."
DN-100282,RTE-CHI-20251219-004,DRV-01011,HUB-CHI,2025-12-19T18:38:00,customer_nsf,[12/19 18:38] RTE-CHI-20251219-004 / DRV-01011 @ CHI~~NL~~the stop NSF - business closed. ATT 1440. Reattempt next biz day.
DN-100283,RTE-CIN-20251209-001,DRV-01019,HUB-CIN,2025-12-09T10:26:00,weather,[12/09 10:26] RTE-CIN-20251209-001 / DRV-01019 @ CIN~~NL~~Freezing rain. Driver DRV-01019 pulled early for safety. 5 stops rolled to tomorrow.
DN-100284,RTE-IND-20250404-001,DRV-01045,HUB-IND,2025-04-04T14:38:00,access,"[04/04 14:38] RTE-IND-20250404-001 / DRV-01045 @ IND~~NL~~Gate locked at delivery, no answer. ATT x2. the stop left as NSF, reattempt scheduled."
DN-100285,RTE-CMH-20250101-003,DRV-01016,HUB-CMH,2025-01-01T09:18:00,weather,"[01/01 09:18] RTE-CMH-20250101-003 / DRV-01016 @ CMH~~NL~~Whiteout conditions Columbus. Held 2 pkgs at hub, road closures on the north loop. POD delayed."
DN-100286,RTE-CMH-20250717-003,DRV-01028,HUB-CMH,2025-07-17T13:11:00,mechanical,"[07/17 13:11] RTE-CMH-20250717-003 / DRV-01028 @ CMH~~NL~~Liftgate fault mid-route. DRV-01028 completed 18 stops manual, 2 deferred. VEH flagged for shop."
DN-100287,RTE-CIN-20250217-004,DRV-01029,HUB-CIN,2025-02-17T15:34:00,weather,[02/17 15:34] RTE-CIN-20250217-004 / DRV-01029 @ CIN~~NL~~Freezing rain. Driver DRV-01029 pulled early for safety. 2 stops rolled to tomorrow.
DN-100288,RTE-IND-20251119-001,DRV-01031,HUB-IND,2025-11-19T14:02:00,access,[11/19 14:02] RTE-IND-20251119-001 / DRV-01031 @ IND~~NL~~Dock closed early. 5 LTL stops could not unload. Rescheduling AM.
DN-100289,RTE-IND-20251217-003,DRV-01188,HUB-IND,2025-12-17T19:04:00,weather,"[12/17 19:04] RTE-IND-20251217-003 / DRV-01188 @ IND~~NL~~Whiteout conditions Indianapolis. Held 6 pkgs at hub, road closures on the north loop. POD delayed."
DN-100290,RTE-CHI-20250621-001,DRV-01017,HUB-CHI,2025-06-21T19:37:00,address,"[06/21 19:37] RTE-CHI-20250621-001 / DRV-01017 @ CHI~~NL~~Suite # missing, 3 stops undeliverable. Contacting account for update."
DN-100291,RTE-IND-20251225-001,DRV-01045,HUB-IND,2025-12-25T17:11:00,customer_nsf,[12/25 17:11] RTE-IND-20251225-001 / DRV-01045 @ IND~~NL~~Consignee refused delivery the stop. Return to hub initiated.
DN-100292,RTE-CHI-20250101-001,DRV-01007,HUB-CHI,2025-01-01T09:04:00,weather,[01/01 09:04] RTE-CHI-20250101-001 / DRV-01007 @ CHI~~NL~~Freezing rain. Driver DRV-01007 pulled early for safety. 3 stops rolled to tomorrow.
DN-100293,RTE-CMH-20250916-001,DRV-01009,HUB-CMH,2025-09-16T19:12:00,mechanical,"[09/16 19:12] RTE-CMH-20250916-001 / DRV-01009 @ CMH~~NL~~Liftgate fault mid-route. DRV-01009 completed 40 stops manual, 1 deferred. VEH flagged for shop."
DN-100294,RTE-IND-20250221-003,DRV-01045,HUB-IND,2025-02-21T15:30:00,mechanical,"[02/21 15:30] RTE-IND-20250221-003 / DRV-01045 @ IND~~NL~~Check-engine light, reduced power. Swapped to spare, 6 stops late."
DN-100295,RTE-CIN-20251203-004,DRV-01038,HUB-CIN,2025-12-03T17:21:00,weather,"[12/03 17:21] RTE-CIN-20251203-004 / DRV-01038 @ CIN~~NL~~Whiteout conditions Cincinnati. Held 3 pkgs at hub, road closures on the north loop. POD delayed."
DN-100296,RTE-IND-20250213-003,DRV-01032,HUB-IND,2025-02-13T13:47:00,mechanical,"[02/13 13:47] RTE-IND-20250213-003 / DRV-01032 @ IND~~NL~~Check-engine light, reduced power. Swapped to spare, 4 stops late."
DN-100297,RTE-DET-20250306-002,DRV-01046,HUB-DET,2025-03-06T18:31:00,mechanical,"[03/06 18:31] RTE-DET-20250306-002 / DRV-01046 @ DET~~NL~~Check-engine light, reduced power. Swapped to spare, 2 stops late."
DN-100298,RTE-CHI-20250814-002,DRV-01007,HUB-CHI,2025-08-14T13:05:00,access,[08/14 13:05] RTE-CHI-20250814-002 / DRV-01007 @ CHI~~NL~~Dock closed early. 3 LTL stops could not unload. Rescheduling AM.
DN-100299,RTE-DET-20251001-003,DRV-01046,HUB-DET,2025-10-01T11:20:00,mechanical,"[10/01 11:20] RTE-DET-20251001-003 / DRV-01046 @ DET~~NL~~Liftgate fault mid-route. DRV-01046 completed 23 stops manual, 3 deferred. VEH flagged for shop."
DN-100300,RTE-IND-20250212-001,DRV-01032,HUB-IND,2025-02-12T14:38:00,weather,[02/12 14:38] RTE-IND-20250212-001 / DRV-01032 @ IND~~NL~~Freezing rain. Driver DRV-01032 pulled early for safety. 3 stops rolled to tomorrow.
DN-100301,RTE-CHI-20251209-002,DRV-01005,HUB-CHI,2025-12-09T14:02:00,mechanical,"[12/09 14:02] RTE-CHI-20251209-002 / DRV-01005 @ CHI~~NL~~Check-engine light, reduced power. Swapped to spare, 2 stops late."
DN-100302,RTE-CIN-20251214-001,DRV-01038,HUB-CIN,2025-12-14T19:03:00,weather,"[12/14 19:03] RTE-CIN-20251214-001 / DRV-01038 @ CIN~~NL~~Snow/ice on route. 53 stops ATT, 2 DEL to next day. Salt trucks late. ETA slippage all afternoon."
DN-100303,RTE-IND-20250117-001,DRV-01031,HUB-IND,2025-01-17T19:47:00,access,"[01/17 19:47] RTE-IND-20250117-001 / DRV-01031 @ IND~~NL~~Gate locked at delivery, no answer. ATT x2. the stop left as NSF, reattempt scheduled."
DN-100304,RTE-CHI-20250227-002,DRV-01020,HUB-CHI,2025-02-27T19:28:00,customer_nsf,[02/27 19:28] RTE-CHI-20250227-002 / DRV-01020 @ CHI~~NL~~the stop NSF - business closed. ATT 1440. Reattempt next biz day.
DN-100305,RTE-IND-20250307-001,DRV-01032,HUB-IND,2025-03-07T12:23:00,volume,"[03/07 12:23] RTE-IND-20250307-001 / DRV-01032 @ IND~~NL~~Peak volume, truck full. 2 pkgs bumped to overflow route."
DN-100306,RTE-CHI-20251111-001,DRV-01011,HUB-CHI,2025-11-11T14:23:00,weather,"[11/11 14:23] RTE-CHI-20251111-001 / DRV-01011 @ CHI~~NL~~Whiteout conditions Chicago. Held 5 pkgs at hub, road closures on the north loop. POD delayed."
DN-100307,RTE-CHI-20251130-002,DRV-01007,HUB-CHI,2025-11-30T15:23:00,customer_nsf,[11/30 15:23] RTE-CHI-20251130-002 / DRV-01007 @ CHI~~NL~~Consignee refused delivery the stop. Return to hub initiated.
DN-100308,RTE-DET-20251230-003,DRV-01014,HUB-DET,2025-12-30T08:01:00,weather,[12/30 08:01] RTE-DET-20251230-003 / DRV-01014 @ DET~~NL~~Freezing rain. Driver DRV-01014 pulled early for safety. 3 stops rolled to tomorrow.
DN-100309,RTE-CHI-20251105-002,DRV-01011,HUB-CHI,2025-11-05T15:07:00,access,[11/05 15:07] RTE-CHI-20251105-002 / DRV-01011 @ CHI~~NL~~Dock closed early. 3 LTL stops could not unload. Rescheduling AM.
DN-100310,RTE-IND-20250708-005,DRV-01045,HUB-IND,2025-07-08T16:18:00,mechanical,"[07/08 16:18] RTE-IND-20250708-005 / DRV-01045 @ IND~~NL~~Check-engine light, reduced power. Swapped to spare, 2 stops late."
DN-100311,RTE-CHI-20250919-001,DRV-01011,HUB-CHI,2025-09-19T14:11:00,traffic,"[09/19 14:11] RTE-CHI-20250919-001 / DRV-01011 @ CHI~~NL~~Accident on route, detour added. 2 DEL slipped past commit."
DN-100312,RTE-CIN-20250726-003,DRV-01026,HUB-CIN,2025-07-26T12:42:00,traffic,"[07/26 12:42] RTE-CIN-20250726-003 / DRV-01026 @ CIN~~NL~~Accident on route, detour added. 3 DEL slipped past commit."
DN-100313,RTE-CHI-20250221-001,DRV-01007,HUB-CHI,2025-02-21T11:54:00,customer_nsf,[02/21 11:54] RTE-CHI-20250221-001 / DRV-01007 @ CHI~~NL~~the stop NSF - business closed. ATT 1440. Reattempt next biz day.
DN-100314,RTE-CIN-20251219-003,DRV-01025,HUB-CIN,2025-12-19T09:50:00,address,"[12/19 09:50] RTE-CIN-20251219-003 / DRV-01025 @ CIN~~NL~~Suite # missing, 5 stops undeliverable. Contacting account for update."
DN-100315,RTE-CMH-20251231-001,DRV-01044,HUB-CMH,2025-12-31T19:08:00,traffic,"[12/31 19:08] RTE-CMH-20251231-001 / DRV-01044 @ CMH~~NL~~I-94 closure, major backup. ETA +90m. 2 stops missed cutoff."
DN-100316,RTE-IND-20251203-001,DRV-01006,HUB-IND,2025-12-03T12:29:00,customer_nsf,[12/03 12:29] RTE-IND-20251203-001 / DRV-01006 @ IND~~NL~~the stop NSF - business closed. ATT 1440. Reattempt next biz day.
DN-100317,RTE-CIN-20250411-002,DRV-01027,HUB-CIN,2025-04-11T13:45:00,access,[04/11 13:45] RTE-CIN-20250411-002 / DRV-01027 @ CIN~~NL~~Dock closed early. 1 LTL stops could not unload. Rescheduling AM.
DN-100318,RTE-CHI-20250508-002,DRV-01012,HUB-CHI,2025-05-08T16:04:00,customer_nsf,[05/08 16:04] RTE-CHI-20250508-002 / DRV-01012 @ CHI~~NL~~the stop NSF - business closed. ATT 1440. Reattempt next biz day.
DN-100319,RTE-CIN-20250209-001,DRV-01041,HUB-CIN,2025-02-09T17:33:00,mechanical,"[02/09 17:33] RTE-CIN-20250209-001 / DRV-01041 @ CIN~~NL~~Check-engine light, reduced power. Swapped to spare, 6 stops late."
DN-100320,RTE-IND-20250914-001,DRV-01045,HUB-IND,2025-09-14T17:37:00,volume,"[09/14 17:37] RTE-IND-20250914-001 / DRV-01045 @ IND~~NL~~Overloaded manifest, 44 stops assigned. 1 could not be completed in service window."
DN-100321,RTE-CMH-20251103-001,DRV-01010,HUB-CMH,2025-11-03T07:53:00,traffic,"[11/03 07:53] RTE-CMH-20251103-001 / DRV-01010 @ CMH~~NL~~I-90 closure, major backup. ETA +90m. 4 stops missed cutoff."
DN-100322,RTE-IND-20251112-001,DRV-01188,HUB-IND,2025-11-12T12:59:00,weather,[11/12 12:59] RTE-IND-20251112-001 / DRV-01188 @ IND~~NL~~Freezing rain. Driver DRV-01188 pulled early for safety. 2 stops rolled to tomorrow.
DN-100323,RTE-CMH-20250717-002,DRV-01043,HUB-CMH,2025-07-17T11:54:00,traffic,"[07/17 11:54] RTE-CMH-20250717-002 / DRV-01043 @ CMH~~NL~~I-74 closure, major backup. ETA +90m. 3 stops missed cutoff."
DN-100324,RTE-CIN-20250207-001,DRV-01029,HUB-CIN,2025-02-07T11:08:00,traffic,"[02/07 11:08] RTE-CIN-20250207-001 / DRV-01029 @ CIN~~NL~~Accident on route, detour added. 5 DEL slipped past commit."
DN-100325,RTE-CHI-20250218-002,DRV-01035,HUB-CHI,2025-02-18T09:37:00,mechanical,"[02/18 09:37] RTE-CHI-20250218-002 / DRV-01035 @ CHI~~NL~~Liftgate fault mid-route. DRV-01035 completed 32 stops manual, 5 deferred. VEH flagged for shop."
DN-100326,RTE-CHI-20251209-006,DRV-01035,HUB-CHI,2025-12-09T16:21:00,address,[12/09 16:21] RTE-CHI-20251209-006 / DRV-01035 @ CHI~~NL~~Bad address on the stop. Geocode off by ~3mi. Held for dispatch correction.
DN-100327,RTE-IND-20250214-001,DRV-01045,HUB-IND,2025-02-14T19:36:00,traffic,"[02/14 19:36] RTE-IND-20250214-001 / DRV-01045 @ IND~~NL~~Accident on route, detour added. 4 DEL slipped past commit."
DN-100328,RTE-DET-20251229-001,DRV-01037,HUB-DET,2025-12-29T16:40:00,customer_nsf,[12/29 16:40] RTE-DET-20251229-001 / DRV-01037 @ DET~~NL~~the stop NSF - business closed. ATT 1440. Reattempt next biz day.
DN-100329,RTE-CHI-20251128-003,DRV-01047,HUB-CHI,2025-11-28T17:19:00,customer_nsf,[11/28 17:19] RTE-CHI-20251128-003 / DRV-01047 @ CHI~~NL~~Consignee refused delivery the stop. Return to hub initiated.
DN-100330,RTE-DET-20251204-002,DRV-01037,HUB-DET,2025-12-04T11:29:00,address,[12/04 11:29] RTE-DET-20251204-002 / DRV-01037 @ DET~~NL~~Bad address on the stop. Geocode off by ~3mi. Held for dispatch correction.
DN-100331,RTE-CHI-20250120-001,DRV-01011,HUB-CHI,2025-01-20T14:29:00,mechanical,"[01/20 14:29] RTE-CHI-20250120-001 / DRV-01011 @ CHI~~NL~~Liftgate fault mid-route. DRV-01011 completed 34 stops manual, 2 deferred. VEH flagged for shop."
DN-100332,RTE-CMH-20251230-004,DRV-01015,HUB-CMH,2025-12-30T18:20:00,weather,[12/30 18:20] RTE-CMH-20251230-004 / DRV-01015 @ CMH~~NL~~Freezing rain. Driver DRV-01015 pulled early for safety. 5 stops rolled to tomorrow.
DN-100333,RTE-CIN-20250217-004,DRV-01029,HUB-CIN,2025-02-17T12:32:00,weather,[02/17 12:32] RTE-CIN-20250217-004 / DRV-01029 @ CIN~~NL~~Freezing rain. Driver DRV-01029 pulled early for safety. 2 stops rolled to tomorrow.
DN-100334,RTE-IND-20251202-002,DRV-01032,HUB-IND,2025-12-02T11:28:00,mechanical,"[12/02 11:28] RTE-IND-20251202-002 / DRV-01032 @ IND~~NL~~Liftgate fault mid-route. DRV-01032 completed 47 stops manual, 5 deferred. VEH flagged for shop."
DN-100335,RTE-CHI-20251104-002,DRV-01011,HUB-CHI,2025-11-04T13:55:00,weather,[11/04 13:55] RTE-CHI-20251104-002 / DRV-01011 @ CHI~~NL~~Freezing rain. Driver DRV-01011 pulled early for safety. 2 stops rolled to tomorrow.
DN-100336,RTE-CIN-20251117-001,DRV-01023,HUB-CIN,2025-11-17T09:52:00,traffic,"[11/17 09:52] RTE-CIN-20251117-001 / DRV-01023 @ CIN~~NL~~Accident on route, detour added. 2 DEL slipped past commit."
DN-100337,RTE-CIN-20250526-001,DRV-01038,HUB-CIN,2025-05-26T09:31:00,mechanical,"[05/26 09:31] RTE-CIN-20250526-001 / DRV-01038 @ CIN~~NL~~Check-engine light, reduced power. Swapped to spare, 3 stops late."
DN-100338,RTE-CIN-20250130-002,DRV-01002,HUB-CIN,2025-01-30T08:25:00,mechanical,"[01/30 08:25] RTE-CIN-20250130-002 / DRV-01002 @ CIN~~NL~~Check-engine light, reduced power. Swapped to spare, 4 stops late."
DN-100339,RTE-CIN-20250108-002,DRV-01002,HUB-CIN,2025-01-08T07:18:00,access,[01/08 07:18] RTE-CIN-20250108-002 / DRV-01002 @ CIN~~NL~~Dock closed early. 3 LTL stops could not unload. Rescheduling AM.
DN-100340,RTE-CMH-20251225-002,DRV-01016,HUB-CMH,2025-12-25T14:18:00,address,[12/25 14:18] RTE-CMH-20251225-002 / DRV-01016 @ CMH~~NL~~Bad address on the stop. Geocode off by ~3mi. Held for dispatch correction.
DN-100341,RTE-IND-20250122-001,DRV-01024,HUB-IND,2025-01-22T12:48:00,weather,"[01/22 12:48] RTE-IND-20250122-001 / DRV-01024 @ IND~~NL~~Whiteout conditions Indianapolis. Held 1 pkgs at hub, road closures on the north loop. POD delayed."
DN-100342,RTE-IND-20250328-001,DRV-01024,HUB-IND,2025-03-28T15:12:00,access,[03/28 15:12] RTE-IND-20250328-001 / DRV-01024 @ IND~~NL~~Dock closed early. 3 LTL stops could not unload. Rescheduling AM.
DN-100343,RTE-IND-20251030-002,DRV-01042,HUB-IND,2025-10-30T14:48:00,customer_nsf,[10/30 14:48] RTE-IND-20251030-002 / DRV-01042 @ IND~~NL~~Consignee refused delivery the stop. Return to hub initiated.
DN-100344,RTE-IND-20251226-002,DRV-01031,HUB-IND,2025-12-26T08:25:00,weather,[12/26 08:25] RTE-IND-20251226-002 / DRV-01031 @ IND~~NL~~Freezing rain. Driver DRV-01031 pulled early for safety. 6 stops rolled to tomorrow.
DN-100345,RTE-DET-20251121-002,DRV-01004,HUB-DET,2025-11-21T15:25:00,weather,[11/21 15:25] RTE-DET-20251121-002 / DRV-01004 @ DET~~NL~~Freezing rain. Driver DRV-01004 pulled early for safety. 4 stops rolled to tomorrow.
DN-100346,RTE-IND-20250328-001,DRV-01024,HUB-IND,2025-03-28T12:51:00,access,[03/28 12:51] RTE-IND-20250328-001 / DRV-01024 @ IND~~NL~~Dock closed early. 3 LTL stops could not unload. Rescheduling AM.
DN-100347,RTE-IND-20250404-001,DRV-01045,HUB-IND,2025-04-04T15:08:00,address,"[04/04 15:08] RTE-IND-20250404-001 / DRV-01045 @ IND~~NL~~Suite # missing, 1 stops undeliverable. Contacting account for update."
DN-100348,RTE-IND-20251202-002,DRV-01032,HUB-IND,2025-12-02T16:47:00,access,[12/02 16:47] RTE-IND-20251202-002 / DRV-01032 @ IND~~NL~~Dock closed early. 5 LTL stops could not unload. Rescheduling AM.
DN-100349,RTE-CIN-20250128-001,DRV-01038,HUB-CIN,2025-01-28T15:31:00,volume,"[01/28 15:31] RTE-CIN-20250128-001 / DRV-01038 @ CIN~~NL~~Peak volume, truck full. 1 pkgs bumped to overflow route."
DN-100350,RTE-CHI-20250103-002,DRV-01047,HUB-CHI,2025-01-03T17:07:00,access,[01/03 17:07] RTE-CHI-20250103-002 / DRV-01047 @ CHI~~NL~~Dock closed early. 3 LTL stops could not unload. Rescheduling AM.
DN-100351,RTE-DET-20251210-001,DRV-01022,HUB-DET,2025-12-10T18:40:00,traffic,"[12/10 18:40] RTE-DET-20251210-001 / DRV-01022 @ DET~~NL~~Accident on route, detour added. 3 DEL slipped past commit."
DN-100352,RTE-IND-20250410-001,DRV-01024,HUB-IND,2025-04-10T16:14:00,volume,"[04/10 16:14] RTE-IND-20250410-001 / DRV-01024 @ IND~~NL~~Overloaded manifest, 39 stops assigned. 1 could not be completed in service window."
DN-100353,RTE-CIN-20251105-002,DRV-01023,HUB-CIN,2025-11-05T18:39:00,mechanical,"[11/05 18:39] RTE-CIN-20251105-002 / DRV-01023 @ CIN~~NL~~Check-engine light, reduced power. Swapped to spare, 6 stops late."
DN-100354,RTE-CIN-20251212-001,DRV-01034,HUB-CIN,2025-12-12T16:44:00,weather,"[12/12 16:44] RTE-CIN-20251212-001 / DRV-01034 @ CIN~~NL~~Snow/ice on route. 50 stops ATT, 5 DEL to next day. Salt trucks late. ETA slippage all afternoon."
DN-100355,RTE-CHI-20251209-001,DRV-01020,HUB-CHI,2025-12-09T09:26:00,weather,[12/09 09:26] RTE-CHI-20251209-001 / DRV-01020 @ CHI~~NL~~Freezing rain. Driver DRV-01020 pulled early for safety. 4 stops rolled to tomorrow.
DN-100356,RTE-CHI-20250106-002,DRV-01035,HUB-CHI,2025-01-06T14:55:00,volume,"[01/06 14:55] RTE-CHI-20250106-002 / DRV-01035 @ CHI~~NL~~Overloaded manifest, 31 stops assigned. 5 could not be completed in service window."
DN-100357,RTE-CMH-20250225-002,DRV-01010,HUB-CMH,2025-02-25T12:42:00,weather,"[02/25 12:42] RTE-CMH-20250225-002 / DRV-01010 @ CMH~~NL~~Whiteout conditions Columbus. Held 3 pkgs at hub, road closures on the north loop. POD delayed."
DN-100358,RTE-DET-20250106-001,DRV-01022,HUB-DET,2025-01-06T14:58:00,traffic,"[01/06 14:58] RTE-DET-20250106-001 / DRV-01022 @ DET~~NL~~Accident on route, detour added. 5 DEL slipped past commit."
DN-100359,RTE-IND-20250513-001,DRV-01188,HUB-IND,2025-05-13T18:43:00,volume,"[05/13 18:43] RTE-IND-20250513-001 / DRV-01188 @ IND~~NL~~Peak volume, truck full. 2 pkgs bumped to overflow route."
DN-100360,RTE-CIN-20251201-004,DRV-01041,HUB-CIN,2025-12-01T11:35:00,traffic,"[12/01 11:35] RTE-CIN-20251201-004 / DRV-01041 @ CIN~~NL~~Accident on route, detour added. 2 DEL slipped past commit."
DN-100361,RTE-DET-20250214-003,DRV-01021,HUB-DET,2025-02-14T19:18:00,traffic,"[02/14 19:18] RTE-DET-20250214-003 / DRV-01021 @ DET~~NL~~I-71 closure, major backup. ETA +90m. 1 stops missed cutoff."
DN-100362,RTE-DET-20250128-005,DRV-01014,HUB-DET,2025-01-28T12:35:00,access,[01/28 12:35] RTE-DET-20250128-005 / DRV-01014 @ DET~~NL~~Dock closed early. 1 LTL stops could not unload. Rescheduling AM.
DN-100363,RTE-CMH-20250102-002,DRV-01028,HUB-CMH,2025-01-02T13:57:00,address,"[01/02 13:57] RTE-CMH-20250102-002 / DRV-01028 @ CMH~~NL~~Suite # missing, 6 stops undeliverable. Contacting account for update."
DN-100364,RTE-CMH-20251223-006,DRV-01028,HUB-CMH,2025-12-23T11:02:00,volume,"[12/23 11:02] RTE-CMH-20251223-006 / DRV-01028 @ CMH~~NL~~Peak volume, truck full. 3 pkgs bumped to overflow route."
DN-100365,RTE-CHI-20250130-001,DRV-01047,HUB-CHI,2025-01-30T17:16:00,traffic,"[01/30 17:16] RTE-CHI-20250130-001 / DRV-01047 @ CHI~~NL~~Accident on route, detour added. 4 DEL slipped past commit."
DN-100366,RTE-IND-20251217-002,DRV-01032,HUB-IND,2025-12-17T15:44:00,customer_nsf,[12/17 15:44] RTE-IND-20251217-002 / DRV-01032 @ IND~~NL~~Consignee refused delivery the stop. Return to hub initiated.
DN-100367,RTE-CHI-20250121-001,DRV-01011,HUB-CHI,2025-01-21T10:15:00,volume,"[01/21 10:15] RTE-CHI-20250121-001 / DRV-01011 @ CHI~~NL~~Overloaded manifest, 53 stops assigned. 6 could not be completed in service window."
DN-100368,RTE-CMH-20250109-003,DRV-01049,HUB-CMH,2025-01-09T10:03:00,weather,"[01/09 10:03] RTE-CMH-20250109-003 / DRV-01049 @ CMH~~NL~~Snow/ice on route. 62 stops ATT, 4 DEL to next day. Salt trucks late. ETA slippage all afternoon."
DN-100369,RTE-IND-20250126-001,DRV-01042,HUB-IND,2025-01-26T17:49:00,mechanical,"[01/26 17:49] RTE-IND-20250126-001 / DRV-01042 @ IND~~NL~~Liftgate fault mid-route. DRV-01042 completed 27 stops manual, 3 deferred. VEH flagged for shop."
DN-100370,RTE-IND-20250226-003,DRV-01006,HUB-IND,2025-02-26T09:26:00,traffic,"[02/26 09:26] RTE-IND-20250226-003 / DRV-01006 @ IND~~NL~~Accident on route, detour added. 5 DEL slipped past commit."
DN-100371,RTE-DET-20250213-002,DRV-01021,HUB-DET,2025-02-13T11:20:00,volume,"[02/13 11:20] RTE-DET-20250213-002 / DRV-01021 @ DET~~NL~~Peak volume, truck full. 4 pkgs bumped to overflow route."
DN-100372,RTE-CHI-20251107-001,DRV-01048,HUB-CHI,2025-11-07T17:36:00,volume,"[11/07 17:36] RTE-CHI-20251107-001 / DRV-01048 @ CHI~~NL~~Overloaded manifest, 61 stops assigned. 5 could not be completed in service window."
DN-100373,RTE-IND-20251216-005,DRV-01033,HUB-IND,2025-12-16T07:58:00,traffic,"[12/16 07:58] RTE-IND-20251216-005 / DRV-01033 @ IND~~NL~~I-94 closure, major backup. ETA +90m. 1 stops missed cutoff."
DN-100374,RTE-CMH-20251225-002,DRV-01016,HUB-CMH,2025-12-25T07:53:00,weather,"[12/25 07:53] RTE-CMH-20251225-002 / DRV-01016 @ CMH~~NL~~Snow/ice on route. 47 stops ATT, 6 DEL to next day. Salt trucks late. ETA slippage all afternoon."
DN-100375,RTE-CMH-20251117-004,DRV-01001,HUB-CMH,2025-11-17T07:00:00,traffic,"[11/17 07:00] RTE-CMH-20251117-004 / DRV-01001 @ CMH~~NL~~Accident on route, detour added. 3 DEL slipped past commit."
DN-100376,RTE-IND-20251106-001,DRV-01188,HUB-IND,2025-11-06T12:18:00,traffic,"[11/06 12:18] RTE-IND-20251106-001 / DRV-01188 @ IND~~NL~~Accident on route, detour added. 6 DEL slipped past commit."
DN-100377,RTE-CIN-20250101-003,DRV-01002,HUB-CIN,2025-01-01T10:51:00,mechanical,"[01/01 10:51] RTE-CIN-20250101-003 / DRV-01002 @ CIN~~NL~~Liftgate fault mid-route. DRV-01002 completed 51 stops manual, 1 deferred. VEH flagged for shop."
DN-100378,RTE-CHI-20251230-002,DRV-01017,HUB-CHI,2025-12-30T11:45:00,mechanical,"[12/30 11:45] RTE-CHI-20251230-002 / DRV-01017 @ CHI~~NL~~Liftgate fault mid-route. DRV-01017 completed 36 stops manual, 4 deferred. VEH flagged for shop."
DN-100379,RTE-CHI-20250121-002,DRV-01017,HUB-CHI,2025-01-21T16:43:00,volume,"[01/21 16:43] RTE-CHI-20250121-002 / DRV-01017 @ CHI~~NL~~Overloaded manifest, 32 stops assigned. 4 could not be completed in service window."
DN-100380,RTE-CMH-20251218-002,DRV-01036,HUB-CMH,2025-12-18T13:52:00,address,"[12/18 13:52] RTE-CMH-20251218-002 / DRV-01036 @ CMH~~NL~~Suite # missing, 5 stops undeliverable. Contacting account for update."
DN-100381,RTE-IND-20250212-001,DRV-01032,HUB-IND,2025-02-12T08:11:00,access,"[02/12 08:11] RTE-IND-20250212-001 / DRV-01032 @ IND~~NL~~Gate locked at delivery, no answer. ATT x2. the stop left as NSF, reattempt scheduled."
DN-100382,RTE-DET-20250203-002,DRV-01021,HUB-DET,2025-02-03T11:24:00,weather,"[02/03 11:24] RTE-DET-20250203-002 / DRV-01021 @ DET~~NL~~Snow/ice on route. 30 stops ATT, 4 DEL to next day. Salt trucks late. ETA slippage all afternoon."
DN-100383,RTE-DET-20251121-002,DRV-01004,HUB-DET,2025-11-21T11:37:00,traffic,"[11/21 11:37] RTE-DET-20251121-002 / DRV-01004 @ DET~~NL~~I-74 closure, major backup. ETA +90m. 4 stops missed cutoff."
DN-100384,RTE-CHI-20250220-002,DRV-01017,HUB-CHI,2025-02-20T07:42:00,address,[02/20 07:42] RTE-CHI-20250220-002 / DRV-01017 @ CHI~~NL~~Bad address on the stop. Geocode off by ~3mi. Held for dispatch correction.
DN-100385,RTE-DET-20251210-001,DRV-01022,HUB-DET,2025-12-10T15:59:00,access,[12/10 15:59] RTE-DET-20251210-001 / DRV-01022 @ DET~~NL~~Dock closed early. 3 LTL stops could not unload. Rescheduling AM.
DN-100386,RTE-CHI-20250404-001,DRV-01012,HUB-CHI,2025-04-04T11:23:00,traffic,"[04/04 11:23] RTE-CHI-20250404-001 / DRV-01012 @ CHI~~NL~~I-70 closure, major backup. ETA +90m. 2 stops missed cutoff."
DN-100387,RTE-CIN-20250127-004,DRV-01002,HUB-CIN,2025-01-27T14:47:00,mechanical,"[01/27 14:47] RTE-CIN-20250127-004 / DRV-01002 @ CIN~~NL~~Check-engine light, reduced power. Swapped to spare, 4 stops late."
DN-100388,RTE-CMH-20251124-003,DRV-01028,HUB-CMH,2025-11-24T19:34:00,traffic,"[11/24 19:34] RTE-CMH-20251124-003 / DRV-01028 @ CMH~~NL~~I-70 closure, major backup. ETA +90m. 3 stops missed cutoff."
DN-100389,RTE-IND-20251226-002,DRV-01031,HUB-IND,2025-12-26T19:05:00,customer_nsf,[12/26 19:05] RTE-IND-20251226-002 / DRV-01031 @ IND~~NL~~Consignee refused delivery the stop. Return to hub initiated.
DN-100390,RTE-CHI-20251117-003,DRV-01017,HUB-CHI,2025-11-17T15:57:00,weather,[11/17 15:57] RTE-CHI-20251117-003 / DRV-01017 @ CHI~~NL~~Freezing rain. Driver DRV-01017 pulled early for safety. 1 stops rolled to tomorrow.
DN-100391,RTE-CMH-20251230-001,DRV-01013,HUB-CMH,2025-12-30T15:28:00,access,"[12/30 15:28] RTE-CMH-20251230-001 / DRV-01013 @ CMH~~NL~~Gate locked at delivery, no answer. ATT x2. the stop left as NSF, reattempt scheduled."
DN-100392,RTE-IND-20250107-001,DRV-01032,HUB-IND,2025-01-07T08:57:00,customer_nsf,[01/07 08:57] RTE-IND-20250107-001 / DRV-01032 @ IND~~NL~~the stop NSF - business closed. ATT 1440. Reattempt next biz day.
DN-100393,RTE-CHI-20250205-001,DRV-01047,HUB-CHI,2025-02-05T16:03:00,access,[02/05 16:03] RTE-CHI-20250205-001 / DRV-01047 @ CHI~~NL~~Dock closed early. 2 LTL stops could not unload. Rescheduling AM.
DN-100394,RTE-CHI-20251022-003,DRV-01047,HUB-CHI,2025-10-22T13:16:00,volume,"[10/22 13:16] RTE-CHI-20251022-003 / DRV-01047 @ CHI~~NL~~Overloaded manifest, 55 stops assigned. 3 could not be completed in service window."
DN-100395,RTE-DET-20251030-002,DRV-01037,HUB-DET,2025-10-30T13:22:00,access,"[10/30 13:22] RTE-DET-20251030-002 / DRV-01037 @ DET~~NL~~Gate locked at delivery, no answer. ATT x2. the stop left as NSF, reattempt scheduled."
DN-100396,RTE-CHI-20250125-001,DRV-01017,HUB-CHI,2025-01-25T08:59:00,traffic,"[01/25 08:59] RTE-CHI-20250125-001 / DRV-01017 @ CHI~~NL~~Accident on route, detour added. 4 DEL slipped past commit."
DN-100397,RTE-IND-20250205-002,DRV-01045,HUB-IND,2025-02-05T09:49:00,weather,[02/05 09:49] RTE-IND-20250205-002 / DRV-01045 @ IND~~NL~~Freezing rain. Driver DRV-01045 pulled early for safety. 2 stops rolled to tomorrow.
DN-100398,RTE-CIN-20250103-004,DRV-01008,HUB-CIN,2025-01-03T13:28:00,access,[01/03 13:28] RTE-CIN-20250103-004 / DRV-01008 @ CIN~~NL~~Dock closed early. 2 LTL stops could not unload. Rescheduling AM.
DN-100399,RTE-CHI-20250130-001,DRV-01047,HUB-CHI,2025-01-30T15:08:00,traffic,"[01/30 15:08] RTE-CHI-20250130-001 / DRV-01047 @ CHI~~NL~~Accident on route, detour added. 4 DEL slipped past commit."
DN-100400,RTE-DET-20251214-001,DRV-01046,HUB-DET,2025-12-14T15:08:00,customer_nsf,[12/14 15:08] RTE-DET-20251214-001 / DRV-01046 @ DET~~NL~~the stop NSF - business closed. ATT 1440. Reattempt next biz day.
DN-100401,RTE-CMH-20251128-003,DRV-01013,HUB-CMH,2025-11-28T14:43:00,traffic,"[11/28 14:43] RTE-CMH-20251128-003 / DRV-01013 @ CMH~~NL~~Accident on route, detour added. 6 DEL slipped past commit."
DN-100402,RTE-IND-20250425-002,DRV-01032,HUB-IND,2025-04-25T14:22:00,mechanical,"[04/25 14:22] RTE-IND-20250425-002 / DRV-01032 @ IND~~NL~~Liftgate fault mid-route. DRV-01032 completed 35 stops manual, 2 deferred. VEH flagged for shop."
DN-100403,RTE-IND-20250218-001,DRV-01033,HUB-IND,2025-02-18T19:07:00,traffic,"[02/18 19:07] RTE-IND-20250218-001 / DRV-01033 @ IND~~NL~~I-71 closure, major backup. ETA +90m. 6 stops missed cutoff."
DN-100404,RTE-IND-20251111-002,DRV-01024,HUB-IND,2025-11-11T07:15:00,volume,"[11/11 07:15] RTE-IND-20251111-002 / DRV-01024 @ IND~~NL~~Overloaded manifest, 31 stops assigned. 5 could not be completed in service window."
DN-100405,RTE-IND-20251215-002,DRV-01188,HUB-IND,2025-12-15T07:15:00,address,[12/15 07:15] RTE-IND-20251215-002 / DRV-01188 @ IND~~NL~~Bad address on the stop. Geocode off by ~3mi. Held for dispatch correction.
DN-100406,RTE-CIN-20250108-004,DRV-01019,HUB-CIN,2025-01-08T19:55:00,customer_nsf,[01/08 19:55] RTE-CIN-20250108-004 / DRV-01019 @ CIN~~NL~~the stop NSF - business closed. ATT 1440. Reattempt next biz day.
DN-100407,RTE-CHI-20250207-002,DRV-01047,HUB-CHI,2025-02-07T18:36:00,weather,"[02/07 18:36] RTE-CHI-20250207-002 / DRV-01047 @ CHI~~NL~~Whiteout conditions Chicago. Held 3 pkgs at hub, road closures on the north loop. POD delayed."
DN-100408,RTE-IND-20251215-002,DRV-01188,HUB-IND,2025-12-15T12:15:00,address,"[12/15 12:15] RTE-IND-20251215-002 / DRV-01188 @ IND~~NL~~Suite # missing, 4 stops undeliverable. Contacting account for update."
DN-100409,RTE-CIN-20250218-003,DRV-01041,HUB-CIN,2025-02-18T13:19:00,mechanical,"[02/18 13:19] RTE-CIN-20250218-003 / DRV-01041 @ CIN~~NL~~Check-engine light, reduced power. Swapped to spare, 1 stops late."
DN-100411,RTE-DET-20250103-004,DRV-01014,HUB-DET,2025-01-03T17:24:00,traffic,"[01/03 17:24] RTE-DET-20250103-004 / DRV-01014 @ DET~~NL~~Accident on route, detour added. 3 DEL slipped past commit."
DN-100412,RTE-CIN-20251203-002,DRV-01019,HUB-CIN,2025-12-03T13:11:00,weather,[12/03 13:11] RTE-CIN-20251203-002 / DRV-01019 @ CIN~~NL~~Freezing rain. Driver DRV-01019 pulled early for safety. 2 stops rolled to tomorrow.
DN-100413,RTE-CHI-20250815-003,DRV-01017,HUB-CHI,2025-08-15T18:09:00,mechanical,"[08/15 18:09] RTE-CHI-20250815-003 / DRV-01017 @ CHI~~NL~~Check-engine light, reduced power. Swapped to spare, 3 stops late."
DN-100414,RTE-CMH-20250205-002,DRV-01039,HUB-CMH,2025-02-05T15:33:00,traffic,"[02/05 15:33] RTE-CMH-20250205-002 / DRV-01039 @ CMH~~NL~~Accident on route, detour added. 2 DEL slipped past commit."
DN-100415,RTE-IND-20250126-001,DRV-01042,HUB-IND,2025-01-26T14:54:00,weather,"[01/26 14:54] RTE-IND-20250126-001 / DRV-01042 @ IND~~NL~~Whiteout conditions Indianapolis. Held 3 pkgs at hub, road closures on the north loop. POD delayed."
DN-100416,RTE-DET-20251225-002,DRV-01021,HUB-DET,2025-12-25T07:17:00,volume,"[12/25 07:17] RTE-DET-20251225-002 / DRV-01021 @ DET~~NL~~Overloaded manifest, 39 stops assigned. 3 could not be completed in service window."
DN-100417,RTE-DET-20251204-002,DRV-01037,HUB-DET,2025-12-04T17:35:00,customer_nsf,[12/04 17:35] RTE-DET-20251204-002 / DRV-01037 @ DET~~NL~~the stop NSF - business closed. ATT 1440. Reattempt next biz day.
DN-100418,RTE-DET-20250507-002,DRV-01037,HUB-DET,2025-05-07T11:58:00,traffic,"[05/07 11:58] RTE-DET-20250507-002 / DRV-01037 @ DET~~NL~~I-70 closure, major backup. ETA +90m. 1 stops missed cutoff."
DN-100419,RTE-DET-20250216-002,DRV-01046,HUB-DET,2025-02-16T08:47:00,traffic,"[02/16 08:47] RTE-DET-20250216-002 / DRV-01046 @ DET~~NL~~Accident on route, detour added. 3 DEL slipped past commit."
DN-100420,RTE-DET-20250211-005,DRV-01004,HUB-DET,2025-02-11T13:58:00,address,"[02/11 13:58] RTE-DET-20250211-005 / DRV-01004 @ DET~~NL~~Suite # missing, 5 stops undeliverable. Contacting account for update."
DN-100421,RTE-IND-20251014-004,DRV-01188,HUB-IND,2025-10-14T11:16:00,address,"[10/14 11:16] RTE-IND-20251014-004 / DRV-01188 @ IND~~NL~~Suite # missing, 3 stops undeliverable. Contacting account for update."
DN-100422,RTE-IND-20251111-003,DRV-01033,HUB-IND,2025-11-11T19:53:00,address,"[11/11 19:53] RTE-IND-20251111-003 / DRV-01033 @ IND~~NL~~Suite # missing, 5 stops undeliverable. Contacting account for update."
DN-100423,RTE-DET-20251218-006,DRV-01004,HUB-DET,2025-12-18T10:47:00,customer_nsf,[12/18 10:47] RTE-DET-20251218-006 / DRV-01004 @ DET~~NL~~the stop NSF - business closed. ATT 1440. Reattempt next biz day.
DN-100424,RTE-IND-20250226-002,DRV-01045,HUB-IND,2025-02-26T16:46:00,traffic,"[02/26 16:46] RTE-IND-20250226-002 / DRV-01045 @ IND~~NL~~Accident on route, detour added. 1 DEL slipped past commit."
DN-100425,RTE-IND-20251112-001,DRV-01188,HUB-IND,2025-11-12T13:36:00,access,"[11/12 13:36] RTE-IND-20251112-001 / DRV-01188 @ IND~~NL~~Gate locked at delivery, no answer. ATT x2. the stop left as NSF, reattempt scheduled."
DN-100426,RTE-DET-20250205-003,DRV-01046,HUB-DET,2025-02-05T12:16:00,traffic,"[02/05 12:16] RTE-DET-20250205-003 / DRV-01046 @ DET~~NL~~Accident on route, detour added. 2 DEL slipped past commit."
DN-100427,RTE-CIN-20251204-001,DRV-01034,HUB-CIN,2025-12-04T09:46:00,mechanical,"[12/04 09:46] RTE-CIN-20251204-001 / DRV-01034 @ CIN~~NL~~Check-engine light, reduced power. Swapped to spare, 3 stops late."
DN-100428,RTE-CMH-20250225-002,DRV-01010,HUB-CMH,2025-02-25T09:58:00,customer_nsf,[02/25 09:58] RTE-CMH-20250225-002 / DRV-01010 @ CMH~~NL~~the stop NSF - business closed. ATT 1440. Reattempt next biz day.
DN-100429,RTE-CHI-20251111-001,DRV-01011,HUB-CHI,2025-11-11T17:03:00,traffic,"[11/11 17:03] RTE-CHI-20251111-001 / DRV-01011 @ CHI~~NL~~I-94 closure, major backup. ETA +90m. 5 stops missed cutoff."
DN-100430,RTE-CMH-20251113-001,DRV-01013,HUB-CMH,2025-11-13T08:45:00,customer_nsf,[11/13 08:45] RTE-CMH-20251113-001 / DRV-01013 @ CMH~~NL~~the stop NSF - business closed. ATT 1440. Reattempt next biz day.
DN-100431,RTE-CHI-20251218-001,DRV-01048,HUB-CHI,2025-12-18T07:39:00,mechanical,"[12/18 07:39] RTE-CHI-20251218-001 / DRV-01048 @ CHI~~NL~~Check-engine light, reduced power. Swapped to spare, 6 stops late."
DN-100432,RTE-CMH-20250121-002,DRV-01028,HUB-CMH,2025-01-21T15:26:00,weather,"[01/21 15:26] RTE-CMH-20250121-002 / DRV-01028 @ CMH~~NL~~Snow/ice on route. 56 stops ATT, 6 DEL to next day. Salt trucks late. ETA slippage all afternoon."
DN-100433,RTE-CIN-20250211-001,DRV-01026,HUB-CIN,2025-02-11T11:01:00,weather,[02/11 11:01] RTE-CIN-20250211-001 / DRV-01026 @ CIN~~NL~~Freezing rain. Driver DRV-01026 pulled early for safety. 1 stops rolled to tomorrow.
DN-100434,RTE-CMH-20250115-004,DRV-01010,HUB-CMH,2025-01-15T09:06:00,volume,"[01/15 09:06] RTE-CMH-20250115-004 / DRV-01010 @ CMH~~NL~~Overloaded manifest, 20 stops assigned. 6 could not be completed in service window."
DN-100435,RTE-CHI-20250729-001,DRV-01007,HUB-CHI,2025-07-29T15:16:00,mechanical,"[07/29 15:16] RTE-CHI-20250729-001 / DRV-01007 @ CHI~~NL~~Check-engine light, reduced power. Swapped to spare, 1 stops late."
DN-100436,RTE-CIN-20250110-001,DRV-01003,HUB-CIN,2025-01-10T13:29:00,weather,[01/10 13:29] RTE-CIN-20250110-001 / DRV-01003 @ CIN~~NL~~Freezing rain. Driver DRV-01003 pulled early for safety. 3 stops rolled to tomorrow.
DN-100437,RTE-CMH-20251211-004,DRV-01049,HUB-CMH,2025-12-11T17:52:00,weather,"[12/11 17:52] RTE-CMH-20251211-004 / DRV-01049 @ CMH~~NL~~Snow/ice on route. 41 stops ATT, 1 DEL to next day. Salt trucks late. ETA slippage all afternoon."
DN-100438,RTE-CHI-20250408-001,DRV-01017,HUB-CHI,2025-04-08T07:05:00,address,"[04/08 07:05] RTE-CHI-20250408-001 / DRV-01017 @ CHI~~NL~~Suite # missing, 3 stops undeliverable. Contacting account for update."
DN-100439,RTE-DET-20250106-001,DRV-01022,HUB-DET,2025-01-06T17:00:00,mechanical,"[01/06 17:00] RTE-DET-20250106-001 / DRV-01022 @ DET~~NL~~Liftgate fault mid-route. DRV-01022 completed 19 stops manual, 5 deferred. VEH flagged for shop."
DN-100440,RTE-CHI-20251105-002,DRV-01011,HUB-CHI,2025-11-05T19:21:00,mechanical,"[11/05 19:21] RTE-CHI-20251105-002 / DRV-01011 @ CHI~~NL~~Liftgate fault mid-route. DRV-01011 completed 51 stops manual, 3 deferred. VEH flagged for shop."
DN-100441,RTE-DET-20250909-003,DRV-01046,HUB-DET,2025-09-09T18:56:00,mechanical,"[09/09 18:56] RTE-DET-20250909-003 / DRV-01046 @ DET~~NL~~Check-engine light, reduced power. Swapped to spare, 2 stops late."
DN-100442,RTE-CHI-20250719-001,DRV-01007,HUB-CHI,2025-07-19T11:57:00,access,"[07/19 11:57] RTE-CHI-20250719-001 / DRV-01007 @ CHI~~NL~~Gate locked at delivery, no answer. ATT x2. the stop left as NSF, reattempt scheduled."
DN-100443,RTE-IND-20250212-003,DRV-01033,HUB-IND,2025-02-12T10:37:00,weather,"[02/12 10:37] RTE-IND-20250212-003 / DRV-01033 @ IND~~NL~~Snow/ice on route. 37 stops ATT, 1 DEL to next day. Salt trucks late. ETA slippage all afternoon."
DN-100444,RTE-CIN-20251212-001,DRV-01034,HUB-CIN,2025-12-12T11:10:00,traffic,"[12/12 11:10] RTE-CIN-20251212-001 / DRV-01034 @ CIN~~NL~~I-90 closure, major backup. ETA +90m. 5 stops missed cutoff."
DN-100446,RTE-CIN-20251112-001,DRV-01008,HUB-CIN,2025-11-12T08:27:00,access,"[11/12 08:27] RTE-CIN-20251112-001 / DRV-01008 @ CIN~~NL~~Gate locked at delivery, no answer. ATT x2. the stop left as NSF, reattempt scheduled."
DN-100447,RTE-CIN-20250101-001,DRV-01023,HUB-CIN,2025-01-01T16:25:00,volume,"[01/01 16:25] RTE-CIN-20250101-001 / DRV-01023 @ CIN~~NL~~Peak volume, truck full. 4 pkgs bumped to overflow route."
DN-100448,RTE-DET-20250429-003,DRV-01014,HUB-DET,2025-04-29T14:31:00,volume,"[04/29 14:31] RTE-DET-20250429-003 / DRV-01014 @ DET~~NL~~Overloaded manifest, 20 stops assigned. 1 could not be completed in service window."
DN-100449,RTE-CMH-20251218-001,DRV-01015,HUB-CMH,2025-12-18T09:43:00,access,[12/18 09:43] RTE-CMH-20251218-001 / DRV-01015 @ CMH~~NL~~Dock closed early. 3 LTL stops could not unload. Rescheduling AM.
DN-100450,RTE-CHI-20250106-003,DRV-01035,HUB-CHI,2025-01-06T10:45:00,weather,"[01/06 10:45] RTE-CHI-20250106-003 / DRV-01035 @ CHI~~NL~~Snow/ice on route. 28 stops ATT, 3 DEL to next day. Salt trucks late. ETA slippage all afternoon."
DN-100451,RTE-DET-20250130-001,DRV-01037,HUB-DET,2025-01-30T19:40:00,access,"[01/30 19:40] RTE-DET-20250130-001 / DRV-01037 @ DET~~NL~~Gate locked at delivery, no answer. ATT x2. the stop left as NSF, reattempt scheduled."
DN-100452,RTE-DET-20251128-001,DRV-01004,HUB-DET,2025-11-28T08:00:00,access,[11/28 08:00] RTE-DET-20251128-001 / DRV-01004 @ DET~~NL~~Dock closed early. 5 LTL stops could not unload. Rescheduling AM.
DN-100453,RTE-DET-20250226-003,DRV-01037,HUB-DET,2025-02-26T09:05:00,weather,"[02/26 09:05] RTE-DET-20250226-003 / DRV-01037 @ DET~~NL~~Snow/ice on route. 46 stops ATT, 1 DEL to next day. Salt trucks late. ETA slippage all afternoon."
DN-100454,RTE-DET-20250615-001,DRV-01021,HUB-DET,2025-06-15T13:06:00,address,[06/15 13:06] RTE-DET-20250615-001 / DRV-01021 @ DET~~NL~~Bad address on the stop. Geocode off by ~3mi. Held for dispatch correction.
DN-100455,RTE-CMH-20250116-002,DRV-01036,HUB-CMH,2025-01-16T16:50:00,weather,"[01/16 16:50] RTE-CMH-20250116-002 / DRV-01036 @ CMH~~NL~~Whiteout conditions Columbus. Held 4 pkgs at hub, road closures on the north loop. POD delayed."
DN-100456,RTE-CIN-20250217-001,DRV-01026,HUB-CIN,2025-02-17T19:05:00,access,"[02/17 19:05] RTE-CIN-20250217-001 / DRV-01026 @ CIN~~NL~~Gate locked at delivery, no answer. ATT x2. the stop left as NSF, reattempt scheduled."
DN-100457,RTE-DET-20251125-003,DRV-01021,HUB-DET,2025-11-25T09:08:00,address,"[11/25 09:08] RTE-DET-20251125-003 / DRV-01021 @ DET~~NL~~Suite # missing, 3 stops undeliverable. Contacting account for update."
DN-100458,RTE-DET-20250130-001,DRV-01037,HUB-DET,2025-01-30T09:27:00,weather,"[01/30 09:27] RTE-DET-20250130-001 / DRV-01037 @ DET~~NL~~Whiteout conditions Detroit. Held 4 pkgs at hub, road closures on the north loop. POD delayed."
DN-100459,RTE-CMH-20251208-001,DRV-01043,HUB-CMH,2025-12-08T12:16:00,volume,"[12/08 12:16] RTE-CMH-20251208-001 / DRV-01043 @ CMH~~NL~~Overloaded manifest, 40 stops assigned. 6 could not be completed in service window."
DN-100460,RTE-DET-20251030-004,DRV-01046,HUB-DET,2025-10-30T10:29:00,address,[10/30 10:29] RTE-DET-20251030-004 / DRV-01046 @ DET~~NL~~Bad address on the stop. Geocode off by ~3mi. Held for dispatch correction.
DN-100461,RTE-CHI-20251024-004,DRV-01017,HUB-CHI,2025-10-24T12:53:00,traffic,"[10/24 12:53] RTE-CHI-20251024-004 / DRV-01017 @ CHI~~NL~~Accident on route, detour added. 2 DEL slipped past commit."
DN-100462,RTE-CIN-20250108-004,DRV-01019,HUB-CIN,2025-01-08T17:38:00,mechanical,"[01/08 17:38] RTE-CIN-20250108-004 / DRV-01019 @ CIN~~NL~~Liftgate fault mid-route. DRV-01019 completed 21 stops manual, 5 deferred. VEH flagged for shop."
DN-100463,RTE-DET-20251114-001,DRV-01021,HUB-DET,2025-11-14T10:30:00,traffic,"[11/14 10:30] RTE-DET-20251114-001 / DRV-01021 @ DET~~NL~~Accident on route, detour added. 6 DEL slipped past commit."
DN-100464,RTE-IND-20250226-003,DRV-01006,HUB-IND,2025-02-26T11:47:00,traffic,"[02/26 11:47] RTE-IND-20250226-003 / DRV-01006 @ IND~~NL~~Accident on route, detour added. 5 DEL slipped past commit."
DN-100465,RTE-CMH-20250622-002,DRV-01028,HUB-CMH,2025-06-22T11:52:00,mechanical,"[06/22 11:52] RTE-CMH-20250622-002 / DRV-01028 @ CMH~~NL~~Check-engine light, reduced power. Swapped to spare, 1 stops late."
DN-100466,RTE-CIN-20251107-001,DRV-01023,HUB-CIN,2025-11-07T16:34:00,customer_nsf,[11/07 16:34] RTE-CIN-20251107-001 / DRV-01023 @ CIN~~NL~~the stop NSF - business closed. ATT 1440. Reattempt next biz day.
DN-100467,RTE-CMH-20250414-004,DRV-01018,HUB-CMH,2025-04-14T18:29:00,access,"[04/14 18:29] RTE-CMH-20250414-004 / DRV-01018 @ CMH~~NL~~Gate locked at delivery, no answer. ATT x2. the stop left as NSF, reattempt scheduled."
DN-100468,RTE-IND-20250117-003,DRV-01032,HUB-IND,2025-01-17T08:52:00,volume,"[01/17 08:52] RTE-IND-20250117-003 / DRV-01032 @ IND~~NL~~Peak volume, truck full. 6 pkgs bumped to overflow route."
DN-100469,RTE-CHI-20251105-002,DRV-01011,HUB-CHI,2025-11-05T10:16:00,address,[11/05 10:16] RTE-CHI-20251105-002 / DRV-01011 @ CHI~~NL~~Bad address on the stop. Geocode off by ~3mi. Held for dispatch correction.
DN-100470,RTE-DET-20250205-002,DRV-01037,HUB-DET,2025-02-05T14:38:00,access,[02/05 14:38] RTE-DET-20250205-002 / DRV-01037 @ DET~~NL~~Dock closed early. 4 LTL stops could not unload. Rescheduling AM.
DN-100471,RTE-CIN-20251222-001,DRV-01019,HUB-CIN,2025-12-22T18:26:00,traffic,"[12/22 18:26] RTE-CIN-20251222-001 / DRV-01019 @ CIN~~NL~~I-74 closure, major backup. ETA +90m. 2 stops missed cutoff."
DN-100472,RTE-CMH-20251124-003,DRV-01028,HUB-CMH,2025-11-24T16:40:00,volume,"[11/24 16:40] RTE-CMH-20251124-003 / DRV-01028 @ CMH~~NL~~Overloaded manifest, 32 stops assigned. 3 could not be completed in service window."
DN-100473,RTE-CIN-20251229-001,DRV-01025,HUB-CIN,2025-12-29T12:10:00,address,[12/29 12:10] RTE-CIN-20251229-001 / DRV-01025 @ CIN~~NL~~Bad address on the stop. Geocode off by ~3mi. Held for dispatch correction.
DN-100474,RTE-CMH-20250130-001,DRV-01010,HUB-CMH,2025-01-30T13:48:00,address,"[01/30 13:48] RTE-CMH-20250130-001 / DRV-01010 @ CMH~~NL~~Suite # missing, 3 stops undeliverable. Contacting account for update."
DN-100475,RTE-CIN-20251205-001,DRV-01002,HUB-CIN,2025-12-05T10:32:00,weather,[12/05 10:32] RTE-CIN-20251205-001 / DRV-01002 @ CIN~~NL~~Freezing rain. Driver DRV-01002 pulled early for safety. 6 stops rolled to tomorrow.
DN-100477,RTE-CHI-20250207-004,DRV-01017,HUB-CHI,2025-02-07T11:26:00,mechanical,"[02/07 11:26] RTE-CHI-20250207-004 / DRV-01017 @ CHI~~NL~~Liftgate fault mid-route. DRV-01017 completed 61 stops manual, 4 deferred. VEH flagged for shop."
DN-100478,RTE-DET-20251104-001,DRV-01014,HUB-DET,2025-11-04T12:19:00,address,"[11/04 12:19] RTE-DET-20251104-001 / DRV-01014 @ DET~~NL~~Suite # missing, 2 stops undeliverable. Contacting account for update."
DN-100479,RTE-CIN-20251114-005,DRV-01026,HUB-CIN,2025-11-14T12:30:00,mechanical,"[11/14 12:30] RTE-CIN-20251114-005 / DRV-01026 @ CIN~~NL~~Liftgate fault mid-route. DRV-01026 completed 65 stops manual, 4 deferred. VEH flagged for shop."
DN-100480,RTE-DET-20251215-005,DRV-01014,HUB-DET,2025-12-15T08:19:00,mechanical,"[12/15 08:19] RTE-DET-20251215-005 / DRV-01014 @ DET~~NL~~Liftgate fault mid-route. DRV-01014 completed 42 stops manual, 2 deferred. VEH flagged for shop."
DN-100481,RTE-IND-20251219-001,DRV-01031,HUB-IND,2025-12-19T17:06:00,traffic,"[12/19 17:06] RTE-IND-20251219-001 / DRV-01031 @ IND~~NL~~I-71 closure, major backup. ETA +90m. 2 stops missed cutoff."
DN-100482,RTE-CIN-20250729-001,DRV-01026,HUB-CIN,2025-07-29T09:21:00,access,[07/29 09:21] RTE-CIN-20250729-001 / DRV-01026 @ CIN~~NL~~Dock closed early. 1 LTL stops could not unload. Rescheduling AM.
DN-100483,RTE-CIN-20250902-002,DRV-01026,HUB-CIN,2025-09-02T09:11:00,customer_nsf,[09/02 09:11] RTE-CIN-20250902-002 / DRV-01026 @ CIN~~NL~~Consignee refused delivery the stop. Return to hub initiated.
DN-100484,RTE-IND-20251209-001,DRV-01031,HUB-IND,2025-12-09T10:28:00,customer_nsf,[12/09 10:28] RTE-IND-20251209-001 / DRV-01031 @ IND~~NL~~Consignee refused delivery the stop. Return to hub initiated.
DN-100485,RTE-CMH-20250208-001,DRV-01030,HUB-CMH,2025-02-08T11:48:00,weather,[02/08 11:48] RTE-CMH-20250208-001 / DRV-01030 @ CMH~~NL~~Freezing rain. Driver DRV-01030 pulled early for safety. 5 stops rolled to tomorrow.
DN-100486,RTE-CMH-20250912-005,DRV-01030,HUB-CMH,2025-09-12T15:11:00,volume,"[09/12 15:11] RTE-CMH-20250912-005 / DRV-01030 @ CMH~~NL~~Peak volume, truck full. 3 pkgs bumped to overflow route."
DN-100487,RTE-CIN-20250907-001,DRV-01019,HUB-CIN,2025-09-07T17:55:00,access,[09/07 17:55] RTE-CIN-20250907-001 / DRV-01019 @ CIN~~NL~~Dock closed early. 1 LTL stops could not unload. Rescheduling AM.
DN-100488,RTE-CHI-20251203-005,DRV-01020,HUB-CHI,2025-12-03T13:39:00,weather,"[12/03 13:39] RTE-CHI-20251203-005 / DRV-01020 @ CHI~~NL~~Whiteout conditions Chicago. Held 5 pkgs at hub, road closures on the north loop. POD delayed."
DN-100489,RTE-CIN-20251107-001,DRV-01023,HUB-CIN,2025-11-07T14:39:00,access,"[11/07 14:39] RTE-CIN-20251107-001 / DRV-01023 @ CIN~~NL~~Gate locked at delivery, no answer. ATT x2. the stop left as NSF, reattempt scheduled."
DN-100490,RTE-DET-20250128-005,DRV-01014,HUB-DET,2025-01-28T16:37:00,weather,"[01/28 16:37] RTE-DET-20250128-005 / DRV-01014 @ DET~~NL~~Snow/ice on route. 50 stops ATT, 1 DEL to next day. Salt trucks late. ETA slippage all afternoon."
DN-100491,RTE-IND-20250122-001,DRV-01024,HUB-IND,2025-01-22T11:07:00,weather,"[01/22 11:07] RTE-IND-20250122-001 / DRV-01024 @ IND~~NL~~Snow/ice on route. 57 stops ATT, 1 DEL to next day. Salt trucks late. ETA slippage all afternoon."
DN-100492,RTE-CHI-20251127-002,DRV-01047,HUB-CHI,2025-11-27T13:38:00,mechanical,"[11/27 13:38] RTE-CHI-20251127-002 / DRV-01047 @ CHI~~NL~~Liftgate fault mid-route. DRV-01047 completed 25 stops manual, 2 deferred. VEH flagged for shop."
DN-100493,RTE-DET-20250102-003,DRV-01037,HUB-DET,2025-01-02T17:34:00,weather,[01/02 17:34] RTE-DET-20250102-003 / DRV-01037 @ DET~~NL~~Freezing rain. Driver DRV-01037 pulled early for safety. 4 stops rolled to tomorrow.
DN-100494,RTE-DET-20251222-003,DRV-01022,HUB-DET,2025-12-22T09:31:00,weather,"[12/22 09:31] RTE-DET-20251222-003 / DRV-01022 @ DET~~NL~~Whiteout conditions Detroit. Held 5 pkgs at hub, road closures on the north loop. POD delayed."
DN-100495,RTE-IND-20250201-001,DRV-01032,HUB-IND,2025-02-01T16:03:00,volume,"[02/01 16:03] RTE-IND-20250201-001 / DRV-01032 @ IND~~NL~~Peak volume, truck full. 5 pkgs bumped to overflow route."
DN-100496,RTE-CIN-20251201-004,DRV-01041,HUB-CIN,2025-12-01T13:35:00,weather,[12/01 13:35] RTE-CIN-20251201-004 / DRV-01041 @ CIN~~NL~~Freezing rain. Driver DRV-01041 pulled early for safety. 2 stops rolled to tomorrow.
DN-100497,RTE-DET-20250909-001,DRV-01014,HUB-DET,2025-09-09T13:45:00,address,"[09/09 13:45] RTE-DET-20250909-001 / DRV-01014 @ DET~~NL~~Suite # missing, 3 stops undeliverable. Contacting account for update."
DN-100498,RTE-DET-20250331-001,DRV-01021,HUB-DET,2025-03-31T19:48:00,address,[03/31 19:48] RTE-DET-20250331-001 / DRV-01021 @ DET~~NL~~Bad address on the stop. Geocode off by ~3mi. Held for dispatch correction.
DN-100499,RTE-CHI-20251111-001,DRV-01011,HUB-CHI,2025-11-11T11:10:00,weather,"[11/11 11:10] RTE-CHI-20251111-001 / DRV-01011 @ CHI~~NL~~Whiteout conditions Chicago. Held 5 pkgs at hub, road closures on the north loop. POD delayed."
DN-100500,RTE-CHI-20251214-001,DRV-01017,HUB-CHI,2025-12-14T15:32:00,volume,"[12/14 15:32] RTE-CHI-20251214-001 / DRV-01017 @ CHI~~NL~~Overloaded manifest, 48 stops assigned. 6 could not be completed in service window."
DN-100501,RTE-CIN-20251107-001,DRV-01023,HUB-CIN,2025-11-07T12:34:00,volume,"[11/07 12:34] RTE-CIN-20251107-001 / DRV-01023 @ CIN~~NL~~Overloaded manifest, 42 stops assigned. 3 could not be completed in service window."
DN-100502,RTE-DET-20250223-001,DRV-01022,HUB-DET,2025-02-23T13:06:00,weather,[02/23 13:06] RTE-DET-20250223-001 / DRV-01022 @ DET~~NL~~Freezing rain. Driver DRV-01022 pulled early for safety. 6 stops rolled to tomorrow.
DN-100503,RTE-DET-20251212-003,DRV-01022,HUB-DET,2025-12-12T07:28:00,weather,"[12/12 07:28] RTE-DET-20251212-003 / DRV-01022 @ DET~~NL~~Whiteout conditions Detroit. Held 1 pkgs at hub, road closures on the north loop. POD delayed."
DN-100504,RTE-CIN-20251203-004,DRV-01038,HUB-CIN,2025-12-03T08:49:00,weather,"[12/03 08:49] RTE-CIN-20251203-004 / DRV-01038 @ CIN~~NL~~Snow/ice on route. 19 stops ATT, 3 DEL to next day. Salt trucks late. ETA slippage all afternoon."
DN-100505,RTE-CIN-20250726-003,DRV-01026,HUB-CIN,2025-07-26T12:55:00,address,"[07/26 12:55] RTE-CIN-20250726-003 / DRV-01026 @ CIN~~NL~~Suite # missing, 3 stops undeliverable. Contacting account for update."
DN-100506,RTE-CIN-20251221-002,DRV-01029,HUB-CIN,2025-12-21T10:51:00,volume,"[12/21 10:51] RTE-CIN-20251221-002 / DRV-01029 @ CIN~~NL~~Overloaded manifest, 21 stops assigned. 1 could not be completed in service window."
DN-100507,RTE-CIN-20250130-001,DRV-01029,HUB-CIN,2025-01-30T15:10:00,weather,"[01/30 15:10] RTE-CIN-20250130-001 / DRV-01029 @ CIN~~NL~~Whiteout conditions Cincinnati. Held 1 pkgs at hub, road closures on the north loop. POD delayed."
DN-100508,RTE-IND-20250709-001,DRV-01045,HUB-IND,2025-07-09T15:57:00,address,[07/09 15:57] RTE-IND-20250709-001 / DRV-01045 @ IND~~NL~~Bad address on the stop. Geocode off by ~3mi. Held for dispatch correction.
DN-100509,RTE-CMH-20251117-004,DRV-01001,HUB-CMH,2025-11-17T07:17:00,volume,"[11/17 07:17] RTE-CMH-20251117-004 / DRV-01001 @ CMH~~NL~~Overloaded manifest, 27 stops assigned. 3 could not be completed in service window."
DN-100510,RTE-CIN-20251105-004,DRV-01002,HUB-CIN,2025-11-05T18:20:00,weather,"[11/05 18:20] RTE-CIN-20251105-004 / DRV-01002 @ CIN~~NL~~Snow/ice on route. 43 stops ATT, 5 DEL to next day. Salt trucks late. ETA slippage all afternoon."
DN-100511,RTE-DET-20250110-001,DRV-01021,HUB-DET,2025-01-10T17:17:00,weather,[01/10 17:17] RTE-DET-20250110-001 / DRV-01021 @ DET~~NL~~Freezing rain. Driver DRV-01021 pulled early for safety. 6 stops rolled to tomorrow.
DN-100512,RTE-CMH-20250203-002,DRV-01044,HUB-CMH,2025-02-03T19:56:00,weather,"[02/03 19:56] RTE-CMH-20250203-002 / DRV-01044 @ CMH~~NL~~Snow/ice on route. 23 stops ATT, 3 DEL to next day. Salt trucks late. ETA slippage all afternoon."
DN-100513,RTE-CMH-20250101-003,DRV-01016,HUB-CMH,2025-01-01T12:29:00,weather,"[01/01 12:29] RTE-CMH-20250101-003 / DRV-01016 @ CMH~~NL~~Whiteout conditions Columbus. Held 2 pkgs at hub, road closures on the north loop. POD delayed."
DN-100514,RTE-CIN-20250103-002,DRV-01008,HUB-CIN,2025-01-03T18:05:00,traffic,"[01/03 18:05] RTE-CIN-20250103-002 / DRV-01008 @ CIN~~NL~~Accident on route, detour added. 1 DEL slipped past commit."
DN-100515,RTE-DET-20250804-003,DRV-01014,HUB-DET,2025-08-04T08:50:00,customer_nsf,[08/04 08:50] RTE-DET-20250804-003 / DRV-01014 @ DET~~NL~~the stop NSF - business closed. ATT 1440. Reattempt next biz day.
DN-100516,RTE-IND-20251113-001,DRV-01045,HUB-IND,2025-11-13T12:53:00,mechanical,"[11/13 12:53] RTE-IND-20251113-001 / DRV-01045 @ IND~~NL~~Check-engine light, reduced power. Swapped to spare, 4 stops late."
DN-100517,RTE-CMH-20251226-002,DRV-01001,HUB-CMH,2025-12-26T14:50:00,weather,"[12/26 14:50] RTE-CMH-20251226-002 / DRV-01001 @ CMH~~NL~~Whiteout conditions Columbus. Held 4 pkgs at hub, road closures on the north loop. POD delayed."
DN-100518,RTE-DET-20250108-006,DRV-01021,HUB-DET,2025-01-08T17:50:00,weather,"[01/08 17:50] RTE-DET-20250108-006 / DRV-01021 @ DET~~NL~~Whiteout conditions Detroit. Held 4 pkgs at hub, road closures on the north loop. POD delayed."
DN-100519,RTE-DET-20251122-001,DRV-01037,HUB-DET,2025-11-22T14:29:00,traffic,"[11/22 14:29] RTE-DET-20251122-001 / DRV-01037 @ DET~~NL~~I-94 closure, major backup. ETA +90m. 1 stops missed cutoff."
DN-100520,RTE-IND-20251217-002,DRV-01032,HUB-IND,2025-12-17T09:56:00,address,"[12/17 09:56] RTE-IND-20251217-002 / DRV-01032 @ IND~~NL~~Suite # missing, 3 stops undeliverable. Contacting account for update."
DN-100521,RTE-CMH-20251206-002,DRV-01049,HUB-CMH,2025-12-06T08:41:00,traffic,"[12/06 08:41] RTE-CMH-20251206-002 / DRV-01049 @ CMH~~NL~~Accident on route, detour added. 2 DEL slipped past commit."
DN-100522,RTE-IND-20250214-001,DRV-01045,HUB-IND,2025-02-14T17:10:00,address,[02/14 17:10] RTE-IND-20250214-001 / DRV-01045 @ IND~~NL~~Bad address on the stop. Geocode off by ~3mi. Held for dispatch correction.
DN-100523,RTE-DET-20251030-004,DRV-01046,HUB-DET,2025-10-30T19:14:00,volume,"[10/30 19:14] RTE-DET-20251030-004 / DRV-01046 @ DET~~NL~~Peak volume, truck full. 2 pkgs bumped to overflow route."
DN-100524,RTE-CHI-20251202-001,DRV-01007,HUB-CHI,2025-12-02T10:30:00,weather,"[12/02 10:30] RTE-CHI-20251202-001 / DRV-01007 @ CHI~~NL~~Snow/ice on route. 52 stops ATT, 4 DEL to next day. Salt trucks late. ETA slippage all afternoon."
DN-100525,RTE-CHI-20251123-001,DRV-01017,HUB-CHI,2025-11-23T14:00:00,mechanical,"[11/23 14:00] RTE-CHI-20251123-001 / DRV-01017 @ CHI~~NL~~Liftgate fault mid-route. DRV-01017 completed 22 stops manual, 5 deferred. VEH flagged for shop."
DN-100526,RTE-CMH-20250129-001,DRV-01013,HUB-CMH,2025-01-29T13:44:00,weather,"[01/29 13:44] RTE-CMH-20250129-001 / DRV-01013 @ CMH~~NL~~Snow/ice on route. 28 stops ATT, 1 DEL to next day. Salt trucks late. ETA slippage all afternoon."
DN-100527,RTE-CHI-20250226-001,DRV-01047,HUB-CHI,2025-02-26T18:51:00,access,"[02/26 18:51] RTE-CHI-20250226-001 / DRV-01047 @ CHI~~NL~~Gate locked at delivery, no answer. ATT x2. the stop left as NSF, reattempt scheduled."
DN-100528,RTE-DET-20251218-003,DRV-01014,HUB-DET,2025-12-18T09:24:00,traffic,"[12/18 09:24] RTE-DET-20251218-003 / DRV-01014 @ DET~~NL~~I-71 closure, major backup. ETA +90m. 1 stops missed cutoff."
DN-100529,RTE-CHI-20250125-001,DRV-01017,HUB-CHI,2025-01-25T15:36:00,weather,"[01/25 15:36] RTE-CHI-20250125-001 / DRV-01017 @ CHI~~NL~~Snow/ice on route. 26 stops ATT, 4 DEL to next day. Salt trucks late. ETA slippage all afternoon."
DN-100530,RTE-DET-20251230-003,DRV-01014,HUB-DET,2025-12-30T18:13:00,mechanical,"[12/30 18:13] RTE-DET-20251230-003 / DRV-01014 @ DET~~NL~~Liftgate fault mid-route. DRV-01014 completed 27 stops manual, 3 deferred. VEH flagged for shop."
DN-100531,RTE-CIN-20251221-002,DRV-01029,HUB-CIN,2025-12-21T10:05:00,mechanical,"[12/21 10:05] RTE-CIN-20251221-002 / DRV-01029 @ CIN~~NL~~Liftgate fault mid-route. DRV-01029 completed 21 stops manual, 1 deferred. VEH flagged for shop."
DN-100532,RTE-CMH-20250320-001,DRV-01010,HUB-CMH,2025-03-20T13:22:00,address,"[03/20 13:22] RTE-CMH-20250320-001 / DRV-01010 @ CMH~~NL~~Suite # missing, 1 stops undeliverable. Contacting account for update."
DN-100533,RTE-IND-20251204-005,DRV-01031,HUB-IND,2025-12-04T17:05:00,weather,"[12/04 17:05] RTE-IND-20251204-005 / DRV-01031 @ IND~~NL~~Snow/ice on route. 57 stops ATT, 1 DEL to next day. Salt trucks late. ETA slippage all afternoon."
DN-100534,RTE-IND-20250609-004,DRV-01031,HUB-IND,2025-06-09T11:49:00,volume,"[06/09 11:49] RTE-IND-20250609-004 / DRV-01031 @ IND~~NL~~Overloaded manifest, 35 stops assigned. 3 could not be completed in service window."
DN-100535,RTE-CHI-20250106-004,DRV-01017,HUB-CHI,2025-01-06T16:32:00,weather,"[01/06 16:32] RTE-CHI-20250106-004 / DRV-01017 @ CHI~~NL~~Snow/ice on route. 36 stops ATT, 6 DEL to next day. Salt trucks late. ETA slippage all afternoon."
DN-100536,RTE-DET-20250110-001,DRV-01021,HUB-DET,2025-01-10T19:57:00,address,[01/10 19:57] RTE-DET-20250110-001 / DRV-01021 @ DET~~NL~~Bad address on the stop. Geocode off by ~3mi. Held for dispatch correction.
DN-100537,RTE-CIN-20250225-003,DRV-01023,HUB-CIN,2025-02-25T17:38:00,weather,"[02/25 17:38] RTE-CIN-20250225-003 / DRV-01023 @ CIN~~NL~~Snow/ice on route. 35 stops ATT, 6 DEL to next day. Salt trucks late. ETA slippage all afternoon."
DN-100538,RTE-CHI-20251128-003,DRV-01047,HUB-CHI,2025-11-28T12:59:00,weather,"[11/28 12:59] RTE-CHI-20251128-003 / DRV-01047 @ CHI~~NL~~Whiteout conditions Chicago. Held 3 pkgs at hub, road closures on the north loop. POD delayed."
DN-100539,RTE-DET-20250114-002,DRV-01021,HUB-DET,2025-01-14T13:23:00,volume,"[01/14 13:23] RTE-DET-20250114-002 / DRV-01021 @ DET~~NL~~Overloaded manifest, 56 stops assigned. 1 could not be completed in service window."
DN-100540,RTE-CMH-20251223-006,DRV-01028,HUB-CMH,2025-12-23T07:37:00,volume,"[12/23 07:37] RTE-CMH-20251223-006 / DRV-01028 @ CMH~~NL~~Overloaded manifest, 37 stops assigned. 3 could not be completed in service window."
DN-100541,RTE-DET-20250331-002,DRV-01004,HUB-DET,2025-03-31T07:50:00,access,[03/31 07:50] RTE-DET-20250331-002 / DRV-01004 @ DET~~NL~~Dock closed early. 2 LTL stops could not unload. Rescheduling AM.
DN-100542,RTE-IND-20250205-002,DRV-01045,HUB-IND,2025-02-05T19:26:00,address,"[02/05 19:26] RTE-IND-20250205-002 / DRV-01045 @ IND~~NL~~Suite # missing, 2 stops undeliverable. Contacting account for update."
DN-100543,RTE-CMH-20251125-001,DRV-01039,HUB-CMH,2025-11-25T15:39:00,address,[11/25 15:39] RTE-CMH-20251125-001 / DRV-01039 @ CMH~~NL~~Bad address on the stop. Geocode off by ~3mi. Held for dispatch correction.
DN-100544,RTE-IND-20250221-001,DRV-01045,HUB-IND,2025-02-21T10:51:00,weather,"[02/21 10:51] RTE-IND-20250221-001 / DRV-01045 @ IND~~NL~~Whiteout conditions Indianapolis. Held 4 pkgs at hub, road closures on the north loop. POD delayed."
DN-100545,RTE-DET-20250429-003,DRV-01014,HUB-DET,2025-04-29T17:41:00,traffic,"[04/29 17:41] RTE-DET-20250429-003 / DRV-01014 @ DET~~NL~~I-74 closure, major backup. ETA +90m. 1 stops missed cutoff."
DN-100547,RTE-IND-20251107-004,DRV-01031,HUB-IND,2025-11-07T17:47:00,weather,[11/07 17:47] RTE-IND-20251107-004 / DRV-01031 @ IND~~NL~~Freezing rain. Driver DRV-01031 pulled early for safety. 5 stops rolled to tomorrow.
DN-100548,RTE-CIN-20251210-002,DRV-01003,HUB-CIN,2025-12-10T09:44:00,weather,"[12/10 09:44] RTE-CIN-20251210-002 / DRV-01003 @ CIN~~NL~~Snow/ice on route. 59 stops ATT, 5 DEL to next day. Salt trucks late. ETA slippage all afternoon."
DN-100549,RTE-CIN-20250218-001,DRV-01027,HUB-CIN,2025-02-18T15:50:00,access,[02/18 15:50] RTE-CIN-20250218-001 / DRV-01027 @ CIN~~NL~~Dock closed early. 5 LTL stops could not unload. Rescheduling AM.
DN-100550,RTE-IND-20251117-001,DRV-01006,HUB-IND,2025-11-17T11:46:00,volume,"[11/17 11:46] RTE-IND-20251117-001 / DRV-01006 @ IND~~NL~~Overloaded manifest, 43 stops assigned. 6 could not be completed in service window."
DN-100551,RTE-CIN-20250106-001,DRV-01008,HUB-CIN,2025-01-06T15:04:00,mechanical,"[01/06 15:04] RTE-CIN-20250106-001 / DRV-01008 @ CIN~~NL~~Check-engine light, reduced power. Swapped to spare, 2 stops late."
DN-100552,RTE-CIN-20250217-004,DRV-01029,HUB-CIN,2025-02-17T14:29:00,customer_nsf,[02/17 14:29] RTE-CIN-20250217-004 / DRV-01029 @ CIN~~NL~~Consignee refused delivery the stop. Return to hub initiated.
DN-100553,RTE-CHI-20251105-002,DRV-01011,HUB-CHI,2025-11-05T12:10:00,customer_nsf,[11/05 12:10] RTE-CHI-20251105-002 / DRV-01011 @ CHI~~NL~~Consignee refused delivery the stop. Return to hub initiated.
DN-100554,RTE-DET-20250603-005,DRV-01021,HUB-DET,2025-06-03T08:14:00,address,[06/03 08:14] RTE-DET-20250603-005 / DRV-01021 @ DET~~NL~~Bad address on the stop. Geocode off by ~3mi. Held for dispatch correction.
DN-100555,RTE-CMH-20251202-003,DRV-01043,HUB-CMH,2025-12-02T07:30:00,weather,"[12/02 07:30] RTE-CMH-20251202-003 / DRV-01043 @ CMH~~NL~~Whiteout conditions Columbus. Held 3 pkgs at hub, road closures on the north loop. POD delayed."
DN-100556,RTE-CIN-20250203-003,DRV-01023,HUB-CIN,2025-02-03T07:35:00,weather,[02/03 07:35] RTE-CIN-20250203-003 / DRV-01023 @ CIN~~NL~~Freezing rain. Driver DRV-01023 pulled early for safety. 1 stops rolled to tomorrow.
DN-100557,RTE-IND-20250411-003,DRV-01033,HUB-IND,2025-04-11T10:26:00,mechanical,"[04/11 10:26] RTE-IND-20250411-003 / DRV-01033 @ IND~~NL~~Check-engine light, reduced power. Swapped to spare, 2 stops late."
DN-100558,RTE-CHI-20250210-003,DRV-01011,HUB-CHI,2025-02-10T08:32:00,customer_nsf,[02/10 08:32] RTE-CHI-20250210-003 / DRV-01011 @ CHI~~NL~~the stop NSF - business closed. ATT 1440. Reattempt next biz day.
DN-100559,RTE-CMH-20251231-001,DRV-01044,HUB-CMH,2025-12-31T07:25:00,mechanical,"[12/31 07:25] RTE-CMH-20251231-001 / DRV-01044 @ CMH~~NL~~Liftgate fault mid-route. DRV-01044 completed 50 stops manual, 2 deferred. VEH flagged for shop."
DN-100560,RTE-CIN-20251105-004,DRV-01002,HUB-CIN,2025-11-05T11:20:00,volume,"[11/05 11:20] RTE-CIN-20251105-004 / DRV-01002 @ CIN~~NL~~Overloaded manifest, 43 stops assigned. 5 could not be completed in service window."
DN-100561,RTE-IND-20250404-001,DRV-01045,HUB-IND,2025-04-04T11:36:00,customer_nsf,[04/04 11:36] RTE-IND-20250404-001 / DRV-01045 @ IND~~NL~~Consignee refused delivery the stop. Return to hub initiated.
DN-100562,RTE-IND-20250312-002,DRV-01024,HUB-IND,2025-03-12T16:31:00,customer_nsf,[03/12 16:31] RTE-IND-20250312-002 / DRV-01024 @ IND~~NL~~the stop NSF - business closed. ATT 1440. Reattempt next biz day.
DN-100563,RTE-CIN-20250209-003,DRV-01027,HUB-CIN,2025-02-09T10:09:00,volume,"[02/09 10:09] RTE-CIN-20250209-003 / DRV-01027 @ CIN~~NL~~Overloaded manifest, 61 stops assigned. 1 could not be completed in service window."
DN-100564,RTE-CIN-20251125-001,DRV-01025,HUB-CIN,2025-11-25T17:53:00,customer_nsf,[11/25 17:53] RTE-CIN-20251125-001 / DRV-01025 @ CIN~~NL~~the stop NSF - business closed. ATT 1440. Reattempt next biz day.
DN-100565,RTE-IND-20251216-001,DRV-01031,HUB-IND,2025-12-16T18:46:00,address,"[12/16 18:46] RTE-IND-20251216-001 / DRV-01031 @ IND~~NL~~Suite # missing, 2 stops undeliverable. Contacting account for update."
DN-100566,RTE-IND-20250107-001,DRV-01032,HUB-IND,2025-01-07T13:31:00,traffic,"[01/07 13:31] RTE-IND-20250107-001 / DRV-01032 @ IND~~NL~~I-71 closure, major backup. ETA +90m. 1 stops missed cutoff."
DN-100567,RTE-CMH-20251215-001,DRV-01010,HUB-CMH,2025-12-15T10:57:00,weather,[12/15 10:57] RTE-CMH-20251215-001 / DRV-01010 @ CMH~~NL~~Freezing rain. Driver DRV-01010 pulled early for safety. 1 stops rolled to tomorrow.
DN-100568,RTE-CMH-20251124-003,DRV-01028,HUB-CMH,2025-11-24T18:05:00,access,"[11/24 18:05] RTE-CMH-20251124-003 / DRV-01028 @ CMH~~NL~~Gate locked at delivery, no answer. ATT x2. the stop left as NSF, reattempt scheduled."
DN-100569,RTE-CHI-20250205-001,DRV-01047,HUB-CHI,2025-02-05T08:37:00,volume,"[02/05 08:37] RTE-CHI-20250205-001 / DRV-01047 @ CHI~~NL~~Overloaded manifest, 63 stops assigned. 2 could not be completed in service window."
DN-100570,RTE-IND-20251127-002,DRV-01031,HUB-IND,2025-11-27T11:16:00,weather,"[11/27 11:16] RTE-IND-20251127-002 / DRV-01031 @ IND~~NL~~Whiteout conditions Indianapolis. Held 1 pkgs at hub, road closures on the north loop. POD delayed."
DN-100571,RTE-CMH-20251124-003,DRV-01028,HUB-CMH,2025-11-24T12:28:00,address,"[11/24 12:28] RTE-CMH-20251124-003 / DRV-01028 @ CMH~~NL~~Suite # missing, 3 stops undeliverable. Contacting account for update."
DN-100572,RTE-CMH-20250213-001,DRV-01018,HUB-CMH,2025-02-13T19:49:00,weather,[02/13 19:49] RTE-CMH-20250213-001 / DRV-01018 @ CMH~~NL~~Freezing rain. Driver DRV-01018 pulled early for safety. 6 stops rolled to tomorrow.
DN-100573,RTE-IND-20250422-001,DRV-01032,HUB-IND,2025-04-22T14:20:00,access,[04/22 14:20] RTE-IND-20250422-001 / DRV-01032 @ IND~~NL~~Dock closed early. 1 LTL stops could not unload. Rescheduling AM.
DN-100574,RTE-DET-20251225-002,DRV-01021,HUB-DET,2025-12-25T10:28:00,traffic,"[12/25 10:28] RTE-DET-20251225-002 / DRV-01021 @ DET~~NL~~I-65 closure, major backup. ETA +90m. 3 stops missed cutoff."
DN-100575,RTE-CHI-20250204-001,DRV-01035,HUB-CHI,2025-02-04T18:44:00,address,[02/04 18:44] RTE-CHI-20250204-001 / DRV-01035 @ CHI~~NL~~Bad address on the stop. Geocode off by ~3mi. Held for dispatch correction.
DN-100576,RTE-DET-20251216-002,DRV-01021,HUB-DET,2025-12-16T08:45:00,access,"[12/16 08:45] RTE-DET-20251216-002 / DRV-01021 @ DET~~NL~~Gate locked at delivery, no answer. ATT x2. the stop left as NSF, reattempt scheduled."
DN-100577,RTE-CMH-20251111-001,DRV-01043,HUB-CMH,2025-11-11T11:16:00,weather,"[11/11 11:16] RTE-CMH-20251111-001 / DRV-01043 @ CMH~~NL~~Snow/ice on route. 33 stops ATT, 5 DEL to next day. Salt trucks late. ETA slippage all afternoon."
DN-100578,RTE-CIN-20251202-001,DRV-01008,HUB-CIN,2025-12-02T15:47:00,traffic,"[12/02 15:47] RTE-CIN-20251202-001 / DRV-01008 @ CIN~~NL~~I-65 closure, major backup. ETA +90m. 4 stops missed cutoff."
DN-100579,RTE-CHI-20251107-003,DRV-01005,HUB-CHI,2025-11-07T09:07:00,volume,"[11/07 09:07] RTE-CHI-20251107-003 / DRV-01005 @ CHI~~NL~~Overloaded manifest, 36 stops assigned. 1 could not be completed in service window."
DN-100580,RTE-IND-20250930-002,DRV-01033,HUB-IND,2025-09-30T09:12:00,traffic,"[09/30 09:12] RTE-IND-20250930-002 / DRV-01033 @ IND~~NL~~Accident on route, detour added. 1 DEL slipped past commit."
DN-100581,RTE-CIN-20250115-002,DRV-01008,HUB-CIN,2025-01-15T08:37:00,traffic,"[01/15 08:37] RTE-CIN-20250115-002 / DRV-01008 @ CIN~~NL~~Accident on route, detour added. 2 DEL slipped past commit."
DN-100582,RTE-IND-20251217-001,DRV-01033,HUB-IND,2025-12-17T17:28:00,weather,"[12/17 17:28] RTE-IND-20251217-001 / DRV-01033 @ IND~~NL~~Snow/ice on route. 65 stops ATT, 6 DEL to next day. Salt trucks late. ETA slippage all afternoon."
DN-100583,RTE-CMH-20250109-003,DRV-01049,HUB-CMH,2025-01-09T12:07:00,volume,"[01/09 12:07] RTE-CMH-20250109-003 / DRV-01049 @ CMH~~NL~~Overloaded manifest, 62 stops assigned. 4 could not be completed in service window."
DN-100584,RTE-CHI-20251224-001,DRV-01005,HUB-CHI,2025-12-24T13:52:00,traffic,"[12/24 13:52] RTE-CHI-20251224-001 / DRV-01005 @ CHI~~NL~~Accident on route, detour added. 2 DEL slipped past commit."
DN-100585,RTE-DET-20250102-003,DRV-01037,HUB-DET,2025-01-02T12:13:00,mechanical,"[01/02 12:13] RTE-DET-20250102-003 / DRV-01037 @ DET~~NL~~Liftgate fault mid-route. DRV-01037 completed 21 stops manual, 4 deferred. VEH flagged for shop."
DN-100586,RTE-CMH-20251215-001,DRV-01010,HUB-CMH,2025-12-15T07:39:00,traffic,"[12/15 07:39] RTE-CMH-20251215-001 / DRV-01010 @ CMH~~NL~~I-71 closure, major backup. ETA +90m. 1 stops missed cutoff."
DN-100587,RTE-IND-20250310-002,DRV-01188,HUB-IND,2025-03-10T15:30:00,customer_nsf,[03/10 15:30] RTE-IND-20250310-002 / DRV-01188 @ IND~~NL~~the stop NSF - business closed. ATT 1440. Reattempt next biz day.
DN-100588,RTE-CMH-20251215-001,DRV-01010,HUB-CMH,2025-12-15T10:41:00,weather,[12/15 10:41] RTE-CMH-20251215-001 / DRV-01010 @ CMH~~NL~~Freezing rain. Driver DRV-01010 pulled early for safety. 1 stops rolled to tomorrow.
DN-100589,RTE-DET-20250702-002,DRV-01022,HUB-DET,2025-07-02T19:01:00,volume,"[07/02 19:01] RTE-DET-20250702-002 / DRV-01022 @ DET~~NL~~Peak volume, truck full. 2 pkgs bumped to overflow route."
DN-100590,RTE-DET-20250226-003,DRV-01037,HUB-DET,2025-02-26T14:22:00,customer_nsf,[02/26 14:22] RTE-DET-20250226-003 / DRV-01037 @ DET~~NL~~Consignee refused delivery the stop. Return to hub initiated.
DN-100591,RTE-DET-20251125-001,DRV-01046,HUB-DET,2025-11-25T16:14:00,weather,"[11/25 16:14] RTE-DET-20251125-001 / DRV-01046 @ DET~~NL~~Snow/ice on route. 58 stops ATT, 6 DEL to next day. Salt trucks late. ETA slippage all afternoon."
DN-100592,RTE-CHI-20251107-001,DRV-01048,HUB-CHI,2025-11-07T15:22:00,traffic,"[11/07 15:22] RTE-CHI-20251107-001 / DRV-01048 @ CHI~~NL~~I-70 closure, major backup. ETA +90m. 5 stops missed cutoff."
DN-100593,RTE-DET-20251002-001,DRV-01046,HUB-DET,2025-10-02T11:34:00,address,[10/02 11:34] RTE-DET-20251002-001 / DRV-01046 @ DET~~NL~~Bad address on the stop. Geocode off by ~3mi. Held for dispatch correction.
DN-100594,RTE-CIN-20251027-003,DRV-01002,HUB-CIN,2025-10-27T13:22:00,traffic,"[10/27 13:22] RTE-CIN-20251027-003 / DRV-01002 @ CIN~~NL~~I-70 closure, major backup. ETA +90m. 1 stops missed cutoff."
DN-100595,RTE-CIN-20251209-001,DRV-01019,HUB-CIN,2025-12-09T18:44:00,access,[12/09 18:44] RTE-CIN-20251209-001 / DRV-01019 @ CIN~~NL~~Dock closed early. 5 LTL stops could not unload. Rescheduling AM.
DN-100596,RTE-IND-20251209-001,DRV-01031,HUB-IND,2025-12-09T16:36:00,address,[12/09 16:36] RTE-IND-20251209-001 / DRV-01031 @ IND~~NL~~Bad address on the stop. Geocode off by ~3mi. Held for dispatch correction.
DN-100597,RTE-DET-20250223-003,DRV-01021,HUB-DET,2025-02-23T19:56:00,volume,"[02/23 19:56] RTE-DET-20250223-003 / DRV-01021 @ DET~~NL~~Peak volume, truck full. 4 pkgs bumped to overflow route."
DN-100598,RTE-CMH-20250110-002,DRV-01016,HUB-CMH,2025-01-10T08:03:00,mechanical,"[01/10 08:03] RTE-CMH-20250110-002 / DRV-01016 @ CMH~~NL~~Liftgate fault mid-route. DRV-01016 completed 36 stops manual, 3 deferred. VEH flagged for shop."
DN-100599,RTE-CHI-20251218-001,DRV-01048,HUB-CHI,2025-12-18T07:21:00,customer_nsf,[12/18 07:21] RTE-CHI-20251218-001 / DRV-01048 @ CHI~~NL~~the stop NSF - business closed. ATT 1440. Reattempt next biz day.
DN-900001,RTE-IND-20250814-300,DRV-01188,HUB-IND,2025-08-14T16:20:00,volume,"[08/14 16:20] RTE-IND-20250814-300 / DRV-01188 @ IND~~NL~~Heavy manifest, 11 stops not completed in window. Driver requested overflow help, none available. Flag for review."
DN-900002,RTE-IND-20250821-301,DRV-01188,HUB-IND,2025-08-21T07:05:00,mechanical,"[08/21 07:05] RTE-IND-20250821-301 / DRV-01188 @ IND~~NL~~Driver called in AM: van would not start, reported mechanical. 12 stops reassigned. Driver states he notified the hub and waited for a callback."
DN-900003,RTE-IND-20250904-302,DRV-01188,HUB-IND,2025-09-04T15:45:00,customer_nsf,"[09/04 15:45] RTE-IND-20250904-302 / DRV-01188 @ IND~~NL~~Multiple NSF, 9 stops incomplete. Pattern of short routes over the last month."
DN-100600,RTE-CIN-20230101-001,DRV-01025,HUB-CIN,2023-01-01T19:20:00,mechanical,"[01/01 19:20] RTE-CIN-20230101-001 / DRV-01025 @ CIN~~NL~~Check-engine light, reduced power. Swapped to spare, 3 stops late."
DN-100601,RTE-CHI-20230102-001,DRV-01048,HUB-CHI,2023-01-02T13:07:00,volume,"[01/02 13:07] RTE-CHI-20230102-001 / DRV-01048 @ CHI~~NL~~Overloaded manifest, 27 stops assigned. 6 could not be completed in service window."
DN-100602,RTE-CIN-20230102-005,DRV-01034,HUB-CIN,2023-01-02T19:18:00,traffic,"[01/02 19:18] RTE-CIN-20230102-005 / DRV-01034 @ CIN~~NL~~I-71 closure, major backup. ETA +71m. 3 stops missed cutoff."
DN-100603,RTE-IND-20230102-001,DRV-01031,HUB-IND,2023-01-02T10:47:00,customer_nsf,[01/02 10:47] RTE-IND-20230102-001 / DRV-01031 @ IND~~NL~~the stop NSF - business closed. ATT 1440. Reattempt next biz day.
DN-100604,RTE-DET-20230104-003,DRV-01046,HUB-DET,2023-01-04T20:45:00,access,[01/04 20:45] RTE-DET-20230104-003 / DRV-01046 @ DET~~NL~~Dock closed early. 5 LTL stops could not unload. Rescheduling AM.
DN-100605,RTE-CMH-20230107-001,DRV-01010,HUB-CMH,2023-01-07T13:55:00,volume,"[01/07 13:55] RTE-CMH-20230107-001 / DRV-01010 @ CMH~~NL~~Overloaded manifest, 40 stops assigned. 5 could not be completed in service window."
DN-100606,RTE-DET-20230109-001,DRV-01037,HUB-DET,2023-01-09T16:57:00,access,"[01/09 16:57] RTE-DET-20230109-001 / DRV-01037 @ DET~~NL~~Gate locked at delivery, no answer. ATT x2. the stop left as NSF, reattempt scheduled."
DN-100607,RTE-DET-20230109-003,DRV-01014,HUB-DET,2023-01-09T15:29:00,traffic,"[01/09 15:29] RTE-DET-20230109-003 / DRV-01014 @ DET~~NL~~I-94 closure, major backup. ETA +94m. 2 stops missed cutoff."
DN-100608,RTE-CIN-20230111-001,DRV-01008,HUB-CIN,2023-01-11T15:36:00,customer_nsf,[01/11 15:36] RTE-CIN-20230111-001 / DRV-01008 @ CIN~~NL~~the stop NSF - business closed. ATT 1440. Reattempt next biz day.
DN-100609,RTE-CIN-20230112-003,DRV-01019,HUB-CIN,2023-01-12T09:16:00,traffic,"[01/12 09:16] RTE-CIN-20230112-003 / DRV-01019 @ CIN~~NL~~Accident on route, detour added. 6 DEL slipped past commit."
DN-100610,RTE-DET-20230112-003,DRV-01014,HUB-DET,2023-01-12T11:57:00,weather,"[01/12 11:57] RTE-DET-20230112-003 / DRV-01014 @ DET~~NL~~Snow/ice on route. 22 stops ATT, 2 DEL to next day. Salt trucks late. ETA slippage all afternoon."
DN-100611,RTE-IND-20230112-003,DRV-01024,HUB-IND,2023-01-12T13:16:00,customer_nsf,[01/12 13:16] RTE-IND-20230112-003 / DRV-01024 @ IND~~NL~~Consignee refused delivery the stop. Return to hub initiated.
DN-100612,RTE-CIN-20230113-005,DRV-01025,HUB-CIN,2023-01-13T11:49:00,weather,[01/13 11:49] RTE-CIN-20230113-005 / DRV-01025 @ CIN~~NL~~Freezing rain. Driver DRV-01025 pulled early for safety. 4 stops rolled to tomorrow.
DN-100613,RTE-DET-20230113-001,DRV-01046,HUB-DET,2023-01-13T14:26:00,access,[01/13 14:26] RTE-DET-20230113-001 / DRV-01046 @ DET~~NL~~Dock closed early. 4 LTL stops could not unload. Rescheduling AM.
DN-100614,RTE-DET-20230116-003,DRV-01046,HUB-DET,2023-01-16T20:50:00,address,"[01/16 20:50] RTE-DET-20230116-003 / DRV-01046 @ DET~~NL~~Suite # missing, 3 stops undeliverable. Contacting account for update."
DN-100615,RTE-CIN-20230117-003,DRV-01034,HUB-CIN,2023-01-17T08:27:00,address,"[01/17 08:27] RTE-CIN-20230117-003 / DRV-01034 @ CIN~~NL~~Suite # missing, 5 stops undeliverable. Contacting account for update."
DN-100616,RTE-DET-20230117-001,DRV-01021,HUB-DET,2023-01-17T11:23:00,weather,[01/17 11:23] RTE-DET-20230117-001 / DRV-01021 @ DET~~NL~~Freezing rain. Driver DRV-01021 pulled early for safety. 6 stops rolled to tomorrow.
DN-100617,RTE-DET-20230118-003,DRV-01021,HUB-DET,2023-01-18T16:06:00,access,[01/18 16:06] RTE-DET-20230118-003 / DRV-01021 @ DET~~NL~~Dock closed early. 6 LTL stops could not unload. Rescheduling AM.
DN-100618,RTE-IND-20230118-001,DRV-01042,HUB-IND,2023-01-18T11:06:00,traffic,"[01/18 11:06] RTE-IND-20230118-001 / DRV-01042 @ IND~~NL~~Accident on route, detour added. 4 DEL slipped past commit."
DN-100619,RTE-IND-20230118-003,DRV-01032,HUB-IND,2023-01-18T13:45:00,address,"[01/18 13:45] RTE-IND-20230118-003 / DRV-01032 @ IND~~NL~~Suite # missing, 2 stops undeliverable. Contacting account for update."
DN-100620,RTE-CIN-20230119-003,DRV-01027,HUB-CIN,2023-01-19T07:36:00,traffic,"[01/19 07:36] RTE-CIN-20230119-003 / DRV-01027 @ CIN~~NL~~I-74 closure, major backup. ETA +74m. 3 stops missed cutoff."
DN-100621,RTE-IND-20230119-001,DRV-01045,HUB-IND,2023-01-19T11:30:00,access,"[01/19 11:30] RTE-IND-20230119-001 / DRV-01045 @ IND~~NL~~Gate locked at delivery, no answer. ATT x2. the stop left as NSF, reattempt scheduled."
DN-100622,RTE-IND-20230120-001,DRV-01045,HUB-IND,2023-01-20T14:05:00,volume,"[01/20 14:05] RTE-IND-20230120-001 / DRV-01045 @ IND~~NL~~Peak volume, truck full. 4 pkgs bumped to overflow route."
DN-100623,RTE-CMH-20230125-002,DRV-01044,HUB-CMH,2023-01-25T16:22:00,volume,"[01/25 16:22] RTE-CMH-20230125-002 / DRV-01044 @ CMH~~NL~~Overloaded manifest, 26 stops assigned. 1 could not be completed in service window."
DN-100624,RTE-DET-20230126-001,DRV-01046,HUB-DET,2023-01-26T20:09:00,access,"[01/26 20:09] RTE-DET-20230126-001 / DRV-01046 @ DET~~NL~~Gate locked at delivery, no answer. ATT x2. the stop left as NSF, reattempt scheduled."
DN-100625,RTE-IND-20230127-001,DRV-01031,HUB-IND,2023-01-27T14:44:00,address,"[01/27 14:44] RTE-IND-20230127-001 / DRV-01031 @ IND~~NL~~Suite # missing, 3 stops undeliverable. Contacting account for update."
DN-100626,RTE-CIN-20230130-002,DRV-01025,HUB-CIN,2023-01-30T16:06:00,weather,"[01/30 16:06] RTE-CIN-20230130-002 / DRV-01025 @ CIN~~NL~~Snow/ice on route. 39 stops ATT, 4 DEL to next day. Salt trucks late. ETA slippage all afternoon."
DN-100627,RTE-IND-20230130-003,DRV-01188,HUB-IND,2023-01-30T13:10:00,access,[01/30 13:10] RTE-IND-20230130-003 / DRV-01188 @ IND~~NL~~Dock closed early. 2 LTL stops could not unload. Rescheduling AM.
DN-100628,RTE-IND-20230130-004,DRV-01042,HUB-IND,2023-01-30T09:13:00,mechanical,"[01/30 09:13] RTE-IND-20230130-004 / DRV-01042 @ IND~~NL~~Liftgate fault mid-route. DRV-01042 completed 24 stops manual, 6 deferred. VEH flagged for shop."
DN-100629,RTE-IND-20230201-001,DRV-01031,HUB-IND,2023-02-01T19:32:00,weather,"[02/01 19:32] RTE-IND-20230201-001 / DRV-01031 @ IND~~NL~~Snow/ice on route. 38 stops ATT, 2 DEL to next day. Salt trucks late. ETA slippage all afternoon."
DN-100630,RTE-CHI-20230203-001,DRV-01047,HUB-CHI,2023-02-03T19:50:00,weather,[02/03 19:50] RTE-CHI-20230203-001 / DRV-01047 @ CHI~~NL~~Freezing rain. Driver DRV-01047 pulled early for safety. 2 stops rolled to tomorrow.
DN-100631,RTE-CIN-20230203-001,DRV-01019,HUB-CIN,2023-02-03T06:36:00,weather,[02/03 06:36] RTE-CIN-20230203-001 / DRV-01019 @ CIN~~NL~~Freezing rain. Driver DRV-01019 pulled early for safety. 6 stops rolled to tomorrow.
DN-100632,RTE-CHI-20230205-001,DRV-01035,HUB-CHI,2023-02-05T16:36:00,mechanical,"[02/05 16:36] RTE-CHI-20230205-001 / DRV-01035 @ CHI~~NL~~Liftgate fault mid-route. DRV-01035 completed 28 stops manual, 6 deferred. VEH flagged for shop."
DN-100633,RTE-CIN-20230208-004,DRV-01019,HUB-CIN,2023-02-08T14:49:00,customer_nsf,[02/08 14:49] RTE-CIN-20230208-004 / DRV-01019 @ CIN~~NL~~the stop NSF - business closed. ATT 1440. Reattempt next biz day.
DN-100634,RTE-DET-20230209-003,DRV-01037,HUB-DET,2023-02-09T10:43:00,weather,[02/09 10:43] RTE-DET-20230209-003 / DRV-01037 @ DET~~NL~~Freezing rain. Driver DRV-01037 pulled early for safety. 4 stops rolled to tomorrow.
DN-100635,RTE-IND-20230209-001,DRV-01031,HUB-IND,2023-02-09T14:11:00,address,"[02/09 14:11] RTE-IND-20230209-001 / DRV-01031 @ IND~~NL~~Suite # missing, 1 stops undeliverable. Contacting account for update."
DN-100636,RTE-IND-20230210-003,DRV-01033,HUB-IND,2023-02-10T11:30:00,traffic,"[02/10 11:30] RTE-IND-20230210-003 / DRV-01033 @ IND~~NL~~I-70 closure, major backup. ETA +70m. 3 stops missed cutoff."
DN-100637,RTE-IND-20230213-004,DRV-01032,HUB-IND,2023-02-13T07:01:00,weather,"[02/13 07:01] RTE-IND-20230213-004 / DRV-01032 @ IND~~NL~~Snow/ice on route. 62 stops ATT, 4 DEL to next day. Salt trucks late. ETA slippage all afternoon."
DN-100638,RTE-CHI-20230214-003,DRV-01007,HUB-CHI,2023-02-14T18:56:00,traffic,"[02/14 18:56] RTE-CHI-20230214-003 / DRV-01007 @ CHI~~NL~~I-90 closure, major backup. ETA +90m. 1 stops missed cutoff."
DN-100639,RTE-CHI-20230214-007,DRV-01047,HUB-CHI,2023-02-14T13:28:00,weather,"[02/14 13:28] RTE-CHI-20230214-007 / DRV-01047 @ CHI~~NL~~Snow/ice on route. 28 stops ATT, 6 DEL to next day. Salt trucks late. ETA slippage all afternoon."
DN-100640,RTE-IND-20230215-001,DRV-01024,HUB-IND,2023-02-15T13:22:00,access,[02/15 13:22] RTE-IND-20230215-001 / DRV-01024 @ IND~~NL~~Dock closed early. 1 LTL stops could not unload. Rescheduling AM.
DN-100641,RTE-CHI-20230216-003,DRV-01035,HUB-CHI,2023-02-16T18:01:00,weather,[02/16 18:01] RTE-CHI-20230216-003 / DRV-01035 @ CHI~~NL~~Freezing rain. Driver DRV-01035 pulled early for safety. 3 stops rolled to tomorrow.
DN-100642,RTE-CMH-20230216-001,DRV-01028,HUB-CMH,2023-02-16T13:24:00,mechanical,"[02/16 13:24] RTE-CMH-20230216-001 / DRV-01028 @ CMH~~NL~~Check-engine light, reduced power. Swapped to spare, 2 stops late."
DN-100643,RTE-CHI-20230217-003,DRV-01047,HUB-CHI,2023-02-17T11:48:00,volume,"[02/17 11:48] RTE-CHI-20230217-003 / DRV-01047 @ CHI~~NL~~Overloaded manifest, 36 stops assigned. 6 could not be completed in service window."
DN-100644,RTE-DET-20230217-001,DRV-01037,HUB-DET,2023-02-17T20:43:00,customer_nsf,[02/17 20:43] RTE-DET-20230217-001 / DRV-01037 @ DET~~NL~~the stop NSF - business closed. ATT 1440. Reattempt next biz day.
DN-100645,RTE-DET-20230217-004,DRV-01022,HUB-DET,2023-02-17T15:43:00,weather,[02/17 15:43] RTE-DET-20230217-004 / DRV-01022 @ DET~~NL~~Freezing rain. Driver DRV-01022 pulled early for safety. 4 stops rolled to tomorrow.
DN-100646,RTE-IND-20230219-001,DRV-01032,HUB-IND,2023-02-19T19:05:00,mechanical,"[02/19 19:05] RTE-IND-20230219-001 / DRV-01032 @ IND~~NL~~Liftgate fault mid-route. DRV-01032 completed 34 stops manual, 2 deferred. VEH flagged for shop."
DN-100647,RTE-CMH-20230221-001,DRV-01189,HUB-CMH,2023-02-21T06:18:00,weather,"[02/21 06:18] RTE-CMH-20230221-001 / DRV-01189 @ CMH~~NL~~Snow/ice on route. 63 stops ATT, 5 DEL to next day. Salt trucks late. ETA slippage all afternoon."
DN-100648,RTE-CHI-20230222-001,DRV-01035,HUB-CHI,2023-02-22T15:15:00,weather,[02/22 15:15] RTE-CHI-20230222-001 / DRV-01035 @ CHI~~NL~~Freezing rain. Driver DRV-01035 pulled early for safety. 2 stops rolled to tomorrow.
DN-100649,RTE-DET-20230223-001,DRV-01021,HUB-DET,2023-02-23T13:06:00,customer_nsf,[02/23 13:06] RTE-DET-20230223-001 / DRV-01021 @ DET~~NL~~the stop NSF - business closed. ATT 1440. Reattempt next biz day.
DN-100650,RTE-CHI-20230224-001,DRV-01017,HUB-CHI,2023-02-24T19:42:00,weather,[02/24 19:42] RTE-CHI-20230224-001 / DRV-01017 @ CHI~~NL~~Freezing rain. Driver DRV-01017 pulled early for safety. 4 stops rolled to tomorrow.
DN-100651,RTE-CIN-20230224-003,DRV-01019,HUB-CIN,2023-02-24T15:51:00,mechanical,"[02/24 15:51] RTE-CIN-20230224-003 / DRV-01019 @ CIN~~NL~~Liftgate fault mid-route. DRV-01019 completed 55 stops manual, 2 deferred. VEH flagged for shop."
DN-100652,RTE-CIN-20230224-004,DRV-01008,HUB-CIN,2023-02-24T18:31:00,address,[02/24 18:31] RTE-CIN-20230224-004 / DRV-01008 @ CIN~~NL~~Bad address on SHP-202302-000091. Geocode off by ~3mi. Held for dispatch correction.
DN-100653,RTE-CHI-20230227-004,DRV-01048,HUB-CHI,2023-02-27T11:21:00,volume,"[02/27 11:21] RTE-CHI-20230227-004 / DRV-01048 @ CHI~~NL~~Overloaded manifest, 32 stops assigned. 2 could not be completed in service window."
DN-100654,RTE-DET-20230302-003,DRV-01021,HUB-DET,2023-03-02T11:01:00,weather,[03/02 11:01] RTE-DET-20230302-003 / DRV-01021 @ DET~~NL~~Freezing rain. Driver DRV-01021 pulled early for safety. 6 stops rolled to tomorrow.
DN-100655,RTE-IND-20230302-001,DRV-01045,HUB-IND,2023-03-02T09:47:00,traffic,"[03/02 09:47] RTE-IND-20230302-001 / DRV-01045 @ IND~~NL~~I-90 closure, major backup. ETA +90m. 3 stops missed cutoff."
DN-100656,RTE-IND-20230302-002,DRV-01045,HUB-IND,2023-03-02T16:58:00,volume,"[03/02 16:58] RTE-IND-20230302-002 / DRV-01045 @ IND~~NL~~Overloaded manifest, 44 stops assigned. 5 could not be completed in service window."
DN-100657,RTE-CIN-20230304-001,DRV-01034,HUB-CIN,2023-03-04T12:11:00,weather,[03/04 12:11] RTE-CIN-20230304-001 / DRV-01034 @ CIN~~NL~~Freezing rain. Driver DRV-01034 pulled early for safety. 6 stops rolled to tomorrow.
DN-100658,RTE-CHI-20230306-002,DRV-01005,HUB-CHI,2023-03-06T17:22:00,address,"[03/06 17:22] RTE-CHI-20230306-002 / DRV-01005 @ CHI~~NL~~Suite # missing, 1 stops undeliverable. Contacting account for update."
DN-100659,RTE-CMH-20230306-002,DRV-01028,HUB-CMH,2023-03-06T11:38:00,customer_nsf,[03/06 11:38] RTE-CMH-20230306-002 / DRV-01028 @ CMH~~NL~~Consignee refused delivery the stop. Return to hub initiated.
DN-100660,RTE-CHI-20230307-001,DRV-01035,HUB-CHI,2023-03-07T17:59:00,access,"[03/07 17:59] RTE-CHI-20230307-001 / DRV-01035 @ CHI~~NL~~Gate locked at delivery, no answer. ATT x2. the stop left as NSF, reattempt scheduled."
DN-100661,RTE-CIN-20230307-001,DRV-01034,HUB-CIN,2023-03-07T19:00:00,access,"[03/07 19:00] RTE-CIN-20230307-001 / DRV-01034 @ CIN~~NL~~Gate locked at delivery, no answer. ATT x2. the stop left as NSF, reattempt scheduled."
DN-100662,RTE-CMH-20230307-001,DRV-01039,HUB-CMH,2023-03-07T11:58:00,traffic,"[03/07 11:58] RTE-CMH-20230307-001 / DRV-01039 @ CMH~~NL~~Accident on route, detour added. 5 DEL slipped past commit."
DN-100663,RTE-CHI-20230308-003,DRV-01017,HUB-CHI,2023-03-08T20:27:00,mechanical,"[03/08 20:27] RTE-CHI-20230308-003 / DRV-01017 @ CHI~~NL~~Check-engine light, reduced power. Swapped to spare, 3 stops late."
DN-100664,RTE-CHI-20230309-001,DRV-01035,HUB-CHI,2023-03-09T07:55:00,traffic,"[03/09 07:55] RTE-CHI-20230309-001 / DRV-01035 @ CHI~~NL~~I-74 closure, major backup. ETA +74m. 4 stops missed cutoff."
DN-100665,RTE-DET-20230310-001,DRV-01021,HUB-DET,2023-03-10T18:11:00,address,[03/10 18:11] RTE-DET-20230310-001 / DRV-01021 @ DET~~NL~~Bad address on the stop. Geocode off by ~3mi. Held for dispatch correction.
DN-100666,RTE-DET-20230311-001,DRV-01037,HUB-DET,2023-03-11T09:53:00,volume,"[03/11 09:53] RTE-DET-20230311-001 / DRV-01037 @ DET~~NL~~Overloaded manifest, 51 stops assigned. 3 could not be completed in service window."
DN-100667,RTE-IND-20230312-001,DRV-01042,HUB-IND,2023-03-12T15:23:00,customer_nsf,[03/12 15:23] RTE-IND-20230312-001 / DRV-01042 @ IND~~NL~~the stop NSF - business closed. ATT 1440. Reattempt next biz day.
DN-100668,RTE-DET-20230313-001,DRV-01046,HUB-DET,2023-03-13T18:24:00,customer_nsf,[03/13 18:24] RTE-DET-20230313-001 / DRV-01046 @ DET~~NL~~the stop NSF - business closed. ATT 1440. Reattempt next biz day.
DN-100669,RTE-IND-20230313-002,DRV-01031,HUB-IND,2023-03-13T07:25:00,weather,"[03/13 07:25] RTE-IND-20230313-002 / DRV-01031 @ IND~~NL~~Snow/ice on route. 20 stops ATT, 2 DEL to next day. Salt trucks late. ETA slippage all afternoon."
DN-100670,RTE-CHI-20230314-001,DRV-01017,HUB-CHI,2023-03-14T06:40:00,access,[03/14 06:40] RTE-CHI-20230314-001 / DRV-01017 @ CHI~~NL~~Dock closed early. 3 LTL stops could not unload. Rescheduling AM.
DN-100671,RTE-DET-20230314-001,DRV-01014,HUB-DET,2023-03-14T15:01:00,volume,"[03/14 15:01] RTE-DET-20230314-001 / DRV-01014 @ DET~~NL~~Peak volume, truck full. 1 pkgs bumped to overflow route."
DN-100672,RTE-CHI-20230316-002,DRV-01048,HUB-CHI,2023-03-16T18:13:00,access,"[03/16 18:13] RTE-CHI-20230316-002 / DRV-01048 @ CHI~~NL~~Gate locked at delivery, no answer. ATT x2. the stop left as NSF, reattempt scheduled."
DN-100673,RTE-CIN-20230316-002,DRV-01041,HUB-CIN,2023-03-16T15:09:00,address,"[03/16 15:09] RTE-CIN-20230316-002 / DRV-01041 @ CIN~~NL~~Suite # missing, 1 stops undeliverable. Contacting account for update."
DN-100674,RTE-DET-20230316-003,DRV-01014,HUB-DET,2023-03-16T19:01:00,traffic,"[03/16 19:01] RTE-DET-20230316-003 / DRV-01014 @ DET~~NL~~I-65 closure, major backup. ETA +65m. 5 stops missed cutoff."
DN-100675,RTE-CHI-20230317-003,DRV-01012,HUB-CHI,2023-03-17T06:47:00,customer_nsf,[03/17 06:47] RTE-CHI-20230317-003 / DRV-01012 @ CHI~~NL~~the stop NSF - business closed. ATT 1440. Reattempt next biz day.
DN-100676,RTE-DET-20230320-002,DRV-01021,HUB-DET,2023-03-20T10:58:00,weather,[03/20 10:58] RTE-DET-20230320-002 / DRV-01021 @ DET~~NL~~Freezing rain. Driver DRV-01021 pulled early for safety. 1 stops rolled to tomorrow.
DN-100677,RTE-IND-20230320-001,DRV-01045,HUB-IND,2023-03-20T08:22:00,weather,[03/20 08:22] RTE-IND-20230320-001 / DRV-01045 @ IND~~NL~~Freezing rain. Driver DRV-01045 pulled early for safety. 3 stops rolled to tomorrow.
DN-100678,RTE-CMH-20230323-003,DRV-01043,HUB-CMH,2023-03-23T10:20:00,address,[03/23 10:20] RTE-CMH-20230323-003 / DRV-01043 @ CMH~~NL~~Bad address on the stop. Geocode off by ~3mi. Held for dispatch correction.
DN-100679,RTE-CHI-20230324-001,DRV-01005,HUB-CHI,2023-03-24T08:08:00,customer_nsf,[03/24 08:08] RTE-CHI-20230324-001 / DRV-01005 @ CHI~~NL~~the stop NSF - business closed. ATT 1440. Reattempt next biz day.
DN-100680,RTE-CHI-20230324-006,DRV-01005,HUB-CHI,2023-03-24T13:59:00,mechanical,"[03/24 13:59] RTE-CHI-20230324-006 / DRV-01005 @ CHI~~NL~~Check-engine light, reduced power. Swapped to spare, 1 stops late."
DN-100681,RTE-CIN-20230324-003,DRV-01002,HUB-CIN,2023-03-24T12:12:00,weather,[03/24 12:12] RTE-CIN-20230324-003 / DRV-01002 @ CIN~~NL~~Freezing rain. Driver DRV-01002 pulled early for safety. 6 stops rolled to tomorrow.
DN-100682,RTE-CIN-20230325-003,DRV-01025,HUB-CIN,2023-03-25T08:19:00,address,"[03/25 08:19] RTE-CIN-20230325-003 / DRV-01025 @ CIN~~NL~~Suite # missing, 2 stops undeliverable. Contacting account for update."
DN-100683,RTE-IND-20230325-001,DRV-01042,HUB-IND,2023-03-25T20:47:00,address,[03/25 20:47] RTE-IND-20230325-001 / DRV-01042 @ IND~~NL~~Bad address on the stop. Geocode off by ~3mi. Held for dispatch correction.
DN-100684,RTE-DET-20230327-003,DRV-01021,HUB-DET,2023-03-27T15:16:00,traffic,"[03/27 15:16] RTE-DET-20230327-003 / DRV-01021 @ DET~~NL~~Accident on route, detour added. 6 DEL slipped past commit."
DN-100685,RTE-CIN-20230331-002,DRV-01002,HUB-CIN,2023-03-31T12:14:00,traffic,"[03/31 12:14] RTE-CIN-20230331-002 / DRV-01002 @ CIN~~NL~~Accident on route, detour added. 4 DEL slipped past commit."
DN-100686,RTE-DET-20230402-001,DRV-01037,HUB-DET,2023-04-02T08:42:00,volume,"[04/02 08:42] RTE-DET-20230402-001 / DRV-01037 @ DET~~NL~~Overloaded manifest, 35 stops assigned. 5 could not be completed in service window."
DN-100687,RTE-CIN-20230404-003,DRV-01019,HUB-CIN,2023-04-04T20:11:00,volume,"[04/04 20:11] RTE-CIN-20230404-003 / DRV-01019 @ CIN~~NL~~Overloaded manifest, 52 stops assigned. 4 could not be completed in service window."
DN-100688,RTE-DET-20230404-001,DRV-01014,HUB-DET,2023-04-04T10:11:00,weather,"[04/04 10:11] RTE-DET-20230404-001 / DRV-01014 @ DET~~NL~~Snow/ice on route. 24 stops ATT, 1 DEL to next day. Salt trucks late. ETA slippage all afternoon."
DN-100689,RTE-DET-20230405-001,DRV-01046,HUB-DET,2023-04-05T09:41:00,weather,[04/05 09:41] RTE-DET-20230405-001 / DRV-01046 @ DET~~NL~~Freezing rain. Driver DRV-01046 pulled early for safety. 4 stops rolled to tomorrow.
DN-100690,RTE-IND-20230405-001,DRV-01188,HUB-IND,2023-04-05T07:58:00,weather,[04/05 07:58] RTE-IND-20230405-001 / DRV-01188 @ IND~~NL~~Freezing rain. Driver DRV-01188 pulled early for safety. 2 stops rolled to tomorrow.
DN-100691,RTE-IND-20230405-003,DRV-01188,HUB-IND,2023-04-05T14:12:00,weather,[04/05 14:12] RTE-IND-20230405-003 / DRV-01188 @ IND~~NL~~Freezing rain. Driver DRV-01188 pulled early for safety. 1 stops rolled to tomorrow.
DN-100692,RTE-CMH-20230406-002,DRV-01028,HUB-CMH,2023-04-06T11:27:00,weather,[04/06 11:27] RTE-CMH-20230406-002 / DRV-01028 @ CMH~~NL~~Freezing rain. Driver DRV-01028 pulled early for safety. 5 stops rolled to tomorrow.
DN-100693,RTE-DET-20230406-001,DRV-01022,HUB-DET,2023-04-06T10:13:00,traffic,"[04/06 10:13] RTE-DET-20230406-001 / DRV-01022 @ DET~~NL~~Accident on route, detour added. 6 DEL slipped past commit."
DN-100694,RTE-CHI-20230410-001,DRV-01048,HUB-CHI,2023-04-10T20:07:00,traffic,"[04/10 20:07] RTE-CHI-20230410-001 / DRV-01048 @ CHI~~NL~~I-70 closure, major backup. ETA +70m. 2 stops missed cutoff."
DN-100695,RTE-CHI-20230411-001,DRV-01035,HUB-CHI,2023-04-11T10:11:00,volume,"[04/11 10:11] RTE-CHI-20230411-001 / DRV-01035 @ CHI~~NL~~Overloaded manifest, 43 stops assigned. 5 could not be completed in service window."
DN-100696,RTE-CIN-20230411-002,DRV-01027,HUB-CIN,2023-04-11T12:32:00,access,[04/11 12:32] RTE-CIN-20230411-002 / DRV-01027 @ CIN~~NL~~Dock closed early. 4 LTL stops could not unload. Rescheduling AM.
DN-100697,RTE-DET-20230412-003,DRV-01046,HUB-DET,2023-04-12T15:34:00,weather,[04/12 15:34] RTE-DET-20230412-003 / DRV-01046 @ DET~~NL~~Freezing rain. Driver DRV-01046 pulled early for safety. 6 stops rolled to tomorrow.
DN-100698,RTE-DET-20230414-001,DRV-01037,HUB-DET,2023-04-14T12:50:00,volume,"[04/14 12:50] RTE-DET-20230414-001 / DRV-01037 @ DET~~NL~~Overloaded manifest, 27 stops assigned. 1 could not be completed in service window."
DN-100699,RTE-IND-20230414-002,DRV-01033,HUB-IND,2023-04-14T18:34:00,mechanical,"[04/14 18:34] RTE-IND-20230414-002 / DRV-01033 @ IND~~NL~~Liftgate fault mid-route. DRV-01033 completed 56 stops manual, 6 deferred. VEH flagged for shop."
DN-100700,RTE-IND-20230415-001,DRV-01045,HUB-IND,2023-04-15T20:37:00,address,"[04/15 20:37] RTE-IND-20230415-001 / DRV-01045 @ IND~~NL~~Suite # missing, 1 stops undeliverable. Contacting account for update."
DN-100701,RTE-DET-20230418-004,DRV-01021,HUB-DET,2023-04-18T09:53:00,mechanical,"[04/18 09:53] RTE-DET-20230418-004 / DRV-01021 @ DET~~NL~~Liftgate fault mid-route. DRV-01021 completed 21 stops manual, 2 deferred. VEH flagged for shop."
DN-100702,RTE-DET-20230419-001,DRV-01021,HUB-DET,2023-04-19T16:41:00,volume,"[04/19 16:41] RTE-DET-20230419-001 / DRV-01021 @ DET~~NL~~Peak volume, truck full. 6 pkgs bumped to overflow route."
DN-100703,RTE-DET-20230419-002,DRV-01022,HUB-DET,2023-04-19T13:11:00,traffic,"[04/19 13:11] RTE-DET-20230419-002 / DRV-01022 @ DET~~NL~~I-74 closure, major backup. ETA +74m. 3 stops missed cutoff."
DN-100704,RTE-IND-20230419-001,DRV-01031,HUB-IND,2023-04-19T16:58:00,customer_nsf,[04/19 16:58] RTE-IND-20230419-001 / DRV-01031 @ IND~~NL~~the stop NSF - business closed. ATT 1440. Reattempt next biz day.
DN-100705,RTE-CHI-20230423-001,DRV-01047,HUB-CHI,2023-04-23T09:27:00,weather,[04/23 09:27] RTE-CHI-20230423-001 / DRV-01047 @ CHI~~NL~~Freezing rain. Driver DRV-01047 pulled early for safety. 5 stops rolled to tomorrow.
DN-100706,RTE-IND-20230423-001,DRV-01042,HUB-IND,2023-04-23T16:35:00,address,"[04/23 16:35] RTE-IND-20230423-001 / DRV-01042 @ IND~~NL~~Suite # missing, 5 stops undeliverable. Contacting account for update."
DN-100707,RTE-CIN-20230425-002,DRV-01019,HUB-CIN,2023-04-25T11:02:00,access,[04/25 11:02] RTE-CIN-20230425-002 / DRV-01019 @ CIN~~NL~~Dock closed early. 3 LTL stops could not unload. Rescheduling AM.
DN-100708,RTE-CMH-20230425-001,DRV-01189,HUB-CMH,2023-04-25T18:12:00,address,"[04/25 18:12] RTE-CMH-20230425-001 / DRV-01189 @ CMH~~NL~~Suite # missing, 6 stops undeliverable. Contacting account for update."
DN-100709,RTE-IND-20230425-003,DRV-01033,HUB-IND,2023-04-25T14:21:00,weather,[04/25 14:21] RTE-IND-20230425-003 / DRV-01033 @ IND~~NL~~Freezing rain. Driver DRV-01033 pulled early for safety. 1 stops rolled to tomorrow.
DN-100710,RTE-CHI-20230426-001,DRV-01048,HUB-CHI,2023-04-26T16:11:00,volume,"[04/26 16:11] RTE-CHI-20230426-001 / DRV-01048 @ CHI~~NL~~Overloaded manifest, 21 stops assigned. 6 could not be completed in service window."
DN-100711,RTE-CMH-20230427-002,DRV-01009,HUB-CMH,2023-04-27T20:01:00,traffic,"[04/27 20:01] RTE-CMH-20230427-002 / DRV-01009 @ CMH~~NL~~Accident on route, detour added. 6 DEL slipped past commit."
DN-100712,RTE-CMH-20230427-003,DRV-01016,HUB-CMH,2023-04-27T19:53:00,weather,"[04/27 19:53] RTE-CMH-20230427-003 / DRV-01016 @ CMH~~NL~~Snow/ice on route. 40 stops ATT, 3 DEL to next day. Salt trucks late. ETA slippage all afternoon."
DN-100713,RTE-DET-20230427-001,DRV-01014,HUB-DET,2023-04-27T12:48:00,mechanical,"[04/27 12:48] RTE-DET-20230427-001 / DRV-01014 @ DET~~NL~~Check-engine light, reduced power. Swapped to spare, 1 stops late."
DN-100714,RTE-CIN-20230428-004,DRV-01041,HUB-CIN,2023-04-28T11:30:00,weather,[04/28 11:30] RTE-CIN-20230428-004 / DRV-01041 @ CIN~~NL~~Freezing rain. Driver DRV-01041 pulled early for safety. 4 stops rolled to tomorrow.
DN-100715,RTE-CHI-20230429-002,DRV-01047,HUB-CHI,2023-04-29T20:11:00,customer_nsf,[04/29 20:11] RTE-CHI-20230429-002 / DRV-01047 @ CHI~~NL~~Consignee refused delivery the stop. Return to hub initiated.
DN-100716,RTE-DET-20230430-001,DRV-01014,HUB-DET,2023-04-30T10:44:00,address,[04/30 10:44] RTE-DET-20230430-001 / DRV-01014 @ DET~~NL~~Bad address on SHP-202304-000045. Geocode off by ~3mi. Held for dispatch correction.
DN-100717,RTE-IND-20230504-001,DRV-01033,HUB-IND,2023-05-04T09:17:00,mechanical,"[05/04 09:17] RTE-IND-20230504-001 / DRV-01033 @ IND~~NL~~Check-engine light, reduced power. Swapped to spare, 1 stops late."
DN-100718,RTE-CIN-20230505-002,DRV-01034,HUB-CIN,2023-05-05T16:27:00,access,"[05/05 16:27] RTE-CIN-20230505-002 / DRV-01034 @ CIN~~NL~~Gate locked at delivery, no answer. ATT x2. the stop left as NSF, reattempt scheduled."
DN-100719,RTE-DET-20230505-001,DRV-01021,HUB-DET,2023-05-05T11:06:00,traffic,"[05/05 11:06] RTE-DET-20230505-001 / DRV-01021 @ DET~~NL~~Accident on route, detour added. 3 DEL slipped past commit."
DN-100720,RTE-CMH-20230506-001,DRV-01010,HUB-CMH,2023-05-06T12:11:00,access,[05/06 12:11] RTE-CMH-20230506-001 / DRV-01010 @ CMH~~NL~~Dock closed early. 6 LTL stops could not unload. Rescheduling AM.
DN-100721,RTE-CHI-20230508-002,DRV-01012,HUB-CHI,2023-05-08T17:42:00,customer_nsf,[05/08 17:42] RTE-CHI-20230508-002 / DRV-01012 @ CHI~~NL~~the stop NSF - business closed. ATT 1440. Reattempt next biz day.
DN-100722,RTE-DET-20230511-001,DRV-01037,HUB-DET,2023-05-11T20:32:00,address,[05/11 20:32] RTE-DET-20230511-001 / DRV-01037 @ DET~~NL~~Bad address on the stop. Geocode off by ~3mi. Held for dispatch correction.
DN-100723,RTE-IND-20230511-002,DRV-01042,HUB-IND,2023-05-11T14:17:00,volume,"[05/11 14:17] RTE-IND-20230511-002 / DRV-01042 @ IND~~NL~~Peak volume, truck full. 1 pkgs bumped to overflow route."
DN-100724,RTE-CHI-20230513-002,DRV-01035,HUB-CHI,2023-05-13T19:50:00,access,[05/13 19:50] RTE-CHI-20230513-002 / DRV-01035 @ CHI~~NL~~Dock closed early. 4 LTL stops could not unload. Rescheduling AM.
DN-100725,RTE-CIN-20230514-001,DRV-01019,HUB-CIN,2023-05-14T09:26:00,volume,"[05/14 09:26] RTE-CIN-20230514-001 / DRV-01019 @ CIN~~NL~~Peak volume, truck full. 4 pkgs bumped to overflow route."
DN-100726,RTE-CMH-20230514-001,DRV-01015,HUB-CMH,2023-05-14T08:12:00,mechanical,"[05/14 08:12] RTE-CMH-20230514-001 / DRV-01015 @ CMH~~NL~~Check-engine light, reduced power. Swapped to spare, 5 stops late."
DN-100727,RTE-CMH-20230514-002,DRV-01043,HUB-CMH,2023-05-14T18:21:00,volume,"[05/14 18:21] RTE-CMH-20230514-002 / DRV-01043 @ CMH~~NL~~Peak volume, truck full. 5 pkgs bumped to overflow route."
DN-100728,RTE-IND-20230514-001,DRV-01042,HUB-IND,2023-05-14T07:06:00,traffic,"[05/14 07:06] RTE-IND-20230514-001 / DRV-01042 @ IND~~NL~~I-74 closure, major backup. ETA +74m. 6 stops missed cutoff."
DN-100729,RTE-CIN-20230516-002,DRV-01034,HUB-CIN,2023-05-16T15:15:00,access,[05/16 15:15] RTE-CIN-20230516-002 / DRV-01034 @ CIN~~NL~~Dock closed early. 1 LTL stops could not unload. Rescheduling AM.
DN-100730,RTE-CHI-20230518-002,DRV-01012,HUB-CHI,2023-05-18T14:08:00,access,[05/18 14:08] RTE-CHI-20230518-002 / DRV-01012 @ CHI~~NL~~Dock closed early. 1 LTL stops could not unload. Rescheduling AM.
DN-100731,RTE-DET-20230518-003,DRV-01046,HUB-DET,2023-05-18T19:13:00,customer_nsf,[05/18 19:13] RTE-DET-20230518-003 / DRV-01046 @ DET~~NL~~the stop NSF - business closed. ATT 1440. Reattempt next biz day.
DN-100732,RTE-CIN-20230522-003,DRV-01002,HUB-CIN,2023-05-22T18:33:00,weather,[05/22 18:33] RTE-CIN-20230522-003 / DRV-01002 @ CIN~~NL~~Freezing rain. Driver DRV-01002 pulled early for safety. 2 stops rolled to tomorrow.
DN-100733,RTE-CMH-20230522-001,DRV-01044,HUB-CMH,2023-05-22T18:53:00,access,[05/22 18:53] RTE-CMH-20230522-001 / DRV-01044 @ CMH~~NL~~Dock closed early. 4 LTL stops could not unload. Rescheduling AM.
DN-100734,RTE-CIN-20230523-001,DRV-01034,HUB-CIN,2023-05-23T11:21:00,traffic,"[05/23 11:21] RTE-CIN-20230523-001 / DRV-01034 @ CIN~~NL~~I-65 closure, major backup. ETA +65m. 4 stops missed cutoff."
DN-100735,RTE-CMH-20230524-001,DRV-01044,HUB-CMH,2023-05-24T20:48:00,weather,[05/24 20:48] RTE-CMH-20230524-001 / DRV-01044 @ CMH~~NL~~Freezing rain. Driver DRV-01044 pulled early for safety. 2 stops rolled to tomorrow.
DN-100736,RTE-DET-20230526-003,DRV-01037,HUB-DET,2023-05-26T10:54:00,traffic,"[05/26 10:54] RTE-DET-20230526-003 / DRV-01037 @ DET~~NL~~Accident on route, detour added. 1 DEL slipped past commit."
DN-100737,RTE-CHI-20230529-001,DRV-01012,HUB-CHI,2023-05-29T19:00:00,access,[05/29 19:00] RTE-CHI-20230529-001 / DRV-01012 @ CHI~~NL~~Dock closed early. 1 LTL stops could not unload. Rescheduling AM.
DN-100738,RTE-CMH-20230529-001,DRV-01189,HUB-CMH,2023-05-29T17:27:00,weather,"[05/29 17:27] RTE-CMH-20230529-001 / DRV-01189 @ CMH~~NL~~Snow/ice on route. 36 stops ATT, 5 DEL to next day. Salt trucks late. ETA slippage all afternoon."
DN-100739,RTE-CHI-20230601-003,DRV-01048,HUB-CHI,2023-06-01T17:56:00,address,"[06/01 17:56] RTE-CHI-20230601-003 / DRV-01048 @ CHI~~NL~~Suite # missing, 2 stops undeliverable. Contacting account for update."
DN-100740,RTE-CMH-20230602-001,DRV-01043,HUB-CMH,2023-06-02T12:52:00,traffic,"[06/02 12:52] RTE-CMH-20230602-001 / DRV-01043 @ CMH~~NL~~Accident on route, detour added. 4 DEL slipped past commit."
DN-100741,RTE-IND-20230602-002,DRV-01033,HUB-IND,2023-06-02T10:31:00,mechanical,"[06/02 10:31] RTE-IND-20230602-002 / DRV-01033 @ IND~~NL~~Check-engine light, reduced power. Swapped to spare, 1 stops late."
DN-100742,RTE-CIN-20230605-001,DRV-01027,HUB-CIN,2023-06-05T08:09:00,weather,"[06/05 08:09] RTE-CIN-20230605-001 / DRV-01027 @ CIN~~NL~~Snow/ice on route. 30 stops ATT, 6 DEL to next day. Salt trucks late. ETA slippage all afternoon."
DN-100743,RTE-DET-20230606-001,DRV-01014,HUB-DET,2023-06-06T12:09:00,traffic,"[06/06 12:09] RTE-DET-20230606-001 / DRV-01014 @ DET~~NL~~I-74 closure, major backup. ETA +74m. 4 stops missed cutoff."
DN-100744,RTE-DET-20230606-002,DRV-01022,HUB-DET,2023-06-06T09:28:00,access,[06/06 09:28] RTE-DET-20230606-002 / DRV-01022 @ DET~~NL~~Dock closed early. 3 LTL stops could not unload. Rescheduling AM.
DN-100745,RTE-CMH-20230609-001,DRV-01016,HUB-CMH,2023-06-09T06:36:00,traffic,"[06/09 06:36] RTE-CMH-20230609-001 / DRV-01016 @ CMH~~NL~~Accident on route, detour added. 5 DEL slipped past commit."
DN-100746,RTE-CIN-20230613-004,DRV-01002,HUB-CIN,2023-06-13T17:20:00,mechanical,"[06/13 17:20] RTE-CIN-20230613-004 / DRV-01002 @ CIN~~NL~~Check-engine light, reduced power. Swapped to spare, 5 stops late."
DN-100747,RTE-DET-20230615-002,DRV-01022,HUB-DET,2023-06-15T12:56:00,weather,[06/15 12:56] RTE-DET-20230615-002 / DRV-01022 @ DET~~NL~~Freezing rain. Driver DRV-01022 pulled early for safety. 6 stops rolled to tomorrow.
DN-100748,RTE-CIN-20230616-002,DRV-01019,HUB-CIN,2023-06-16T08:35:00,access,"[06/16 08:35] RTE-CIN-20230616-002 / DRV-01019 @ CIN~~NL~~Gate locked at delivery, no answer. ATT x2. the stop left as NSF, reattempt scheduled."
DN-100749,RTE-CMH-20230618-001,DRV-01016,HUB-CMH,2023-06-18T18:44:00,mechanical,"[06/18 18:44] RTE-CMH-20230618-001 / DRV-01016 @ CMH~~NL~~Check-engine light, reduced power. Swapped to spare, 2 stops late."
DN-100750,RTE-CHI-20230619-004,DRV-01005,HUB-CHI,2023-06-19T06:41:00,traffic,"[06/19 06:41] RTE-CHI-20230619-004 / DRV-01005 @ CHI~~NL~~I-71 closure, major backup. ETA +71m. 5 stops missed cutoff."
DN-100751,RTE-IND-20230619-003,DRV-01045,HUB-IND,2023-06-19T08:50:00,access,[06/19 08:50] RTE-IND-20230619-003 / DRV-01045 @ IND~~NL~~Dock closed early. 6 LTL stops could not unload. Rescheduling AM.
DN-100752,RTE-CIN-20230621-002,DRV-01034,HUB-CIN,2023-06-21T11:41:00,traffic,"[06/21 11:41] RTE-CIN-20230621-002 / DRV-01034 @ CIN~~NL~~I-90 closure, major backup. ETA +90m. 5 stops missed cutoff."
DN-100753,RTE-CHI-20230622-001,DRV-01007,HUB-CHI,2023-06-22T17:17:00,volume,"[06/22 17:17] RTE-CHI-20230622-001 / DRV-01007 @ CHI~~NL~~Peak volume, truck full. 6 pkgs bumped to overflow route."
DN-100754,RTE-CMH-20230622-001,DRV-01009,HUB-CMH,2023-06-22T19:30:00,weather,"[06/22 19:30] RTE-CMH-20230622-001 / DRV-01009 @ CMH~~NL~~Snow/ice on route. 29 stops ATT, 6 DEL to next day. Salt trucks late. ETA slippage all afternoon."
DN-100755,RTE-DET-20230625-001,DRV-01037,HUB-DET,2023-06-25T15:19:00,customer_nsf,[06/25 15:19] RTE-DET-20230625-001 / DRV-01037 @ DET~~NL~~Consignee refused delivery the stop. Return to hub initiated.
DN-100756,RTE-DET-20230626-002,DRV-01037,HUB-DET,2023-06-26T15:00:00,access,[06/26 15:00] RTE-DET-20230626-002 / DRV-01037 @ DET~~NL~~Dock closed early. 6 LTL stops could not unload. Rescheduling AM.
DN-100757,RTE-DET-20230627-001,DRV-01014,HUB-DET,2023-06-27T12:45:00,traffic,"[06/27 12:45] RTE-DET-20230627-001 / DRV-01014 @ DET~~NL~~Accident on route, detour added. 2 DEL slipped past commit."
DN-100758,RTE-IND-20230627-004,DRV-01033,HUB-IND,2023-06-27T06:28:00,weather,[06/27 06:28] RTE-IND-20230627-004 / DRV-01033 @ IND~~NL~~Freezing rain. Driver DRV-01033 pulled early for safety. 3 stops rolled to tomorrow.
DN-100759,RTE-CMH-20230628-001,DRV-01044,HUB-CMH,2023-06-28T14:39:00,traffic,"[06/28 14:39] RTE-CMH-20230628-001 / DRV-01044 @ CMH~~NL~~Accident on route, detour added. 3 DEL slipped past commit."
DN-100760,RTE-CHI-20230630-002,DRV-01035,HUB-CHI,2023-06-30T10:45:00,weather,"[06/30 10:45] RTE-CHI-20230630-002 / DRV-01035 @ CHI~~NL~~Snow/ice on route. 21 stops ATT, 3 DEL to next day. Salt trucks late. ETA slippage all afternoon."
DN-100761,RTE-CIN-20230630-001,DRV-01002,HUB-CIN,2023-06-30T16:07:00,weather,"[06/30 16:07] RTE-CIN-20230630-001 / DRV-01002 @ CIN~~NL~~Snow/ice on route. 59 stops ATT, 4 DEL to next day. Salt trucks late. ETA slippage all afternoon."
DN-100762,RTE-IND-20230630-002,DRV-01032,HUB-IND,2023-06-30T20:04:00,customer_nsf,[06/30 20:04] RTE-IND-20230630-002 / DRV-01032 @ IND~~NL~~Consignee refused delivery the stop. Return to hub initiated.
DN-100763,RTE-CMH-20230703-001,DRV-01016,HUB-CMH,2023-07-03T19:43:00,address,"[07/03 19:43] RTE-CMH-20230703-001 / DRV-01016 @ CMH~~NL~~Suite # missing, 1 stops undeliverable. Contacting account for update."
DN-100764,RTE-CHI-20230705-001,DRV-01035,HUB-CHI,2023-07-05T09:53:00,weather,"[07/05 09:53] RTE-CHI-20230705-001 / DRV-01035 @ CHI~~NL~~Snow/ice on route. 63 stops ATT, 1 DEL to next day. Salt trucks late. ETA slippage all afternoon."
DN-100765,RTE-CHI-20230705-002,DRV-01047,HUB-CHI,2023-07-05T06:18:00,mechanical,"[07/05 06:18] RTE-CHI-20230705-002 / DRV-01047 @ CHI~~NL~~Liftgate fault mid-route. DRV-01047 completed 59 stops manual, 2 deferred. VEH flagged for shop."
DN-100766,RTE-CIN-20230705-003,DRV-01002,HUB-CIN,2023-07-05T08:59:00,mechanical,"[07/05 08:59] RTE-CIN-20230705-003 / DRV-01002 @ CIN~~NL~~Liftgate fault mid-route. DRV-01002 completed 63 stops manual, 6 deferred. VEH flagged for shop."
DN-100767,RTE-CHI-20230706-002,DRV-01017,HUB-CHI,2023-07-06T15:32:00,weather,"[07/06 15:32] RTE-CHI-20230706-002 / DRV-01017 @ CHI~~NL~~Snow/ice on route. 28 stops ATT, 1 DEL to next day. Salt trucks late. ETA slippage all afternoon."
DN-100768,RTE-CHI-20230707-001,DRV-01005,HUB-CHI,2023-07-07T19:43:00,customer_nsf,[07/07 19:43] RTE-CHI-20230707-001 / DRV-01005 @ CHI~~NL~~Consignee refused delivery the stop. Return to hub initiated.
DN-100769,RTE-CHI-20230707-002,DRV-01007,HUB-CHI,2023-07-07T13:36:00,address,"[07/07 13:36] RTE-CHI-20230707-002 / DRV-01007 @ CHI~~NL~~Suite # missing, 5 stops undeliverable. Contacting account for update."
DN-100770,RTE-DET-20230707-003,DRV-01022,HUB-DET,2023-07-07T10:21:00,address,"[07/07 10:21] RTE-DET-20230707-003 / DRV-01022 @ DET~~NL~~Suite # missing, 5 stops undeliverable. Contacting account for update."
DN-100771,RTE-IND-20230707-003,DRV-01188,HUB-IND,2023-07-07T10:12:00,weather,[07/07 10:12] RTE-IND-20230707-003 / DRV-01188 @ IND~~NL~~Freezing rain. Driver DRV-01188 pulled early for safety. 2 stops rolled to tomorrow.
DN-100772,RTE-CIN-20230710-001,DRV-01025,HUB-CIN,2023-07-10T13:26:00,volume,"[07/10 13:26] RTE-CIN-20230710-001 / DRV-01025 @ CIN~~NL~~Overloaded manifest, 48 stops assigned. 1 could not be completed in service window."
DN-100773,RTE-CMH-20230710-001,DRV-01015,HUB-CMH,2023-07-10T18:17:00,mechanical,"[07/10 18:17] RTE-CMH-20230710-001 / DRV-01015 @ CMH~~NL~~Liftgate fault mid-route. DRV-01015 completed 47 stops manual, 5 deferred. VEH flagged for shop."
DN-100774,RTE-IND-20230710-002,DRV-01042,HUB-IND,2023-07-10T20:51:00,access,"[07/10 20:51] RTE-IND-20230710-002 / DRV-01042 @ IND~~NL~~Gate locked at delivery, no answer. ATT x2. the stop left as NSF, reattempt scheduled."
DN-100775,RTE-CIN-20230711-003,DRV-01008,HUB-CIN,2023-07-11T06:59:00,traffic,"[07/11 06:59] RTE-CIN-20230711-003 / DRV-01008 @ CIN~~NL~~I-90 closure, major backup. ETA +90m. 5 stops missed cutoff."
DN-100776,RTE-DET-20230711-003,DRV-01021,HUB-DET,2023-07-11T18:53:00,mechanical,"[07/11 18:53] RTE-DET-20230711-003 / DRV-01021 @ DET~~NL~~Check-engine light, reduced power. Swapped to spare, 1 stops late."
DN-100777,RTE-IND-20230712-002,DRV-01024,HUB-IND,2023-07-12T17:59:00,weather,[07/12 17:59] RTE-IND-20230712-002 / DRV-01024 @ IND~~NL~~Freezing rain. Driver DRV-01024 pulled early for safety. 6 stops rolled to tomorrow.
DN-100778,RTE-CMH-20230713-002,DRV-01028,HUB-CMH,2023-07-13T18:29:00,weather,[07/13 18:29] RTE-CMH-20230713-002 / DRV-01028 @ CMH~~NL~~Freezing rain. Driver DRV-01028 pulled early for safety. 1 stops rolled to tomorrow.
DN-100779,RTE-IND-20230713-001,DRV-01031,HUB-IND,2023-07-13T13:07:00,weather,[07/13 13:07] RTE-IND-20230713-001 / DRV-01031 @ IND~~NL~~Freezing rain. Driver DRV-01031 pulled early for safety. 3 stops rolled to tomorrow.
DN-100780,RTE-CIN-20230714-005,DRV-01027,HUB-CIN,2023-07-14T13:13:00,weather,[07/14 13:13] RTE-CIN-20230714-005 / DRV-01027 @ CIN~~NL~~Freezing rain. Driver DRV-01027 pulled early for safety. 1 stops rolled to tomorrow.
DN-100781,RTE-DET-20230715-001,DRV-01021,HUB-DET,2023-07-15T07:45:00,weather,"[07/15 07:45] RTE-DET-20230715-001 / DRV-01021 @ DET~~NL~~Snow/ice on route. 28 stops ATT, 5 DEL to next day. Salt trucks late. ETA slippage all afternoon."
DN-100782,RTE-CHI-20230718-004,DRV-01005,HUB-CHI,2023-07-18T11:28:00,volume,"[07/18 11:28] RTE-CHI-20230718-004 / DRV-01005 @ CHI~~NL~~Overloaded manifest, 57 stops assigned. 4 could not be completed in service window."
DN-100783,RTE-CIN-20230719-001,DRV-01034,HUB-CIN,2023-07-19T16:09:00,volume,"[07/19 16:09] RTE-CIN-20230719-001 / DRV-01034 @ CIN~~NL~~Peak volume, truck full. 6 pkgs bumped to overflow route."
DN-100784,RTE-CMH-20230719-002,DRV-01028,HUB-CMH,2023-07-19T17:53:00,access,"[07/19 17:53] RTE-CMH-20230719-002 / DRV-01028 @ CMH~~NL~~Gate locked at delivery, no answer. ATT x2. the stop left as NSF, reattempt scheduled."
DN-100785,RTE-CMH-20230719-003,DRV-01044,HUB-CMH,2023-07-19T06:34:00,customer_nsf,[07/19 06:34] RTE-CMH-20230719-003 / DRV-01044 @ CMH~~NL~~Consignee refused delivery the stop. Return to hub initiated.
DN-100786,RTE-IND-20230721-003,DRV-01033,HUB-IND,2023-07-21T19:45:00,weather,[07/21 19:45] RTE-IND-20230721-003 / DRV-01033 @ IND~~NL~~Freezing rain. Driver DRV-01033 pulled early for safety. 3 stops rolled to tomorrow.
DN-100787,RTE-DET-20230722-001,DRV-01037,HUB-DET,2023-07-22T12:29:00,weather,[07/22 12:29] RTE-DET-20230722-001 / DRV-01037 @ DET~~NL~~Freezing rain. Driver DRV-01037 pulled early for safety. 5 stops rolled to tomorrow.
DN-100788,RTE-CMH-20230724-003,DRV-01043,HUB-CMH,2023-07-24T07:31:00,access,[07/24 07:31] RTE-CMH-20230724-003 / DRV-01043 @ CMH~~NL~~Dock closed early. 5 LTL stops could not unload. Rescheduling AM.
DN-100789,RTE-CIN-20230725-003,DRV-01034,HUB-CIN,2023-07-25T14:57:00,weather,[07/25 14:57] RTE-CIN-20230725-003 / DRV-01034 @ CIN~~NL~~Freezing rain. Driver DRV-01034 pulled early for safety. 4 stops rolled to tomorrow.
DN-100790,RTE-IND-20230726-001,DRV-01031,HUB-IND,2023-07-26T14:22:00,customer_nsf,[07/26 14:22] RTE-IND-20230726-001 / DRV-01031 @ IND~~NL~~the stop NSF - business closed. ATT 1440. Reattempt next biz day.
DN-100791,RTE-IND-20230728-004,DRV-01032,HUB-IND,2023-07-28T15:56:00,volume,"[07/28 15:56] RTE-IND-20230728-004 / DRV-01032 @ IND~~NL~~Overloaded manifest, 44 stops assigned. 5 could not be completed in service window."
DN-100792,RTE-CHI-20230731-002,DRV-01007,HUB-CHI,2023-07-31T13:36:00,volume,"[07/31 13:36] RTE-CHI-20230731-002 / DRV-01007 @ CHI~~NL~~Overloaded manifest, 23 stops assigned. 1 could not be completed in service window."
DN-100793,RTE-CIN-20230731-001,DRV-01008,HUB-CIN,2023-07-31T20:51:00,access,[07/31 20:51] RTE-CIN-20230731-001 / DRV-01008 @ CIN~~NL~~Dock closed early. 1 LTL stops could not unload. Rescheduling AM.
DN-100794,RTE-CHI-20230801-001,DRV-01047,HUB-CHI,2023-08-01T17:23:00,volume,"[08/01 17:23] RTE-CHI-20230801-001 / DRV-01047 @ CHI~~NL~~Overloaded manifest, 41 stops assigned. 3 could not be completed in service window."
DN-100795,RTE-CMH-20230802-001,DRV-01010,HUB-CMH,2023-08-02T14:32:00,weather,"[08/02 14:32] RTE-CMH-20230802-001 / DRV-01010 @ CMH~~NL~~Snow/ice on route. 47 stops ATT, 1 DEL to next day. Salt trucks late. ETA slippage all afternoon."
DN-100796,RTE-CHI-20230804-002,DRV-01012,HUB-CHI,2023-08-04T19:45:00,mechanical,"[08/04 19:45] RTE-CHI-20230804-002 / DRV-01012 @ CHI~~NL~~Liftgate fault mid-route. DRV-01012 completed 43 stops manual, 6 deferred. VEH flagged for shop."
DN-100797,RTE-CIN-20230804-005,DRV-01027,HUB-CIN,2023-08-04T20:08:00,customer_nsf,[08/04 20:08] RTE-CIN-20230804-005 / DRV-01027 @ CIN~~NL~~the stop NSF - business closed. ATT 1440. Reattempt next biz day.
DN-100798,RTE-CMH-20230804-005,DRV-01001,HUB-CMH,2023-08-04T09:42:00,customer_nsf,[08/04 09:42] RTE-CMH-20230804-005 / DRV-01001 @ CMH~~NL~~the stop NSF - business closed. ATT 1440. Reattempt next biz day.
DN-100799,RTE-DET-20230806-001,DRV-01022,HUB-DET,2023-08-06T16:15:00,access,[08/06 16:15] RTE-DET-20230806-001 / DRV-01022 @ DET~~NL~~Dock closed early. 1 LTL stops could not unload. Rescheduling AM.
DN-100800,RTE-CHI-20230808-002,DRV-01005,HUB-CHI,2023-08-08T16:24:00,weather,"[08/08 16:24] RTE-CHI-20230808-002 / DRV-01005 @ CHI~~NL~~Snow/ice on route. 21 stops ATT, 1 DEL to next day. Salt trucks late. ETA slippage all afternoon."
DN-100801,RTE-CIN-20230808-002,DRV-01025,HUB-CIN,2023-08-08T20:43:00,customer_nsf,[08/08 20:43] RTE-CIN-20230808-002 / DRV-01025 @ CIN~~NL~~Consignee refused delivery the stop. Return to hub initiated.
DN-100802,RTE-CHI-20230811-004,DRV-01005,HUB-CHI,2023-08-11T09:18:00,weather,"[08/11 09:18] RTE-CHI-20230811-004 / DRV-01005 @ CHI~~NL~~Snow/ice on route. 39 stops ATT, 1 DEL to next day. Salt trucks late. ETA slippage all afternoon."
DN-100803,RTE-CMH-20230811-005,DRV-01039,HUB-CMH,2023-08-11T13:36:00,access,"[08/11 13:36] RTE-CMH-20230811-005 / DRV-01039 @ CMH~~NL~~Gate locked at delivery, no answer. ATT x2. the stop left as NSF, reattempt scheduled."
DN-100804,RTE-CHI-20230814-002,DRV-01020,HUB-CHI,2023-08-14T10:41:00,address,"[08/14 10:41] RTE-CHI-20230814-002 / DRV-01020 @ CHI~~NL~~Suite # missing, 1 stops undeliverable. Contacting account for update."
DN-100805,RTE-DET-20230815-001,DRV-01046,HUB-DET,2023-08-15T08:55:00,volume,"[08/15 08:55] RTE-DET-20230815-001 / DRV-01046 @ DET~~NL~~Overloaded manifest, 29 stops assigned. 1 could not be completed in service window."
DN-100806,RTE-CIN-20230816-004,DRV-01002,HUB-CIN,2023-08-16T06:16:00,customer_nsf,[08/16 06:16] RTE-CIN-20230816-004 / DRV-01002 @ CIN~~NL~~the stop NSF - business closed. ATT 1440. Reattempt next biz day.
DN-100807,RTE-CIN-20230818-002,DRV-01027,HUB-CIN,2023-08-18T06:35:00,volume,"[08/18 06:35] RTE-CIN-20230818-002 / DRV-01027 @ CIN~~NL~~Overloaded manifest, 39 stops assigned. 4 could not be completed in service window."
DN-100808,RTE-CIN-20230818-003,DRV-01041,HUB-CIN,2023-08-18T18:49:00,mechanical,"[08/18 18:49] RTE-CIN-20230818-003 / DRV-01041 @ CIN~~NL~~Liftgate fault mid-route. DRV-01041 completed 24 stops manual, 4 deferred. VEH flagged for shop."
DN-100809,RTE-CHI-20230819-001,DRV-01017,HUB-CHI,2023-08-19T10:46:00,traffic,"[08/19 10:46] RTE-CHI-20230819-001 / DRV-01017 @ CHI~~NL~~Accident on route, detour added. 6 DEL slipped past commit."
DN-100810,RTE-DET-20230820-001,DRV-01046,HUB-DET,2023-08-20T10:27:00,customer_nsf,[08/20 10:27] RTE-DET-20230820-001 / DRV-01046 @ DET~~NL~~the stop NSF - business closed. ATT 1440. Reattempt next biz day.
DN-100811,RTE-CIN-20230822-001,DRV-01002,HUB-CIN,2023-08-22T09:45:00,weather,"[08/22 09:45] RTE-CIN-20230822-001 / DRV-01002 @ CIN~~NL~~Snow/ice on route. 62 stops ATT, 4 DEL to next day. Salt trucks late. ETA slippage all afternoon."
DN-100812,RTE-IND-20230822-001,DRV-01045,HUB-IND,2023-08-22T10:18:00,weather,"[08/22 10:18] RTE-IND-20230822-001 / DRV-01045 @ IND~~NL~~Snow/ice on route. 41 stops ATT, 4 DEL to next day. Salt trucks late. ETA slippage all afternoon."
DN-100813,RTE-IND-20230822-002,DRV-01191,HUB-IND,2023-08-22T07:02:00,weather,"[08/22 07:02] RTE-IND-20230822-002 / DRV-01191 @ IND~~NL~~Snow/ice on route. 65 stops ATT, 4 DEL to next day. Salt trucks late. ETA slippage all afternoon."
DN-100814,RTE-IND-20230824-003,DRV-01191,HUB-IND,2023-08-24T13:13:00,volume,"[08/24 13:13] RTE-IND-20230824-003 / DRV-01191 @ IND~~NL~~Overloaded manifest, 65 stops assigned. 1 could not be completed in service window."
DN-100815,RTE-DET-20230828-003,DRV-01037,HUB-DET,2023-08-28T10:02:00,volume,"[08/28 10:02] RTE-DET-20230828-003 / DRV-01037 @ DET~~NL~~Overloaded manifest, 61 stops assigned. 6 could not be completed in service window."
DN-100816,RTE-CHI-20230829-002,DRV-01035,HUB-CHI,2023-08-29T12:24:00,access,[08/29 12:24] RTE-CHI-20230829-002 / DRV-01035 @ CHI~~NL~~Dock closed early. 6 LTL stops could not unload. Rescheduling AM.
DN-100817,RTE-CMH-20230829-003,DRV-01028,HUB-CMH,2023-08-29T16:28:00,access,"[08/29 16:28] RTE-CMH-20230829-003 / DRV-01028 @ CMH~~NL~~Gate locked at delivery, no answer. ATT x2. the stop left as NSF, reattempt scheduled."
DN-100818,RTE-DET-20230829-003,DRV-01037,HUB-DET,2023-08-29T16:51:00,weather,"[08/29 16:51] RTE-DET-20230829-003 / DRV-01037 @ DET~~NL~~Snow/ice on route. 64 stops ATT, 1 DEL to next day. Salt trucks late. ETA slippage all afternoon."
DN-100819,RTE-IND-20230830-004,DRV-01042,HUB-IND,2023-08-30T12:51:00,customer_nsf,[08/30 12:51] RTE-IND-20230830-004 / DRV-01042 @ IND~~NL~~the stop NSF - business closed. ATT 1440. Reattempt next biz day.
DN-100820,RTE-CMH-20230831-005,DRV-01044,HUB-CMH,2023-08-31T13:21:00,traffic,"[08/31 13:21] RTE-CMH-20230831-005 / DRV-01044 @ CMH~~NL~~Accident on route, detour added. 5 DEL slipped past commit."
DN-100821,RTE-CHI-20230902-001,DRV-01047,HUB-CHI,2023-09-02T07:04:00,mechanical,"[09/02 07:04] RTE-CHI-20230902-001 / DRV-01047 @ CHI~~NL~~Liftgate fault mid-route. DRV-01047 completed 18 stops manual, 5 deferred. VEH flagged for shop."
DN-100822,RTE-IND-20230903-003,DRV-01042,HUB-IND,2023-09-03T09:55:00,customer_nsf,[09/03 09:55] RTE-IND-20230903-003 / DRV-01042 @ IND~~NL~~Consignee refused delivery the stop. Return to hub initiated.
DN-100823,RTE-DET-20230904-002,DRV-01014,HUB-DET,2023-09-04T09:14:00,access,[09/04 09:14] RTE-DET-20230904-002 / DRV-01014 @ DET~~NL~~Dock closed early. 2 LTL stops could not unload. Rescheduling AM.
DN-100824,RTE-CIN-20230905-002,DRV-01019,HUB-CIN,2023-09-05T09:10:00,weather,"[09/05 09:10] RTE-CIN-20230905-002 / DRV-01019 @ CIN~~NL~~Snow/ice on route. 23 stops ATT, 1 DEL to next day. Salt trucks late. ETA slippage all afternoon."
DN-100825,RTE-IND-20230905-003,DRV-01191,HUB-IND,2023-09-05T08:37:00,traffic,"[09/05 08:37] RTE-IND-20230905-003 / DRV-01191 @ IND~~NL~~I-94 closure, major backup. ETA +94m. 3 stops missed cutoff."
DN-100826,RTE-DET-20230906-001,DRV-01022,HUB-DET,2023-09-06T15:45:00,address,[09/06 15:45] RTE-DET-20230906-001 / DRV-01022 @ DET~~NL~~Bad address on the stop. Geocode off by ~3mi. Held for dispatch correction.
DN-100827,RTE-CHI-20230907-001,DRV-01047,HUB-CHI,2023-09-07T07:09:00,volume,"[09/07 07:09] RTE-CHI-20230907-001 / DRV-01047 @ CHI~~NL~~Peak volume, truck full. 1 pkgs bumped to overflow route."
DN-100828,RTE-CIN-20230907-001,DRV-01019,HUB-CIN,2023-09-07T16:32:00,customer_nsf,[09/07 16:32] RTE-CIN-20230907-001 / DRV-01019 @ CIN~~NL~~the stop NSF - business closed. ATT 1440. Reattempt next biz day.
DN-100829,RTE-CIN-20230907-003,DRV-01041,HUB-CIN,2023-09-07T17:30:00,mechanical,"[09/07 17:30] RTE-CIN-20230907-003 / DRV-01041 @ CIN~~NL~~Check-engine light, reduced power. Swapped to spare, 4 stops late."
DN-100830,RTE-DET-20230907-003,DRV-01037,HUB-DET,2023-09-07T09:02:00,customer_nsf,[09/07 09:02] RTE-DET-20230907-003 / DRV-01037 @ DET~~NL~~Consignee refused delivery the stop. Return to hub initiated.
DN-100831,RTE-CIN-20230908-002,DRV-01002,HUB-CIN,2023-09-08T07:27:00,volume,"[09/08 07:27] RTE-CIN-20230908-002 / DRV-01002 @ CIN~~NL~~Peak volume, truck full. 4 pkgs bumped to overflow route."
DN-100832,RTE-IND-20230912-003,DRV-01024,HUB-IND,2023-09-12T14:57:00,access,"[09/12 14:57] RTE-IND-20230912-003 / DRV-01024 @ IND~~NL~~Gate locked at delivery, no answer. ATT x2. the stop left as NSF, reattempt scheduled."
DN-100833,RTE-DET-20230913-001,DRV-01021,HUB-DET,2023-09-13T16:14:00,address,"[09/13 16:14] RTE-DET-20230913-001 / DRV-01021 @ DET~~NL~~Suite # missing, 1 stops undeliverable. Contacting account for update."
DN-100834,RTE-CMH-20230916-002,DRV-01013,HUB-CMH,2023-09-16T08:18:00,access,"[09/16 08:18] RTE-CMH-20230916-002 / DRV-01013 @ CMH~~NL~~Gate locked at delivery, no answer. ATT x2. the stop left as NSF, reattempt scheduled."
DN-100835,RTE-CIN-20230918-001,DRV-01023,HUB-CIN,2023-09-18T20:31:00,mechanical,"[09/18 20:31] RTE-CIN-20230918-001 / DRV-01023 @ CIN~~NL~~Check-engine light, reduced power. Swapped to spare, 5 stops late."
DN-100836,RTE-CIN-20230918-002,DRV-01041,HUB-CIN,2023-09-18T17:06:00,weather,[09/18 17:06] RTE-CIN-20230918-002 / DRV-01041 @ CIN~~NL~~Freezing rain. Driver DRV-01041 pulled early for safety. 1 stops rolled to tomorrow.
DN-100837,RTE-CHI-20230920-001,DRV-01190,HUB-CHI,2023-09-20T06:55:00,volume,"[09/20 06:55] RTE-CHI-20230920-001 / DRV-01190 @ CHI~~NL~~Overloaded manifest, 21 stops assigned. 2 could not be completed in service window."
DN-100838,RTE-CIN-20230920-001,DRV-01002,HUB-CIN,2023-09-20T18:08:00,traffic,"[09/20 18:08] RTE-CIN-20230920-001 / DRV-01002 @ CIN~~NL~~I-70 closure, major backup. ETA +70m. 2 stops missed cutoff."
DN-100839,RTE-CIN-20230921-001,DRV-01023,HUB-CIN,2023-09-21T11:12:00,mechanical,"[09/21 11:12] RTE-CIN-20230921-001 / DRV-01023 @ CIN~~NL~~Check-engine light, reduced power. Swapped to spare, 6 stops late."
DN-100840,RTE-CIN-20230922-003,DRV-01019,HUB-CIN,2023-09-22T10:14:00,customer_nsf,[09/22 10:14] RTE-CIN-20230922-003 / DRV-01019 @ CIN~~NL~~the stop NSF - business closed. ATT 1440. Reattempt next biz day.
DN-100841,RTE-CMH-20230922-004,DRV-01013,HUB-CMH,2023-09-22T11:58:00,weather,[09/22 11:58] RTE-CMH-20230922-004 / DRV-01013 @ CMH~~NL~~Freezing rain. Driver DRV-01013 pulled early for safety. 3 stops rolled to tomorrow.
DN-100842,RTE-DET-20230923-002,DRV-01046,HUB-DET,2023-09-23T13:16:00,address,"[09/23 13:16] RTE-DET-20230923-002 / DRV-01046 @ DET~~NL~~Suite # missing, 5 stops undeliverable. Contacting account for update."
DN-100843,RTE-DET-20230925-001,DRV-01021,HUB-DET,2023-09-25T14:24:00,volume,"[09/25 14:24] RTE-DET-20230925-001 / DRV-01021 @ DET~~NL~~Peak volume, truck full. 3 pkgs bumped to overflow route."
DN-100844,RTE-IND-20230925-001,DRV-01045,HUB-IND,2023-09-25T19:45:00,customer_nsf,[09/25 19:45] RTE-IND-20230925-001 / DRV-01045 @ IND~~NL~~Consignee refused delivery the stop. Return to hub initiated.
DN-100845,RTE-IND-20230925-003,DRV-01024,HUB-IND,2023-09-25T14:47:00,address,"[09/25 14:47] RTE-IND-20230925-003 / DRV-01024 @ IND~~NL~~Suite # missing, 1 stops undeliverable. Contacting account for update."
DN-100846,RTE-CHI-20230926-002,DRV-01012,HUB-CHI,2023-09-26T08:12:00,mechanical,"[09/26 08:12] RTE-CHI-20230926-002 / DRV-01012 @ CHI~~NL~~Liftgate fault mid-route. DRV-01012 completed 50 stops manual, 3 deferred. VEH flagged for shop."
DN-100847,RTE-DET-20230926-001,DRV-01014,HUB-DET,2023-09-26T07:12:00,mechanical,"[09/26 07:12] RTE-DET-20230926-001 / DRV-01014 @ DET~~NL~~Check-engine light, reduced power. Swapped to spare, 4 stops late."
DN-100848,RTE-DET-20230926-002,DRV-01021,HUB-DET,2023-09-26T13:58:00,mechanical,"[09/26 13:58] RTE-DET-20230926-002 / DRV-01021 @ DET~~NL~~Check-engine light, reduced power. Swapped to spare, 1 stops late."
DN-100849,RTE-CIN-20230927-001,DRV-01002,HUB-CIN,2023-09-27T19:44:00,access,"[09/27 19:44] RTE-CIN-20230927-001 / DRV-01002 @ CIN~~NL~~Gate locked at delivery, no answer. ATT x2. the stop left as NSF, reattempt scheduled."
DN-100850,RTE-DET-20230927-006,DRV-01014,HUB-DET,2023-09-27T07:45:00,access,"[09/27 07:45] RTE-DET-20230927-006 / DRV-01014 @ DET~~NL~~Gate locked at delivery, no answer. ATT x2. the stop left as NSF, reattempt scheduled."
DN-100851,RTE-DET-20230928-003,DRV-01046,HUB-DET,2023-09-28T09:37:00,customer_nsf,[09/28 09:37] RTE-DET-20230928-003 / DRV-01046 @ DET~~NL~~the stop NSF - business closed. ATT 1440. Reattempt next biz day.
DN-100852,RTE-IND-20230928-001,DRV-01042,HUB-IND,2023-09-28T20:24:00,weather,[09/28 20:24] RTE-IND-20230928-001 / DRV-01042 @ IND~~NL~~Freezing rain. Driver DRV-01042 pulled early for safety. 3 stops rolled to tomorrow.
DN-100853,RTE-CMH-20230929-003,DRV-01043,HUB-CMH,2023-09-29T13:57:00,weather,"[09/29 13:57] RTE-CMH-20230929-003 / DRV-01043 @ CMH~~NL~~Snow/ice on route. 37 stops ATT, 1 DEL to next day. Salt trucks late. ETA slippage all afternoon."
DN-100854,RTE-IND-20230929-002,DRV-01033,HUB-IND,2023-09-29T20:29:00,customer_nsf,[09/29 20:29] RTE-IND-20230929-002 / DRV-01033 @ IND~~NL~~Consignee refused delivery the stop. Return to hub initiated.
DN-100855,RTE-CMH-20230930-001,DRV-01028,HUB-CMH,2023-09-30T17:38:00,weather,"[09/30 17:38] RTE-CMH-20230930-001 / DRV-01028 @ CMH~~NL~~Snow/ice on route. 47 stops ATT, 3 DEL to next day. Salt trucks late. ETA slippage all afternoon."
DN-100856,RTE-CMH-20231003-002,DRV-01189,HUB-CMH,2023-10-03T12:33:00,traffic,"[10/03 12:33] RTE-CMH-20231003-002 / DRV-01189 @ CMH~~NL~~I-71 closure, major backup. ETA +71m. 6 stops missed cutoff."
DN-100857,RTE-DET-20231003-004,DRV-01021,HUB-DET,2023-10-03T18:10:00,weather,[10/03 18:10] RTE-DET-20231003-004 / DRV-01021 @ DET~~NL~~Freezing rain. Driver DRV-01021 pulled early for safety. 6 stops rolled to tomorrow.
DN-100858,RTE-IND-20231005-001,DRV-01191,HUB-IND,2023-10-05T17:12:00,access,"[10/05 17:12] RTE-IND-20231005-001 / DRV-01191 @ IND~~NL~~Gate locked at delivery, no answer. ATT x2. the stop left as NSF, reattempt scheduled."
DN-100859,RTE-CIN-20231006-001,DRV-01034,HUB-CIN,2023-10-06T07:18:00,mechanical,"[10/06 07:18] RTE-CIN-20231006-001 / DRV-01034 @ CIN~~NL~~Check-engine light, reduced power. Swapped to spare, 2 stops late."
DN-100860,RTE-CMH-20231008-001,DRV-01013,HUB-CMH,2023-10-08T10:14:00,weather,[10/08 10:14] RTE-CMH-20231008-001 / DRV-01013 @ CMH~~NL~~Freezing rain. Driver DRV-01013 pulled early for safety. 2 stops rolled to tomorrow.
DN-100861,RTE-CMH-20231009-002,DRV-01044,HUB-CMH,2023-10-09T11:42:00,mechanical,"[10/09 11:42] RTE-CMH-20231009-002 / DRV-01044 @ CMH~~NL~~Liftgate fault mid-route. DRV-01044 completed 55 stops manual, 1 deferred. VEH flagged for shop."
DN-100862,RTE-CHI-20231010-001,DRV-01007,HUB-CHI,2023-10-10T06:36:00,volume,"[10/10 06:36] RTE-CHI-20231010-001 / DRV-01007 @ CHI~~NL~~Peak volume, truck full. 6 pkgs bumped to overflow route."
DN-100863,RTE-IND-20231010-003,DRV-01045,HUB-IND,2023-10-10T19:03:00,volume,"[10/10 19:03] RTE-IND-20231010-003 / DRV-01045 @ IND~~NL~~Overloaded manifest, 43 stops assigned. 4 could not be completed in service window."
DN-100864,RTE-CMH-20231011-002,DRV-01036,HUB-CMH,2023-10-11T16:56:00,weather,[10/11 16:56] RTE-CMH-20231011-002 / DRV-01036 @ CMH~~NL~~Freezing rain. Driver DRV-01036 pulled early for safety. 5 stops rolled to tomorrow.
DN-100865,RTE-CMH-20231013-002,DRV-01028,HUB-CMH,2023-10-13T20:18:00,mechanical,"[10/13 20:18] RTE-CMH-20231013-002 / DRV-01028 @ CMH~~NL~~Check-engine light, reduced power. Swapped to spare, 1 stops late."
DN-100866,RTE-CIN-20231016-007,DRV-01019,HUB-CIN,2023-10-16T11:22:00,access,[10/16 11:22] RTE-CIN-20231016-007 / DRV-01019 @ CIN~~NL~~Dock closed early. 6 LTL stops could not unload. Rescheduling AM.
DN-100867,RTE-CHI-20231017-003,DRV-01012,HUB-CHI,2023-10-17T15:59:00,traffic,"[10/17 15:59] RTE-CHI-20231017-003 / DRV-01012 @ CHI~~NL~~Accident on route, detour added. 1 DEL slipped past commit."
DN-100868,RTE-DET-20231017-001,DRV-01021,HUB-DET,2023-10-17T18:17:00,access,[10/17 18:17] RTE-DET-20231017-001 / DRV-01021 @ DET~~NL~~Dock closed early. 4 LTL stops could not unload. Rescheduling AM.
DN-100869,RTE-IND-20231017-002,DRV-01031,HUB-IND,2023-10-17T15:48:00,mechanical,"[10/17 15:48] RTE-IND-20231017-002 / DRV-01031 @ IND~~NL~~Liftgate fault mid-route. DRV-01031 completed 59 stops manual, 3 deferred. VEH flagged for shop."
DN-100870,RTE-CHI-20231019-002,DRV-01047,HUB-CHI,2023-10-19T13:46:00,access,[10/19 13:46] RTE-CHI-20231019-002 / DRV-01047 @ CHI~~NL~~Dock closed early. 5 LTL stops could not unload. Rescheduling AM.
DN-100871,RTE-CHI-20231019-004,DRV-01007,HUB-CHI,2023-10-19T11:57:00,volume,"[10/19 11:57] RTE-CHI-20231019-004 / DRV-01007 @ CHI~~NL~~Overloaded manifest, 62 stops assigned. 3 could not be completed in service window."
DN-100872,RTE-CMH-20231019-001,DRV-01040,HUB-CMH,2023-10-19T16:52:00,traffic,"[10/19 16:52] RTE-CMH-20231019-001 / DRV-01040 @ CMH~~NL~~Accident on route, detour added. 2 DEL slipped past commit."
DN-100873,RTE-DET-20231019-001,DRV-01037,HUB-DET,2023-10-19T16:23:00,customer_nsf,[10/19 16:23] RTE-DET-20231019-001 / DRV-01037 @ DET~~NL~~Consignee refused delivery the stop. Return to hub initiated.
DN-100874,RTE-CHI-20231022-001,DRV-01020,HUB-CHI,2023-10-22T06:58:00,weather,[10/22 06:58] RTE-CHI-20231022-001 / DRV-01020 @ CHI~~NL~~Freezing rain. Driver DRV-01020 pulled early for safety. 1 stops rolled to tomorrow.
DN-100875,RTE-CIN-20231022-001,DRV-01002,HUB-CIN,2023-10-22T20:20:00,access,"[10/22 20:20] RTE-CIN-20231022-001 / DRV-01002 @ CIN~~NL~~Gate locked at delivery, no answer. ATT x2. the stop left as NSF, reattempt scheduled."
DN-100876,RTE-CHI-20231023-002,DRV-01020,HUB-CHI,2023-10-23T16:58:00,traffic,"[10/23 16:58] RTE-CHI-20231023-002 / DRV-01020 @ CHI~~NL~~I-71 closure, major backup. ETA +71m. 1 stops missed cutoff."
DN-100877,RTE-CIN-20231023-001,DRV-01019,HUB-CIN,2023-10-23T18:14:00,access,"[10/23 18:14] RTE-CIN-20231023-001 / DRV-01019 @ CIN~~NL~~Gate locked at delivery, no answer. ATT x2. the stop left as NSF, reattempt scheduled."
DN-100878,RTE-DET-20231023-002,DRV-01021,HUB-DET,2023-10-23T20:08:00,address,[10/23 20:08] RTE-DET-20231023-002 / DRV-01021 @ DET~~NL~~Bad address on the stop. Geocode off by ~3mi. Held for dispatch correction.
DN-100879,RTE-CHI-20231024-003,DRV-01047,HUB-CHI,2023-10-24T11:39:00,access,[10/24 11:39] RTE-CHI-20231024-003 / DRV-01047 @ CHI~~NL~~Dock closed early. 5 LTL stops could not unload. Rescheduling AM.
DN-100880,RTE-IND-20231024-003,DRV-01032,HUB-IND,2023-10-24T18:57:00,weather,"[10/24 18:57] RTE-IND-20231024-003 / DRV-01032 @ IND~~NL~~Snow/ice on route. 28 stops ATT, 4 DEL to next day. Salt trucks late. ETA slippage all afternoon."
DN-100881,RTE-CHI-20231026-004,DRV-01017,HUB-CHI,2023-10-26T18:46:00,volume,"[10/26 18:46] RTE-CHI-20231026-004 / DRV-01017 @ CHI~~NL~~Peak volume, truck full. 6 pkgs bumped to overflow route."
DN-100882,RTE-IND-20231027-003,DRV-01006,HUB-IND,2023-10-27T07:11:00,weather,[10/27 07:11] RTE-IND-20231027-003 / DRV-01006 @ IND~~NL~~Freezing rain. Driver DRV-01006 pulled early for safety. 3 stops rolled to tomorrow.
DN-100883,RTE-DET-20231030-001,DRV-01022,HUB-DET,2023-10-30T20:06:00,mechanical,"[10/30 20:06] RTE-DET-20231030-001 / DRV-01022 @ DET~~NL~~Check-engine light, reduced power. Swapped to spare, 2 stops late."
DN-100884,RTE-IND-20231030-002,DRV-01042,HUB-IND,2023-10-30T14:40:00,address,"[10/30 14:40] RTE-IND-20231030-002 / DRV-01042 @ IND~~NL~~Suite # missing, 4 stops undeliverable. Contacting account for update."
DN-100885,RTE-CHI-20231101-001,DRV-01007,HUB-CHI,2023-11-01T13:56:00,volume,"[11/01 13:56] RTE-CHI-20231101-001 / DRV-01007 @ CHI~~NL~~Overloaded manifest, 38 stops assigned. 6 could not be completed in service window."
DN-100886,RTE-CHI-20231101-003,DRV-01190,HUB-CHI,2023-11-01T07:36:00,customer_nsf,[11/01 07:36] RTE-CHI-20231101-003 / DRV-01190 @ CHI~~NL~~the stop NSF - business closed. ATT 1440. Reattempt next biz day.
DN-100887,RTE-IND-20231101-002,DRV-01042,HUB-IND,2023-11-01T20:43:00,mechanical,"[11/01 20:43] RTE-IND-20231101-002 / DRV-01042 @ IND~~NL~~Check-engine light, reduced power. Swapped to spare, 4 stops late."
DN-100888,RTE-CHI-20231102-003,DRV-01005,HUB-CHI,2023-11-02T15:15:00,traffic,"[11/02 15:15] RTE-CHI-20231102-003 / DRV-01005 @ CHI~~NL~~Accident on route, detour added. 4 DEL slipped past commit."
DN-100889,RTE-CMH-20231103-002,DRV-01009,HUB-CMH,2023-11-03T09:14:00,traffic,"[11/03 09:14] RTE-CMH-20231103-002 / DRV-01009 @ CMH~~NL~~I-94 closure, major backup. ETA +94m. 4 stops missed cutoff."
DN-100890,RTE-CMH-20231104-002,DRV-01009,HUB-CMH,2023-11-04T11:15:00,access,[11/04 11:15] RTE-CMH-20231104-002 / DRV-01009 @ CMH~~NL~~Dock closed early. 3 LTL stops could not unload. Rescheduling AM.
DN-100891,RTE-CMH-20231106-002,DRV-01010,HUB-CMH,2023-11-06T14:34:00,traffic,"[11/06 14:34] RTE-CMH-20231106-002 / DRV-01010 @ CMH~~NL~~Accident on route, detour added. 1 DEL slipped past commit."
DN-100892,RTE-CMH-20231106-003,DRV-01015,HUB-CMH,2023-11-06T14:13:00,volume,"[11/06 14:13] RTE-CMH-20231106-003 / DRV-01015 @ CMH~~NL~~Overloaded manifest, 51 stops assigned. 2 could not be completed in service window."
DN-100893,RTE-CIN-20231107-003,DRV-01002,HUB-CIN,2023-11-07T19:36:00,weather,[11/07 19:36] RTE-CIN-20231107-003 / DRV-01002 @ CIN~~NL~~Freezing rain. Driver DRV-01002 pulled early for safety. 1 stops rolled to tomorrow.
DN-100894,RTE-CMH-20231107-002,DRV-01040,HUB-CMH,2023-11-07T18:51:00,mechanical,"[11/07 18:51] RTE-CMH-20231107-002 / DRV-01040 @ CMH~~NL~~Check-engine light, reduced power. Swapped to spare, 2 stops late."
DN-100895,RTE-CHI-20231109-003,DRV-01048,HUB-CHI,2023-11-09T07:56:00,traffic,"[11/09 07:56] RTE-CHI-20231109-003 / DRV-01048 @ CHI~~NL~~Accident on route, detour added. 3 DEL slipped past commit."
DN-100896,RTE-IND-20231109-001,DRV-01045,HUB-IND,2023-11-09T14:46:00,weather,"[11/09 14:46] RTE-IND-20231109-001 / DRV-01045 @ IND~~NL~~Snow/ice on route. 38 stops ATT, 6 DEL to next day. Salt trucks late. ETA slippage all afternoon."
DN-100897,RTE-CHI-20231112-002,DRV-01007,HUB-CHI,2023-11-12T12:23:00,customer_nsf,[11/12 12:23] RTE-CHI-20231112-002 / DRV-01007 @ CHI~~NL~~the stop NSF - business closed. ATT 1440. Reattempt next biz day.
DN-100898,RTE-CHI-20231113-002,DRV-01048,HUB-CHI,2023-11-13T15:01:00,address,"[11/13 15:01] RTE-CHI-20231113-002 / DRV-01048 @ CHI~~NL~~Suite # missing, 6 stops undeliverable. Contacting account for update."
DN-100899,RTE-CMH-20231113-001,DRV-01010,HUB-CMH,2023-11-13T10:22:00,volume,"[11/13 10:22] RTE-CMH-20231113-001 / DRV-01010 @ CMH~~NL~~Overloaded manifest, 52 stops assigned. 2 could not be completed in service window."
DN-100900,RTE-DET-20231115-001,DRV-01014,HUB-DET,2023-11-15T13:32:00,customer_nsf,[11/15 13:32] RTE-DET-20231115-001 / DRV-01014 @ DET~~NL~~Consignee refused delivery the stop. Return to hub initiated.
DN-100901,RTE-CMH-20231116-002,DRV-01009,HUB-CMH,2023-11-16T20:52:00,customer_nsf,[11/16 20:52] RTE-CMH-20231116-002 / DRV-01009 @ CMH~~NL~~Consignee refused delivery the stop. Return to hub initiated.
DN-100902,RTE-CHI-20231117-001,DRV-01190,HUB-CHI,2023-11-17T16:02:00,weather,[11/17 16:02] RTE-CHI-20231117-001 / DRV-01190 @ CHI~~NL~~Freezing rain. Driver DRV-01190 pulled early for safety. 6 stops rolled to tomorrow.
DN-100903,RTE-IND-20231117-001,DRV-01006,HUB-IND,2023-11-17T11:10:00,weather,[11/17 11:10] RTE-IND-20231117-001 / DRV-01006 @ IND~~NL~~Freezing rain. Driver DRV-01006 pulled early for safety. 4 stops rolled to tomorrow.
DN-100904,RTE-IND-20231118-001,DRV-01042,HUB-IND,2023-11-18T15:26:00,access,[11/18 15:26] RTE-IND-20231118-001 / DRV-01042 @ IND~~NL~~Dock closed early. 6 LTL stops could not unload. Rescheduling AM.
DN-100905,RTE-CHI-20231120-005,DRV-01190,HUB-CHI,2023-11-20T20:49:00,traffic,"[11/20 20:49] RTE-CHI-20231120-005 / DRV-01190 @ CHI~~NL~~Accident on route, detour added. 6 DEL slipped past commit."
DN-100906,RTE-CMH-20231120-001,DRV-01013,HUB-CMH,2023-11-20T19:25:00,traffic,"[11/20 19:25] RTE-CMH-20231120-001 / DRV-01013 @ CMH~~NL~~Accident on route, detour added. 5 DEL slipped past commit."
DN-100907,RTE-CHI-20231121-002,DRV-01007,HUB-CHI,2023-11-21T11:33:00,access,[11/21 11:33] RTE-CHI-20231121-002 / DRV-01007 @ CHI~~NL~~Dock closed early. 6 LTL stops could not unload. Rescheduling AM.
DN-100908,RTE-CHI-20231121-004,DRV-01048,HUB-CHI,2023-11-21T15:22:00,access,"[11/21 15:22] RTE-CHI-20231121-004 / DRV-01048 @ CHI~~NL~~Gate locked at delivery, no answer. ATT x2. the stop left as NSF, reattempt scheduled."
DN-100909,RTE-CMH-20231123-002,DRV-01016,HUB-CMH,2023-11-23T11:25:00,weather,"[11/23 11:25] RTE-CMH-20231123-002 / DRV-01016 @ CMH~~NL~~Snow/ice on route. 57 stops ATT, 3 DEL to next day. Salt trucks late. ETA slippage all afternoon."
DN-100910,RTE-IND-20231124-003,DRV-01188,HUB-IND,2023-11-24T11:16:00,weather,[11/24 11:16] RTE-IND-20231124-003 / DRV-01188 @ IND~~NL~~Freezing rain. Driver DRV-01188 pulled early for safety. 4 stops rolled to tomorrow.
DN-100911,RTE-IND-20231127-001,DRV-01033,HUB-IND,2023-11-27T15:03:00,mechanical,"[11/27 15:03] RTE-IND-20231127-001 / DRV-01033 @ IND~~NL~~Liftgate fault mid-route. DRV-01033 completed 21 stops manual, 1 deferred. VEH flagged for shop."
DN-100912,RTE-CHI-20231128-004,DRV-01020,HUB-CHI,2023-11-28T13:17:00,access,"[11/28 13:17] RTE-CHI-20231128-004 / DRV-01020 @ CHI~~NL~~Gate locked at delivery, no answer. ATT x2. the stop left as NSF, reattempt scheduled."
DN-100913,RTE-CHI-20231129-003,DRV-01020,HUB-CHI,2023-11-29T07:06:00,mechanical,"[11/29 07:06] RTE-CHI-20231129-003 / DRV-01020 @ CHI~~NL~~Check-engine light, reduced power. Swapped to spare, 4 stops late."
DN-100914,RTE-DET-20231129-003,DRV-01046,HUB-DET,2023-11-29T06:02:00,volume,"[11/29 06:02] RTE-DET-20231129-003 / DRV-01046 @ DET~~NL~~Peak volume, truck full. 6 pkgs bumped to overflow route."
DN-100915,RTE-IND-20231130-002,DRV-01042,HUB-IND,2023-11-30T13:05:00,customer_nsf,[11/30 13:05] RTE-IND-20231130-002 / DRV-01042 @ IND~~NL~~the stop NSF - business closed. ATT 1440. Reattempt next biz day.
DN-100916,RTE-CHI-20231201-001,DRV-01020,HUB-CHI,2023-12-01T13:52:00,mechanical,"[12/01 13:52] RTE-CHI-20231201-001 / DRV-01020 @ CHI~~NL~~Liftgate fault mid-route. DRV-01020 completed 58 stops manual, 1 deferred. VEH flagged for shop."
DN-100917,RTE-CIN-20231201-003,DRV-01025,HUB-CIN,2023-12-01T19:58:00,traffic,"[12/01 19:58] RTE-CIN-20231201-003 / DRV-01025 @ CIN~~NL~~Accident on route, detour added. 2 DEL slipped past commit."
DN-100918,RTE-CHI-20231202-001,DRV-01020,HUB-CHI,2023-12-02T19:53:00,access,[12/02 19:53] RTE-CHI-20231202-001 / DRV-01020 @ CHI~~NL~~Dock closed early. 4 LTL stops could not unload. Rescheduling AM.
DN-100919,RTE-CIN-20231204-003,DRV-01002,HUB-CIN,2023-12-04T06:53:00,weather,"[12/04 06:53] RTE-CIN-20231204-003 / DRV-01002 @ CIN~~NL~~Snow/ice on route. 56 stops ATT, 5 DEL to next day. Salt trucks late. ETA slippage all afternoon."
DN-100920,RTE-CIN-20231204-005,DRV-01023,HUB-CIN,2023-12-04T15:01:00,mechanical,"[12/04 15:01] RTE-CIN-20231204-005 / DRV-01023 @ CIN~~NL~~Liftgate fault mid-route. DRV-01023 completed 18 stops manual, 1 deferred. VEH flagged for shop."
DN-100921,RTE-CIN-20231205-002,DRV-01003,HUB-CIN,2023-12-05T13:09:00,weather,"[12/05 13:09] RTE-CIN-20231205-002 / DRV-01003 @ CIN~~NL~~Snow/ice on route. 49 stops ATT, 2 DEL to next day. Salt trucks late. ETA slippage all afternoon."
DN-100922,RTE-CMH-20231205-001,DRV-01009,HUB-CMH,2023-12-05T19:41:00,weather,[12/05 19:41] RTE-CMH-20231205-001 / DRV-01009 @ CMH~~NL~~Freezing rain. Driver DRV-01009 pulled early for safety. 3 stops rolled to tomorrow.
DN-100923,RTE-CIN-20231206-001,DRV-01025,HUB-CIN,2023-12-06T12:26:00,weather,[12/06 12:26] RTE-CIN-20231206-001 / DRV-01025 @ CIN~~NL~~Freezing rain. Driver DRV-01025 pulled early for safety. 6 stops rolled to tomorrow.
DN-100924,RTE-CMH-20231206-001,DRV-01036,HUB-CMH,2023-12-06T16:44:00,access,[12/06 16:44] RTE-CMH-20231206-001 / DRV-01036 @ CMH~~NL~~Dock closed early. 4 LTL stops could not unload. Rescheduling AM.
DN-100925,RTE-CHI-20231207-003,DRV-01048,HUB-CHI,2023-12-07T09:39:00,weather,"[12/07 09:39] RTE-CHI-20231207-003 / DRV-01048 @ CHI~~NL~~Snow/ice on route. 49 stops ATT, 5 DEL to next day. Salt trucks late. ETA slippage all afternoon."
DN-100926,RTE-CMH-20231207-003,DRV-01036,HUB-CMH,2023-12-07T14:30:00,traffic,"[12/07 14:30] RTE-CMH-20231207-003 / DRV-01036 @ CMH~~NL~~I-94 closure, major backup. ETA +94m. 1 stops missed cutoff."
DN-100927,RTE-IND-20231208-004,DRV-01031,HUB-IND,2023-12-08T13:47:00,weather,"[12/08 13:47] RTE-IND-20231208-004 / DRV-01031 @ IND~~NL~~Snow/ice on route. 54 stops ATT, 6 DEL to next day. Salt trucks late. ETA slippage all afternoon."
DN-100928,RTE-DET-20231211-001,DRV-01037,HUB-DET,2023-12-11T06:46:00,volume,"[12/11 06:46] RTE-DET-20231211-001 / DRV-01037 @ DET~~NL~~Peak volume, truck full. 4 pkgs bumped to overflow route."
DN-100929,RTE-CHI-20231212-003,DRV-01005,HUB-CHI,2023-12-12T11:59:00,traffic,"[12/12 11:59] RTE-CHI-20231212-003 / DRV-01005 @ CHI~~NL~~I-74 closure, major backup. ETA +74m. 2 stops missed cutoff."
DN-100930,RTE-CMH-20231212-001,DRV-01049,HUB-CMH,2023-12-12T12:43:00,mechanical,"[12/12 12:43] RTE-CMH-20231212-001 / DRV-01049 @ CMH~~NL~~Check-engine light, reduced power. Swapped to spare, 5 stops late."
DN-100931,RTE-DET-20231212-003,DRV-01021,HUB-DET,2023-12-12T16:03:00,access,"[12/12 16:03] RTE-DET-20231212-003 / DRV-01021 @ DET~~NL~~Gate locked at delivery, no answer. ATT x2. the stop left as NSF, reattempt scheduled."
DN-100932,RTE-IND-20231212-001,DRV-01032,HUB-IND,2023-12-12T19:26:00,address,"[12/12 19:26] RTE-IND-20231212-001 / DRV-01032 @ IND~~NL~~Suite # missing, 3 stops undeliverable. Contacting account for update."
DN-100933,RTE-CIN-20231213-001,DRV-01002,HUB-CIN,2023-12-13T17:14:00,access,[12/13 17:14] RTE-CIN-20231213-001 / DRV-01002 @ CIN~~NL~~Dock closed early. 4 LTL stops could not unload. Rescheduling AM.
DN-100934,RTE-DET-20231213-005,DRV-01022,HUB-DET,2023-12-13T10:16:00,weather,"[12/13 10:16] RTE-DET-20231213-005 / DRV-01022 @ DET~~NL~~Snow/ice on route. 41 stops ATT, 1 DEL to next day. Salt trucks late. ETA slippage all afternoon."
DN-100935,RTE-DET-20231215-003,DRV-01037,HUB-DET,2023-12-15T12:01:00,volume,"[12/15 12:01] RTE-DET-20231215-003 / DRV-01037 @ DET~~NL~~Overloaded manifest, 31 stops assigned. 5 could not be completed in service window."
DN-100936,RTE-CHI-20231218-003,DRV-01048,HUB-CHI,2023-12-18T09:55:00,access,"[12/18 09:55] RTE-CHI-20231218-003 / DRV-01048 @ CHI~~NL~~Gate locked at delivery, no answer. ATT x2. the stop left as NSF, reattempt scheduled."
DN-100937,RTE-IND-20231218-003,DRV-01024,HUB-IND,2023-12-18T13:37:00,weather,[12/18 13:37] RTE-IND-20231218-003 / DRV-01024 @ IND~~NL~~Freezing rain. Driver DRV-01024 pulled early for safety. 5 stops rolled to tomorrow.
DN-100938,RTE-IND-20231219-005,DRV-01032,HUB-IND,2023-12-19T16:41:00,mechanical,"[12/19 16:41] RTE-IND-20231219-005 / DRV-01032 @ IND~~NL~~Liftgate fault mid-route. DRV-01032 completed 59 stops manual, 1 deferred. VEH flagged for shop."
DN-100939,RTE-CHI-20231221-001,DRV-01190,HUB-CHI,2023-12-21T08:13:00,access,[12/21 08:13] RTE-CHI-20231221-001 / DRV-01190 @ CHI~~NL~~Dock closed early. 2 LTL stops could not unload. Rescheduling AM.
DN-100940,RTE-DET-20231221-002,DRV-01037,HUB-DET,2023-12-21T06:38:00,volume,"[12/21 06:38] RTE-DET-20231221-002 / DRV-01037 @ DET~~NL~~Peak volume, truck full. 2 pkgs bumped to overflow route."
DN-100941,RTE-IND-20231222-005,DRV-01031,HUB-IND,2023-12-22T11:37:00,weather,"[12/22 11:37] RTE-IND-20231222-005 / DRV-01031 @ IND~~NL~~Snow/ice on route. 38 stops ATT, 5 DEL to next day. Salt trucks late. ETA slippage all afternoon."
DN-100942,RTE-DET-20231223-001,DRV-01021,HUB-DET,2023-12-23T16:14:00,access,"[12/23 16:14] RTE-DET-20231223-001 / DRV-01021 @ DET~~NL~~Gate locked at delivery, no answer. ATT x2. the stop left as NSF, reattempt scheduled."
DN-100943,RTE-DET-20231223-002,DRV-01046,HUB-DET,2023-12-23T16:16:00,traffic,"[12/23 16:16] RTE-DET-20231223-002 / DRV-01046 @ DET~~NL~~I-65 closure, major backup. ETA +65m. 2 stops missed cutoff."
DN-100944,RTE-IND-20231224-002,DRV-01045,HUB-IND,2023-12-24T09:20:00,customer_nsf,[12/24 09:20] RTE-IND-20231224-002 / DRV-01045 @ IND~~NL~~the stop NSF - business closed. ATT 1440. Reattempt next biz day.
DN-100945,RTE-CHI-20231226-001,DRV-01035,HUB-CHI,2023-12-26T07:03:00,address,[12/26 07:03] RTE-CHI-20231226-001 / DRV-01035 @ CHI~~NL~~Bad address on SHP-202312-000062. Geocode off by ~3mi. Held for dispatch correction.
DN-100946,RTE-CMH-20231226-001,DRV-01049,HUB-CMH,2023-12-26T16:26:00,customer_nsf,[12/26 16:26] RTE-CMH-20231226-001 / DRV-01049 @ CMH~~NL~~the stop NSF - business closed. ATT 1440. Reattempt next biz day.
DN-100947,RTE-CMH-20231226-002,DRV-01039,HUB-CMH,2023-12-26T08:36:00,traffic,"[12/26 08:36] RTE-CMH-20231226-002 / DRV-01039 @ CMH~~NL~~Accident on route, detour added. 5 DEL slipped past commit."
DN-100948,RTE-DET-20231226-004,DRV-01022,HUB-DET,2023-12-26T13:40:00,traffic,"[12/26 13:40] RTE-DET-20231226-004 / DRV-01022 @ DET~~NL~~Accident on route, detour added. 4 DEL slipped past commit."
DN-100949,RTE-IND-20231226-001,DRV-01032,HUB-IND,2023-12-26T18:19:00,address,[12/26 18:19] RTE-IND-20231226-001 / DRV-01032 @ IND~~NL~~Bad address on the stop. Geocode off by ~3mi. Held for dispatch correction.
DN-100950,RTE-CHI-20240101-002,DRV-01020,HUB-CHI,2024-01-01T10:15:00,mechanical,"[01/01 10:15] RTE-CHI-20240101-002 / DRV-01020 @ CHI~~NL~~Check-engine light, reduced power. Swapped to spare, 2 stops late."
DN-100951,RTE-CIN-20240101-004,DRV-01027,HUB-CIN,2024-01-01T12:40:00,access,[01/01 12:40] RTE-CIN-20240101-004 / DRV-01027 @ CIN~~NL~~Dock closed early. 6 LTL stops could not unload. Rescheduling AM.
DN-100952,RTE-CHI-20240102-001,DRV-01035,HUB-CHI,2024-01-02T07:23:00,weather,"[01/02 07:23] RTE-CHI-20240102-001 / DRV-01035 @ CHI~~NL~~Snow/ice on route. 33 stops ATT, 3 DEL to next day. Salt trucks late. ETA slippage all afternoon."
DN-100953,RTE-CMH-20240102-002,DRV-01043,HUB-CMH,2024-01-02T10:35:00,access,[01/02 10:35] RTE-CMH-20240102-002 / DRV-01043 @ CMH~~NL~~Dock closed early. 4 LTL stops could not unload. Rescheduling AM.
DN-100954,RTE-CIN-20240105-001,DRV-01027,HUB-CIN,2024-01-05T19:53:00,mechanical,"[01/05 19:53] RTE-CIN-20240105-001 / DRV-01027 @ CIN~~NL~~Check-engine light, reduced power. Swapped to spare, 4 stops late."
DN-100955,RTE-CMH-20240105-001,DRV-01036,HUB-CMH,2024-01-05T17:35:00,weather,"[01/05 17:35] RTE-CMH-20240105-001 / DRV-01036 @ CMH~~NL~~Snow/ice on route. 42 stops ATT, 3 DEL to next day. Salt trucks late. ETA slippage all afternoon."
DN-100956,RTE-IND-20240108-001,DRV-01006,HUB-IND,2024-01-08T16:00:00,weather,[01/08 16:00] RTE-IND-20240108-001 / DRV-01006 @ IND~~NL~~Freezing rain. Driver DRV-01006 pulled early for safety. 3 stops rolled to tomorrow.
DN-100957,RTE-IND-20240108-002,DRV-01006,HUB-IND,2024-01-08T10:15:00,access,"[01/08 10:15] RTE-IND-20240108-002 / DRV-01006 @ IND~~NL~~Gate locked at delivery, no answer. ATT x2. the stop left as NSF, reattempt scheduled."
DN-100958,RTE-DET-20240112-003,DRV-01022,HUB-DET,2024-01-12T14:44:00,volume,"[01/12 14:44] RTE-DET-20240112-003 / DRV-01022 @ DET~~NL~~Peak volume, truck full. 5 pkgs bumped to overflow route."
DN-100959,RTE-DET-20240115-003,DRV-01022,HUB-DET,2024-01-15T13:17:00,address,[01/15 13:17] RTE-DET-20240115-003 / DRV-01022 @ DET~~NL~~Bad address on SHP-202401-000023. Geocode off by ~3mi. Held for dispatch correction.
DN-100960,RTE-DET-20240116-001,DRV-01022,HUB-DET,2024-01-16T17:50:00,customer_nsf,[01/16 17:50] RTE-DET-20240116-001 / DRV-01022 @ DET~~NL~~the stop NSF - business closed. ATT 1440. Reattempt next biz day.
DN-100961,RTE-IND-20240116-003,DRV-01031,HUB-IND,2024-01-16T13:50:00,weather,"[01/16 13:50] RTE-IND-20240116-003 / DRV-01031 @ IND~~NL~~Snow/ice on route. 32 stops ATT, 1 DEL to next day. Salt trucks late. ETA slippage all afternoon."
DN-100962,RTE-CHI-20240118-001,DRV-01012,HUB-CHI,2024-01-18T19:55:00,weather,"[01/18 19:55] RTE-CHI-20240118-001 / DRV-01012 @ CHI~~NL~~Snow/ice on route. 26 stops ATT, 2 DEL to next day. Salt trucks late. ETA slippage all afternoon."
DN-100963,RTE-DET-20240118-003,DRV-01046,HUB-DET,2024-01-18T11:47:00,traffic,"[01/18 11:47] RTE-DET-20240118-003 / DRV-01046 @ DET~~NL~~I-74 closure, major backup. ETA +74m. 3 stops missed cutoff."
DN-100964,RTE-CHI-20240119-004,DRV-01020,HUB-CHI,2024-01-19T06:19:00,customer_nsf,[01/19 06:19] RTE-CHI-20240119-004 / DRV-01020 @ CHI~~NL~~Consignee refused delivery the stop. Return to hub initiated.
DN-100965,RTE-CHI-20240119-005,DRV-01190,HUB-CHI,2024-01-19T10:54:00,customer_nsf,[01/19 10:54] RTE-CHI-20240119-005 / DRV-01190 @ CHI~~NL~~the stop NSF - business closed. ATT 1440. Reattempt next biz day.
DN-100966,RTE-CIN-20240119-002,DRV-01025,HUB-CIN,2024-01-19T09:51:00,weather,"[01/19 09:51] RTE-CIN-20240119-002 / DRV-01025 @ CIN~~NL~~Snow/ice on route. 41 stops ATT, 1 DEL to next day. Salt trucks late. ETA slippage all afternoon."
DN-100967,RTE-CMH-20240119-004,DRV-01039,HUB-CMH,2024-01-19T10:20:00,address,"[01/19 10:20] RTE-CMH-20240119-004 / DRV-01039 @ CMH~~NL~~Suite # missing, 5 stops undeliverable. Contacting account for update."
DN-100968,RTE-IND-20240119-001,DRV-01033,HUB-IND,2024-01-19T07:06:00,access,"[01/19 07:06] RTE-IND-20240119-001 / DRV-01033 @ IND~~NL~~Gate locked at delivery, no answer. ATT x2. the stop left as NSF, reattempt scheduled."
DN-100969,RTE-IND-20240119-005,DRV-01024,HUB-IND,2024-01-19T06:13:00,access,[01/19 06:13] RTE-IND-20240119-005 / DRV-01024 @ IND~~NL~~Dock closed early. 2 LTL stops could not unload. Rescheduling AM.
DN-100970,RTE-CMH-20240122-001,DRV-01013,HUB-CMH,2024-01-22T10:40:00,access,[01/22 10:40] RTE-CMH-20240122-001 / DRV-01013 @ CMH~~NL~~Dock closed early. 4 LTL stops could not unload. Rescheduling AM.
DN-100971,RTE-IND-20240122-004,DRV-01033,HUB-IND,2024-01-22T17:53:00,customer_nsf,[01/22 17:53] RTE-IND-20240122-004 / DRV-01033 @ IND~~NL~~Consignee refused delivery the stop. Return to hub initiated.
DN-100972,RTE-CHI-20240123-002,DRV-01190,HUB-CHI,2024-01-23T14:50:00,weather,[01/23 14:50] RTE-CHI-20240123-002 / DRV-01190 @ CHI~~NL~~Freezing rain. Driver DRV-01190 pulled early for safety. 2 stops rolled to tomorrow.
DN-100973,RTE-CIN-20240124-001,DRV-01027,HUB-CIN,2024-01-24T10:45:00,address,[01/24 10:45] RTE-CIN-20240124-001 / DRV-01027 @ CIN~~NL~~Bad address on the stop. Geocode off by ~3mi. Held for dispatch correction.
DN-100974,RTE-CHI-20240125-001,DRV-01035,HUB-CHI,2024-01-25T11:23:00,traffic,"[01/25 11:23] RTE-CHI-20240125-001 / DRV-01035 @ CHI~~NL~~Accident on route, detour added. 5 DEL slipped past commit."
DN-100975,RTE-CIN-20240126-002,DRV-01019,HUB-CIN,2024-01-26T08:28:00,customer_nsf,[01/26 08:28] RTE-CIN-20240126-002 / DRV-01019 @ CIN~~NL~~the stop NSF - business closed. ATT 1440. Reattempt next biz day.
DN-100976,RTE-DET-20240126-005,DRV-01022,HUB-DET,2024-01-26T17:25:00,address,"[01/26 17:25] RTE-DET-20240126-005 / DRV-01022 @ DET~~NL~~Suite # missing, 1 stops undeliverable. Contacting account for update."
DN-100977,RTE-IND-20240126-003,DRV-01024,HUB-IND,2024-01-26T07:41:00,access,"[01/26 07:41] RTE-IND-20240126-003 / DRV-01024 @ IND~~NL~~Gate locked at delivery, no answer. ATT x2. the stop left as NSF, reattempt scheduled."
DN-100978,RTE-DET-20240130-001,DRV-01014,HUB-DET,2024-01-30T16:00:00,volume,"[01/30 16:00] RTE-DET-20240130-001 / DRV-01014 @ DET~~NL~~Overloaded manifest, 53 stops assigned. 6 could not be completed in service window."
DN-100979,RTE-CHI-20240131-002,DRV-01190,HUB-CHI,2024-01-31T17:53:00,traffic,"[01/31 17:53] RTE-CHI-20240131-002 / DRV-01190 @ CHI~~NL~~Accident on route, detour added. 2 DEL slipped past commit."
DN-100980,RTE-DET-20240131-002,DRV-01046,HUB-DET,2024-01-31T20:16:00,access,[01/31 20:16] RTE-DET-20240131-002 / DRV-01046 @ DET~~NL~~Dock closed early. 6 LTL stops could not unload. Rescheduling AM.
DN-100981,RTE-DET-20240201-004,DRV-01021,HUB-DET,2024-02-01T09:28:00,traffic,"[02/01 09:28] RTE-DET-20240201-004 / DRV-01021 @ DET~~NL~~I-65 closure, major backup. ETA +65m. 2 stops missed cutoff."
DN-100982,RTE-DET-20240202-001,DRV-01014,HUB-DET,2024-02-02T11:45:00,access,[02/02 11:45] RTE-DET-20240202-001 / DRV-01014 @ DET~~NL~~Dock closed early. 3 LTL stops could not unload. Rescheduling AM.
DN-100983,RTE-CIN-20240205-003,DRV-01027,HUB-CIN,2024-02-05T14:52:00,customer_nsf,[02/05 14:52] RTE-CIN-20240205-003 / DRV-01027 @ CIN~~NL~~Consignee refused delivery the stop. Return to hub initiated.
DN-100984,RTE-IND-20240205-002,DRV-01006,HUB-IND,2024-02-05T12:31:00,mechanical,"[02/05 12:31] RTE-IND-20240205-002 / DRV-01006 @ IND~~NL~~Check-engine light, reduced power. Swapped to spare, 2 stops late."
DN-100985,RTE-CIN-20240206-004,DRV-01025,HUB-CIN,2024-02-06T18:43:00,customer_nsf,[02/06 18:43] RTE-CIN-20240206-004 / DRV-01025 @ CIN~~NL~~the stop NSF - business closed. ATT 1440. Reattempt next biz day.
DN-100986,RTE-CHI-20240207-002,DRV-01005,HUB-CHI,2024-02-07T17:14:00,access,[02/07 17:14] RTE-CHI-20240207-002 / DRV-01005 @ CHI~~NL~~Dock closed early. 2 LTL stops could not unload. Rescheduling AM.
DN-100987,RTE-IND-20240207-003,DRV-01031,HUB-IND,2024-02-07T08:09:00,address,"[02/07 08:09] RTE-IND-20240207-003 / DRV-01031 @ IND~~NL~~Suite # missing, 2 stops undeliverable. Contacting account for update."
DN-100988,RTE-CIN-20240209-004,DRV-01019,HUB-CIN,2024-02-09T13:09:00,volume,"[02/09 13:09] RTE-CIN-20240209-004 / DRV-01019 @ CIN~~NL~~Overloaded manifest, 61 stops assigned. 1 could not be completed in service window."
DN-100989,RTE-CIN-20240213-001,DRV-01192,HUB-CIN,2024-02-13T08:04:00,access,"[02/13 08:04] RTE-CIN-20240213-001 / DRV-01192 @ CIN~~NL~~Gate locked at delivery, no answer. ATT x2. the stop left as NSF, reattempt scheduled."
DN-100990,RTE-CHI-20240214-002,DRV-01048,HUB-CHI,2024-02-14T14:32:00,weather,[02/14 14:32] RTE-CHI-20240214-002 / DRV-01048 @ CHI~~NL~~Freezing rain. Driver DRV-01048 pulled early for safety. 5 stops rolled to tomorrow.
DN-100991,RTE-CIN-20240214-001,DRV-01008,HUB-CIN,2024-02-14T16:53:00,address,[02/14 16:53] RTE-CIN-20240214-001 / DRV-01008 @ CIN~~NL~~Bad address on the stop. Geocode off by ~3mi. Held for dispatch correction.
DN-100992,RTE-CIN-20240214-002,DRV-01023,HUB-CIN,2024-02-14T18:13:00,weather,"[02/14 18:13] RTE-CIN-20240214-002 / DRV-01023 @ CIN~~NL~~Snow/ice on route. 38 stops ATT, 4 DEL to next day. Salt trucks late. ETA slippage all afternoon."
DN-100993,RTE-CHI-20240219-001,DRV-01020,HUB-CHI,2024-02-19T10:40:00,access,"[02/19 10:40] RTE-CHI-20240219-001 / DRV-01020 @ CHI~~NL~~Gate locked at delivery, no answer. ATT x2. the stop left as NSF, reattempt scheduled."
DN-100994,RTE-CHI-20240221-002,DRV-01035,HUB-CHI,2024-02-21T11:56:00,weather,"[02/21 11:56] RTE-CHI-20240221-002 / DRV-01035 @ CHI~~NL~~Snow/ice on route. 32 stops ATT, 1 DEL to next day. Salt trucks late. ETA slippage all afternoon."
DN-100995,RTE-CHI-20240222-001,DRV-01012,HUB-CHI,2024-02-22T18:29:00,access,"[02/22 18:29] RTE-CHI-20240222-001 / DRV-01012 @ CHI~~NL~~Gate locked at delivery, no answer. ATT x2. the stop left as NSF, reattempt scheduled."
DN-100996,RTE-CMH-20240223-003,DRV-01039,HUB-CMH,2024-02-23T12:14:00,weather,[02/23 12:14] RTE-CMH-20240223-003 / DRV-01039 @ CMH~~NL~~Freezing rain. Driver DRV-01039 pulled early for safety. 4 stops rolled to tomorrow.
DN-100997,RTE-CHI-20240226-001,DRV-01190,HUB-CHI,2024-02-26T06:45:00,address,"[02/26 06:45] RTE-CHI-20240226-001 / DRV-01190 @ CHI~~NL~~Suite # missing, 4 stops undeliverable. Contacting account for update."
DN-100998,RTE-IND-20240227-001,DRV-01045,HUB-IND,2024-02-27T19:57:00,address,[02/27 19:57] RTE-IND-20240227-001 / DRV-01045 @ IND~~NL~~Bad address on the stop. Geocode off by ~3mi. Held for dispatch correction.
DN-100999,RTE-IND-20240228-001,DRV-01045,HUB-IND,2024-02-28T12:16:00,access,[02/28 12:16] RTE-IND-20240228-001 / DRV-01045 @ IND~~NL~~Dock closed early. 6 LTL stops could not unload. Rescheduling AM.
DN-101000,RTE-CHI-20240229-004,DRV-01005,HUB-CHI,2024-02-29T07:06:00,volume,"[02/29 07:06] RTE-CHI-20240229-004 / DRV-01005 @ CHI~~NL~~Overloaded manifest, 61 stops assigned. 3 could not be completed in service window."
DN-101001,RTE-CHI-20240304-001,DRV-01017,HUB-CHI,2024-03-04T14:36:00,customer_nsf,[03/04 14:36] RTE-CHI-20240304-001 / DRV-01017 @ CHI~~NL~~the stop NSF - business closed. ATT 1440. Reattempt next biz day.
DN-101002,RTE-CIN-20240304-001,DRV-01027,HUB-CIN,2024-03-04T10:10:00,access,[03/04 10:10] RTE-CIN-20240304-001 / DRV-01027 @ CIN~~NL~~Dock closed early. 4 LTL stops could not unload. Rescheduling AM.
DN-101003,RTE-CIN-20240304-003,DRV-01027,HUB-CIN,2024-03-04T19:17:00,weather,[03/04 19:17] RTE-CIN-20240304-003 / DRV-01027 @ CIN~~NL~~Freezing rain. Driver DRV-01027 pulled early for safety. 4 stops rolled to tomorrow.
DN-101004,RTE-DET-20240305-002,DRV-01046,HUB-DET,2024-03-05T15:46:00,traffic,"[03/05 15:46] RTE-DET-20240305-002 / DRV-01046 @ DET~~NL~~I-65 closure, major backup. ETA +65m. 5 stops missed cutoff."
DN-101005,RTE-CIN-20240306-001,DRV-01041,HUB-CIN,2024-03-06T10:49:00,address,"[03/06 10:49] RTE-CIN-20240306-001 / DRV-01041 @ CIN~~NL~~Suite # missing, 5 stops undeliverable. Contacting account for update."
DN-101006,RTE-CMH-20240306-001,DRV-01189,HUB-CMH,2024-03-06T11:30:00,traffic,"[03/06 11:30] RTE-CMH-20240306-001 / DRV-01189 @ CMH~~NL~~I-94 closure, major backup. ETA +94m. 3 stops missed cutoff."
DN-101007,RTE-CIN-20240307-002,DRV-01023,HUB-CIN,2024-03-07T20:21:00,access,[03/07 20:21] RTE-CIN-20240307-002 / DRV-01023 @ CIN~~NL~~Dock closed early. 2 LTL stops could not unload. Rescheduling AM.
DN-101008,RTE-CIN-20240307-004,DRV-01034,HUB-CIN,2024-03-07T16:09:00,access,"[03/07 16:09] RTE-CIN-20240307-004 / DRV-01034 @ CIN~~NL~~Gate locked at delivery, no answer. ATT x2. the stop left as NSF, reattempt scheduled."
DN-101009,RTE-CMH-20240307-002,DRV-01049,HUB-CMH,2024-03-07T13:10:00,traffic,"[03/07 13:10] RTE-CMH-20240307-002 / DRV-01049 @ CMH~~NL~~Accident on route, detour added. 4 DEL slipped past commit."
DN-101010,RTE-DET-20240308-003,DRV-01014,HUB-DET,2024-03-08T18:59:00,volume,"[03/08 18:59] RTE-DET-20240308-003 / DRV-01014 @ DET~~NL~~Overloaded manifest, 59 stops assigned. 2 could not be completed in service window."
DN-101011,RTE-CIN-20240311-001,DRV-01041,HUB-CIN,2024-03-11T06:07:00,weather,[03/11 06:07] RTE-CIN-20240311-001 / DRV-01041 @ CIN~~NL~~Freezing rain. Driver DRV-01041 pulled early for safety. 5 stops rolled to tomorrow.
DN-101012,RTE-CIN-20240314-003,DRV-01003,HUB-CIN,2024-03-14T07:07:00,customer_nsf,[03/14 07:07] RTE-CIN-20240314-003 / DRV-01003 @ CIN~~NL~~the stop NSF - business closed. ATT 1440. Reattempt next biz day.
DN-101013,RTE-IND-20240317-003,DRV-01033,HUB-IND,2024-03-17T09:39:00,weather,[03/17 09:39] RTE-IND-20240317-003 / DRV-01033 @ IND~~NL~~Freezing rain. Driver DRV-01033 pulled early for safety. 3 stops rolled to tomorrow.
DN-101014,RTE-CHI-20240318-002,DRV-01190,HUB-CHI,2024-03-18T17:24:00,weather,[03/18 17:24] RTE-CHI-20240318-002 / DRV-01190 @ CHI~~NL~~Freezing rain. Driver DRV-01190 pulled early for safety. 4 stops rolled to tomorrow.
DN-101015,RTE-CIN-20240318-001,DRV-01002,HUB-CIN,2024-03-18T11:50:00,weather,"[03/18 11:50] RTE-CIN-20240318-001 / DRV-01002 @ CIN~~NL~~Snow/ice on route. 47 stops ATT, 6 DEL to next day. Salt trucks late. ETA slippage all afternoon."
DN-101016,RTE-CMH-20240319-001,DRV-01018,HUB-CMH,2024-03-19T15:16:00,customer_nsf,[03/19 15:16] RTE-CMH-20240319-001 / DRV-01018 @ CMH~~NL~~the stop NSF - business closed. ATT 1440. Reattempt next biz day.
DN-101017,RTE-CMH-20240321-003,DRV-01039,HUB-CMH,2024-03-21T17:04:00,traffic,"[03/21 17:04] RTE-CMH-20240321-003 / DRV-01039 @ CMH~~NL~~I-71 closure, major backup. ETA +71m. 3 stops missed cutoff."
DN-101018,RTE-IND-20240321-003,DRV-01032,HUB-IND,2024-03-21T09:10:00,weather,[03/21 09:10] RTE-IND-20240321-003 / DRV-01032 @ IND~~NL~~Freezing rain. Driver DRV-01032 pulled early for safety. 4 stops rolled to tomorrow.
DN-101019,RTE-CHI-20240322-001,DRV-01005,HUB-CHI,2024-03-22T10:29:00,traffic,"[03/22 10:29] RTE-CHI-20240322-001 / DRV-01005 @ CHI~~NL~~Accident on route, detour added. 6 DEL slipped past commit."
DN-101020,RTE-CMH-20240323-002,DRV-01049,HUB-CMH,2024-03-23T15:49:00,access,[03/23 15:49] RTE-CMH-20240323-002 / DRV-01049 @ CMH~~NL~~Dock closed early. 5 LTL stops could not unload. Rescheduling AM.
DN-101021,RTE-IND-20240323-001,DRV-01042,HUB-IND,2024-03-23T17:28:00,address,"[03/23 17:28] RTE-IND-20240323-001 / DRV-01042 @ IND~~NL~~Suite # missing, 4 stops undeliverable. Contacting account for update."
DN-101022,RTE-CHI-20240325-002,DRV-01007,HUB-CHI,2024-03-25T16:55:00,weather,[03/25 16:55] RTE-CHI-20240325-002 / DRV-01007 @ CHI~~NL~~Freezing rain. Driver DRV-01007 pulled early for safety. 4 stops rolled to tomorrow.
DN-101023,RTE-CHI-20240325-004,DRV-01020,HUB-CHI,2024-03-25T10:04:00,customer_nsf,[03/25 10:04] RTE-CHI-20240325-004 / DRV-01020 @ CHI~~NL~~Consignee refused delivery the stop. Return to hub initiated.
DN-101024,RTE-IND-20240325-003,DRV-01024,HUB-IND,2024-03-25T08:54:00,traffic,"[03/25 08:54] RTE-IND-20240325-003 / DRV-01024 @ IND~~NL~~I-65 closure, major backup. ETA +65m. 2 stops missed cutoff."
DN-101025,RTE-CIN-20240326-002,DRV-01041,HUB-CIN,2024-03-26T20:21:00,customer_nsf,[03/26 20:21] RTE-CIN-20240326-002 / DRV-01041 @ CIN~~NL~~the stop NSF - business closed. ATT 1440. Reattempt next biz day.
DN-101026,RTE-CIN-20240326-004,DRV-01026,HUB-CIN,2024-03-26T20:29:00,weather,[03/26 20:29] RTE-CIN-20240326-004 / DRV-01026 @ CIN~~NL~~Freezing rain. Driver DRV-01026 pulled early for safety. 6 stops rolled to tomorrow.
DN-101027,RTE-CMH-20240326-001,DRV-01016,HUB-CMH,2024-03-26T10:36:00,weather,[03/26 10:36] RTE-CMH-20240326-001 / DRV-01016 @ CMH~~NL~~Freezing rain. Driver DRV-01016 pulled early for safety. 1 stops rolled to tomorrow.
DN-101028,RTE-CMH-20240326-004,DRV-01049,HUB-CMH,2024-03-26T06:24:00,traffic,"[03/26 06:24] RTE-CMH-20240326-004 / DRV-01049 @ CMH~~NL~~Accident on route, detour added. 3 DEL slipped past commit."
DN-101029,RTE-CMH-20240327-004,DRV-01039,HUB-CMH,2024-03-27T07:22:00,weather,"[03/27 07:22] RTE-CMH-20240327-004 / DRV-01039 @ CMH~~NL~~Snow/ice on route. 57 stops ATT, 1 DEL to next day. Salt trucks late. ETA slippage all afternoon."
DN-101030,RTE-CIN-20240330-001,DRV-01192,HUB-CIN,2024-03-30T16:46:00,weather,[03/30 16:46] RTE-CIN-20240330-001 / DRV-01192 @ CIN~~NL~~Freezing rain. Driver DRV-01192 pulled early for safety. 6 stops rolled to tomorrow.
DN-101031,RTE-CMH-20240330-001,DRV-01010,HUB-CMH,2024-03-30T17:09:00,access,"[03/30 17:09] RTE-CMH-20240330-001 / DRV-01010 @ CMH~~NL~~Gate locked at delivery, no answer. ATT x2. the stop left as NSF, reattempt scheduled."
DN-101032,RTE-CIN-20240401-002,DRV-01192,HUB-CIN,2024-04-01T10:55:00,volume,"[04/01 10:55] RTE-CIN-20240401-002 / DRV-01192 @ CIN~~NL~~Overloaded manifest, 62 stops assigned. 5 could not be completed in service window."
DN-101033,RTE-CIN-20240401-003,DRV-01025,HUB-CIN,2024-04-01T14:50:00,volume,"[04/01 14:50] RTE-CIN-20240401-003 / DRV-01025 @ CIN~~NL~~Overloaded manifest, 29 stops assigned. 6 could not be completed in service window."
DN-101034,RTE-CMH-20240401-002,DRV-01013,HUB-CMH,2024-04-01T12:03:00,mechanical,"[04/01 12:03] RTE-CMH-20240401-002 / DRV-01013 @ CMH~~NL~~Liftgate fault mid-route. DRV-01013 completed 49 stops manual, 2 deferred. VEH flagged for shop."
DN-101035,RTE-CIN-20240403-001,DRV-01041,HUB-CIN,2024-04-03T10:16:00,address,"[04/03 10:16] RTE-CIN-20240403-001 / DRV-01041 @ CIN~~NL~~Suite # missing, 6 stops undeliverable. Contacting account for update."
DN-101036,RTE-CIN-20240404-002,DRV-01003,HUB-CIN,2024-04-04T12:02:00,traffic,"[04/04 12:02] RTE-CIN-20240404-002 / DRV-01003 @ CIN~~NL~~Accident on route, detour added. 2 DEL slipped past commit."
DN-101037,RTE-IND-20240407-001,DRV-01188,HUB-IND,2024-04-07T09:53:00,access,"[04/07 09:53] RTE-IND-20240407-001 / DRV-01188 @ IND~~NL~~Gate locked at delivery, no answer. ATT x2. the stop left as NSF, reattempt scheduled."
DN-101038,RTE-CHI-20240408-001,DRV-01017,HUB-CHI,2024-04-08T12:43:00,access,[04/08 12:43] RTE-CHI-20240408-001 / DRV-01017 @ CHI~~NL~~Dock closed early. 3 LTL stops could not unload. Rescheduling AM.
DN-101039,RTE-CIN-20240409-002,DRV-01019,HUB-CIN,2024-04-09T19:40:00,volume,"[04/09 19:40] RTE-CIN-20240409-002 / DRV-01019 @ CIN~~NL~~Overloaded manifest, 40 stops assigned. 3 could not be completed in service window."
DN-101040,RTE-CMH-20240409-002,DRV-01040,HUB-CMH,2024-04-09T18:31:00,mechanical,"[04/09 18:31] RTE-CMH-20240409-002 / DRV-01040 @ CMH~~NL~~Liftgate fault mid-route. DRV-01040 completed 49 stops manual, 1 deferred. VEH flagged for shop."
DN-101041,RTE-DET-20240409-001,DRV-01014,HUB-DET,2024-04-09T13:50:00,volume,"[04/09 13:50] RTE-DET-20240409-001 / DRV-01014 @ DET~~NL~~Overloaded manifest, 64 stops assigned. 1 could not be completed in service window."
DN-101042,RTE-CHI-20240410-002,DRV-01007,HUB-CHI,2024-04-10T19:08:00,address,"[04/10 19:08] RTE-CHI-20240410-002 / DRV-01007 @ CHI~~NL~~Suite # missing, 1 stops undeliverable. Contacting account for update."
DN-101043,RTE-CMH-20240411-001,DRV-01044,HUB-CMH,2024-04-11T17:20:00,address,[04/11 17:20] RTE-CMH-20240411-001 / DRV-01044 @ CMH~~NL~~Bad address on the stop. Geocode off by ~3mi. Held for dispatch correction.
DN-101044,RTE-DET-20240412-004,DRV-01021,HUB-DET,2024-04-12T07:17:00,customer_nsf,[04/12 07:17] RTE-DET-20240412-004 / DRV-01021 @ DET~~NL~~the stop NSF - business closed. ATT 1440. Reattempt next biz day.
DN-101045,RTE-CHI-20240415-001,DRV-01020,HUB-CHI,2024-04-15T06:32:00,traffic,"[04/15 06:32] RTE-CHI-20240415-001 / DRV-01020 @ CHI~~NL~~I-74 closure, major backup. ETA +74m. 6 stops missed cutoff."
DN-101046,RTE-DET-20240415-002,DRV-01004,HUB-DET,2024-04-15T15:52:00,volume,"[04/15 15:52] RTE-DET-20240415-002 / DRV-01004 @ DET~~NL~~Peak volume, truck full. 3 pkgs bumped to overflow route."
DN-101047,RTE-IND-20240415-001,DRV-01042,HUB-IND,2024-04-15T12:16:00,weather,"[04/15 12:16] RTE-IND-20240415-001 / DRV-01042 @ IND~~NL~~Snow/ice on route. 62 stops ATT, 2 DEL to next day. Salt trucks late. ETA slippage all afternoon."
DN-101048,RTE-CHI-20240416-003,DRV-01007,HUB-CHI,2024-04-16T14:32:00,traffic,"[04/16 14:32] RTE-CHI-20240416-003 / DRV-01007 @ CHI~~NL~~I-94 closure, major backup. ETA +94m. 4 stops missed cutoff."
DN-101049,RTE-DET-20240416-002,DRV-01022,HUB-DET,2024-04-16T08:31:00,weather,"[04/16 08:31] RTE-DET-20240416-002 / DRV-01022 @ DET~~NL~~Snow/ice on route. 58 stops ATT, 6 DEL to next day. Salt trucks late. ETA slippage all afternoon."
DN-101050,RTE-CHI-20240417-003,DRV-01190,HUB-CHI,2024-04-17T08:10:00,traffic,"[04/17 08:10] RTE-CHI-20240417-003 / DRV-01190 @ CHI~~NL~~I-70 closure, major backup. ETA +70m. 2 stops missed cutoff."
DN-101051,RTE-CHI-20240419-001,DRV-01190,HUB-CHI,2024-04-19T14:30:00,traffic,"[04/19 14:30] RTE-CHI-20240419-001 / DRV-01190 @ CHI~~NL~~I-70 closure, major backup. ETA +70m. 4 stops missed cutoff."
DN-101052,RTE-CIN-20240420-001,DRV-01008,HUB-CIN,2024-04-20T12:37:00,access,[04/20 12:37] RTE-CIN-20240420-001 / DRV-01008 @ CIN~~NL~~Dock closed early. 5 LTL stops could not unload. Rescheduling AM.
DN-101053,RTE-CHI-20240421-002,DRV-01035,HUB-CHI,2024-04-21T07:55:00,access,[04/21 07:55] RTE-CHI-20240421-002 / DRV-01035 @ CHI~~NL~~Dock closed early. 1 LTL stops could not unload. Rescheduling AM.
DN-101054,RTE-CMH-20240424-001,DRV-01044,HUB-CMH,2024-04-24T16:01:00,volume,"[04/24 16:01] RTE-CMH-20240424-001 / DRV-01044 @ CMH~~NL~~Peak volume, truck full. 5 pkgs bumped to overflow route."
DN-101055,RTE-DET-20240424-002,DRV-01037,HUB-DET,2024-04-24T14:24:00,traffic,"[04/24 14:24] RTE-DET-20240424-002 / DRV-01037 @ DET~~NL~~Accident on route, detour added. 4 DEL slipped past commit."
DN-101056,RTE-CIN-20240425-002,DRV-01002,HUB-CIN,2024-04-25T11:16:00,traffic,"[04/25 11:16] RTE-CIN-20240425-002 / DRV-01002 @ CIN~~NL~~Accident on route, detour added. 4 DEL slipped past commit."
DN-101057,RTE-CIN-20240425-003,DRV-01025,HUB-CIN,2024-04-25T18:08:00,access,[04/25 18:08] RTE-CIN-20240425-003 / DRV-01025 @ CIN~~NL~~Dock closed early. 3 LTL stops could not unload. Rescheduling AM.
DN-101058,RTE-CHI-20240428-001,DRV-01017,HUB-CHI,2024-04-28T11:18:00,mechanical,"[04/28 11:18] RTE-CHI-20240428-001 / DRV-01017 @ CHI~~NL~~Liftgate fault mid-route. DRV-01017 completed 25 stops manual, 4 deferred. VEH flagged for shop."
DN-101059,RTE-DET-20240428-002,DRV-01014,HUB-DET,2024-04-28T20:17:00,volume,"[04/28 20:17] RTE-DET-20240428-002 / DRV-01014 @ DET~~NL~~Peak volume, truck full. 1 pkgs bumped to overflow route."
DN-101060,RTE-CHI-20240430-001,DRV-01005,HUB-CHI,2024-04-30T17:19:00,address,[04/30 17:19] RTE-CHI-20240430-001 / DRV-01005 @ CHI~~NL~~Bad address on the stop. Geocode off by ~3mi. Held for dispatch correction.
DN-101061,RTE-CMH-20240501-001,DRV-01049,HUB-CMH,2024-05-01T09:50:00,volume,"[05/01 09:50] RTE-CMH-20240501-001 / DRV-01049 @ CMH~~NL~~Overloaded manifest, 23 stops assigned. 3 could not be completed in service window."
DN-101062,RTE-CHI-20240502-003,DRV-01007,HUB-CHI,2024-05-02T16:42:00,mechanical,"[05/02 16:42] RTE-CHI-20240502-003 / DRV-01007 @ CHI~~NL~~Liftgate fault mid-route. DRV-01007 completed 49 stops manual, 3 deferred. VEH flagged for shop."
DN-101063,RTE-CHI-20240502-006,DRV-01048,HUB-CHI,2024-05-02T12:58:00,weather,"[05/02 12:58] RTE-CHI-20240502-006 / DRV-01048 @ CHI~~NL~~Snow/ice on route. 26 stops ATT, 6 DEL to next day. Salt trucks late. ETA slippage all afternoon."
DN-101064,RTE-CMH-20240503-002,DRV-01009,HUB-CMH,2024-05-03T14:37:00,customer_nsf,[05/03 14:37] RTE-CMH-20240503-002 / DRV-01009 @ CMH~~NL~~Consignee refused delivery the stop. Return to hub initiated.
DN-101065,RTE-DET-20240503-001,DRV-01022,HUB-DET,2024-05-03T20:27:00,weather,[05/03 20:27] RTE-DET-20240503-001 / DRV-01022 @ DET~~NL~~Freezing rain. Driver DRV-01022 pulled early for safety. 2 stops rolled to tomorrow.
DN-101066,RTE-DET-20240506-002,DRV-01046,HUB-DET,2024-05-06T06:25:00,address,"[05/06 06:25] RTE-DET-20240506-002 / DRV-01046 @ DET~~NL~~Suite # missing, 1 stops undeliverable. Contacting account for update."
DN-101067,RTE-IND-20240508-002,DRV-01031,HUB-IND,2024-05-08T20:11:00,mechanical,"[05/08 20:11] RTE-IND-20240508-002 / DRV-01031 @ IND~~NL~~Liftgate fault mid-route. DRV-01031 completed 62 stops manual, 2 deferred. VEH flagged for shop."
DN-101068,RTE-CHI-20240509-001,DRV-01005,HUB-CHI,2024-05-09T20:55:00,traffic,"[05/09 20:55] RTE-CHI-20240509-001 / DRV-01005 @ CHI~~NL~~Accident on route, detour added. 2 DEL slipped past commit."
DN-101069,RTE-IND-20240509-002,DRV-01191,HUB-IND,2024-05-09T17:16:00,access,[05/09 17:16] RTE-IND-20240509-002 / DRV-01191 @ IND~~NL~~Dock closed early. 4 LTL stops could not unload. Rescheduling AM.
DN-101070,RTE-CMH-20240510-002,DRV-01039,HUB-CMH,2024-05-10T14:33:00,mechanical,"[05/10 14:33] RTE-CMH-20240510-002 / DRV-01039 @ CMH~~NL~~Liftgate fault mid-route. DRV-01039 completed 42 stops manual, 4 deferred. VEH flagged for shop."
DN-101071,RTE-IND-20240510-004,DRV-01191,HUB-IND,2024-05-10T17:24:00,weather,"[05/10 17:24] RTE-IND-20240510-004 / DRV-01191 @ IND~~NL~~Snow/ice on route. 27 stops ATT, 1 DEL to next day. Salt trucks late. ETA slippage all afternoon."
DN-101072,RTE-CHI-20240511-002,DRV-01190,HUB-CHI,2024-05-11T12:45:00,mechanical,"[05/11 12:45] RTE-CHI-20240511-002 / DRV-01190 @ CHI~~NL~~Check-engine light, reduced power. Swapped to spare, 3 stops late."
DN-101073,RTE-CHI-20240513-001,DRV-01047,HUB-CHI,2024-05-13T06:29:00,address,[05/13 06:29] RTE-CHI-20240513-001 / DRV-01047 @ CHI~~NL~~Bad address on the stop. Geocode off by ~3mi. Held for dispatch correction.
DN-101074,RTE-CIN-20240515-001,DRV-01008,HUB-CIN,2024-05-15T11:42:00,weather,[05/15 11:42] RTE-CIN-20240515-001 / DRV-01008 @ CIN~~NL~~Freezing rain. Driver DRV-01008 pulled early for safety. 1 stops rolled to tomorrow.
DN-101075,RTE-CMH-20240515-001,DRV-01036,HUB-CMH,2024-05-15T19:32:00,address,[05/15 19:32] RTE-CMH-20240515-001 / DRV-01036 @ CMH~~NL~~Bad address on the stop. Geocode off by ~3mi. Held for dispatch correction.
DN-101076,RTE-CIN-20240517-002,DRV-01034,HUB-CIN,2024-05-17T16:07:00,customer_nsf,[05/17 16:07] RTE-CIN-20240517-002 / DRV-01034 @ CIN~~NL~~Consignee refused delivery the stop. Return to hub initiated.
DN-101077,RTE-DET-20240522-002,DRV-01037,HUB-DET,2024-05-22T20:47:00,weather,"[05/22 20:47] RTE-DET-20240522-002 / DRV-01037 @ DET~~NL~~Snow/ice on route. 31 stops ATT, 3 DEL to next day. Salt trucks late. ETA slippage all afternoon."
DN-101078,RTE-IND-20240523-003,DRV-01031,HUB-IND,2024-05-23T15:38:00,volume,"[05/23 15:38] RTE-IND-20240523-003 / DRV-01031 @ IND~~NL~~Peak volume, truck full. 3 pkgs bumped to overflow route."
DN-101079,RTE-IND-20240523-005,DRV-01032,HUB-IND,2024-05-23T19:55:00,mechanical,"[05/23 19:55] RTE-IND-20240523-005 / DRV-01032 @ IND~~NL~~Check-engine light, reduced power. Swapped to spare, 4 stops late."
DN-101080,RTE-CMH-20240527-001,DRV-01189,HUB-CMH,2024-05-27T19:13:00,address,"[05/27 19:13] RTE-CMH-20240527-001 / DRV-01189 @ CMH~~NL~~Suite # missing, 1 stops undeliverable. Contacting account for update."
DN-101081,RTE-IND-20240527-005,DRV-01188,HUB-IND,2024-05-27T06:43:00,customer_nsf,[05/27 06:43] RTE-IND-20240527-005 / DRV-01188 @ IND~~NL~~Consignee refused delivery the stop. Return to hub initiated.
DN-101082,RTE-CHI-20240528-001,DRV-01007,HUB-CHI,2024-05-28T17:55:00,address,"[05/28 17:55] RTE-CHI-20240528-001 / DRV-01007 @ CHI~~NL~~Suite # missing, 1 stops undeliverable. Contacting account for update."
DN-101083,RTE-CMH-20240528-002,DRV-01016,HUB-CMH,2024-05-28T09:08:00,weather,[05/28 09:08] RTE-CMH-20240528-002 / DRV-01016 @ CMH~~NL~~Freezing rain. Driver DRV-01016 pulled early for safety. 5 stops rolled to tomorrow.
DN-101084,RTE-DET-20240528-002,DRV-01193,HUB-DET,2024-05-28T12:28:00,weather,"[05/28 12:28] RTE-DET-20240528-002 / DRV-01193 @ DET~~NL~~Snow/ice on route. 46 stops ATT, 1 DEL to next day. Salt trucks late. ETA slippage all afternoon."
DN-101085,RTE-DET-20240529-001,DRV-01193,HUB-DET,2024-05-29T08:35:00,volume,"[05/29 08:35] RTE-DET-20240529-001 / DRV-01193 @ DET~~NL~~Overloaded manifest, 50 stops assigned. 6 could not be completed in service window."
DN-101086,RTE-IND-20240529-001,DRV-01045,HUB-IND,2024-05-29T11:15:00,mechanical,"[05/29 11:15] RTE-IND-20240529-001 / DRV-01045 @ IND~~NL~~Liftgate fault mid-route. DRV-01045 completed 64 stops manual, 5 deferred. VEH flagged for shop."
DN-101087,RTE-IND-20240531-001,DRV-01006,HUB-IND,2024-05-31T16:50:00,volume,"[05/31 16:50] RTE-IND-20240531-001 / DRV-01006 @ IND~~NL~~Peak volume, truck full. 1 pkgs bumped to overflow route."
DN-101088,RTE-CIN-20240603-003,DRV-01026,HUB-CIN,2024-06-03T08:01:00,traffic,"[06/03 08:01] RTE-CIN-20240603-003 / DRV-01026 @ CIN~~NL~~Accident on route, detour added. 2 DEL slipped past commit."
DN-101089,RTE-DET-20240603-001,DRV-01037,HUB-DET,2024-06-03T18:47:00,weather,"[06/03 18:47] RTE-DET-20240603-001 / DRV-01037 @ DET~~NL~~Snow/ice on route. 29 stops ATT, 6 DEL to next day. Salt trucks late. ETA slippage all afternoon."
DN-101090,RTE-CHI-20240604-002,DRV-01011,HUB-CHI,2024-06-04T15:42:00,weather,[06/04 15:42] RTE-CHI-20240604-002 / DRV-01011 @ CHI~~NL~~Freezing rain. Driver DRV-01011 pulled early for safety. 6 stops rolled to tomorrow.
DN-101091,RTE-IND-20240604-002,DRV-01191,HUB-IND,2024-06-04T19:55:00,mechanical,"[06/04 19:55] RTE-IND-20240604-002 / DRV-01191 @ IND~~NL~~Check-engine light, reduced power. Swapped to spare, 2 stops late."
DN-101092,RTE-CIN-20240605-003,DRV-01008,HUB-CIN,2024-06-05T14:57:00,address,[06/05 14:57] RTE-CIN-20240605-003 / DRV-01008 @ CIN~~NL~~Bad address on the stop. Geocode off by ~3mi. Held for dispatch correction.
DN-101093,RTE-IND-20240605-005,DRV-01032,HUB-IND,2024-06-05T12:14:00,address,"[06/05 12:14] RTE-IND-20240605-005 / DRV-01032 @ IND~~NL~~Suite # missing, 4 stops undeliverable. Contacting account for update."
DN-101094,RTE-CHI-20240607-001,DRV-01048,HUB-CHI,2024-06-07T16:02:00,traffic,"[06/07 16:02] RTE-CHI-20240607-001 / DRV-01048 @ CHI~~NL~~Accident on route, detour added. 1 DEL slipped past commit."
DN-101095,RTE-CMH-20240608-001,DRV-01010,HUB-CMH,2024-06-08T13:42:00,weather,"[06/08 13:42] RTE-CMH-20240608-001 / DRV-01010 @ CMH~~NL~~Snow/ice on route. 19 stops ATT, 5 DEL to next day. Salt trucks late. ETA slippage all afternoon."
DN-101096,RTE-DET-20240609-001,DRV-01037,HUB-DET,2024-06-09T14:29:00,traffic,"[06/09 14:29] RTE-DET-20240609-001 / DRV-01037 @ DET~~NL~~I-71 closure, major backup. ETA +71m. 3 stops missed cutoff."
DN-101097,RTE-CHI-20240610-001,DRV-01007,HUB-CHI,2024-06-10T17:20:00,weather,[06/10 17:20] RTE-CHI-20240610-001 / DRV-01007 @ CHI~~NL~~Freezing rain. Driver DRV-01007 pulled early for safety. 3 stops rolled to tomorrow.
DN-101098,RTE-CIN-20240612-002,DRV-01026,HUB-CIN,2024-06-12T11:17:00,traffic,"[06/12 11:17] RTE-CIN-20240612-002 / DRV-01026 @ CIN~~NL~~I-65 closure, major backup. ETA +65m. 6 stops missed cutoff."
DN-101099,RTE-CMH-20240612-003,DRV-01028,HUB-CMH,2024-06-12T09:01:00,weather,"[06/12 09:01] RTE-CMH-20240612-003 / DRV-01028 @ CMH~~NL~~Snow/ice on route. 38 stops ATT, 5 DEL to next day. Salt trucks late. ETA slippage all afternoon."
DN-101100,RTE-CMH-20240612-004,DRV-01013,HUB-CMH,2024-06-12T13:19:00,access,"[06/12 13:19] RTE-CMH-20240612-004 / DRV-01013 @ CMH~~NL~~Gate locked at delivery, no answer. ATT x2. the stop left as NSF, reattempt scheduled."
DN-101101,RTE-DET-20240612-002,DRV-01014,HUB-DET,2024-06-12T13:45:00,access,[06/12 13:45] RTE-DET-20240612-002 / DRV-01014 @ DET~~NL~~Dock closed early. 2 LTL stops could not unload. Rescheduling AM.
DN-101102,RTE-CMH-20240613-002,DRV-01010,HUB-CMH,2024-06-13T18:59:00,traffic,"[06/13 18:59] RTE-CMH-20240613-002 / DRV-01010 @ CMH~~NL~~I-71 closure, major backup. ETA +71m. 3 stops missed cutoff."
DN-101103,RTE-CIN-20240614-003,DRV-01008,HUB-CIN,2024-06-14T20:00:00,access,[06/14 20:00] RTE-CIN-20240614-003 / DRV-01008 @ CIN~~NL~~Dock closed early. 4 LTL stops could not unload. Rescheduling AM.
DN-101104,RTE-DET-20240614-006,DRV-01021,HUB-DET,2024-06-14T16:16:00,customer_nsf,[06/14 16:16] RTE-DET-20240614-006 / DRV-01021 @ DET~~NL~~the stop NSF - business closed. ATT 1440. Reattempt next biz day.
DN-101105,RTE-CHI-20240616-001,DRV-01048,HUB-CHI,2024-06-16T14:59:00,weather,[06/16 14:59] RTE-CHI-20240616-001 / DRV-01048 @ CHI~~NL~~Freezing rain. Driver DRV-01048 pulled early for safety. 6 stops rolled to tomorrow.
DN-101106,RTE-CMH-20240618-001,DRV-01015,HUB-CMH,2024-06-18T13:19:00,volume,"[06/18 13:19] RTE-CMH-20240618-001 / DRV-01015 @ CMH~~NL~~Overloaded manifest, 59 stops assigned. 1 could not be completed in service window."
DN-101107,RTE-IND-20240619-001,DRV-01024,HUB-IND,2024-06-19T16:32:00,weather,[06/19 16:32] RTE-IND-20240619-001 / DRV-01024 @ IND~~NL~~Freezing rain. Driver DRV-01024 pulled early for safety. 6 stops rolled to tomorrow.
DN-101108,RTE-IND-20240620-001,DRV-01006,HUB-IND,2024-06-20T08:19:00,weather,"[06/20 08:19] RTE-IND-20240620-001 / DRV-01006 @ IND~~NL~~Snow/ice on route. 44 stops ATT, 1 DEL to next day. Salt trucks late. ETA slippage all afternoon."
DN-101109,RTE-CHI-20240621-002,DRV-01048,HUB-CHI,2024-06-21T09:37:00,weather,"[06/21 09:37] RTE-CHI-20240621-002 / DRV-01048 @ CHI~~NL~~Snow/ice on route. 42 stops ATT, 1 DEL to next day. Salt trucks late. ETA slippage all afternoon."
DN-101110,RTE-CHI-20240622-001,DRV-01048,HUB-CHI,2024-06-22T10:54:00,address,"[06/22 10:54] RTE-CHI-20240622-001 / DRV-01048 @ CHI~~NL~~Suite # missing, 4 stops undeliverable. Contacting account for update."
DN-101111,RTE-DET-20240623-004,DRV-01004,HUB-DET,2024-06-23T19:35:00,weather,"[06/23 19:35] RTE-DET-20240623-004 / DRV-01004 @ DET~~NL~~Snow/ice on route. 28 stops ATT, 1 DEL to next day. Salt trucks late. ETA slippage all afternoon."
DN-101112,RTE-IND-20240624-001,DRV-01006,HUB-IND,2024-06-24T17:26:00,volume,"[06/24 17:26] RTE-IND-20240624-001 / DRV-01006 @ IND~~NL~~Overloaded manifest, 47 stops assigned. 4 could not be completed in service window."
DN-101113,RTE-CMH-20240627-001,DRV-01009,HUB-CMH,2024-06-27T09:22:00,traffic,"[06/27 09:22] RTE-CMH-20240627-001 / DRV-01009 @ CMH~~NL~~I-70 closure, major backup. ETA +70m. 5 stops missed cutoff."
DN-101114,RTE-DET-20240627-002,DRV-01046,HUB-DET,2024-06-27T07:44:00,mechanical,"[06/27 07:44] RTE-DET-20240627-002 / DRV-01046 @ DET~~NL~~Check-engine light, reduced power. Swapped to spare, 6 stops late."
DN-101115,RTE-IND-20240627-001,DRV-01024,HUB-IND,2024-06-27T17:01:00,traffic,"[06/27 17:01] RTE-IND-20240627-001 / DRV-01024 @ IND~~NL~~Accident on route, detour added. 4 DEL slipped past commit."
DN-101116,RTE-CHI-20240628-001,DRV-01007,HUB-CHI,2024-06-28T19:52:00,traffic,"[06/28 19:52] RTE-CHI-20240628-001 / DRV-01007 @ CHI~~NL~~Accident on route, detour added. 4 DEL slipped past commit."
DN-101117,RTE-DET-20240701-002,DRV-01014,HUB-DET,2024-07-01T11:13:00,access,[07/01 11:13] RTE-DET-20240701-002 / DRV-01014 @ DET~~NL~~Dock closed early. 2 LTL stops could not unload. Rescheduling AM.
DN-101118,RTE-IND-20240701-002,DRV-01045,HUB-IND,2024-07-01T17:10:00,access,[07/01 17:10] RTE-IND-20240701-002 / DRV-01045 @ IND~~NL~~Dock closed early. 1 LTL stops could not unload. Rescheduling AM.
DN-101119,RTE-IND-20240701-004,DRV-01033,HUB-IND,2024-07-01T16:22:00,address,"[07/01 16:22] RTE-IND-20240701-004 / DRV-01033 @ IND~~NL~~Suite # missing, 5 stops undeliverable. Contacting account for update."
DN-101120,RTE-CIN-20240703-001,DRV-01026,HUB-CIN,2024-07-03T07:01:00,weather,"[07/03 07:01] RTE-CIN-20240703-001 / DRV-01026 @ CIN~~NL~~Snow/ice on route. 57 stops ATT, 6 DEL to next day. Salt trucks late. ETA slippage all afternoon."
DN-101121,RTE-CIN-20240703-002,DRV-01003,HUB-CIN,2024-07-03T16:41:00,traffic,"[07/03 16:41] RTE-CIN-20240703-002 / DRV-01003 @ CIN~~NL~~I-90 closure, major backup. ETA +90m. 6 stops missed cutoff."
DN-101122,RTE-DET-20240705-002,DRV-01004,HUB-DET,2024-07-05T19:33:00,weather,[07/05 19:33] RTE-DET-20240705-002 / DRV-01004 @ DET~~NL~~Freezing rain. Driver DRV-01004 pulled early for safety. 6 stops rolled to tomorrow.
DN-101123,RTE-CMH-20240709-001,DRV-01189,HUB-CMH,2024-07-09T14:53:00,weather,"[07/09 14:53] RTE-CMH-20240709-001 / DRV-01189 @ CMH~~NL~~Snow/ice on route. 50 stops ATT, 5 DEL to next day. Salt trucks late. ETA slippage all afternoon."
DN-101124,RTE-IND-20240709-002,DRV-01042,HUB-IND,2024-07-09T12:12:00,weather,[07/09 12:12] RTE-IND-20240709-002 / DRV-01042 @ IND~~NL~~Freezing rain. Driver DRV-01042 pulled early for safety. 4 stops rolled to tomorrow.
DN-101125,RTE-CMH-20240710-004,DRV-01049,HUB-CMH,2024-07-10T20:44:00,traffic,"[07/10 20:44] RTE-CMH-20240710-004 / DRV-01049 @ CMH~~NL~~Accident on route, detour added. 3 DEL slipped past commit."
DN-101126,RTE-CHI-20240711-002,DRV-01017,HUB-CHI,2024-07-11T10:04:00,weather,[07/11 10:04] RTE-CHI-20240711-002 / DRV-01017 @ CHI~~NL~~Freezing rain. Driver DRV-01017 pulled early for safety. 3 stops rolled to tomorrow.
DN-101127,RTE-DET-20240711-003,DRV-01014,HUB-DET,2024-07-11T06:00:00,volume,"[07/11 06:00] RTE-DET-20240711-003 / DRV-01014 @ DET~~NL~~Overloaded manifest, 39 stops assigned. 1 could not be completed in service window."
DN-101128,RTE-IND-20240711-003,DRV-01006,HUB-IND,2024-07-11T11:12:00,address,[07/11 11:12] RTE-IND-20240711-003 / DRV-01006 @ IND~~NL~~Bad address on the stop. Geocode off by ~3mi. Held for dispatch correction.
DN-101129,RTE-IND-20240716-001,DRV-01191,HUB-IND,2024-07-16T11:59:00,weather,[07/16 11:59] RTE-IND-20240716-001 / DRV-01191 @ IND~~NL~~Freezing rain. Driver DRV-01191 pulled early for safety. 4 stops rolled to tomorrow.
DN-101130,RTE-CHI-20240717-001,DRV-01007,HUB-CHI,2024-07-17T14:23:00,access,[07/17 14:23] RTE-CHI-20240717-001 / DRV-01007 @ CHI~~NL~~Dock closed early. 6 LTL stops could not unload. Rescheduling AM.
DN-101131,RTE-CIN-20240717-002,DRV-01019,HUB-CIN,2024-07-17T07:01:00,traffic,"[07/17 07:01] RTE-CIN-20240717-002 / DRV-01019 @ CIN~~NL~~I-90 closure, major backup. ETA +90m. 2 stops missed cutoff."
DN-101132,RTE-CHI-20240718-001,DRV-01035,HUB-CHI,2024-07-18T07:37:00,weather,"[07/18 07:37] RTE-CHI-20240718-001 / DRV-01035 @ CHI~~NL~~Snow/ice on route. 52 stops ATT, 2 DEL to next day. Salt trucks late. ETA slippage all afternoon."
DN-101133,RTE-IND-20240718-004,DRV-01033,HUB-IND,2024-07-18T14:07:00,traffic,"[07/18 14:07] RTE-IND-20240718-004 / DRV-01033 @ IND~~NL~~Accident on route, detour added. 6 DEL slipped past commit."
DN-101134,RTE-IND-20240718-006,DRV-01191,HUB-IND,2024-07-18T19:59:00,address,"[07/18 19:59] RTE-IND-20240718-006 / DRV-01191 @ IND~~NL~~Suite # missing, 2 stops undeliverable. Contacting account for update."
DN-101135,RTE-CIN-20240719-002,DRV-01027,HUB-CIN,2024-07-19T08:25:00,weather,[07/19 08:25] RTE-CIN-20240719-002 / DRV-01027 @ CIN~~NL~~Freezing rain. Driver DRV-01027 pulled early for safety. 2 stops rolled to tomorrow.
DN-101136,RTE-DET-20240719-004,DRV-01046,HUB-DET,2024-07-19T10:06:00,access,[07/19 10:06] RTE-DET-20240719-004 / DRV-01046 @ DET~~NL~~Dock closed early. 5 LTL stops could not unload. Rescheduling AM.
DN-101137,RTE-CMH-20240721-001,DRV-01010,HUB-CMH,2024-07-21T06:08:00,weather,"[07/21 06:08] RTE-CMH-20240721-001 / DRV-01010 @ CMH~~NL~~Snow/ice on route. 26 stops ATT, 3 DEL to next day. Salt trucks late. ETA slippage all afternoon."
DN-101138,RTE-CHI-20240723-001,DRV-01035,HUB-CHI,2024-07-23T09:41:00,weather,"[07/23 09:41] RTE-CHI-20240723-001 / DRV-01035 @ CHI~~NL~~Snow/ice on route. 29 stops ATT, 1 DEL to next day. Salt trucks late. ETA slippage all afternoon."
DN-101139,RTE-CHI-20240724-001,DRV-01190,HUB-CHI,2024-07-24T10:07:00,traffic,"[07/24 10:07] RTE-CHI-20240724-001 / DRV-01190 @ CHI~~NL~~I-71 closure, major backup. ETA +71m. 2 stops missed cutoff."
DN-101140,RTE-DET-20240724-002,DRV-01014,HUB-DET,2024-07-24T11:39:00,volume,"[07/24 11:39] RTE-DET-20240724-002 / DRV-01014 @ DET~~NL~~Peak volume, truck full. 3 pkgs bumped to overflow route."
DN-101141,RTE-IND-20240724-004,DRV-01042,HUB-IND,2024-07-24T13:35:00,volume,"[07/24 13:35] RTE-IND-20240724-004 / DRV-01042 @ IND~~NL~~Overloaded manifest, 54 stops assigned. 3 could not be completed in service window."
DN-101142,RTE-CIN-20240725-001,DRV-01026,HUB-CIN,2024-07-25T12:40:00,traffic,"[07/25 12:40] RTE-CIN-20240725-001 / DRV-01026 @ CIN~~NL~~Accident on route, detour added. 3 DEL slipped past commit."
DN-101143,RTE-CMH-20240725-001,DRV-01013,HUB-CMH,2024-07-25T14:10:00,weather,[07/25 14:10] RTE-CMH-20240725-001 / DRV-01013 @ CMH~~NL~~Freezing rain. Driver DRV-01013 pulled early for safety. 5 stops rolled to tomorrow.
DN-101144,RTE-IND-20240725-001,DRV-01188,HUB-IND,2024-07-25T09:29:00,traffic,"[07/25 09:29] RTE-IND-20240725-001 / DRV-01188 @ IND~~NL~~I-94 closure, major backup. ETA +94m. 3 stops missed cutoff."
DN-101145,RTE-CMH-20240726-001,DRV-01030,HUB-CMH,2024-07-26T17:39:00,access,"[07/26 17:39] RTE-CMH-20240726-001 / DRV-01030 @ CMH~~NL~~Gate locked at delivery, no answer. ATT x2. the stop left as NSF, reattempt scheduled."
DN-101146,RTE-CHI-20240729-001,DRV-01047,HUB-CHI,2024-07-29T19:27:00,customer_nsf,[07/29 19:27] RTE-CHI-20240729-001 / DRV-01047 @ CHI~~NL~~the stop NSF - business closed. ATT 1440. Reattempt next biz day.
DN-101147,RTE-CIN-20240730-003,DRV-01038,HUB-CIN,2024-07-30T17:54:00,address,"[07/30 17:54] RTE-CIN-20240730-003 / DRV-01038 @ CIN~~NL~~Suite # missing, 4 stops undeliverable. Contacting account for update."
DN-101148,RTE-CHI-20240731-003,DRV-01017,HUB-CHI,2024-07-31T14:57:00,address,[07/31 14:57] RTE-CHI-20240731-003 / DRV-01017 @ CHI~~NL~~Bad address on the stop. Geocode off by ~3mi. Held for dispatch correction.
DN-101149,RTE-CMH-20240731-002,DRV-01013,HUB-CMH,2024-07-31T17:56:00,weather,"[07/31 17:56] RTE-CMH-20240731-002 / DRV-01013 @ CMH~~NL~~Snow/ice on route. 25 stops ATT, 2 DEL to next day. Salt trucks late. ETA slippage all afternoon."
DN-101150,RTE-CIN-20240806-004,DRV-01041,HUB-CIN,2024-08-06T19:42:00,traffic,"[08/06 19:42] RTE-CIN-20240806-004 / DRV-01041 @ CIN~~NL~~Accident on route, detour added. 4 DEL slipped past commit."
DN-101151,RTE-DET-20240807-001,DRV-01004,HUB-DET,2024-08-07T09:24:00,access,"[08/07 09:24] RTE-DET-20240807-001 / DRV-01004 @ DET~~NL~~Gate locked at delivery, no answer. ATT x2. the stop left as NSF, reattempt scheduled."
DN-101152,RTE-DET-20240807-002,DRV-01193,HUB-DET,2024-08-07T13:45:00,access,[08/07 13:45] RTE-DET-20240807-002 / DRV-01193 @ DET~~NL~~Dock closed early. 1 LTL stops could not unload. Rescheduling AM.
DN-101153,RTE-DET-20240808-003,DRV-01022,HUB-DET,2024-08-08T15:52:00,access,[08/08 15:52] RTE-DET-20240808-003 / DRV-01022 @ DET~~NL~~Dock closed early. 1 LTL stops could not unload. Rescheduling AM.
DN-101154,RTE-CHI-20240809-003,DRV-01011,HUB-CHI,2024-08-09T12:18:00,volume,"[08/09 12:18] RTE-CHI-20240809-003 / DRV-01011 @ CHI~~NL~~Peak volume, truck full. 4 pkgs bumped to overflow route."
DN-101155,RTE-CMH-20240809-002,DRV-01001,HUB-CMH,2024-08-09T06:59:00,access,[08/09 06:59] RTE-CMH-20240809-002 / DRV-01001 @ CMH~~NL~~Dock closed early. 5 LTL stops could not unload. Rescheduling AM.
DN-101156,RTE-CHI-20240813-001,DRV-01011,HUB-CHI,2024-08-13T08:35:00,volume,"[08/13 08:35] RTE-CHI-20240813-001 / DRV-01011 @ CHI~~NL~~Overloaded manifest, 58 stops assigned. 5 could not be completed in service window."
DN-101157,RTE-CMH-20240814-002,DRV-01189,HUB-CMH,2024-08-14T13:39:00,access,[08/14 13:39] RTE-CMH-20240814-002 / DRV-01189 @ CMH~~NL~~Dock closed early. 5 LTL stops could not unload. Rescheduling AM.
DN-101158,RTE-IND-20240816-001,DRV-01191,HUB-IND,2024-08-16T06:37:00,weather,"[08/16 06:37] RTE-IND-20240816-001 / DRV-01191 @ IND~~NL~~Snow/ice on route. 42 stops ATT, 5 DEL to next day. Salt trucks late. ETA slippage all afternoon."
DN-101159,RTE-CHI-20240819-001,DRV-01005,HUB-CHI,2024-08-19T07:18:00,volume,"[08/19 07:18] RTE-CHI-20240819-001 / DRV-01005 @ CHI~~NL~~Peak volume, truck full. 6 pkgs bumped to overflow route."
DN-101160,RTE-IND-20240819-003,DRV-01033,HUB-IND,2024-08-19T19:15:00,weather,"[08/19 19:15] RTE-IND-20240819-003 / DRV-01033 @ IND~~NL~~Snow/ice on route. 23 stops ATT, 5 DEL to next day. Salt trucks late. ETA slippage all afternoon."
DN-101161,RTE-DET-20240820-001,DRV-01014,HUB-DET,2024-08-20T18:41:00,volume,"[08/20 18:41] RTE-DET-20240820-001 / DRV-01014 @ DET~~NL~~Peak volume, truck full. 5 pkgs bumped to overflow route."
DN-101162,RTE-IND-20240821-003,DRV-01006,HUB-IND,2024-08-21T06:21:00,volume,"[08/21 06:21] RTE-IND-20240821-003 / DRV-01006 @ IND~~NL~~Peak volume, truck full. 6 pkgs bumped to overflow route."
DN-101163,RTE-CMH-20240822-001,DRV-01013,HUB-CMH,2024-08-22T15:54:00,access,[08/22 15:54] RTE-CMH-20240822-001 / DRV-01013 @ CMH~~NL~~Dock closed early. 3 LTL stops could not unload. Rescheduling AM.
DN-101164,RTE-DET-20240822-001,DRV-01022,HUB-DET,2024-08-22T09:30:00,access,"[08/22 09:30] RTE-DET-20240822-001 / DRV-01022 @ DET~~NL~~Gate locked at delivery, no answer. ATT x2. the stop left as NSF, reattempt scheduled."
DN-101165,RTE-CMH-20240823-002,DRV-01016,HUB-CMH,2024-08-23T13:24:00,weather,"[08/23 13:24] RTE-CMH-20240823-002 / DRV-01016 @ CMH~~NL~~Snow/ice on route. 19 stops ATT, 4 DEL to next day. Salt trucks late. ETA slippage all afternoon."
DN-101166,RTE-CIN-20240824-001,DRV-01192,HUB-CIN,2024-08-24T18:56:00,access,[08/24 18:56] RTE-CIN-20240824-001 / DRV-01192 @ CIN~~NL~~Dock closed early. 5 LTL stops could not unload. Rescheduling AM.
DN-101167,RTE-CMH-20240825-001,DRV-01039,HUB-CMH,2024-08-25T16:46:00,traffic,"[08/25 16:46] RTE-CMH-20240825-001 / DRV-01039 @ CMH~~NL~~I-74 closure, major backup. ETA +74m. 2 stops missed cutoff."
DN-101168,RTE-CIN-20240826-001,DRV-01192,HUB-CIN,2024-08-26T13:26:00,access,"[08/26 13:26] RTE-CIN-20240826-001 / DRV-01192 @ CIN~~NL~~Gate locked at delivery, no answer. ATT x2. the stop left as NSF, reattempt scheduled."
DN-101169,RTE-DET-20240828-001,DRV-01004,HUB-DET,2024-08-28T12:38:00,mechanical,"[08/28 12:38] RTE-DET-20240828-001 / DRV-01004 @ DET~~NL~~Liftgate fault mid-route. DRV-01004 completed 38 stops manual, 1 deferred. VEH flagged for shop."
DN-101170,RTE-IND-20240828-001,DRV-01031,HUB-IND,2024-08-28T08:23:00,weather,[08/28 08:23] RTE-IND-20240828-001 / DRV-01031 @ IND~~NL~~Freezing rain. Driver DRV-01031 pulled early for safety. 6 stops rolled to tomorrow.
DN-101171,RTE-DET-20240829-004,DRV-01014,HUB-DET,2024-08-29T06:26:00,weather,"[08/29 06:26] RTE-DET-20240829-004 / DRV-01014 @ DET~~NL~~Snow/ice on route. 31 stops ATT, 3 DEL to next day. Salt trucks late. ETA slippage all afternoon."
DN-101172,RTE-CIN-20240831-001,DRV-01034,HUB-CIN,2024-08-31T06:26:00,address,"[08/31 06:26] RTE-CIN-20240831-001 / DRV-01034 @ CIN~~NL~~Suite # missing, 3 stops undeliverable. Contacting account for update."
DN-101173,RTE-IND-20240831-003,DRV-01032,HUB-IND,2024-08-31T09:36:00,mechanical,"[08/31 09:36] RTE-IND-20240831-003 / DRV-01032 @ IND~~NL~~Check-engine light, reduced power. Swapped to spare, 6 stops late."
DN-101174,RTE-CIN-20240902-003,DRV-01002,HUB-CIN,2024-09-02T07:44:00,traffic,"[09/02 07:44] RTE-CIN-20240902-003 / DRV-01002 @ CIN~~NL~~Accident on route, detour added. 6 DEL slipped past commit."
DN-101175,RTE-CHI-20240904-003,DRV-01020,HUB-CHI,2024-09-04T20:30:00,weather,"[09/04 20:30] RTE-CHI-20240904-003 / DRV-01020 @ CHI~~NL~~Snow/ice on route. 52 stops ATT, 4 DEL to next day. Salt trucks late. ETA slippage all afternoon."
DN-101176,RTE-CMH-20240905-002,DRV-01036,HUB-CMH,2024-09-05T06:19:00,access,[09/05 06:19] RTE-CMH-20240905-002 / DRV-01036 @ CMH~~NL~~Dock closed early. 3 LTL stops could not unload. Rescheduling AM.
DN-101177,RTE-DET-20240905-002,DRV-01037,HUB-DET,2024-09-05T12:22:00,volume,"[09/05 12:22] RTE-DET-20240905-002 / DRV-01037 @ DET~~NL~~Peak volume, truck full. 2 pkgs bumped to overflow route."
DN-101178,RTE-IND-20240905-004,DRV-01045,HUB-IND,2024-09-05T13:05:00,weather,"[09/05 13:05] RTE-IND-20240905-004 / DRV-01045 @ IND~~NL~~Snow/ice on route. 50 stops ATT, 3 DEL to next day. Salt trucks late. ETA slippage all afternoon."
DN-101179,RTE-DET-20240906-001,DRV-01021,HUB-DET,2024-09-06T09:48:00,access,[09/06 09:48] RTE-DET-20240906-001 / DRV-01021 @ DET~~NL~~Dock closed early. 6 LTL stops could not unload. Rescheduling AM.
DN-101180,RTE-CHI-20240909-001,DRV-01007,HUB-CHI,2024-09-09T18:50:00,volume,"[09/09 18:50] RTE-CHI-20240909-001 / DRV-01007 @ CHI~~NL~~Peak volume, truck full. 4 pkgs bumped to overflow route."
DN-101181,RTE-CMH-20240909-002,DRV-01194,HUB-CMH,2024-09-09T18:21:00,weather,"[09/09 18:21] RTE-CMH-20240909-002 / DRV-01194 @ CMH~~NL~~Snow/ice on route. 45 stops ATT, 5 DEL to next day. Salt trucks late. ETA slippage all afternoon."
DN-101182,RTE-CMH-20240909-003,DRV-01044,HUB-CMH,2024-09-09T19:08:00,access,"[09/09 19:08] RTE-CMH-20240909-003 / DRV-01044 @ CMH~~NL~~Gate locked at delivery, no answer. ATT x2. the stop left as NSF, reattempt scheduled."
DN-101183,RTE-IND-20240909-002,DRV-01006,HUB-IND,2024-09-09T13:29:00,mechanical,"[09/09 13:29] RTE-IND-20240909-002 / DRV-01006 @ IND~~NL~~Check-engine light, reduced power. Swapped to spare, 2 stops late."
DN-101184,RTE-CMH-20240910-002,DRV-01016,HUB-CMH,2024-09-10T08:34:00,access,[09/10 08:34] RTE-CMH-20240910-002 / DRV-01016 @ CMH~~NL~~Dock closed early. 4 LTL stops could not unload. Rescheduling AM.
DN-101185,RTE-CIN-20240911-002,DRV-01027,HUB-CIN,2024-09-11T15:53:00,customer_nsf,[09/11 15:53] RTE-CIN-20240911-002 / DRV-01027 @ CIN~~NL~~Consignee refused delivery the stop. Return to hub initiated.
DN-101186,RTE-CIN-20240911-003,DRV-01041,HUB-CIN,2024-09-11T06:41:00,address,[09/11 06:41] RTE-CIN-20240911-003 / DRV-01041 @ CIN~~NL~~Bad address on the stop. Geocode off by ~3mi. Held for dispatch correction.
DN-101187,RTE-CHI-20240912-001,DRV-01035,HUB-CHI,2024-09-12T07:46:00,access,[09/12 07:46] RTE-CHI-20240912-001 / DRV-01035 @ CHI~~NL~~Dock closed early. 3 LTL stops could not unload. Rescheduling AM.
DN-101188,RTE-CHI-20240913-003,DRV-01035,HUB-CHI,2024-09-13T09:28:00,address,[09/13 09:28] RTE-CHI-20240913-003 / DRV-01035 @ CHI~~NL~~Bad address on the stop. Geocode off by ~3mi. Held for dispatch correction.
DN-101189,RTE-IND-20240913-003,DRV-01024,HUB-IND,2024-09-13T14:12:00,volume,"[09/13 14:12] RTE-IND-20240913-003 / DRV-01024 @ IND~~NL~~Overloaded manifest, 24 stops assigned. 6 could not be completed in service window."
DN-101190,RTE-CIN-20240916-003,DRV-01029,HUB-CIN,2024-09-16T08:02:00,access,"[09/16 08:02] RTE-CIN-20240916-003 / DRV-01029 @ CIN~~NL~~Gate locked at delivery, no answer. ATT x2. the stop left as NSF, reattempt scheduled."
DN-101191,RTE-DET-20240916-001,DRV-01021,HUB-DET,2024-09-16T08:07:00,weather,[09/16 08:07] RTE-DET-20240916-001 / DRV-01021 @ DET~~NL~~Freezing rain. Driver DRV-01021 pulled early for safety. 6 stops rolled to tomorrow.
DN-101192,RTE-DET-20240917-002,DRV-01046,HUB-DET,2024-09-17T13:07:00,customer_nsf,[09/17 13:07] RTE-DET-20240917-002 / DRV-01046 @ DET~~NL~~the stop NSF - business closed. ATT 1440. Reattempt next biz day.
DN-101193,RTE-CHI-20240918-002,DRV-01190,HUB-CHI,2024-09-18T08:33:00,volume,"[09/18 08:33] RTE-CHI-20240918-002 / DRV-01190 @ CHI~~NL~~Overloaded manifest, 31 stops assigned. 6 could not be completed in service window."
DN-101194,RTE-CIN-20240918-002,DRV-01027,HUB-CIN,2024-09-18T15:22:00,traffic,"[09/18 15:22] RTE-CIN-20240918-002 / DRV-01027 @ CIN~~NL~~Accident on route, detour added. 1 DEL slipped past commit."
DN-101195,RTE-CIN-20240920-001,DRV-01019,HUB-CIN,2024-09-20T20:27:00,traffic,"[09/20 20:27] RTE-CIN-20240920-001 / DRV-01019 @ CIN~~NL~~I-65 closure, major backup. ETA +65m. 5 stops missed cutoff."
DN-101196,RTE-CMH-20240920-003,DRV-01018,HUB-CMH,2024-09-20T15:43:00,volume,"[09/20 15:43] RTE-CMH-20240920-003 / DRV-01018 @ CMH~~NL~~Peak volume, truck full. 1 pkgs bumped to overflow route."
DN-101197,RTE-IND-20240921-001,DRV-01045,HUB-IND,2024-09-21T08:45:00,traffic,"[09/21 08:45] RTE-IND-20240921-001 / DRV-01045 @ IND~~NL~~Accident on route, detour added. 6 DEL slipped past commit."
DN-101198,RTE-CHI-20240923-004,DRV-01035,HUB-CHI,2024-09-23T09:08:00,customer_nsf,[09/23 09:08] RTE-CHI-20240923-004 / DRV-01035 @ CHI~~NL~~the stop NSF - business closed. ATT 1440. Reattempt next biz day.
DN-101199,RTE-CIN-20240924-001,DRV-01025,HUB-CIN,2024-09-24T18:04:00,traffic,"[09/24 18:04] RTE-CIN-20240924-001 / DRV-01025 @ CIN~~NL~~I-70 closure, major backup. ETA +70m. 1 stops missed cutoff."
DN-101200,RTE-CMH-20240924-002,DRV-01013,HUB-CMH,2024-09-24T15:10:00,mechanical,"[09/24 15:10] RTE-CMH-20240924-002 / DRV-01013 @ CMH~~NL~~Liftgate fault mid-route. DRV-01013 completed 62 stops manual, 3 deferred. VEH flagged for shop."
DN-101201,RTE-CHI-20240925-001,DRV-01047,HUB-CHI,2024-09-25T12:05:00,mechanical,"[09/25 12:05] RTE-CHI-20240925-001 / DRV-01047 @ CHI~~NL~~Check-engine light, reduced power. Swapped to spare, 4 stops late."
DN-101202,RTE-CMH-20240925-002,DRV-01040,HUB-CMH,2024-09-25T07:23:00,traffic,"[09/25 07:23] RTE-CMH-20240925-002 / DRV-01040 @ CMH~~NL~~I-90 closure, major backup. ETA +90m. 6 stops missed cutoff."
DN-101203,RTE-CIN-20240926-001,DRV-01029,HUB-CIN,2024-09-26T20:00:00,address,[09/26 20:00] RTE-CIN-20240926-001 / DRV-01029 @ CIN~~NL~~Bad address on the stop. Geocode off by ~3mi. Held for dispatch correction.
DN-101204,RTE-CIN-20240927-001,DRV-01027,HUB-CIN,2024-09-27T06:59:00,volume,"[09/27 06:59] RTE-CIN-20240927-001 / DRV-01027 @ CIN~~NL~~Overloaded manifest, 59 stops assigned. 1 could not be completed in service window."
DN-101205,RTE-CMH-20240927-003,DRV-01030,HUB-CMH,2024-09-27T11:23:00,access,[09/27 11:23] RTE-CMH-20240927-003 / DRV-01030 @ CMH~~NL~~Dock closed early. 6 LTL stops could not unload. Rescheduling AM.
DN-101206,RTE-IND-20240927-005,DRV-01042,HUB-IND,2024-09-27T12:00:00,mechanical,"[09/27 12:00] RTE-IND-20240927-005 / DRV-01042 @ IND~~NL~~Liftgate fault mid-route. DRV-01042 completed 28 stops manual, 3 deferred. VEH flagged for shop."
DN-101207,RTE-DET-20240928-002,DRV-01046,HUB-DET,2024-09-28T09:28:00,address,"[09/28 09:28] RTE-DET-20240928-002 / DRV-01046 @ DET~~NL~~Suite # missing, 5 stops undeliverable. Contacting account for update."
DN-101208,RTE-IND-20240930-002,DRV-01032,HUB-IND,2024-09-30T11:32:00,access,[09/30 11:32] RTE-IND-20240930-002 / DRV-01032 @ IND~~NL~~Dock closed early. 5 LTL stops could not unload. Rescheduling AM.
DN-101209,RTE-CHI-20241002-001,DRV-01020,HUB-CHI,2024-10-02T10:59:00,volume,"[10/02 10:59] RTE-CHI-20241002-001 / DRV-01020 @ CHI~~NL~~Peak volume, truck full. 5 pkgs bumped to overflow route."
DN-101210,RTE-CIN-20241002-002,DRV-01038,HUB-CIN,2024-10-02T17:17:00,weather,[10/02 17:17] RTE-CIN-20241002-002 / DRV-01038 @ CIN~~NL~~Freezing rain. Driver DRV-01038 pulled early for safety. 5 stops rolled to tomorrow.
DN-101211,RTE-IND-20241003-001,DRV-01191,HUB-IND,2024-10-03T10:55:00,mechanical,"[10/03 10:55] RTE-IND-20241003-001 / DRV-01191 @ IND~~NL~~Liftgate fault mid-route. DRV-01191 completed 29 stops manual, 3 deferred. VEH flagged for shop."
DN-101212,RTE-CMH-20241004-003,DRV-01044,HUB-CMH,2024-10-04T19:33:00,traffic,"[10/04 19:33] RTE-CMH-20241004-003 / DRV-01044 @ CMH~~NL~~I-94 closure, major backup. ETA +94m. 5 stops missed cutoff."
DN-101213,RTE-CMH-20241004-005,DRV-01030,HUB-CMH,2024-10-04T13:24:00,weather,"[10/04 13:24] RTE-CMH-20241004-005 / DRV-01030 @ CMH~~NL~~Snow/ice on route. 27 stops ATT, 4 DEL to next day. Salt trucks late. ETA slippage all afternoon."
DN-101214,RTE-CIN-20241007-001,DRV-01041,HUB-CIN,2024-10-07T11:14:00,address,"[10/07 11:14] RTE-CIN-20241007-001 / DRV-01041 @ CIN~~NL~~Suite # missing, 3 stops undeliverable. Contacting account for update."
DN-101215,RTE-CIN-20241008-002,DRV-01003,HUB-CIN,2024-10-08T11:24:00,weather,[10/08 11:24] RTE-CIN-20241008-002 / DRV-01003 @ CIN~~NL~~Freezing rain. Driver DRV-01003 pulled early for safety. 2 stops rolled to tomorrow.
DN-101216,RTE-CIN-20241008-004,DRV-01008,HUB-CIN,2024-10-08T10:09:00,traffic,"[10/08 10:09] RTE-CIN-20241008-004 / DRV-01008 @ CIN~~NL~~Accident on route, detour added. 5 DEL slipped past commit."
DN-101217,RTE-DET-20241011-007,DRV-01046,HUB-DET,2024-10-11T10:04:00,weather,"[10/11 10:04] RTE-DET-20241011-007 / DRV-01046 @ DET~~NL~~Snow/ice on route. 52 stops ATT, 1 DEL to next day. Salt trucks late. ETA slippage all afternoon."
DN-101218,RTE-CIN-20241015-002,DRV-01023,HUB-CIN,2024-10-15T10:58:00,traffic,"[10/15 10:58] RTE-CIN-20241015-002 / DRV-01023 @ CIN~~NL~~Accident on route, detour added. 5 DEL slipped past commit."
DN-101219,RTE-IND-20241015-001,DRV-01031,HUB-IND,2024-10-15T14:29:00,customer_nsf,[10/15 14:29] RTE-IND-20241015-001 / DRV-01031 @ IND~~NL~~Consignee refused delivery the stop. Return to hub initiated.
DN-101220,RTE-IND-20241015-003,DRV-01188,HUB-IND,2024-10-15T11:31:00,mechanical,"[10/15 11:31] RTE-IND-20241015-003 / DRV-01188 @ IND~~NL~~Check-engine light, reduced power. Swapped to spare, 5 stops late."
DN-101221,RTE-CMH-20241016-002,DRV-01015,HUB-CMH,2024-10-16T17:19:00,weather,"[10/16 17:19] RTE-CMH-20241016-002 / DRV-01015 @ CMH~~NL~~Snow/ice on route. 41 stops ATT, 5 DEL to next day. Salt trucks late. ETA slippage all afternoon."
DN-101222,RTE-CMH-20241016-004,DRV-01044,HUB-CMH,2024-10-16T12:34:00,weather,[10/16 12:34] RTE-CMH-20241016-004 / DRV-01044 @ CMH~~NL~~Freezing rain. Driver DRV-01044 pulled early for safety. 4 stops rolled to tomorrow.
DN-101223,RTE-DET-20241018-001,DRV-01037,HUB-DET,2024-10-18T11:37:00,mechanical,"[10/18 11:37] RTE-DET-20241018-001 / DRV-01037 @ DET~~NL~~Liftgate fault mid-route. DRV-01037 completed 37 stops manual, 2 deferred. VEH flagged for shop."
DN-101224,RTE-IND-20241018-004,DRV-01032,HUB-IND,2024-10-18T08:13:00,weather,"[10/18 08:13] RTE-IND-20241018-004 / DRV-01032 @ IND~~NL~~Snow/ice on route. 24 stops ATT, 2 DEL to next day. Salt trucks late. ETA slippage all afternoon."
DN-101225,RTE-CIN-20241021-002,DRV-01002,HUB-CIN,2024-10-21T16:52:00,mechanical,"[10/21 16:52] RTE-CIN-20241021-002 / DRV-01002 @ CIN~~NL~~Check-engine light, reduced power. Swapped to spare, 6 stops late."
DN-101226,RTE-CHI-20241022-002,DRV-01017,HUB-CHI,2024-10-22T20:02:00,traffic,"[10/22 20:02] RTE-CHI-20241022-002 / DRV-01017 @ CHI~~NL~~I-94 closure, major backup. ETA +94m. 2 stops missed cutoff."
DN-101227,RTE-CIN-20241023-002,DRV-01008,HUB-CIN,2024-10-23T17:27:00,weather,"[10/23 17:27] RTE-CIN-20241023-002 / DRV-01008 @ CIN~~NL~~Snow/ice on route. 22 stops ATT, 1 DEL to next day. Salt trucks late. ETA slippage all afternoon."
DN-101228,RTE-DET-20241023-001,DRV-01046,HUB-DET,2024-10-23T14:04:00,address,[10/23 14:04] RTE-DET-20241023-001 / DRV-01046 @ DET~~NL~~Bad address on the stop. Geocode off by ~3mi. Held for dispatch correction.
DN-101229,RTE-CIN-20241024-002,DRV-01008,HUB-CIN,2024-10-24T18:58:00,customer_nsf,[10/24 18:58] RTE-CIN-20241024-002 / DRV-01008 @ CIN~~NL~~Consignee refused delivery the stop. Return to hub initiated.
DN-101230,RTE-DET-20241024-001,DRV-01022,HUB-DET,2024-10-24T11:55:00,address,"[10/24 11:55] RTE-DET-20241024-001 / DRV-01022 @ DET~~NL~~Suite # missing, 2 stops undeliverable. Contacting account for update."
DN-101231,RTE-IND-20241024-002,DRV-01188,HUB-IND,2024-10-24T20:31:00,traffic,"[10/24 20:31] RTE-IND-20241024-002 / DRV-01188 @ IND~~NL~~I-94 closure, major backup. ETA +94m. 3 stops missed cutoff."
DN-101232,RTE-IND-20241024-003,DRV-01042,HUB-IND,2024-10-24T16:50:00,traffic,"[10/24 16:50] RTE-IND-20241024-003 / DRV-01042 @ IND~~NL~~Accident on route, detour added. 4 DEL slipped past commit."
DN-101233,RTE-CMH-20241025-003,DRV-01194,HUB-CMH,2024-10-25T10:38:00,volume,"[10/25 10:38] RTE-CMH-20241025-003 / DRV-01194 @ CMH~~NL~~Peak volume, truck full. 5 pkgs bumped to overflow route."
DN-101234,RTE-CMH-20241025-004,DRV-01001,HUB-CMH,2024-10-25T16:48:00,customer_nsf,[10/25 16:48] RTE-CMH-20241025-004 / DRV-01001 @ CMH~~NL~~the stop NSF - business closed. ATT 1440. Reattempt next biz day.
DN-101235,RTE-CMH-20241028-002,DRV-01028,HUB-CMH,2024-10-28T07:58:00,address,"[10/28 07:58] RTE-CMH-20241028-002 / DRV-01028 @ CMH~~NL~~Suite # missing, 4 stops undeliverable. Contacting account for update."
DN-101236,RTE-CHI-20241029-004,DRV-01011,HUB-CHI,2024-10-29T19:00:00,traffic,"[10/29 19:00] RTE-CHI-20241029-004 / DRV-01011 @ CHI~~NL~~Accident on route, detour added. 5 DEL slipped past commit."
DN-101237,RTE-CIN-20241029-002,DRV-01034,HUB-CIN,2024-10-29T18:05:00,customer_nsf,[10/29 18:05] RTE-CIN-20241029-002 / DRV-01034 @ CIN~~NL~~the stop NSF - business closed. ATT 1440. Reattempt next biz day.
DN-101238,RTE-IND-20241030-002,DRV-01042,HUB-IND,2024-10-30T06:57:00,traffic,"[10/30 06:57] RTE-IND-20241030-002 / DRV-01042 @ IND~~NL~~Accident on route, detour added. 5 DEL slipped past commit."
DN-101239,RTE-DET-20241031-005,DRV-01193,HUB-DET,2024-10-31T20:08:00,traffic,"[10/31 20:08] RTE-DET-20241031-005 / DRV-01193 @ DET~~NL~~I-70 closure, major backup. ETA +70m. 3 stops missed cutoff."
DN-101240,RTE-CMH-20241101-001,DRV-01043,HUB-CMH,2024-11-01T14:30:00,address,"[11/01 14:30] RTE-CMH-20241101-001 / DRV-01043 @ CMH~~NL~~Suite # missing, 5 stops undeliverable. Contacting account for update."
DN-101241,RTE-CHI-20241104-003,DRV-01005,HUB-CHI,2024-11-04T13:09:00,traffic,"[11/04 13:09] RTE-CHI-20241104-003 / DRV-01005 @ CHI~~NL~~I-70 closure, major backup. ETA +70m. 4 stops missed cutoff."
DN-101242,RTE-CIN-20241104-002,DRV-01025,HUB-CIN,2024-11-04T13:43:00,mechanical,"[11/04 13:43] RTE-CIN-20241104-002 / DRV-01025 @ CIN~~NL~~Check-engine light, reduced power. Swapped to spare, 5 stops late."
DN-101243,RTE-DET-20241108-003,DRV-01037,HUB-DET,2024-11-08T16:08:00,customer_nsf,[11/08 16:08] RTE-DET-20241108-003 / DRV-01037 @ DET~~NL~~the stop NSF - business closed. ATT 1440. Reattempt next biz day.
DN-101244,RTE-DET-20241108-008,DRV-01021,HUB-DET,2024-11-08T19:19:00,traffic,"[11/08 19:19] RTE-DET-20241108-008 / DRV-01021 @ DET~~NL~~I-65 closure, major backup. ETA +65m. 1 stops missed cutoff."
DN-101245,RTE-CIN-20241111-002,DRV-01026,HUB-CIN,2024-11-11T08:34:00,mechanical,"[11/11 08:34] RTE-CIN-20241111-002 / DRV-01026 @ CIN~~NL~~Liftgate fault mid-route. DRV-01026 completed 24 stops manual, 5 deferred. VEH flagged for shop."
DN-101246,RTE-DET-20241111-001,DRV-01037,HUB-DET,2024-11-11T11:49:00,traffic,"[11/11 11:49] RTE-DET-20241111-001 / DRV-01037 @ DET~~NL~~Accident on route, detour added. 2 DEL slipped past commit."
DN-101247,RTE-CIN-20241112-002,DRV-01025,HUB-CIN,2024-11-12T18:42:00,access,"[11/12 18:42] RTE-CIN-20241112-002 / DRV-01025 @ CIN~~NL~~Gate locked at delivery, no answer. ATT x2. the stop left as NSF, reattempt scheduled."
DN-101248,RTE-CIN-20241112-004,DRV-01034,HUB-CIN,2024-11-12T13:33:00,mechanical,"[11/12 13:33] RTE-CIN-20241112-004 / DRV-01034 @ CIN~~NL~~Check-engine light, reduced power. Swapped to spare, 2 stops late."
DN-101249,RTE-CMH-20241112-001,DRV-01036,HUB-CMH,2024-11-12T14:59:00,traffic,"[11/12 14:59] RTE-CMH-20241112-001 / DRV-01036 @ CMH~~NL~~I-70 closure, major backup. ETA +70m. 6 stops missed cutoff."
DN-101250,RTE-IND-20241113-002,DRV-01188,HUB-IND,2024-11-13T14:38:00,mechanical,"[11/13 14:38] RTE-IND-20241113-002 / DRV-01188 @ IND~~NL~~Liftgate fault mid-route. DRV-01188 completed 37 stops manual, 3 deferred. VEH flagged for shop."
DN-101251,RTE-DET-20241114-001,DRV-01022,HUB-DET,2024-11-14T15:02:00,customer_nsf,[11/14 15:02] RTE-DET-20241114-001 / DRV-01022 @ DET~~NL~~Consignee refused delivery the stop. Return to hub initiated.
DN-101252,RTE-CHI-20241115-001,DRV-01007,HUB-CHI,2024-11-15T14:12:00,mechanical,"[11/15 14:12] RTE-CHI-20241115-001 / DRV-01007 @ CHI~~NL~~Check-engine light, reduced power. Swapped to spare, 6 stops late."
DN-101253,RTE-CIN-20241115-003,DRV-01029,HUB-CIN,2024-11-15T09:53:00,weather,[11/15 09:53] RTE-CIN-20241115-003 / DRV-01029 @ CIN~~NL~~Freezing rain. Driver DRV-01029 pulled early for safety. 3 stops rolled to tomorrow.
DN-101254,RTE-CHI-20241118-001,DRV-01048,HUB-CHI,2024-11-18T17:14:00,address,[11/18 17:14] RTE-CHI-20241118-001 / DRV-01048 @ CHI~~NL~~Bad address on the stop. Geocode off by ~3mi. Held for dispatch correction.
DN-101255,RTE-DET-20241118-002,DRV-01022,HUB-DET,2024-11-18T13:29:00,volume,"[11/18 13:29] RTE-DET-20241118-002 / DRV-01022 @ DET~~NL~~Overloaded manifest, 23 stops assigned. 3 could not be completed in service window."
DN-101256,RTE-IND-20241118-004,DRV-01188,HUB-IND,2024-11-18T07:08:00,access,"[11/18 07:08] RTE-IND-20241118-004 / DRV-01188 @ IND~~NL~~Gate locked at delivery, no answer. ATT x2. the stop left as NSF, reattempt scheduled."
DN-101257,RTE-CIN-20241120-003,DRV-01034,HUB-CIN,2024-11-20T18:22:00,weather,"[11/20 18:22] RTE-CIN-20241120-003 / DRV-01034 @ CIN~~NL~~Snow/ice on route. 65 stops ATT, 3 DEL to next day. Salt trucks late. ETA slippage all afternoon."
DN-101258,RTE-CIN-20241121-004,DRV-01023,HUB-CIN,2024-11-21T08:40:00,volume,"[11/21 08:40] RTE-CIN-20241121-004 / DRV-01023 @ CIN~~NL~~Peak volume, truck full. 2 pkgs bumped to overflow route."
DN-101259,RTE-CHI-20241122-002,DRV-01020,HUB-CHI,2024-11-22T20:48:00,weather,"[11/22 20:48] RTE-CHI-20241122-002 / DRV-01020 @ CHI~~NL~~Snow/ice on route. 20 stops ATT, 5 DEL to next day. Salt trucks late. ETA slippage all afternoon."
DN-101260,RTE-DET-20241122-003,DRV-01021,HUB-DET,2024-11-22T09:56:00,traffic,"[11/22 09:56] RTE-DET-20241122-003 / DRV-01021 @ DET~~NL~~Accident on route, detour added. 6 DEL slipped past commit."
DN-101261,RTE-CHI-20241124-001,DRV-01011,HUB-CHI,2024-11-24T19:54:00,address,"[11/24 19:54] RTE-CHI-20241124-001 / DRV-01011 @ CHI~~NL~~Suite # missing, 6 stops undeliverable. Contacting account for update."
DN-101262,RTE-IND-20241126-001,DRV-01032,HUB-IND,2024-11-26T19:55:00,volume,"[11/26 19:55] RTE-IND-20241126-001 / DRV-01032 @ IND~~NL~~Peak volume, truck full. 4 pkgs bumped to overflow route."
DN-101263,RTE-IND-20241126-004,DRV-01006,HUB-IND,2024-11-26T18:07:00,volume,"[11/26 18:07] RTE-IND-20241126-004 / DRV-01006 @ IND~~NL~~Peak volume, truck full. 1 pkgs bumped to overflow route."
DN-101264,RTE-CHI-20241127-001,DRV-01048,HUB-CHI,2024-11-27T09:18:00,weather,[11/27 09:18] RTE-CHI-20241127-001 / DRV-01048 @ CHI~~NL~~Freezing rain. Driver DRV-01048 pulled early for safety. 6 stops rolled to tomorrow.
DN-101265,RTE-CMH-20241128-001,DRV-01043,HUB-CMH,2024-11-28T11:03:00,access,[11/28 11:03] RTE-CMH-20241128-001 / DRV-01043 @ CMH~~NL~~Dock closed early. 5 LTL stops could not unload. Rescheduling AM.
DN-101266,RTE-CHI-20241129-001,DRV-01005,HUB-CHI,2024-11-29T18:02:00,volume,"[11/29 18:02] RTE-CHI-20241129-001 / DRV-01005 @ CHI~~NL~~Overloaded manifest, 28 stops assigned. 2 could not be completed in service window."
DN-101267,RTE-CMH-20241130-001,DRV-01009,HUB-CMH,2024-11-30T14:38:00,weather,[11/30 14:38] RTE-CMH-20241130-001 / DRV-01009 @ CMH~~NL~~Freezing rain. Driver DRV-01009 pulled early for safety. 6 stops rolled to tomorrow.
DN-101268,RTE-CIN-20241202-002,DRV-01003,HUB-CIN,2024-12-02T09:47:00,mechanical,"[12/02 09:47] RTE-CIN-20241202-002 / DRV-01003 @ CIN~~NL~~Liftgate fault mid-route. DRV-01003 completed 49 stops manual, 3 deferred. VEH flagged for shop."
DN-101269,RTE-CHI-20241203-001,DRV-01048,HUB-CHI,2024-12-03T18:46:00,weather,[12/03 18:46] RTE-CHI-20241203-001 / DRV-01048 @ CHI~~NL~~Freezing rain. Driver DRV-01048 pulled early for safety. 2 stops rolled to tomorrow.
DN-101270,RTE-IND-20241203-001,DRV-01045,HUB-IND,2024-12-03T14:10:00,mechanical,"[12/03 14:10] RTE-IND-20241203-001 / DRV-01045 @ IND~~NL~~Liftgate fault mid-route. DRV-01045 completed 49 stops manual, 3 deferred. VEH flagged for shop."
DN-101271,RTE-CHI-20241206-002,DRV-01047,HUB-CHI,2024-12-06T13:20:00,address,"[12/06 13:20] RTE-CHI-20241206-002 / DRV-01047 @ CHI~~NL~~Suite # missing, 6 stops undeliverable. Contacting account for update."
DN-101272,RTE-CIN-20241206-002,DRV-01025,HUB-CIN,2024-12-06T09:19:00,weather,[12/06 09:19] RTE-CIN-20241206-002 / DRV-01025 @ CIN~~NL~~Freezing rain. Driver DRV-01025 pulled early for safety. 5 stops rolled to tomorrow.
DN-101273,RTE-CIN-20241206-003,DRV-01002,HUB-CIN,2024-12-06T15:32:00,weather,"[12/06 15:32] RTE-CIN-20241206-003 / DRV-01002 @ CIN~~NL~~Snow/ice on route. 19 stops ATT, 2 DEL to next day. Salt trucks late. ETA slippage all afternoon."
DN-101274,RTE-IND-20241206-001,DRV-01045,HUB-IND,2024-12-06T12:55:00,access,"[12/06 12:55] RTE-IND-20241206-001 / DRV-01045 @ IND~~NL~~Gate locked at delivery, no answer. ATT x2. the stop left as NSF, reattempt scheduled."
DN-101275,RTE-DET-20241207-002,DRV-01022,HUB-DET,2024-12-07T06:20:00,volume,"[12/07 06:20] RTE-DET-20241207-002 / DRV-01022 @ DET~~NL~~Peak volume, truck full. 6 pkgs bumped to overflow route."
DN-101276,RTE-CIN-20241208-001,DRV-01003,HUB-CIN,2024-12-08T19:06:00,weather,[12/08 19:06] RTE-CIN-20241208-001 / DRV-01003 @ CIN~~NL~~Freezing rain. Driver DRV-01003 pulled early for safety. 6 stops rolled to tomorrow.
DN-101277,RTE-DET-20241209-001,DRV-01022,HUB-DET,2024-12-09T16:01:00,traffic,"[12/09 16:01] RTE-DET-20241209-001 / DRV-01022 @ DET~~NL~~I-74 closure, major backup. ETA +74m. 2 stops missed cutoff."
DN-101278,RTE-IND-20241209-001,DRV-01006,HUB-IND,2024-12-09T06:40:00,access,[12/09 06:40] RTE-IND-20241209-001 / DRV-01006 @ IND~~NL~~Dock closed early. 4 LTL stops could not unload. Rescheduling AM.
DN-101279,RTE-CHI-20241210-005,DRV-01017,HUB-CHI,2024-12-10T07:11:00,mechanical,"[12/10 07:11] RTE-CHI-20241210-005 / DRV-01017 @ CHI~~NL~~Check-engine light, reduced power. Swapped to spare, 5 stops late."
DN-101280,RTE-DET-20241210-002,DRV-01037,HUB-DET,2024-12-10T12:49:00,customer_nsf,[12/10 12:49] RTE-DET-20241210-002 / DRV-01037 @ DET~~NL~~Consignee refused delivery the stop. Return to hub initiated.
DN-101281,RTE-CHI-20241211-001,DRV-01007,HUB-CHI,2024-12-11T20:24:00,customer_nsf,[12/11 20:24] RTE-CHI-20241211-001 / DRV-01007 @ CHI~~NL~~the stop NSF - business closed. ATT 1440. Reattempt next biz day.
DN-101282,RTE-DET-20241213-001,DRV-01193,HUB-DET,2024-12-13T13:06:00,volume,"[12/13 13:06] RTE-DET-20241213-001 / DRV-01193 @ DET~~NL~~Overloaded manifest, 54 stops assigned. 6 could not be completed in service window."
DN-101283,RTE-CHI-20241216-006,DRV-01017,HUB-CHI,2024-12-16T18:22:00,traffic,"[12/16 18:22] RTE-CHI-20241216-006 / DRV-01017 @ CHI~~NL~~I-65 closure, major backup. ETA +65m. 4 stops missed cutoff."
DN-101284,RTE-CIN-20241216-001,DRV-01002,HUB-CIN,2024-12-16T07:47:00,address,[12/16 07:47] RTE-CIN-20241216-001 / DRV-01002 @ CIN~~NL~~Bad address on the stop. Geocode off by ~3mi. Held for dispatch correction.
DN-101285,RTE-DET-20241217-004,DRV-01037,HUB-DET,2024-12-17T16:29:00,mechanical,"[12/17 16:29] RTE-DET-20241217-004 / DRV-01037 @ DET~~NL~~Liftgate fault mid-route. DRV-01037 completed 57 stops manual, 2 deferred. VEH flagged for shop."
DN-101286,RTE-DET-20241218-001,DRV-01193,HUB-DET,2024-12-18T14:11:00,mechanical,"[12/18 14:11] RTE-DET-20241218-001 / DRV-01193 @ DET~~NL~~Liftgate fault mid-route. DRV-01193 completed 65 stops manual, 5 deferred. VEH flagged for shop."
DN-101287,RTE-CHI-20241219-002,DRV-01047,HUB-CHI,2024-12-19T20:36:00,weather,"[12/19 20:36] RTE-CHI-20241219-002 / DRV-01047 @ CHI~~NL~~Snow/ice on route. 51 stops ATT, 3 DEL to next day. Salt trucks late. ETA slippage all afternoon."
DN-101288,RTE-CMH-20241219-002,DRV-01028,HUB-CMH,2024-12-19T11:36:00,volume,"[12/19 11:36] RTE-CMH-20241219-002 / DRV-01028 @ CMH~~NL~~Peak volume, truck full. 4 pkgs bumped to overflow route."
DN-101289,RTE-DET-20241219-001,DRV-01014,HUB-DET,2024-12-19T08:45:00,mechanical,"[12/19 08:45] RTE-DET-20241219-001 / DRV-01014 @ DET~~NL~~Check-engine light, reduced power. Swapped to spare, 3 stops late."
DN-101290,RTE-CHI-20241220-001,DRV-01048,HUB-CHI,2024-12-20T20:32:00,traffic,"[12/20 20:32] RTE-CHI-20241220-001 / DRV-01048 @ CHI~~NL~~I-90 closure, major backup. ETA +90m. 1 stops missed cutoff."
DN-101291,RTE-CIN-20241220-008,DRV-01003,HUB-CIN,2024-12-20T19:43:00,access,"[12/20 19:43] RTE-CIN-20241220-008 / DRV-01003 @ CIN~~NL~~Gate locked at delivery, no answer. ATT x2. the stop left as NSF, reattempt scheduled."
DN-101292,RTE-CMH-20241220-001,DRV-01040,HUB-CMH,2024-12-20T09:14:00,address,"[12/20 09:14] RTE-CMH-20241220-001 / DRV-01040 @ CMH~~NL~~Suite # missing, 4 stops undeliverable. Contacting account for update."
DN-101293,RTE-CMH-20241223-001,DRV-01044,HUB-CMH,2024-12-23T15:06:00,mechanical,"[12/23 15:06] RTE-CMH-20241223-001 / DRV-01044 @ CMH~~NL~~Check-engine light, reduced power. Swapped to spare, 2 stops late."
DN-101294,RTE-DET-20241223-001,DRV-01021,HUB-DET,2024-12-23T09:55:00,access,[12/23 09:55] RTE-DET-20241223-001 / DRV-01021 @ DET~~NL~~Dock closed early. 3 LTL stops could not unload. Rescheduling AM.
DN-101295,RTE-DET-20241226-001,DRV-01014,HUB-DET,2024-12-26T16:45:00,weather,[12/26 16:45] RTE-DET-20241226-001 / DRV-01014 @ DET~~NL~~Freezing rain. Driver DRV-01014 pulled early for safety. 4 stops rolled to tomorrow.
DN-101296,RTE-IND-20241226-003,DRV-01191,HUB-IND,2024-12-26T08:39:00,mechanical,"[12/26 08:39] RTE-IND-20241226-003 / DRV-01191 @ IND~~NL~~Liftgate fault mid-route. DRV-01191 completed 37 stops manual, 5 deferred. VEH flagged for shop."
DN-101297,RTE-CHI-20241230-003,DRV-01048,HUB-CHI,2024-12-30T17:59:00,access,"[12/30 17:59] RTE-CHI-20241230-003 / DRV-01048 @ CHI~~NL~~Gate locked at delivery, no answer. ATT x2. the stop left as NSF, reattempt scheduled."
DN-101298,RTE-IND-20241230-001,DRV-01024,HUB-IND,2024-12-30T20:41:00,address,"[12/30 20:41] RTE-IND-20241230-001 / DRV-01024 @ IND~~NL~~Suite # missing, 3 stops undeliverable. Contacting account for update."
DN-101299,RTE-DET-20241231-001,DRV-01004,HUB-DET,2024-12-31T07:37:00,traffic,"[12/31 07:37] RTE-DET-20241231-001 / DRV-01004 @ DET~~NL~~Accident on route, detour added. 6 DEL slipped past commit."
