payroll_month,driver_id,hub_id,employment_type,hours_worked,hourly_rate,gross_pay,overtime_hours,total_cost
2018-05-01,DRV-01009,HUB-CMH,employee,37.1,33.70,1250.27,4.0,1317.67
2018-06-01,DRV-01009,HUB-CMH,employee,37.1,33.70,1250.27,4.0,1317.67
2018-06-01,DRV-01048,HUB-CHI,employee,58.7,32.80,1925.36,4.0,1990.96
2018-07-01,DRV-01009,HUB-CMH,employee,37.1,33.70,1250.27,4.0,1317.67
2018-07-01,DRV-01048,HUB-CHI,employee,58.7,32.80,1925.36,4.0,1990.96
2018-08-01,DRV-01009,HUB-CMH,employee,37.1,33.70,1250.27,4.0,1317.67
2018-08-01,DRV-01014,HUB-DET,contractor,93.2,69.40,6468.08,0.0,6468.08
2018-08-01,DRV-01024,HUB-IND,employee,67.5,33.70,2274.75,4.0,2342.15
2018-08-01,DRV-01048,HUB-CHI,employee,58.7,32.80,1925.36,4.0,1990.96
2018-09-01,DRV-01009,HUB-CMH,employee,37.1,33.70,1250.27,4.0,1317.67
2018-09-01,DRV-01014,HUB-DET,contractor,93.2,69.40,6468.08,0.0,6468.08
2018-09-01,DRV-01024,HUB-IND,employee,67.5,33.70,2274.75,4.0,2342.15
2018-09-01,DRV-01048,HUB-CHI,employee,58.7,32.80,1925.36,4.0,1990.96
2018-10-01,DRV-01001,HUB-CMH,contractor,28.4,64.00,1817.60,0.0,1817.60
2018-10-01,DRV-01009,HUB-CMH,employee,37.1,33.70,1250.27,4.0,1317.67
2018-10-01,DRV-01014,HUB-DET,contractor,93.2,69.40,6468.08,0.0,6468.08
2018-10-01,DRV-01024,HUB-IND,employee,67.5,33.70,2274.75,4.0,2342.15
2018-10-01,DRV-01033,HUB-IND,employee,60.8,32.80,1994.24,4.0,2059.84
2018-10-01,DRV-01048,HUB-CHI,employee,58.7,32.80,1925.36,4.0,1990.96
2018-11-01,DRV-01001,HUB-CMH,contractor,28.4,64.00,1817.60,0.0,1817.60
2018-11-01,DRV-01009,HUB-CMH,employee,37.1,33.70,1250.27,4.0,1317.67
2018-11-01,DRV-01014,HUB-DET,contractor,93.2,69.40,6468.08,0.0,6468.08
2018-11-01,DRV-01024,HUB-IND,employee,67.5,33.70,2274.75,4.0,2342.15
2018-11-01,DRV-01033,HUB-IND,employee,60.8,32.80,1994.24,4.0,2059.84
2018-11-01,DRV-01048,HUB-CHI,employee,58.7,32.80,1925.36,4.0,1990.96
2018-12-01,DRV-01001,HUB-CMH,contractor,28.4,64.00,1817.60,0.0,1817.60
2018-12-01,DRV-01009,HUB-CMH,employee,37.1,33.70,1250.27,4.0,1317.67
2018-12-01,DRV-01014,HUB-DET,contractor,93.2,69.40,6468.08,0.0,6468.08
2018-12-01,DRV-01024,HUB-IND,employee,67.5,33.70,2274.75,4.0,2342.15
2018-12-01,DRV-01033,HUB-IND,employee,60.8,32.80,1994.24,4.0,2059.84
2018-12-01,DRV-01048,HUB-CHI,employee,58.7,32.80,1925.36,4.0,1990.96
2019-01-01,DRV-01001,HUB-CMH,contractor,29.3,65.60,1922.08,0.0,1922.08
2019-01-01,DRV-01009,HUB-CMH,employee,38.4,34.54,1326.34,4.0,1395.42
2019-01-01,DRV-01014,HUB-DET,contractor,96.3,71.14,6850.78,0.0,6850.78
2019-01-01,DRV-01019,HUB-CIN,contractor,61.4,71.14,4368.00,0.0,4368.00
2019-01-01,DRV-01024,HUB-IND,employee,69.8,34.54,2410.89,4.0,2479.97
2019-01-01,DRV-01033,HUB-IND,employee,62.8,33.62,2111.34,4.0,2178.58
2019-01-01,DRV-01048,HUB-CHI,employee,60.7,33.62,2040.73,4.0,2107.97
2019-02-01,DRV-01001,HUB-CMH,contractor,29.3,65.60,1922.08,0.0,1922.08
2019-02-01,DRV-01009,HUB-CMH,employee,38.4,34.54,1326.34,4.0,1395.42
2019-02-01,DRV-01014,HUB-DET,contractor,96.3,71.14,6850.78,0.0,6850.78
2019-02-01,DRV-01019,HUB-CIN,contractor,61.4,71.14,4368.00,0.0,4368.00
2019-02-01,DRV-01024,HUB-IND,employee,69.8,34.54,2410.89,4.0,2479.97
2019-02-01,DRV-01033,HUB-IND,employee,62.8,33.62,2111.34,4.0,2178.58
2019-02-01,DRV-01034,HUB-CIN,contractor,73.9,71.14,5257.25,0.0,5257.25
2019-02-01,DRV-01048,HUB-CHI,employee,60.7,33.62,2040.73,4.0,2107.97
2019-03-01,DRV-01001,HUB-CMH,contractor,29.3,65.60,1922.08,0.0,1922.08
2019-03-01,DRV-01009,HUB-CMH,employee,38.4,34.54,1326.34,4.0,1395.42
2019-03-01,DRV-01014,HUB-DET,contractor,96.3,71.14,6850.78,0.0,6850.78
2019-03-01,DRV-01019,HUB-CIN,contractor,61.4,71.14,4368.00,0.0,4368.00
2019-03-01,DRV-01024,HUB-IND,employee,69.8,34.54,2410.89,4.0,2479.97
2019-03-01,DRV-01033,HUB-IND,employee,62.8,33.62,2111.34,4.0,2178.58
2019-03-01,DRV-01034,HUB-CIN,contractor,73.9,71.14,5257.25,0.0,5257.25
2019-03-01,DRV-01048,HUB-CHI,employee,60.7,33.62,2040.73,4.0,2107.97
2019-04-01,DRV-01001,HUB-CMH,contractor,29.3,65.60,1922.08,0.0,1922.08
2019-04-01,DRV-01009,HUB-CMH,employee,38.4,34.54,1326.34,4.0,1395.42
2019-04-01,DRV-01014,HUB-DET,contractor,96.3,71.14,6850.78,0.0,6850.78
2019-04-01,DRV-01019,HUB-CIN,contractor,61.4,71.14,4368.00,0.0,4368.00
2019-04-01,DRV-01024,HUB-IND,employee,69.8,34.54,2410.89,4.0,2479.97
2019-04-01,DRV-01033,HUB-IND,employee,62.8,33.62,2111.34,4.0,2178.58
2019-04-01,DRV-01034,HUB-CIN,contractor,73.9,71.14,5257.25,0.0,5257.25
2019-04-01,DRV-01046,HUB-DET,employee,114.4,31.78,3635.63,4.0,3699.19
2019-04-01,DRV-01048,HUB-CHI,employee,60.7,33.62,2040.73,4.0,2107.97
2019-05-01,DRV-01001,HUB-CMH,contractor,29.3,65.60,1922.08,0.0,1922.08
2019-05-01,DRV-01009,HUB-CMH,employee,38.4,34.54,1326.34,4.0,1395.42
2019-05-01,DRV-01014,HUB-DET,contractor,96.3,71.14,6850.78,0.0,6850.78
2019-05-01,DRV-01019,HUB-CIN,contractor,61.4,71.14,4368.00,0.0,4368.00
2019-05-01,DRV-01024,HUB-IND,employee,69.8,34.54,2410.89,4.0,2479.97
2019-05-01,DRV-01033,HUB-IND,employee,62.8,33.62,2111.34,4.0,2178.58
2019-05-01,DRV-01034,HUB-CIN,contractor,73.9,71.14,5257.25,0.0,5257.25
2019-05-01,DRV-01046,HUB-DET,employee,114.4,31.78,3635.63,4.0,3699.19
2019-05-01,DRV-01048,HUB-CHI,employee,60.7,33.62,2040.73,4.0,2107.97
2019-06-01,DRV-01001,HUB-CMH,contractor,29.3,65.60,1922.08,0.0,1922.08
2019-06-01,DRV-01002,HUB-CIN,contractor,56.5,67.45,3810.93,0.0,3810.93
2019-06-01,DRV-01009,HUB-CMH,employee,38.4,34.54,1326.34,4.0,1395.42
2019-06-01,DRV-01014,HUB-DET,contractor,96.3,71.14,6850.78,0.0,6850.78
2019-06-01,DRV-01019,HUB-CIN,contractor,61.4,71.14,4368.00,0.0,4368.00
2019-06-01,DRV-01024,HUB-IND,employee,69.8,34.54,2410.89,4.0,2479.97
2019-06-01,DRV-01033,HUB-IND,employee,62.8,33.62,2111.34,4.0,2178.58
2019-06-01,DRV-01034,HUB-CIN,contractor,73.9,71.14,5257.25,0.0,5257.25
2019-06-01,DRV-01035,HUB-CHI,employee,69.1,35.47,2450.98,4.0,2521.92
2019-06-01,DRV-01044,HUB-CMH,employee,37.7,34.54,1302.16,4.0,1371.24
2019-06-01,DRV-01046,HUB-DET,employee,114.4,31.78,3635.63,4.0,3699.19
2019-06-01,DRV-01048,HUB-CHI,employee,60.7,33.62,2040.73,4.0,2107.97
2019-07-01,DRV-01001,HUB-CMH,contractor,29.3,65.60,1922.08,0.0,1922.08
2019-07-01,DRV-01002,HUB-CIN,contractor,56.5,67.45,3810.93,0.0,3810.93
2019-07-01,DRV-01009,HUB-CMH,employee,38.4,34.54,1326.34,4.0,1395.42
2019-07-01,DRV-01014,HUB-DET,contractor,96.3,71.14,6850.78,0.0,6850.78
2019-07-01,DRV-01019,HUB-CIN,contractor,61.4,71.14,4368.00,0.0,4368.00
2019-07-01,DRV-01024,HUB-IND,employee,69.8,34.54,2410.89,4.0,2479.97
2019-07-01,DRV-01033,HUB-IND,employee,62.8,33.62,2111.34,4.0,2178.58
2019-07-01,DRV-01034,HUB-CIN,contractor,73.9,71.14,5257.25,0.0,5257.25
2019-07-01,DRV-01035,HUB-CHI,employee,69.1,35.47,2450.98,4.0,2521.92
2019-07-01,DRV-01039,HUB-CMH,contractor,32.8,71.14,2333.39,0.0,2333.39
2019-07-01,DRV-01044,HUB-CMH,employee,37.7,34.54,1302.16,4.0,1371.24
2019-07-01,DRV-01046,HUB-DET,employee,114.4,31.78,3635.63,4.0,3699.19
2019-07-01,DRV-01048,HUB-CHI,employee,60.7,33.62,2040.73,4.0,2107.97
2019-08-01,DRV-01001,HUB-CMH,contractor,29.3,65.60,1922.08,0.0,1922.08
2019-08-01,DRV-01002,HUB-CIN,contractor,56.5,67.45,3810.93,0.0,3810.93
2019-08-01,DRV-01009,HUB-CMH,employee,38.4,34.54,1326.34,4.0,1395.42
2019-08-01,DRV-01014,HUB-DET,contractor,96.3,71.14,6850.78,0.0,6850.78
2019-08-01,DRV-01019,HUB-CIN,contractor,61.4,71.14,4368.00,0.0,4368.00
2019-08-01,DRV-01024,HUB-IND,employee,69.8,34.54,2410.89,4.0,2479.97
2019-08-01,DRV-01033,HUB-IND,employee,62.8,33.62,2111.34,4.0,2178.58
2019-08-01,DRV-01034,HUB-CIN,contractor,73.9,71.14,5257.25,0.0,5257.25
2019-08-01,DRV-01035,HUB-CHI,employee,69.1,35.47,2450.98,4.0,2521.92
2019-08-01,DRV-01039,HUB-CMH,contractor,32.8,71.14,2333.39,0.0,2333.39
2019-08-01,DRV-01044,HUB-CMH,employee,37.7,34.54,1302.16,4.0,1371.24
2019-08-01,DRV-01046,HUB-DET,employee,114.4,31.78,3635.63,4.0,3699.19
2019-08-01,DRV-01048,HUB-CHI,employee,60.7,33.62,2040.73,4.0,2107.97
2019-09-01,DRV-01001,HUB-CMH,contractor,29.3,65.60,1922.08,0.0,1922.08
2019-09-01,DRV-01002,HUB-CIN,contractor,56.5,67.45,3810.93,0.0,3810.93
2019-09-01,DRV-01009,HUB-CMH,employee,38.4,34.54,1326.34,4.0,1395.42
2019-09-01,DRV-01014,HUB-DET,contractor,96.3,71.14,6850.78,0.0,6850.78
2019-09-01,DRV-01019,HUB-CIN,contractor,61.4,71.14,4368.00,0.0,4368.00
2019-09-01,DRV-01024,HUB-IND,employee,69.8,34.54,2410.89,4.0,2479.97
2019-09-01,DRV-01033,HUB-IND,employee,62.8,33.62,2111.34,4.0,2178.58
2019-09-01,DRV-01034,HUB-CIN,contractor,73.9,71.14,5257.25,0.0,5257.25
2019-09-01,DRV-01035,HUB-CHI,employee,69.1,35.47,2450.98,4.0,2521.92
2019-09-01,DRV-01039,HUB-CMH,contractor,32.8,71.14,2333.39,0.0,2333.39
2019-09-01,DRV-01040,HUB-CMH,contractor,30.0,72.98,2189.40,0.0,2189.40
2019-09-01,DRV-01044,HUB-CMH,employee,37.7,34.54,1302.16,4.0,1371.24
2019-09-01,DRV-01046,HUB-DET,employee,114.4,31.78,3635.63,4.0,3699.19
2019-09-01,DRV-01048,HUB-CHI,employee,60.7,33.62,2040.73,4.0,2107.97
2019-10-01,DRV-01001,HUB-CMH,contractor,29.3,65.60,1922.08,0.0,1922.08
2019-10-01,DRV-01002,HUB-CIN,contractor,56.5,67.45,3810.93,0.0,3810.93
2019-10-01,DRV-01009,HUB-CMH,employee,38.4,34.54,1326.34,4.0,1395.42
2019-10-01,DRV-01014,HUB-DET,contractor,96.3,71.14,6850.78,0.0,6850.78
2019-10-01,DRV-01019,HUB-CIN,contractor,61.4,71.14,4368.00,0.0,4368.00
2019-10-01,DRV-01024,HUB-IND,employee,69.8,34.54,2410.89,4.0,2479.97
2019-10-01,DRV-01033,HUB-IND,employee,62.8,33.62,2111.34,4.0,2178.58
2019-10-01,DRV-01034,HUB-CIN,contractor,73.9,71.14,5257.25,0.0,5257.25
2019-10-01,DRV-01035,HUB-CHI,employee,69.1,35.47,2450.98,4.0,2521.92
2019-10-01,DRV-01039,HUB-CMH,contractor,32.8,71.14,2333.39,0.0,2333.39
2019-10-01,DRV-01040,HUB-CMH,contractor,30.0,72.98,2189.40,0.0,2189.40
2019-10-01,DRV-01044,HUB-CMH,employee,37.7,34.54,1302.16,4.0,1371.24
2019-10-01,DRV-01046,HUB-DET,employee,114.4,31.78,3635.63,4.0,3699.19
2019-10-01,DRV-01048,HUB-CHI,employee,60.7,33.62,2040.73,4.0,2107.97
2019-11-01,DRV-01001,HUB-CMH,contractor,29.3,65.60,1922.08,0.0,1922.08
2019-11-01,DRV-01002,HUB-CIN,contractor,56.5,67.45,3810.93,0.0,3810.93
2019-11-01,DRV-01009,HUB-CMH,employee,38.4,34.54,1326.34,4.0,1395.42
2019-11-01,DRV-01014,HUB-DET,contractor,96.3,71.14,6850.78,0.0,6850.78
2019-11-01,DRV-01019,HUB-CIN,contractor,61.4,71.14,4368.00,0.0,4368.00
2019-11-01,DRV-01021,HUB-DET,contractor,107.4,65.60,7045.44,0.0,7045.44
2019-11-01,DRV-01024,HUB-IND,employee,69.8,34.54,2410.89,4.0,2479.97
2019-11-01,DRV-01033,HUB-IND,employee,62.8,33.62,2111.34,4.0,2178.58
2019-11-01,DRV-01034,HUB-CIN,contractor,73.9,71.14,5257.25,0.0,5257.25
2019-11-01,DRV-01035,HUB-CHI,employee,69.1,35.47,2450.98,4.0,2521.92
2019-11-01,DRV-01039,HUB-CMH,contractor,32.8,71.14,2333.39,0.0,2333.39
2019-11-01,DRV-01040,HUB-CMH,contractor,30.0,72.98,2189.40,0.0,2189.40
2019-11-01,DRV-01044,HUB-CMH,employee,37.7,34.54,1302.16,4.0,1371.24
2019-11-01,DRV-01046,HUB-DET,employee,114.4,31.78,3635.63,4.0,3699.19
2019-11-01,DRV-01048,HUB-CHI,employee,60.7,33.62,2040.73,4.0,2107.97
2019-12-01,DRV-01001,HUB-CMH,contractor,29.3,65.60,1922.08,0.0,1922.08
2019-12-01,DRV-01002,HUB-CIN,contractor,56.5,67.45,3810.93,0.0,3810.93
2019-12-01,DRV-01009,HUB-CMH,employee,38.4,34.54,1326.34,4.0,1395.42
2019-12-01,DRV-01014,HUB-DET,contractor,96.3,71.14,6850.78,0.0,6850.78
2019-12-01,DRV-01019,HUB-CIN,contractor,61.4,71.14,4368.00,0.0,4368.00
2019-12-01,DRV-01021,HUB-DET,contractor,107.4,65.60,7045.44,0.0,7045.44
2019-12-01,DRV-01024,HUB-IND,employee,69.8,34.54,2410.89,4.0,2479.97
2019-12-01,DRV-01033,HUB-IND,employee,62.8,33.62,2111.34,4.0,2178.58
2019-12-01,DRV-01034,HUB-CIN,contractor,73.9,71.14,5257.25,0.0,5257.25
2019-12-01,DRV-01035,HUB-CHI,employee,69.1,35.47,2450.98,4.0,2521.92
2019-12-01,DRV-01039,HUB-CMH,contractor,32.8,71.14,2333.39,0.0,2333.39
2019-12-01,DRV-01040,HUB-CMH,contractor,30.0,72.98,2189.40,0.0,2189.40
2019-12-01,DRV-01044,HUB-CMH,employee,37.7,34.54,1302.16,4.0,1371.24
2019-12-01,DRV-01046,HUB-DET,employee,114.4,31.78,3635.63,4.0,3699.19
2019-12-01,DRV-01048,HUB-CHI,employee,60.7,33.62,2040.73,4.0,2107.97
2020-01-01,DRV-01001,HUB-CMH,contractor,29.9,67.24,2010.48,0.0,2010.48
2020-01-01,DRV-01002,HUB-CIN,contractor,57.7,69.13,3988.80,0.0,3988.80
2020-01-01,DRV-01009,HUB-CMH,employee,39.2,35.41,1388.07,4.0,1458.89
2020-01-01,DRV-01014,HUB-DET,contractor,98.3,72.91,7167.05,0.0,7167.05
2020-01-01,DRV-01019,HUB-CIN,contractor,62.7,72.91,4571.46,0.0,4571.46
2020-01-01,DRV-01021,HUB-DET,contractor,109.7,67.24,7376.23,0.0,7376.23
2020-01-01,DRV-01024,HUB-IND,employee,71.3,35.41,2524.73,4.0,2595.55
2020-01-01,DRV-01033,HUB-IND,employee,64.1,34.46,2208.89,4.0,2277.81
2020-01-01,DRV-01034,HUB-CIN,contractor,75.5,72.91,5504.71,0.0,5504.71
2020-01-01,DRV-01035,HUB-CHI,employee,70.5,36.35,2562.68,4.0,2635.38
2020-01-01,DRV-01039,HUB-CMH,contractor,33.5,72.91,2442.49,0.0,2442.49
2020-01-01,DRV-01040,HUB-CMH,contractor,30.6,74.80,2288.88,0.0,2288.88
2020-01-01,DRV-01044,HUB-CMH,employee,38.5,35.41,1363.29,4.0,1434.11
2020-01-01,DRV-01046,HUB-DET,employee,116.9,32.57,3807.43,4.0,3872.57
2020-01-01,DRV-01048,HUB-CHI,employee,62.0,34.46,2136.52,4.0,2205.44
2020-02-01,DRV-01001,HUB-CMH,contractor,29.9,67.24,2010.48,0.0,2010.48
2020-02-01,DRV-01002,HUB-CIN,contractor,57.7,69.13,3988.80,0.0,3988.80
2020-02-01,DRV-01009,HUB-CMH,employee,39.2,35.41,1388.07,4.0,1458.89
2020-02-01,DRV-01014,HUB-DET,contractor,98.3,72.91,7167.05,0.0,7167.05
2020-02-01,DRV-01016,HUB-CMH,employee,41.3,32.57,1345.14,4.0,1410.28
2020-02-01,DRV-01019,HUB-CIN,contractor,62.7,72.91,4571.46,0.0,4571.46
2020-02-01,DRV-01021,HUB-DET,contractor,109.7,67.24,7376.23,0.0,7376.23
2020-02-01,DRV-01024,HUB-IND,employee,71.3,35.41,2524.73,4.0,2595.55
2020-02-01,DRV-01027,HUB-CIN,employee,66.3,33.51,2221.71,4.0,2288.73
2020-02-01,DRV-01033,HUB-IND,employee,64.1,34.46,2208.89,4.0,2277.81
2020-02-01,DRV-01034,HUB-CIN,contractor,75.5,72.91,5504.71,0.0,5504.71
2020-02-01,DRV-01035,HUB-CHI,employee,70.5,36.35,2562.68,4.0,2635.38
2020-02-01,DRV-01039,HUB-CMH,contractor,33.5,72.91,2442.49,0.0,2442.49
2020-02-01,DRV-01040,HUB-CMH,contractor,30.6,74.80,2288.88,0.0,2288.88
2020-02-01,DRV-01044,HUB-CMH,employee,38.5,35.41,1363.29,4.0,1434.11
2020-02-01,DRV-01046,HUB-DET,employee,116.9,32.57,3807.43,4.0,3872.57
2020-02-01,DRV-01048,HUB-CHI,employee,62.0,34.46,2136.52,4.0,2205.44
2020-03-01,DRV-01001,HUB-CMH,contractor,29.9,67.24,2010.48,0.0,2010.48
2020-03-01,DRV-01002,HUB-CIN,contractor,57.7,69.13,3988.80,0.0,3988.80
2020-03-01,DRV-01009,HUB-CMH,employee,39.2,35.41,1388.07,4.0,1458.89
2020-03-01,DRV-01014,HUB-DET,contractor,98.3,72.91,7167.05,0.0,7167.05
2020-03-01,DRV-01016,HUB-CMH,employee,41.3,32.57,1345.14,4.0,1410.28
2020-03-01,DRV-01019,HUB-CIN,contractor,62.7,72.91,4571.46,0.0,4571.46
2020-03-01,DRV-01021,HUB-DET,contractor,109.7,67.24,7376.23,0.0,7376.23
2020-03-01,DRV-01024,HUB-IND,employee,71.3,35.41,2524.73,4.0,2595.55
2020-03-01,DRV-01027,HUB-CIN,employee,66.3,33.51,2221.71,4.0,2288.73
2020-03-01,DRV-01033,HUB-IND,employee,64.1,34.46,2208.89,4.0,2277.81
2020-03-01,DRV-01034,HUB-CIN,contractor,75.5,72.91,5504.71,0.0,5504.71
2020-03-01,DRV-01035,HUB-CHI,employee,70.5,36.35,2562.68,4.0,2635.38
2020-03-01,DRV-01039,HUB-CMH,contractor,33.5,72.91,2442.49,0.0,2442.49
2020-03-01,DRV-01040,HUB-CMH,contractor,30.6,74.80,2288.88,0.0,2288.88
2020-03-01,DRV-01044,HUB-CMH,employee,38.5,35.41,1363.29,4.0,1434.11
2020-03-01,DRV-01046,HUB-DET,employee,116.9,32.57,3807.43,4.0,3872.57
2020-03-01,DRV-01048,HUB-CHI,employee,62.0,34.46,2136.52,4.0,2205.44
2020-04-01,DRV-01001,HUB-CMH,contractor,29.9,67.24,2010.48,0.0,2010.48
2020-04-01,DRV-01002,HUB-CIN,contractor,57.7,69.13,3988.80,0.0,3988.80
2020-04-01,DRV-01009,HUB-CMH,employee,39.2,35.41,1388.07,4.0,1458.89
2020-04-01,DRV-01014,HUB-DET,contractor,98.3,72.91,7167.05,0.0,7167.05
2020-04-01,DRV-01016,HUB-CMH,employee,41.3,32.57,1345.14,4.0,1410.28
2020-04-01,DRV-01019,HUB-CIN,contractor,62.7,72.91,4571.46,0.0,4571.46
2020-04-01,DRV-01021,HUB-DET,contractor,109.7,67.24,7376.23,0.0,7376.23
2020-04-01,DRV-01024,HUB-IND,employee,71.3,35.41,2524.73,4.0,2595.55
2020-04-01,DRV-01027,HUB-CIN,employee,66.3,33.51,2221.71,4.0,2288.73
2020-04-01,DRV-01031,HUB-IND,contractor,67.0,67.24,4505.08,0.0,4505.08
2020-04-01,DRV-01033,HUB-IND,employee,64.1,34.46,2208.89,4.0,2277.81
2020-04-01,DRV-01034,HUB-CIN,contractor,75.5,72.91,5504.71,0.0,5504.71
2020-04-01,DRV-01035,HUB-CHI,employee,70.5,36.35,2562.68,4.0,2635.38
2020-04-01,DRV-01039,HUB-CMH,contractor,33.5,72.91,2442.49,0.0,2442.49
2020-04-01,DRV-01040,HUB-CMH,contractor,30.6,74.80,2288.88,0.0,2288.88
2020-04-01,DRV-01044,HUB-CMH,employee,38.5,35.41,1363.29,4.0,1434.11
2020-04-01,DRV-01046,HUB-DET,employee,116.9,32.57,3807.43,4.0,3872.57
2020-04-01,DRV-01048,HUB-CHI,employee,62.0,34.46,2136.52,4.0,2205.44
2020-05-01,DRV-01001,HUB-CMH,contractor,29.9,67.24,2010.48,0.0,2010.48
2020-05-01,DRV-01002,HUB-CIN,contractor,57.7,69.13,3988.80,0.0,3988.80
2020-05-01,DRV-01009,HUB-CMH,employee,39.2,35.41,1388.07,4.0,1458.89
2020-05-01,DRV-01014,HUB-DET,contractor,98.3,72.91,7167.05,0.0,7167.05
2020-05-01,DRV-01016,HUB-CMH,employee,41.3,32.57,1345.14,4.0,1410.28
2020-05-01,DRV-01019,HUB-CIN,contractor,62.7,72.91,4571.46,0.0,4571.46
2020-05-01,DRV-01021,HUB-DET,contractor,109.7,67.24,7376.23,0.0,7376.23
2020-05-01,DRV-01024,HUB-IND,employee,71.3,35.41,2524.73,4.0,2595.55
2020-05-01,DRV-01027,HUB-CIN,employee,66.3,33.51,2221.71,4.0,2288.73
2020-05-01,DRV-01031,HUB-IND,contractor,67.0,67.24,4505.08,0.0,4505.08
2020-05-01,DRV-01033,HUB-IND,employee,64.1,34.46,2208.89,4.0,2277.81
2020-05-01,DRV-01034,HUB-CIN,contractor,75.5,72.91,5504.71,0.0,5504.71
2020-05-01,DRV-01035,HUB-CHI,employee,70.5,36.35,2562.68,4.0,2635.38
2020-05-01,DRV-01039,HUB-CMH,contractor,33.5,72.91,2442.49,0.0,2442.49
2020-05-01,DRV-01040,HUB-CMH,contractor,30.6,74.80,2288.88,0.0,2288.88
2020-05-01,DRV-01044,HUB-CMH,employee,38.5,35.41,1363.29,4.0,1434.11
2020-05-01,DRV-01046,HUB-DET,employee,116.9,32.57,3807.43,4.0,3872.57
2020-05-01,DRV-01048,HUB-CHI,employee,62.0,34.46,2136.52,4.0,2205.44
2020-05-01,DRV-01049,HUB-CMH,contractor,34.2,72.91,2493.52,0.0,2493.52
2020-06-01,DRV-01001,HUB-CMH,contractor,29.9,67.24,2010.48,0.0,2010.48
2020-06-01,DRV-01002,HUB-CIN,contractor,57.7,69.13,3988.80,0.0,3988.80
2020-06-01,DRV-01008,HUB-CIN,employee,67.0,34.46,2308.82,4.0,2377.74
2020-06-01,DRV-01009,HUB-CMH,employee,39.2,35.41,1388.07,4.0,1458.89
2020-06-01,DRV-01014,HUB-DET,contractor,98.3,72.91,7167.05,0.0,7167.05
2020-06-01,DRV-01016,HUB-CMH,employee,41.3,32.57,1345.14,4.0,1410.28
2020-06-01,DRV-01019,HUB-CIN,contractor,62.7,72.91,4571.46,0.0,4571.46
2020-06-01,DRV-01021,HUB-DET,contractor,109.7,67.24,7376.23,0.0,7376.23
2020-06-01,DRV-01024,HUB-IND,employee,71.3,35.41,2524.73,4.0,2595.55
2020-06-01,DRV-01027,HUB-CIN,employee,66.3,33.51,2221.71,4.0,2288.73
2020-06-01,DRV-01031,HUB-IND,contractor,67.0,67.24,4505.08,0.0,4505.08
2020-06-01,DRV-01033,HUB-IND,employee,64.1,34.46,2208.89,4.0,2277.81
2020-06-01,DRV-01034,HUB-CIN,contractor,75.5,72.91,5504.71,0.0,5504.71
2020-06-01,DRV-01035,HUB-CHI,employee,70.5,36.35,2562.68,4.0,2635.38
2020-06-01,DRV-01039,HUB-CMH,contractor,33.5,72.91,2442.49,0.0,2442.49
2020-06-01,DRV-01040,HUB-CMH,contractor,30.6,74.80,2288.88,0.0,2288.88
2020-06-01,DRV-01044,HUB-CMH,employee,38.5,35.41,1363.29,4.0,1434.11
2020-06-01,DRV-01046,HUB-DET,employee,116.9,32.57,3807.43,4.0,3872.57
2020-06-01,DRV-01048,HUB-CHI,employee,62.0,34.46,2136.52,4.0,2205.44
2020-06-01,DRV-01049,HUB-CMH,contractor,34.2,72.91,2493.52,0.0,2493.52
2020-07-01,DRV-01001,HUB-CMH,contractor,29.9,67.24,2010.48,0.0,2010.48
2020-07-01,DRV-01002,HUB-CIN,contractor,57.7,69.13,3988.80,0.0,3988.80
2020-07-01,DRV-01008,HUB-CIN,employee,67.0,34.46,2308.82,4.0,2377.74
2020-07-01,DRV-01009,HUB-CMH,employee,39.2,35.41,1388.07,4.0,1458.89
2020-07-01,DRV-01014,HUB-DET,contractor,98.3,72.91,7167.05,0.0,7167.05
2020-07-01,DRV-01016,HUB-CMH,employee,41.3,32.57,1345.14,4.0,1410.28
2020-07-01,DRV-01019,HUB-CIN,contractor,62.7,72.91,4571.46,0.0,4571.46
2020-07-01,DRV-01021,HUB-DET,contractor,109.7,67.24,7376.23,0.0,7376.23
2020-07-01,DRV-01024,HUB-IND,employee,71.3,35.41,2524.73,4.0,2595.55
2020-07-01,DRV-01027,HUB-CIN,employee,66.3,33.51,2221.71,4.0,2288.73
2020-07-01,DRV-01031,HUB-IND,contractor,67.0,67.24,4505.08,0.0,4505.08
2020-07-01,DRV-01033,HUB-IND,employee,64.1,34.46,2208.89,4.0,2277.81
2020-07-01,DRV-01034,HUB-CIN,contractor,75.5,72.91,5504.71,0.0,5504.71
2020-07-01,DRV-01035,HUB-CHI,employee,70.5,36.35,2562.68,4.0,2635.38
2020-07-01,DRV-01039,HUB-CMH,contractor,33.5,72.91,2442.49,0.0,2442.49
2020-07-01,DRV-01040,HUB-CMH,contractor,30.6,74.80,2288.88,0.0,2288.88
2020-07-01,DRV-01044,HUB-CMH,employee,38.5,35.41,1363.29,4.0,1434.11
2020-07-01,DRV-01046,HUB-DET,employee,116.9,32.57,3807.43,4.0,3872.57
2020-07-01,DRV-01048,HUB-CHI,employee,62.0,34.46,2136.52,4.0,2205.44
2020-07-01,DRV-01049,HUB-CMH,contractor,34.2,72.91,2493.52,0.0,2493.52
2020-08-01,DRV-01001,HUB-CMH,contractor,29.9,67.24,2010.48,0.0,2010.48
2020-08-01,DRV-01002,HUB-CIN,contractor,57.7,69.13,3988.80,0.0,3988.80
2020-08-01,DRV-01008,HUB-CIN,employee,67.0,34.46,2308.82,4.0,2377.74
2020-08-01,DRV-01009,HUB-CMH,employee,39.2,35.41,1388.07,4.0,1458.89
2020-08-01,DRV-01014,HUB-DET,contractor,98.3,72.91,7167.05,0.0,7167.05
2020-08-01,DRV-01016,HUB-CMH,employee,41.3,32.57,1345.14,4.0,1410.28
2020-08-01,DRV-01019,HUB-CIN,contractor,62.7,72.91,4571.46,0.0,4571.46
2020-08-01,DRV-01021,HUB-DET,contractor,109.7,67.24,7376.23,0.0,7376.23
2020-08-01,DRV-01024,HUB-IND,employee,71.3,35.41,2524.73,4.0,2595.55
2020-08-01,DRV-01027,HUB-CIN,employee,66.3,33.51,2221.71,4.0,2288.73
2020-08-01,DRV-01028,HUB-CMH,contractor,34.9,71.02,2478.60,0.0,2478.60
2020-08-01,DRV-01031,HUB-IND,contractor,67.0,67.24,4505.08,0.0,4505.08
2020-08-01,DRV-01033,HUB-IND,employee,64.1,34.46,2208.89,4.0,2277.81
2020-08-01,DRV-01034,HUB-CIN,contractor,75.5,72.91,5504.71,0.0,5504.71
2020-08-01,DRV-01035,HUB-CHI,employee,70.5,36.35,2562.68,4.0,2635.38
2020-08-01,DRV-01039,HUB-CMH,contractor,33.5,72.91,2442.49,0.0,2442.49
2020-08-01,DRV-01040,HUB-CMH,contractor,30.6,74.80,2288.88,0.0,2288.88
2020-08-01,DRV-01044,HUB-CMH,employee,38.5,35.41,1363.29,4.0,1434.11
2020-08-01,DRV-01046,HUB-DET,employee,116.9,32.57,3807.43,4.0,3872.57
2020-08-01,DRV-01048,HUB-CHI,employee,62.0,34.46,2136.52,4.0,2205.44
2020-08-01,DRV-01049,HUB-CMH,contractor,34.2,72.91,2493.52,0.0,2493.52
2020-09-01,DRV-01001,HUB-CMH,contractor,29.9,67.24,2010.48,0.0,2010.48
2020-09-01,DRV-01002,HUB-CIN,contractor,57.7,69.13,3988.80,0.0,3988.80
2020-09-01,DRV-01008,HUB-CIN,employee,67.0,34.46,2308.82,4.0,2377.74
2020-09-01,DRV-01009,HUB-CMH,employee,39.2,35.41,1388.07,4.0,1458.89
2020-09-01,DRV-01014,HUB-DET,contractor,98.3,72.91,7167.05,0.0,7167.05
2020-09-01,DRV-01016,HUB-CMH,employee,41.3,32.57,1345.14,4.0,1410.28
2020-09-01,DRV-01019,HUB-CIN,contractor,62.7,72.91,4571.46,0.0,4571.46
2020-09-01,DRV-01021,HUB-DET,contractor,109.7,67.24,7376.23,0.0,7376.23
2020-09-01,DRV-01024,HUB-IND,employee,71.3,35.41,2524.73,4.0,2595.55
2020-09-01,DRV-01027,HUB-CIN,employee,66.3,33.51,2221.71,4.0,2288.73
2020-09-01,DRV-01028,HUB-CMH,contractor,34.9,71.02,2478.60,0.0,2478.60
2020-09-01,DRV-01031,HUB-IND,contractor,67.0,67.24,4505.08,0.0,4505.08
2020-09-01,DRV-01033,HUB-IND,employee,64.1,34.46,2208.89,4.0,2277.81
2020-09-01,DRV-01034,HUB-CIN,contractor,75.5,72.91,5504.71,0.0,5504.71
2020-09-01,DRV-01035,HUB-CHI,employee,70.5,36.35,2562.68,4.0,2635.38
2020-09-01,DRV-01039,HUB-CMH,contractor,33.5,72.91,2442.49,0.0,2442.49
2020-09-01,DRV-01040,HUB-CMH,contractor,30.6,74.80,2288.88,0.0,2288.88
2020-09-01,DRV-01044,HUB-CMH,employee,38.5,35.41,1363.29,4.0,1434.11
2020-09-01,DRV-01046,HUB-DET,employee,116.9,32.57,3807.43,4.0,3872.57
2020-09-01,DRV-01048,HUB-CHI,employee,62.0,34.46,2136.52,4.0,2205.44
2020-09-01,DRV-01049,HUB-CMH,contractor,34.2,72.91,2493.52,0.0,2493.52
2020-10-01,DRV-01001,HUB-CMH,contractor,29.9,67.24,2010.48,0.0,2010.48
2020-10-01,DRV-01002,HUB-CIN,contractor,57.7,69.13,3988.80,0.0,3988.80
2020-10-01,DRV-01008,HUB-CIN,employee,67.0,34.46,2308.82,4.0,2377.74
2020-10-01,DRV-01009,HUB-CMH,employee,39.2,35.41,1388.07,4.0,1458.89
2020-10-01,DRV-01014,HUB-DET,contractor,98.3,72.91,7167.05,0.0,7167.05
2020-10-01,DRV-01016,HUB-CMH,employee,41.3,32.57,1345.14,4.0,1410.28
2020-10-01,DRV-01019,HUB-CIN,contractor,62.7,72.91,4571.46,0.0,4571.46
2020-10-01,DRV-01021,HUB-DET,contractor,109.7,67.24,7376.23,0.0,7376.23
2020-10-01,DRV-01024,HUB-IND,employee,71.3,35.41,2524.73,4.0,2595.55
2020-10-01,DRV-01027,HUB-CIN,employee,66.3,33.51,2221.71,4.0,2288.73
2020-10-01,DRV-01028,HUB-CMH,contractor,34.9,71.02,2478.60,0.0,2478.60
2020-10-01,DRV-01031,HUB-IND,contractor,67.0,67.24,4505.08,0.0,4505.08
2020-10-01,DRV-01033,HUB-IND,employee,64.1,34.46,2208.89,4.0,2277.81
2020-10-01,DRV-01034,HUB-CIN,contractor,75.5,72.91,5504.71,0.0,5504.71
2020-10-01,DRV-01035,HUB-CHI,employee,70.5,36.35,2562.68,4.0,2635.38
2020-10-01,DRV-01039,HUB-CMH,contractor,33.5,72.91,2442.49,0.0,2442.49
2020-10-01,DRV-01040,HUB-CMH,contractor,30.6,74.80,2288.88,0.0,2288.88
2020-10-01,DRV-01042,HUB-IND,employee,66.3,33.51,2221.71,4.0,2288.73
2020-10-01,DRV-01044,HUB-CMH,employee,38.5,35.41,1363.29,4.0,1434.11
2020-10-01,DRV-01046,HUB-DET,employee,116.9,32.57,3807.43,4.0,3872.57
2020-10-01,DRV-01048,HUB-CHI,employee,62.0,34.46,2136.52,4.0,2205.44
2020-10-01,DRV-01049,HUB-CMH,contractor,34.2,72.91,2493.52,0.0,2493.52
2020-11-01,DRV-01001,HUB-CMH,contractor,29.9,67.24,2010.48,0.0,2010.48
2020-11-01,DRV-01002,HUB-CIN,contractor,57.7,69.13,3988.80,0.0,3988.80
2020-11-01,DRV-01008,HUB-CIN,employee,67.0,34.46,2308.82,4.0,2377.74
2020-11-01,DRV-01009,HUB-CMH,employee,39.2,35.41,1388.07,4.0,1458.89
2020-11-01,DRV-01014,HUB-DET,contractor,98.3,72.91,7167.05,0.0,7167.05
2020-11-01,DRV-01016,HUB-CMH,employee,41.3,32.57,1345.14,4.0,1410.28
2020-11-01,DRV-01019,HUB-CIN,contractor,62.7,72.91,4571.46,0.0,4571.46
2020-11-01,DRV-01021,HUB-DET,contractor,109.7,67.24,7376.23,0.0,7376.23
2020-11-01,DRV-01024,HUB-IND,employee,71.3,35.41,2524.73,4.0,2595.55
2020-11-01,DRV-01027,HUB-CIN,employee,66.3,33.51,2221.71,4.0,2288.73
2020-11-01,DRV-01028,HUB-CMH,contractor,34.9,71.02,2478.60,0.0,2478.60
2020-11-01,DRV-01031,HUB-IND,contractor,67.0,67.24,4505.08,0.0,4505.08
2020-11-01,DRV-01033,HUB-IND,employee,64.1,34.46,2208.89,4.0,2277.81
2020-11-01,DRV-01034,HUB-CIN,contractor,75.5,72.91,5504.71,0.0,5504.71
2020-11-01,DRV-01035,HUB-CHI,employee,70.5,36.35,2562.68,4.0,2635.38
2020-11-01,DRV-01039,HUB-CMH,contractor,33.5,72.91,2442.49,0.0,2442.49
2020-11-01,DRV-01040,HUB-CMH,contractor,30.6,74.80,2288.88,0.0,2288.88
2020-11-01,DRV-01042,HUB-IND,employee,66.3,33.51,2221.71,4.0,2288.73
2020-11-01,DRV-01044,HUB-CMH,employee,38.5,35.41,1363.29,4.0,1434.11
2020-11-01,DRV-01046,HUB-DET,employee,116.9,32.57,3807.43,4.0,3872.57
2020-11-01,DRV-01048,HUB-CHI,employee,62.0,34.46,2136.52,4.0,2205.44
2020-11-01,DRV-01049,HUB-CMH,contractor,34.2,72.91,2493.52,0.0,2493.52
2020-12-01,DRV-01001,HUB-CMH,contractor,29.9,67.24,2010.48,0.0,2010.48
2020-12-01,DRV-01002,HUB-CIN,contractor,57.7,69.13,3988.80,0.0,3988.80
2020-12-01,DRV-01008,HUB-CIN,employee,67.0,34.46,2308.82,4.0,2377.74
2020-12-01,DRV-01009,HUB-CMH,employee,39.2,35.41,1388.07,4.0,1458.89
2020-12-01,DRV-01014,HUB-DET,contractor,98.3,72.91,7167.05,0.0,7167.05
2020-12-01,DRV-01016,HUB-CMH,employee,41.3,32.57,1345.14,4.0,1410.28
2020-12-01,DRV-01019,HUB-CIN,contractor,62.7,72.91,4571.46,0.0,4571.46
2020-12-01,DRV-01021,HUB-DET,contractor,109.7,67.24,7376.23,0.0,7376.23
2020-12-01,DRV-01024,HUB-IND,employee,71.3,35.41,2524.73,4.0,2595.55
2020-12-01,DRV-01027,HUB-CIN,employee,66.3,33.51,2221.71,4.0,2288.73
2020-12-01,DRV-01028,HUB-CMH,contractor,34.9,71.02,2478.60,0.0,2478.60
2020-12-01,DRV-01031,HUB-IND,contractor,67.0,67.24,4505.08,0.0,4505.08
2020-12-01,DRV-01033,HUB-IND,employee,64.1,34.46,2208.89,4.0,2277.81
2020-12-01,DRV-01034,HUB-CIN,contractor,75.5,72.91,5504.71,0.0,5504.71
2020-12-01,DRV-01035,HUB-CHI,employee,70.5,36.35,2562.68,4.0,2635.38
2020-12-01,DRV-01039,HUB-CMH,contractor,33.5,72.91,2442.49,0.0,2442.49
2020-12-01,DRV-01040,HUB-CMH,contractor,30.6,74.80,2288.88,0.0,2288.88
2020-12-01,DRV-01042,HUB-IND,employee,66.3,33.51,2221.71,4.0,2288.73
2020-12-01,DRV-01044,HUB-CMH,employee,38.5,35.41,1363.29,4.0,1434.11
2020-12-01,DRV-01046,HUB-DET,employee,116.9,32.57,3807.43,4.0,3872.57
2020-12-01,DRV-01048,HUB-CHI,employee,62.0,34.46,2136.52,4.0,2205.44
2020-12-01,DRV-01049,HUB-CMH,contractor,34.2,72.91,2493.52,0.0,2493.52
2021-01-01,DRV-01001,HUB-CMH,contractor,30.6,68.92,2108.95,0.0,2108.95
2021-01-01,DRV-01002,HUB-CIN,contractor,58.9,70.86,4173.65,0.0,4173.65
2021-01-01,DRV-01008,HUB-CIN,employee,68.4,35.32,2415.89,4.0,2486.53
2021-01-01,DRV-01009,HUB-CMH,employee,40.0,36.29,1451.60,4.0,1524.18
2021-01-01,DRV-01014,HUB-DET,contractor,100.4,74.74,7503.90,0.0,7503.90
2021-01-01,DRV-01016,HUB-CMH,employee,42.2,33.38,1408.64,4.0,1475.40
2021-01-01,DRV-01019,HUB-CIN,contractor,64.0,74.74,4783.36,0.0,4783.36
2021-01-01,DRV-01021,HUB-DET,contractor,112.0,68.92,7719.04,0.0,7719.04
2021-01-01,DRV-01024,HUB-IND,employee,72.8,36.29,2641.91,4.0,2714.49
2021-01-01,DRV-01027,HUB-CIN,employee,67.7,34.35,2325.50,4.0,2394.20
2021-01-01,DRV-01028,HUB-CMH,contractor,35.6,72.80,2591.68,0.0,2591.68
2021-01-01,DRV-01031,HUB-IND,contractor,68.4,68.92,4714.13,0.0,4714.13
2021-01-01,DRV-01033,HUB-IND,employee,65.5,35.32,2313.46,4.0,2384.10
2021-01-01,DRV-01034,HUB-CIN,contractor,77.1,74.74,5762.45,0.0,5762.45
2021-01-01,DRV-01035,HUB-CHI,employee,72.0,37.26,2682.72,4.0,2757.24
2021-01-01,DRV-01039,HUB-CMH,contractor,34.2,74.74,2556.11,0.0,2556.11
2021-01-01,DRV-01040,HUB-CMH,contractor,31.3,76.67,2399.77,0.0,2399.77
2021-01-01,DRV-01042,HUB-IND,employee,67.7,34.35,2325.50,4.0,2394.20
2021-01-01,DRV-01044,HUB-CMH,employee,39.3,36.29,1426.20,4.0,1498.78
2021-01-01,DRV-01046,HUB-DET,employee,119.3,33.38,3982.23,4.0,4048.99
2021-01-01,DRV-01048,HUB-CHI,employee,63.3,35.32,2235.76,4.0,2306.40
2021-01-01,DRV-01049,HUB-CMH,contractor,34.9,74.74,2608.43,0.0,2608.43
2021-02-01,DRV-01001,HUB-CMH,contractor,30.6,68.92,2108.95,0.0,2108.95
2021-02-01,DRV-01002,HUB-CIN,contractor,58.9,70.86,4173.65,0.0,4173.65
2021-02-01,DRV-01008,HUB-CIN,employee,68.4,35.32,2415.89,4.0,2486.53
2021-02-01,DRV-01009,HUB-CMH,employee,40.0,36.29,1451.60,4.0,1524.18
2021-02-01,DRV-01010,HUB-CMH,employee,43.7,37.26,1628.26,4.0,1702.78
2021-02-01,DRV-01014,HUB-DET,contractor,100.4,74.74,7503.90,0.0,7503.90
2021-02-01,DRV-01016,HUB-CMH,employee,42.2,33.38,1408.64,4.0,1475.40
2021-02-01,DRV-01017,HUB-CHI,employee,58.9,34.35,2023.22,4.0,2091.92
2021-02-01,DRV-01019,HUB-CIN,contractor,64.0,74.74,4783.36,0.0,4783.36
2021-02-01,DRV-01021,HUB-DET,contractor,112.0,68.92,7719.04,0.0,7719.04
2021-02-01,DRV-01024,HUB-IND,employee,72.8,36.29,2641.91,4.0,2714.49
2021-02-01,DRV-01027,HUB-CIN,employee,67.7,34.35,2325.50,4.0,2394.20
2021-02-01,DRV-01028,HUB-CMH,contractor,35.6,72.80,2591.68,0.0,2591.68
2021-02-01,DRV-01031,HUB-IND,contractor,68.4,68.92,4714.13,0.0,4714.13
2021-02-01,DRV-01033,HUB-IND,employee,65.5,35.32,2313.46,4.0,2384.10
2021-02-01,DRV-01034,HUB-CIN,contractor,77.1,74.74,5762.45,0.0,5762.45
2021-02-01,DRV-01035,HUB-CHI,employee,72.0,37.26,2682.72,4.0,2757.24
2021-02-01,DRV-01039,HUB-CMH,contractor,34.2,74.74,2556.11,0.0,2556.11
2021-02-01,DRV-01040,HUB-CMH,contractor,31.3,76.67,2399.77,0.0,2399.77
2021-02-01,DRV-01042,HUB-IND,employee,67.7,34.35,2325.50,4.0,2394.20
2021-02-01,DRV-01044,HUB-CMH,employee,39.3,36.29,1426.20,4.0,1498.78
2021-02-01,DRV-01046,HUB-DET,employee,119.3,33.38,3982.23,4.0,4048.99
2021-02-01,DRV-01048,HUB-CHI,employee,63.3,35.32,2235.76,4.0,2306.40
2021-02-01,DRV-01049,HUB-CMH,contractor,34.9,74.74,2608.43,0.0,2608.43
2021-03-01,DRV-01001,HUB-CMH,contractor,30.6,68.92,2108.95,0.0,2108.95
2021-03-01,DRV-01002,HUB-CIN,contractor,58.9,70.86,4173.65,0.0,4173.65
2021-03-01,DRV-01008,HUB-CIN,employee,68.4,35.32,2415.89,4.0,2486.53
2021-03-01,DRV-01009,HUB-CMH,employee,40.0,36.29,1451.60,4.0,1524.18
2021-03-01,DRV-01010,HUB-CMH,employee,43.7,37.26,1628.26,4.0,1702.78
2021-03-01,DRV-01014,HUB-DET,contractor,100.4,74.74,7503.90,0.0,7503.90
2021-03-01,DRV-01016,HUB-CMH,employee,42.2,33.38,1408.64,4.0,1475.40
2021-03-01,DRV-01017,HUB-CHI,employee,58.9,34.35,2023.22,4.0,2091.92
2021-03-01,DRV-01019,HUB-CIN,contractor,64.0,74.74,4783.36,0.0,4783.36
2021-03-01,DRV-01021,HUB-DET,contractor,112.0,68.92,7719.04,0.0,7719.04
2021-03-01,DRV-01024,HUB-IND,employee,72.8,36.29,2641.91,4.0,2714.49
2021-03-01,DRV-01027,HUB-CIN,employee,67.7,34.35,2325.50,4.0,2394.20
2021-03-01,DRV-01028,HUB-CMH,contractor,35.6,72.80,2591.68,0.0,2591.68
2021-03-01,DRV-01031,HUB-IND,contractor,68.4,68.92,4714.13,0.0,4714.13
2021-03-01,DRV-01033,HUB-IND,employee,65.5,35.32,2313.46,4.0,2384.10
2021-03-01,DRV-01034,HUB-CIN,contractor,77.1,74.74,5762.45,0.0,5762.45
2021-03-01,DRV-01035,HUB-CHI,employee,72.0,37.26,2682.72,4.0,2757.24
2021-03-01,DRV-01039,HUB-CMH,contractor,34.2,74.74,2556.11,0.0,2556.11
2021-03-01,DRV-01040,HUB-CMH,contractor,31.3,76.67,2399.77,0.0,2399.77
2021-03-01,DRV-01042,HUB-IND,employee,67.7,34.35,2325.50,4.0,2394.20
2021-03-01,DRV-01044,HUB-CMH,employee,39.3,36.29,1426.20,4.0,1498.78
2021-03-01,DRV-01046,HUB-DET,employee,119.3,33.38,3982.23,4.0,4048.99
2021-03-01,DRV-01048,HUB-CHI,employee,63.3,35.32,2235.76,4.0,2306.40
2021-03-01,DRV-01049,HUB-CMH,contractor,34.9,74.74,2608.43,0.0,2608.43
2021-04-01,DRV-01001,HUB-CMH,contractor,30.6,68.92,2108.95,0.0,2108.95
2021-04-01,DRV-01002,HUB-CIN,contractor,58.9,70.86,4173.65,0.0,4173.65
2021-04-01,DRV-01008,HUB-CIN,employee,68.4,35.32,2415.89,4.0,2486.53
2021-04-01,DRV-01009,HUB-CMH,employee,40.0,36.29,1451.60,4.0,1524.18
2021-04-01,DRV-01010,HUB-CMH,employee,43.7,37.26,1628.26,4.0,1702.78
2021-04-01,DRV-01014,HUB-DET,contractor,100.4,74.74,7503.90,0.0,7503.90
2021-04-01,DRV-01016,HUB-CMH,employee,42.2,33.38,1408.64,4.0,1475.40
2021-04-01,DRV-01017,HUB-CHI,employee,58.9,34.35,2023.22,4.0,2091.92
2021-04-01,DRV-01019,HUB-CIN,contractor,64.0,74.74,4783.36,0.0,4783.36
2021-04-01,DRV-01021,HUB-DET,contractor,112.0,68.92,7719.04,0.0,7719.04
2021-04-01,DRV-01024,HUB-IND,employee,72.8,36.29,2641.91,4.0,2714.49
2021-04-01,DRV-01027,HUB-CIN,employee,67.7,34.35,2325.50,4.0,2394.20
2021-04-01,DRV-01028,HUB-CMH,contractor,35.6,72.80,2591.68,0.0,2591.68
2021-04-01,DRV-01031,HUB-IND,contractor,68.4,68.92,4714.13,0.0,4714.13
2021-04-01,DRV-01033,HUB-IND,employee,65.5,35.32,2313.46,4.0,2384.10
2021-04-01,DRV-01034,HUB-CIN,contractor,77.1,74.74,5762.45,0.0,5762.45
2021-04-01,DRV-01035,HUB-CHI,employee,72.0,37.26,2682.72,4.0,2757.24
2021-04-01,DRV-01039,HUB-CMH,contractor,34.2,74.74,2556.11,0.0,2556.11
2021-04-01,DRV-01040,HUB-CMH,contractor,31.3,76.67,2399.77,0.0,2399.77
2021-04-01,DRV-01042,HUB-IND,employee,67.7,34.35,2325.50,4.0,2394.20
2021-04-01,DRV-01044,HUB-CMH,employee,39.3,36.29,1426.20,4.0,1498.78
2021-04-01,DRV-01046,HUB-DET,employee,119.3,33.38,3982.23,4.0,4048.99
2021-04-01,DRV-01048,HUB-CHI,employee,63.3,35.32,2235.76,4.0,2306.40
2021-04-01,DRV-01049,HUB-CMH,contractor,34.9,74.74,2608.43,0.0,2608.43
2021-05-01,DRV-01001,HUB-CMH,contractor,30.6,68.92,2108.95,0.0,2108.95
2021-05-01,DRV-01002,HUB-CIN,contractor,58.9,70.86,4173.65,0.0,4173.65
2021-05-01,DRV-01008,HUB-CIN,employee,68.4,35.32,2415.89,4.0,2486.53
2021-05-01,DRV-01009,HUB-CMH,employee,40.0,36.29,1451.60,4.0,1524.18
2021-05-01,DRV-01010,HUB-CMH,employee,43.7,37.26,1628.26,4.0,1702.78
2021-05-01,DRV-01014,HUB-DET,contractor,100.4,74.74,7503.90,0.0,7503.90
2021-05-01,DRV-01016,HUB-CMH,employee,42.2,33.38,1408.64,4.0,1475.40
2021-05-01,DRV-01017,HUB-CHI,employee,58.9,34.35,2023.22,4.0,2091.92
2021-05-01,DRV-01019,HUB-CIN,contractor,64.0,74.74,4783.36,0.0,4783.36
2021-05-01,DRV-01021,HUB-DET,contractor,112.0,68.92,7719.04,0.0,7719.04
2021-05-01,DRV-01024,HUB-IND,employee,72.8,36.29,2641.91,4.0,2714.49
2021-05-01,DRV-01027,HUB-CIN,employee,67.7,34.35,2325.50,4.0,2394.20
2021-05-01,DRV-01028,HUB-CMH,contractor,35.6,72.80,2591.68,0.0,2591.68
2021-05-01,DRV-01031,HUB-IND,contractor,68.4,68.92,4714.13,0.0,4714.13
2021-05-01,DRV-01033,HUB-IND,employee,65.5,35.32,2313.46,4.0,2384.10
2021-05-01,DRV-01034,HUB-CIN,contractor,77.1,74.74,5762.45,0.0,5762.45
2021-05-01,DRV-01035,HUB-CHI,employee,72.0,37.26,2682.72,4.0,2757.24
2021-05-01,DRV-01037,HUB-DET,contractor,119.3,70.86,8453.60,0.0,8453.60
2021-05-01,DRV-01039,HUB-CMH,contractor,34.2,74.74,2556.11,0.0,2556.11
2021-05-01,DRV-01040,HUB-CMH,contractor,31.3,76.67,2399.77,0.0,2399.77
2021-05-01,DRV-01042,HUB-IND,employee,67.7,34.35,2325.50,4.0,2394.20
2021-05-01,DRV-01044,HUB-CMH,employee,39.3,36.29,1426.20,4.0,1498.78
2021-05-01,DRV-01046,HUB-DET,employee,119.3,33.38,3982.23,4.0,4048.99
2021-05-01,DRV-01048,HUB-CHI,employee,63.3,35.32,2235.76,4.0,2306.40
2021-05-01,DRV-01049,HUB-CMH,contractor,34.9,74.74,2608.43,0.0,2608.43
2021-06-01,DRV-01001,HUB-CMH,contractor,30.6,68.92,2108.95,0.0,2108.95
2021-06-01,DRV-01002,HUB-CIN,contractor,58.9,70.86,4173.65,0.0,4173.65
2021-06-01,DRV-01008,HUB-CIN,employee,68.4,35.32,2415.89,4.0,2486.53
2021-06-01,DRV-01009,HUB-CMH,employee,40.0,36.29,1451.60,4.0,1524.18
2021-06-01,DRV-01010,HUB-CMH,employee,43.7,37.26,1628.26,4.0,1702.78
2021-06-01,DRV-01014,HUB-DET,contractor,100.4,74.74,7503.90,0.0,7503.90
2021-06-01,DRV-01016,HUB-CMH,employee,42.2,33.38,1408.64,4.0,1475.40
2021-06-01,DRV-01017,HUB-CHI,employee,58.9,34.35,2023.22,4.0,2091.92
2021-06-01,DRV-01019,HUB-CIN,contractor,64.0,74.74,4783.36,0.0,4783.36
2021-06-01,DRV-01021,HUB-DET,contractor,112.0,68.92,7719.04,0.0,7719.04
2021-06-01,DRV-01024,HUB-IND,employee,72.8,36.29,2641.91,4.0,2714.49
2021-06-01,DRV-01027,HUB-CIN,employee,67.7,34.35,2325.50,4.0,2394.20
2021-06-01,DRV-01028,HUB-CMH,contractor,35.6,72.80,2591.68,0.0,2591.68
2021-06-01,DRV-01031,HUB-IND,contractor,68.4,68.92,4714.13,0.0,4714.13
2021-06-01,DRV-01033,HUB-IND,employee,65.5,35.32,2313.46,4.0,2384.10
2021-06-01,DRV-01034,HUB-CIN,contractor,77.1,74.74,5762.45,0.0,5762.45
2021-06-01,DRV-01035,HUB-CHI,employee,72.0,37.26,2682.72,4.0,2757.24
2021-06-01,DRV-01037,HUB-DET,contractor,119.3,70.86,8453.60,0.0,8453.60
2021-06-01,DRV-01039,HUB-CMH,contractor,34.2,74.74,2556.11,0.0,2556.11
2021-06-01,DRV-01040,HUB-CMH,contractor,31.3,76.67,2399.77,0.0,2399.77
2021-06-01,DRV-01042,HUB-IND,employee,67.7,34.35,2325.50,4.0,2394.20
2021-06-01,DRV-01044,HUB-CMH,employee,39.3,36.29,1426.20,4.0,1498.78
2021-06-01,DRV-01046,HUB-DET,employee,119.3,33.38,3982.23,4.0,4048.99
2021-06-01,DRV-01048,HUB-CHI,employee,63.3,35.32,2235.76,4.0,2306.40
2021-06-01,DRV-01049,HUB-CMH,contractor,34.9,74.74,2608.43,0.0,2608.43
2021-07-01,DRV-01001,HUB-CMH,contractor,30.6,68.92,2108.95,0.0,2108.95
2021-07-01,DRV-01002,HUB-CIN,contractor,58.9,70.86,4173.65,0.0,4173.65
2021-07-01,DRV-01008,HUB-CIN,employee,68.4,35.32,2415.89,4.0,2486.53
2021-07-01,DRV-01009,HUB-CMH,employee,40.0,36.29,1451.60,4.0,1524.18
2021-07-01,DRV-01010,HUB-CMH,employee,43.7,37.26,1628.26,4.0,1702.78
2021-07-01,DRV-01014,HUB-DET,contractor,100.4,74.74,7503.90,0.0,7503.90
2021-07-01,DRV-01016,HUB-CMH,employee,42.2,33.38,1408.64,4.0,1475.40
2021-07-01,DRV-01017,HUB-CHI,employee,58.9,34.35,2023.22,4.0,2091.92
2021-07-01,DRV-01019,HUB-CIN,contractor,64.0,74.74,4783.36,0.0,4783.36
2021-07-01,DRV-01021,HUB-DET,contractor,112.0,68.92,7719.04,0.0,7719.04
2021-07-01,DRV-01024,HUB-IND,employee,72.8,36.29,2641.91,4.0,2714.49
2021-07-01,DRV-01025,HUB-CIN,employee,70.6,37.26,2630.56,4.0,2705.08
2021-07-01,DRV-01027,HUB-CIN,employee,67.7,34.35,2325.50,4.0,2394.20
2021-07-01,DRV-01028,HUB-CMH,contractor,35.6,72.80,2591.68,0.0,2591.68
2021-07-01,DRV-01031,HUB-IND,contractor,68.4,68.92,4714.13,0.0,4714.13
2021-07-01,DRV-01033,HUB-IND,employee,65.5,35.32,2313.46,4.0,2384.10
2021-07-01,DRV-01034,HUB-CIN,contractor,77.1,74.74,5762.45,0.0,5762.45
2021-07-01,DRV-01035,HUB-CHI,employee,72.0,37.26,2682.72,4.0,2757.24
2021-07-01,DRV-01037,HUB-DET,contractor,119.3,70.86,8453.60,0.0,8453.60
2021-07-01,DRV-01039,HUB-CMH,contractor,34.2,74.74,2556.11,0.0,2556.11
2021-07-01,DRV-01040,HUB-CMH,contractor,31.3,76.67,2399.77,0.0,2399.77
2021-07-01,DRV-01042,HUB-IND,employee,67.7,34.35,2325.50,4.0,2394.20
2021-07-01,DRV-01044,HUB-CMH,employee,39.3,36.29,1426.20,4.0,1498.78
2021-07-01,DRV-01046,HUB-DET,employee,119.3,33.38,3982.23,4.0,4048.99
2021-07-01,DRV-01048,HUB-CHI,employee,63.3,35.32,2235.76,4.0,2306.40
2021-07-01,DRV-01049,HUB-CMH,contractor,34.9,74.74,2608.43,0.0,2608.43
2021-08-01,DRV-01001,HUB-CMH,contractor,30.6,68.92,2108.95,0.0,2108.95
2021-08-01,DRV-01002,HUB-CIN,contractor,58.9,70.86,4173.65,0.0,4173.65
2021-08-01,DRV-01008,HUB-CIN,employee,68.4,35.32,2415.89,4.0,2486.53
2021-08-01,DRV-01009,HUB-CMH,employee,40.0,36.29,1451.60,4.0,1524.18
2021-08-01,DRV-01010,HUB-CMH,employee,43.7,37.26,1628.26,4.0,1702.78
2021-08-01,DRV-01014,HUB-DET,contractor,100.4,74.74,7503.90,0.0,7503.90
2021-08-01,DRV-01016,HUB-CMH,employee,42.2,33.38,1408.64,4.0,1475.40
2021-08-01,DRV-01017,HUB-CHI,employee,58.9,34.35,2023.22,4.0,2091.92
2021-08-01,DRV-01019,HUB-CIN,contractor,64.0,74.74,4783.36,0.0,4783.36
2021-08-01,DRV-01021,HUB-DET,contractor,112.0,68.92,7719.04,0.0,7719.04
2021-08-01,DRV-01024,HUB-IND,employee,72.8,36.29,2641.91,4.0,2714.49
2021-08-01,DRV-01025,HUB-CIN,employee,70.6,37.26,2630.56,4.0,2705.08
2021-08-01,DRV-01027,HUB-CIN,employee,67.7,34.35,2325.50,4.0,2394.20
2021-08-01,DRV-01028,HUB-CMH,contractor,35.6,72.80,2591.68,0.0,2591.68
2021-08-01,DRV-01031,HUB-IND,contractor,68.4,68.92,4714.13,0.0,4714.13
2021-08-01,DRV-01033,HUB-IND,employee,65.5,35.32,2313.46,4.0,2384.10
2021-08-01,DRV-01034,HUB-CIN,contractor,77.1,74.74,5762.45,0.0,5762.45
2021-08-01,DRV-01035,HUB-CHI,employee,72.0,37.26,2682.72,4.0,2757.24
2021-08-01,DRV-01037,HUB-DET,contractor,119.3,70.86,8453.60,0.0,8453.60
2021-08-01,DRV-01039,HUB-CMH,contractor,34.2,74.74,2556.11,0.0,2556.11
2021-08-01,DRV-01040,HUB-CMH,contractor,31.3,76.67,2399.77,0.0,2399.77
2021-08-01,DRV-01042,HUB-IND,employee,67.7,34.35,2325.50,4.0,2394.20
2021-08-01,DRV-01044,HUB-CMH,employee,39.3,36.29,1426.20,4.0,1498.78
2021-08-01,DRV-01046,HUB-DET,employee,119.3,33.38,3982.23,4.0,4048.99
2021-08-01,DRV-01048,HUB-CHI,employee,63.3,35.32,2235.76,4.0,2306.40
2021-08-01,DRV-01049,HUB-CMH,contractor,34.9,74.74,2608.43,0.0,2608.43
2021-09-01,DRV-01001,HUB-CMH,contractor,30.6,68.92,2108.95,0.0,2108.95
2021-09-01,DRV-01002,HUB-CIN,contractor,58.9,70.86,4173.65,0.0,4173.65
2021-09-01,DRV-01008,HUB-CIN,employee,68.4,35.32,2415.89,4.0,2486.53
2021-09-01,DRV-01009,HUB-CMH,employee,40.0,36.29,1451.60,4.0,1524.18
2021-09-01,DRV-01010,HUB-CMH,employee,43.7,37.26,1628.26,4.0,1702.78
2021-09-01,DRV-01014,HUB-DET,contractor,100.4,74.74,7503.90,0.0,7503.90
2021-09-01,DRV-01016,HUB-CMH,employee,42.2,33.38,1408.64,4.0,1475.40
2021-09-01,DRV-01017,HUB-CHI,employee,58.9,34.35,2023.22,4.0,2091.92
2021-09-01,DRV-01019,HUB-CIN,contractor,64.0,74.74,4783.36,0.0,4783.36
2021-09-01,DRV-01021,HUB-DET,contractor,112.0,68.92,7719.04,0.0,7719.04
2021-09-01,DRV-01024,HUB-IND,employee,72.8,36.29,2641.91,4.0,2714.49
2021-09-01,DRV-01025,HUB-CIN,employee,70.6,37.26,2630.56,4.0,2705.08
2021-09-01,DRV-01027,HUB-CIN,employee,67.7,34.35,2325.50,4.0,2394.20
2021-09-01,DRV-01028,HUB-CMH,contractor,35.6,72.80,2591.68,0.0,2591.68
2021-09-01,DRV-01031,HUB-IND,contractor,68.4,68.92,4714.13,0.0,4714.13
2021-09-01,DRV-01033,HUB-IND,employee,65.5,35.32,2313.46,4.0,2384.10
2021-09-01,DRV-01034,HUB-CIN,contractor,77.1,74.74,5762.45,0.0,5762.45
2021-09-01,DRV-01035,HUB-CHI,employee,72.0,37.26,2682.72,4.0,2757.24
2021-09-01,DRV-01037,HUB-DET,contractor,119.3,70.86,8453.60,0.0,8453.60
2021-09-01,DRV-01039,HUB-CMH,contractor,34.2,74.74,2556.11,0.0,2556.11
2021-09-01,DRV-01040,HUB-CMH,contractor,31.3,76.67,2399.77,0.0,2399.77
2021-09-01,DRV-01042,HUB-IND,employee,67.7,34.35,2325.50,4.0,2394.20
2021-09-01,DRV-01044,HUB-CMH,employee,39.3,36.29,1426.20,4.0,1498.78
2021-09-01,DRV-01046,HUB-DET,employee,119.3,33.38,3982.23,4.0,4048.99
2021-09-01,DRV-01048,HUB-CHI,employee,63.3,35.32,2235.76,4.0,2306.40
2021-09-01,DRV-01049,HUB-CMH,contractor,34.9,74.74,2608.43,0.0,2608.43
2021-10-01,DRV-01001,HUB-CMH,contractor,30.6,68.92,2108.95,0.0,2108.95
2021-10-01,DRV-01002,HUB-CIN,contractor,58.9,70.86,4173.65,0.0,4173.65
2021-10-01,DRV-01007,HUB-CHI,employee,66.2,34.35,2273.97,4.0,2342.67
2021-10-01,DRV-01008,HUB-CIN,employee,68.4,35.32,2415.89,4.0,2486.53
2021-10-01,DRV-01009,HUB-CMH,employee,40.0,36.29,1451.60,4.0,1524.18
2021-10-01,DRV-01010,HUB-CMH,employee,43.7,37.26,1628.26,4.0,1702.78
2021-10-01,DRV-01014,HUB-DET,contractor,100.4,74.74,7503.90,0.0,7503.90
2021-10-01,DRV-01015,HUB-CMH,employee,37.1,37.26,1382.35,4.0,1456.87
2021-10-01,DRV-01016,HUB-CMH,employee,42.2,33.38,1408.64,4.0,1475.40
2021-10-01,DRV-01017,HUB-CHI,employee,58.9,34.35,2023.22,4.0,2091.92
2021-10-01,DRV-01019,HUB-CIN,contractor,64.0,74.74,4783.36,0.0,4783.36
2021-10-01,DRV-01021,HUB-DET,contractor,112.0,68.92,7719.04,0.0,7719.04
2021-10-01,DRV-01024,HUB-IND,employee,72.8,36.29,2641.91,4.0,2714.49
2021-10-01,DRV-01025,HUB-CIN,employee,70.6,37.26,2630.56,4.0,2705.08
2021-10-01,DRV-01027,HUB-CIN,employee,67.7,34.35,2325.50,4.0,2394.20
2021-10-01,DRV-01028,HUB-CMH,contractor,35.6,72.80,2591.68,0.0,2591.68
2021-10-01,DRV-01031,HUB-IND,contractor,68.4,68.92,4714.13,0.0,4714.13
2021-10-01,DRV-01033,HUB-IND,employee,65.5,35.32,2313.46,4.0,2384.10
2021-10-01,DRV-01034,HUB-CIN,contractor,77.1,74.74,5762.45,0.0,5762.45
2021-10-01,DRV-01035,HUB-CHI,employee,72.0,37.26,2682.72,4.0,2757.24
2021-10-01,DRV-01037,HUB-DET,contractor,119.3,70.86,8453.60,0.0,8453.60
2021-10-01,DRV-01039,HUB-CMH,contractor,34.2,74.74,2556.11,0.0,2556.11
2021-10-01,DRV-01040,HUB-CMH,contractor,31.3,76.67,2399.77,0.0,2399.77
2021-10-01,DRV-01042,HUB-IND,employee,67.7,34.35,2325.50,4.0,2394.20
2021-10-01,DRV-01044,HUB-CMH,employee,39.3,36.29,1426.20,4.0,1498.78
2021-10-01,DRV-01046,HUB-DET,employee,119.3,33.38,3982.23,4.0,4048.99
2021-10-01,DRV-01048,HUB-CHI,employee,63.3,35.32,2235.76,4.0,2306.40
2021-10-01,DRV-01049,HUB-CMH,contractor,34.9,74.74,2608.43,0.0,2608.43
2021-11-01,DRV-01001,HUB-CMH,contractor,30.6,68.92,2108.95,0.0,2108.95
2021-11-01,DRV-01002,HUB-CIN,contractor,58.9,70.86,4173.65,0.0,4173.65
2021-11-01,DRV-01007,HUB-CHI,employee,66.2,34.35,2273.97,4.0,2342.67
2021-11-01,DRV-01008,HUB-CIN,employee,68.4,35.32,2415.89,4.0,2486.53
2021-11-01,DRV-01009,HUB-CMH,employee,40.0,36.29,1451.60,4.0,1524.18
2021-11-01,DRV-01010,HUB-CMH,employee,43.7,37.26,1628.26,4.0,1702.78
2021-11-01,DRV-01014,HUB-DET,contractor,100.4,74.74,7503.90,0.0,7503.90
2021-11-01,DRV-01015,HUB-CMH,employee,37.1,37.26,1382.35,4.0,1456.87
2021-11-01,DRV-01016,HUB-CMH,employee,42.2,33.38,1408.64,4.0,1475.40
2021-11-01,DRV-01017,HUB-CHI,employee,58.9,34.35,2023.22,4.0,2091.92
2021-11-01,DRV-01019,HUB-CIN,contractor,64.0,74.74,4783.36,0.0,4783.36
2021-11-01,DRV-01021,HUB-DET,contractor,112.0,68.92,7719.04,0.0,7719.04
2021-11-01,DRV-01024,HUB-IND,employee,72.8,36.29,2641.91,4.0,2714.49
2021-11-01,DRV-01025,HUB-CIN,employee,70.6,37.26,2630.56,4.0,2705.08
2021-11-01,DRV-01027,HUB-CIN,employee,67.7,34.35,2325.50,4.0,2394.20
2021-11-01,DRV-01028,HUB-CMH,contractor,35.6,72.80,2591.68,0.0,2591.68
2021-11-01,DRV-01031,HUB-IND,contractor,68.4,68.92,4714.13,0.0,4714.13
2021-11-01,DRV-01033,HUB-IND,employee,65.5,35.32,2313.46,4.0,2384.10
2021-11-01,DRV-01034,HUB-CIN,contractor,77.1,74.74,5762.45,0.0,5762.45
2021-11-01,DRV-01035,HUB-CHI,employee,72.0,37.26,2682.72,4.0,2757.24
2021-11-01,DRV-01037,HUB-DET,contractor,119.3,70.86,8453.60,0.0,8453.60
2021-11-01,DRV-01039,HUB-CMH,contractor,34.2,74.74,2556.11,0.0,2556.11
2021-11-01,DRV-01040,HUB-CMH,contractor,31.3,76.67,2399.77,0.0,2399.77
2021-11-01,DRV-01041,HUB-CIN,employee,71.3,33.38,2379.99,4.0,2446.75
2021-11-01,DRV-01042,HUB-IND,employee,67.7,34.35,2325.50,4.0,2394.20
2021-11-01,DRV-01044,HUB-CMH,employee,39.3,36.29,1426.20,4.0,1498.78
2021-11-01,DRV-01046,HUB-DET,employee,119.3,33.38,3982.23,4.0,4048.99
2021-11-01,DRV-01048,HUB-CHI,employee,63.3,35.32,2235.76,4.0,2306.40
2021-11-01,DRV-01049,HUB-CMH,contractor,34.9,74.74,2608.43,0.0,2608.43
2021-12-01,DRV-01001,HUB-CMH,contractor,30.6,68.92,2108.95,0.0,2108.95
2021-12-01,DRV-01002,HUB-CIN,contractor,58.9,70.86,4173.65,0.0,4173.65
2021-12-01,DRV-01007,HUB-CHI,employee,66.2,34.35,2273.97,4.0,2342.67
2021-12-01,DRV-01008,HUB-CIN,employee,68.4,35.32,2415.89,4.0,2486.53
2021-12-01,DRV-01009,HUB-CMH,employee,40.0,36.29,1451.60,4.0,1524.18
2021-12-01,DRV-01010,HUB-CMH,employee,43.7,37.26,1628.26,4.0,1702.78
2021-12-01,DRV-01013,HUB-CMH,contractor,42.1,72.80,3064.88,0.0,3064.88
2021-12-01,DRV-01014,HUB-DET,contractor,100.4,74.74,7503.90,0.0,7503.90
2021-12-01,DRV-01015,HUB-CMH,employee,37.1,37.26,1382.35,4.0,1456.87
2021-12-01,DRV-01016,HUB-CMH,employee,42.2,33.38,1408.64,4.0,1475.40
2021-12-01,DRV-01017,HUB-CHI,employee,58.9,34.35,2023.22,4.0,2091.92
2021-12-01,DRV-01019,HUB-CIN,contractor,64.0,74.74,4783.36,0.0,4783.36
2021-12-01,DRV-01021,HUB-DET,contractor,112.0,68.92,7719.04,0.0,7719.04
2021-12-01,DRV-01024,HUB-IND,employee,72.8,36.29,2641.91,4.0,2714.49
2021-12-01,DRV-01025,HUB-CIN,employee,70.6,37.26,2630.56,4.0,2705.08
2021-12-01,DRV-01027,HUB-CIN,employee,67.7,34.35,2325.50,4.0,2394.20
2021-12-01,DRV-01028,HUB-CMH,contractor,35.6,72.80,2591.68,0.0,2591.68
2021-12-01,DRV-01031,HUB-IND,contractor,68.4,68.92,4714.13,0.0,4714.13
2021-12-01,DRV-01033,HUB-IND,employee,65.5,35.32,2313.46,4.0,2384.10
2021-12-01,DRV-01034,HUB-CIN,contractor,77.1,74.74,5762.45,0.0,5762.45
2021-12-01,DRV-01035,HUB-CHI,employee,72.0,37.26,2682.72,4.0,2757.24
2021-12-01,DRV-01037,HUB-DET,contractor,119.3,70.86,8453.60,0.0,8453.60
2021-12-01,DRV-01039,HUB-CMH,contractor,34.2,74.74,2556.11,0.0,2556.11
2021-12-01,DRV-01040,HUB-CMH,contractor,31.3,76.67,2399.77,0.0,2399.77
2021-12-01,DRV-01041,HUB-CIN,employee,71.3,33.38,2379.99,4.0,2446.75
2021-12-01,DRV-01042,HUB-IND,employee,67.7,34.35,2325.50,4.0,2394.20
2021-12-01,DRV-01044,HUB-CMH,employee,39.3,36.29,1426.20,4.0,1498.78
2021-12-01,DRV-01046,HUB-DET,employee,119.3,33.38,3982.23,4.0,4048.99
2021-12-01,DRV-01048,HUB-CHI,employee,63.3,35.32,2235.76,4.0,2306.40
2021-12-01,DRV-01049,HUB-CMH,contractor,34.9,74.74,2608.43,0.0,2608.43
2022-01-01,DRV-01001,HUB-CMH,contractor,31.2,70.64,2203.97,0.0,2203.97
2022-01-01,DRV-01002,HUB-CIN,contractor,60.1,72.63,4365.06,0.0,4365.06
2022-01-01,DRV-01007,HUB-CHI,employee,67.6,35.21,2380.20,4.0,2450.62
2022-01-01,DRV-01008,HUB-CIN,employee,69.8,36.21,2527.46,4.0,2599.88
2022-01-01,DRV-01009,HUB-CMH,employee,40.8,37.20,1517.76,4.0,1592.16
2022-01-01,DRV-01010,HUB-CMH,employee,44.6,38.19,1703.27,4.0,1779.65
2022-01-01,DRV-01013,HUB-CMH,contractor,42.9,74.62,3201.20,0.0,3201.20
2022-01-01,DRV-01014,HUB-DET,contractor,102.5,76.60,7851.50,0.0,7851.50
2022-01-01,DRV-01015,HUB-CMH,employee,37.9,38.19,1447.40,4.0,1523.78
2022-01-01,DRV-01016,HUB-CMH,employee,43.1,34.22,1474.88,4.0,1543.32
2022-01-01,DRV-01017,HUB-CHI,employee,60.1,35.21,2116.12,4.0,2186.54
2022-01-01,DRV-01019,HUB-CIN,contractor,65.3,76.60,5001.98,0.0,5001.98
2022-01-01,DRV-01021,HUB-DET,contractor,114.3,70.64,8074.15,0.0,8074.15
2022-01-01,DRV-01024,HUB-IND,employee,74.3,37.20,2763.96,4.0,2838.36
2022-01-01,DRV-01025,HUB-CIN,employee,72.0,38.19,2749.68,4.0,2826.06
2022-01-01,DRV-01027,HUB-CIN,employee,69.1,35.21,2433.01,4.0,2503.43
2022-01-01,DRV-01028,HUB-CMH,contractor,36.4,74.62,2716.17,0.0,2716.17
2022-01-01,DRV-01031,HUB-IND,contractor,69.8,70.64,4930.67,0.0,4930.67
2022-01-01,DRV-01033,HUB-IND,employee,66.8,36.21,2418.83,4.0,2491.25
2022-01-01,DRV-01034,HUB-CIN,contractor,78.7,76.60,6028.42,0.0,6028.42
2022-01-01,DRV-01035,HUB-CHI,employee,73.5,38.19,2806.97,4.0,2883.35
2022-01-01,DRV-01037,HUB-DET,contractor,121.8,72.63,8846.33,0.0,8846.33
2022-01-01,DRV-01039,HUB-CMH,contractor,34.9,76.60,2673.34,0.0,2673.34
2022-01-01,DRV-01040,HUB-CMH,contractor,31.9,78.59,2507.02,0.0,2507.02
2022-01-01,DRV-01041,HUB-CIN,employee,72.8,34.22,2491.22,4.0,2559.66
2022-01-01,DRV-01042,HUB-IND,employee,69.1,35.21,2433.01,4.0,2503.43
2022-01-01,DRV-01044,HUB-CMH,employee,40.1,37.20,1491.72,4.0,1566.12
2022-01-01,DRV-01046,HUB-DET,employee,121.8,34.22,4168.00,4.0,4236.44
2022-01-01,DRV-01048,HUB-CHI,employee,64.6,36.21,2339.17,4.0,2411.59
2022-01-01,DRV-01049,HUB-CMH,contractor,35.6,76.60,2726.96,0.0,2726.96
2022-02-01,DRV-01001,HUB-CMH,contractor,31.2,70.64,2203.97,0.0,2203.97
2022-02-01,DRV-01002,HUB-CIN,contractor,60.1,72.63,4365.06,0.0,4365.06
2022-02-01,DRV-01007,HUB-CHI,employee,67.6,35.21,2380.20,4.0,2450.62
2022-02-01,DRV-01008,HUB-CIN,employee,69.8,36.21,2527.46,4.0,2599.88
2022-02-01,DRV-01009,HUB-CMH,employee,40.8,37.20,1517.76,4.0,1592.16
2022-02-01,DRV-01010,HUB-CMH,employee,44.6,38.19,1703.27,4.0,1779.65
2022-02-01,DRV-01013,HUB-CMH,contractor,42.9,74.62,3201.20,0.0,3201.20
2022-02-01,DRV-01014,HUB-DET,contractor,102.5,76.60,7851.50,0.0,7851.50
2022-02-01,DRV-01015,HUB-CMH,employee,37.9,38.19,1447.40,4.0,1523.78
2022-02-01,DRV-01016,HUB-CMH,employee,43.1,34.22,1474.88,4.0,1543.32
2022-02-01,DRV-01017,HUB-CHI,employee,60.1,35.21,2116.12,4.0,2186.54
2022-02-01,DRV-01019,HUB-CIN,contractor,65.3,76.60,5001.98,0.0,5001.98
2022-02-01,DRV-01021,HUB-DET,contractor,114.3,70.64,8074.15,0.0,8074.15
2022-02-01,DRV-01024,HUB-IND,employee,74.3,37.20,2763.96,4.0,2838.36
2022-02-01,DRV-01025,HUB-CIN,employee,72.0,38.19,2749.68,4.0,2826.06
2022-02-01,DRV-01027,HUB-CIN,employee,69.1,35.21,2433.01,4.0,2503.43
2022-02-01,DRV-01028,HUB-CMH,contractor,36.4,74.62,2716.17,0.0,2716.17
2022-02-01,DRV-01031,HUB-IND,contractor,69.8,70.64,4930.67,0.0,4930.67
2022-02-01,DRV-01033,HUB-IND,employee,66.8,36.21,2418.83,4.0,2491.25
2022-02-01,DRV-01034,HUB-CIN,contractor,78.7,76.60,6028.42,0.0,6028.42
2022-02-01,DRV-01035,HUB-CHI,employee,73.5,38.19,2806.97,4.0,2883.35
2022-02-01,DRV-01036,HUB-CMH,contractor,35.6,70.64,2514.78,0.0,2514.78
2022-02-01,DRV-01037,HUB-DET,contractor,121.8,72.63,8846.33,0.0,8846.33
2022-02-01,DRV-01039,HUB-CMH,contractor,34.9,76.60,2673.34,0.0,2673.34
2022-02-01,DRV-01040,HUB-CMH,contractor,31.9,78.59,2507.02,0.0,2507.02
2022-02-01,DRV-01041,HUB-CIN,employee,72.8,34.22,2491.22,4.0,2559.66
2022-02-01,DRV-01042,HUB-IND,employee,69.1,35.21,2433.01,4.0,2503.43
2022-02-01,DRV-01044,HUB-CMH,employee,40.1,37.20,1491.72,4.0,1566.12
2022-02-01,DRV-01046,HUB-DET,employee,121.8,34.22,4168.00,4.0,4236.44
2022-02-01,DRV-01047,HUB-CHI,employee,70.5,35.21,2482.31,4.0,2552.73
2022-02-01,DRV-01048,HUB-CHI,employee,64.6,36.21,2339.17,4.0,2411.59
2022-02-01,DRV-01049,HUB-CMH,contractor,35.6,76.60,2726.96,0.0,2726.96
2022-03-01,DRV-01001,HUB-CMH,contractor,31.2,70.64,2203.97,0.0,2203.97
2022-03-01,DRV-01002,HUB-CIN,contractor,60.1,72.63,4365.06,0.0,4365.06
2022-03-01,DRV-01007,HUB-CHI,employee,67.6,35.21,2380.20,4.0,2450.62
2022-03-01,DRV-01008,HUB-CIN,employee,69.8,36.21,2527.46,4.0,2599.88
2022-03-01,DRV-01009,HUB-CMH,employee,40.8,37.20,1517.76,4.0,1592.16
2022-03-01,DRV-01010,HUB-CMH,employee,44.6,38.19,1703.27,4.0,1779.65
2022-03-01,DRV-01013,HUB-CMH,contractor,42.9,74.62,3201.20,0.0,3201.20
2022-03-01,DRV-01014,HUB-DET,contractor,102.5,76.60,7851.50,0.0,7851.50
2022-03-01,DRV-01015,HUB-CMH,employee,37.9,38.19,1447.40,4.0,1523.78
2022-03-01,DRV-01016,HUB-CMH,employee,43.1,34.22,1474.88,4.0,1543.32
2022-03-01,DRV-01017,HUB-CHI,employee,60.1,35.21,2116.12,4.0,2186.54
2022-03-01,DRV-01019,HUB-CIN,contractor,65.3,76.60,5001.98,0.0,5001.98
2022-03-01,DRV-01021,HUB-DET,contractor,114.3,70.64,8074.15,0.0,8074.15
2022-03-01,DRV-01024,HUB-IND,employee,74.3,37.20,2763.96,4.0,2838.36
2022-03-01,DRV-01025,HUB-CIN,employee,72.0,38.19,2749.68,4.0,2826.06
2022-03-01,DRV-01027,HUB-CIN,employee,69.1,35.21,2433.01,4.0,2503.43
2022-03-01,DRV-01028,HUB-CMH,contractor,36.4,74.62,2716.17,0.0,2716.17
2022-03-01,DRV-01031,HUB-IND,contractor,69.8,70.64,4930.67,0.0,4930.67
2022-03-01,DRV-01033,HUB-IND,employee,66.8,36.21,2418.83,4.0,2491.25
2022-03-01,DRV-01034,HUB-CIN,contractor,78.7,76.60,6028.42,0.0,6028.42
2022-03-01,DRV-01035,HUB-CHI,employee,73.5,38.19,2806.97,4.0,2883.35
2022-03-01,DRV-01036,HUB-CMH,contractor,35.6,70.64,2514.78,0.0,2514.78
2022-03-01,DRV-01037,HUB-DET,contractor,121.8,72.63,8846.33,0.0,8846.33
2022-03-01,DRV-01039,HUB-CMH,contractor,34.9,76.60,2673.34,0.0,2673.34
2022-03-01,DRV-01040,HUB-CMH,contractor,31.9,78.59,2507.02,0.0,2507.02
2022-03-01,DRV-01041,HUB-CIN,employee,72.8,34.22,2491.22,4.0,2559.66
2022-03-01,DRV-01042,HUB-IND,employee,69.1,35.21,2433.01,4.0,2503.43
2022-03-01,DRV-01044,HUB-CMH,employee,40.1,37.20,1491.72,4.0,1566.12
2022-03-01,DRV-01046,HUB-DET,employee,121.8,34.22,4168.00,4.0,4236.44
2022-03-01,DRV-01047,HUB-CHI,employee,70.5,35.21,2482.31,4.0,2552.73
2022-03-01,DRV-01048,HUB-CHI,employee,64.6,36.21,2339.17,4.0,2411.59
2022-03-01,DRV-01049,HUB-CMH,contractor,35.6,76.60,2726.96,0.0,2726.96
2022-04-01,DRV-01001,HUB-CMH,contractor,31.2,70.64,2203.97,0.0,2203.97
2022-04-01,DRV-01002,HUB-CIN,contractor,60.1,72.63,4365.06,0.0,4365.06
2022-04-01,DRV-01007,HUB-CHI,employee,67.6,35.21,2380.20,4.0,2450.62
2022-04-01,DRV-01008,HUB-CIN,employee,69.8,36.21,2527.46,4.0,2599.88
2022-04-01,DRV-01009,HUB-CMH,employee,40.8,37.20,1517.76,4.0,1592.16
2022-04-01,DRV-01010,HUB-CMH,employee,44.6,38.19,1703.27,4.0,1779.65
2022-04-01,DRV-01013,HUB-CMH,contractor,42.9,74.62,3201.20,0.0,3201.20
2022-04-01,DRV-01014,HUB-DET,contractor,102.5,76.60,7851.50,0.0,7851.50
2022-04-01,DRV-01015,HUB-CMH,employee,37.9,38.19,1447.40,4.0,1523.78
2022-04-01,DRV-01016,HUB-CMH,employee,43.1,34.22,1474.88,4.0,1543.32
2022-04-01,DRV-01017,HUB-CHI,employee,60.1,35.21,2116.12,4.0,2186.54
2022-04-01,DRV-01019,HUB-CIN,contractor,65.3,76.60,5001.98,0.0,5001.98
2022-04-01,DRV-01021,HUB-DET,contractor,114.3,70.64,8074.15,0.0,8074.15
2022-04-01,DRV-01024,HUB-IND,employee,74.3,37.20,2763.96,4.0,2838.36
2022-04-01,DRV-01025,HUB-CIN,employee,72.0,38.19,2749.68,4.0,2826.06
2022-04-01,DRV-01027,HUB-CIN,employee,69.1,35.21,2433.01,4.0,2503.43
2022-04-01,DRV-01028,HUB-CMH,contractor,36.4,74.62,2716.17,0.0,2716.17
2022-04-01,DRV-01031,HUB-IND,contractor,69.8,70.64,4930.67,0.0,4930.67
2022-04-01,DRV-01033,HUB-IND,employee,66.8,36.21,2418.83,4.0,2491.25
2022-04-01,DRV-01034,HUB-CIN,contractor,78.7,76.60,6028.42,0.0,6028.42
2022-04-01,DRV-01035,HUB-CHI,employee,73.5,38.19,2806.97,4.0,2883.35
2022-04-01,DRV-01036,HUB-CMH,contractor,35.6,70.64,2514.78,0.0,2514.78
2022-04-01,DRV-01037,HUB-DET,contractor,121.8,72.63,8846.33,0.0,8846.33
2022-04-01,DRV-01039,HUB-CMH,contractor,34.9,76.60,2673.34,0.0,2673.34
2022-04-01,DRV-01040,HUB-CMH,contractor,31.9,78.59,2507.02,0.0,2507.02
2022-04-01,DRV-01041,HUB-CIN,employee,72.8,34.22,2491.22,4.0,2559.66
2022-04-01,DRV-01042,HUB-IND,employee,69.1,35.21,2433.01,4.0,2503.43
2022-04-01,DRV-01044,HUB-CMH,employee,40.1,37.20,1491.72,4.0,1566.12
2022-04-01,DRV-01046,HUB-DET,employee,121.8,34.22,4168.00,4.0,4236.44
2022-04-01,DRV-01047,HUB-CHI,employee,70.5,35.21,2482.31,4.0,2552.73
2022-04-01,DRV-01048,HUB-CHI,employee,64.6,36.21,2339.17,4.0,2411.59
2022-04-01,DRV-01049,HUB-CMH,contractor,35.6,76.60,2726.96,0.0,2726.96
2022-05-01,DRV-01001,HUB-CMH,contractor,31.2,70.64,2203.97,0.0,2203.97
2022-05-01,DRV-01002,HUB-CIN,contractor,60.1,72.63,4365.06,0.0,4365.06
2022-05-01,DRV-01007,HUB-CHI,employee,67.6,35.21,2380.20,4.0,2450.62
2022-05-01,DRV-01008,HUB-CIN,employee,69.8,36.21,2527.46,4.0,2599.88
2022-05-01,DRV-01009,HUB-CMH,employee,40.8,37.20,1517.76,4.0,1592.16
2022-05-01,DRV-01010,HUB-CMH,employee,44.6,38.19,1703.27,4.0,1779.65
2022-05-01,DRV-01013,HUB-CMH,contractor,42.9,74.62,3201.20,0.0,3201.20
2022-05-01,DRV-01014,HUB-DET,contractor,102.5,76.60,7851.50,0.0,7851.50
2022-05-01,DRV-01015,HUB-CMH,employee,37.9,38.19,1447.40,4.0,1523.78
2022-05-01,DRV-01016,HUB-CMH,employee,43.1,34.22,1474.88,4.0,1543.32
2022-05-01,DRV-01017,HUB-CHI,employee,60.1,35.21,2116.12,4.0,2186.54
2022-05-01,DRV-01019,HUB-CIN,contractor,65.3,76.60,5001.98,0.0,5001.98
2022-05-01,DRV-01021,HUB-DET,contractor,114.3,70.64,8074.15,0.0,8074.15
2022-05-01,DRV-01024,HUB-IND,employee,74.3,37.20,2763.96,4.0,2838.36
2022-05-01,DRV-01025,HUB-CIN,employee,72.0,38.19,2749.68,4.0,2826.06
2022-05-01,DRV-01027,HUB-CIN,employee,69.1,35.21,2433.01,4.0,2503.43
2022-05-01,DRV-01028,HUB-CMH,contractor,36.4,74.62,2716.17,0.0,2716.17
2022-05-01,DRV-01031,HUB-IND,contractor,69.8,70.64,4930.67,0.0,4930.67
2022-05-01,DRV-01033,HUB-IND,employee,66.8,36.21,2418.83,4.0,2491.25
2022-05-01,DRV-01034,HUB-CIN,contractor,78.7,76.60,6028.42,0.0,6028.42
2022-05-01,DRV-01035,HUB-CHI,employee,73.5,38.19,2806.97,4.0,2883.35
2022-05-01,DRV-01036,HUB-CMH,contractor,35.6,70.64,2514.78,0.0,2514.78
2022-05-01,DRV-01037,HUB-DET,contractor,121.8,72.63,8846.33,0.0,8846.33
2022-05-01,DRV-01039,HUB-CMH,contractor,34.9,76.60,2673.34,0.0,2673.34
2022-05-01,DRV-01040,HUB-CMH,contractor,31.9,78.59,2507.02,0.0,2507.02
2022-05-01,DRV-01041,HUB-CIN,employee,72.8,34.22,2491.22,4.0,2559.66
2022-05-01,DRV-01042,HUB-IND,employee,69.1,35.21,2433.01,4.0,2503.43
2022-05-01,DRV-01044,HUB-CMH,employee,40.1,37.20,1491.72,4.0,1566.12
2022-05-01,DRV-01046,HUB-DET,employee,121.8,34.22,4168.00,4.0,4236.44
2022-05-01,DRV-01047,HUB-CHI,employee,70.5,35.21,2482.31,4.0,2552.73
2022-05-01,DRV-01048,HUB-CHI,employee,64.6,36.21,2339.17,4.0,2411.59
2022-05-01,DRV-01049,HUB-CMH,contractor,35.6,76.60,2726.96,0.0,2726.96
2022-06-01,DRV-01001,HUB-CMH,contractor,31.2,70.64,2203.97,0.0,2203.97
2022-06-01,DRV-01002,HUB-CIN,contractor,60.1,72.63,4365.06,0.0,4365.06
2022-06-01,DRV-01005,HUB-CHI,contractor,75.7,78.59,5949.26,0.0,5949.26
2022-06-01,DRV-01007,HUB-CHI,employee,67.6,35.21,2380.20,4.0,2450.62
2022-06-01,DRV-01008,HUB-CIN,employee,69.8,36.21,2527.46,4.0,2599.88
2022-06-01,DRV-01009,HUB-CMH,employee,40.8,37.20,1517.76,4.0,1592.16
2022-06-01,DRV-01010,HUB-CMH,employee,44.6,38.19,1703.27,4.0,1779.65
2022-06-01,DRV-01013,HUB-CMH,contractor,42.9,74.62,3201.20,0.0,3201.20
2022-06-01,DRV-01014,HUB-DET,contractor,102.5,76.60,7851.50,0.0,7851.50
2022-06-01,DRV-01015,HUB-CMH,employee,37.9,38.19,1447.40,4.0,1523.78
2022-06-01,DRV-01016,HUB-CMH,employee,43.1,34.22,1474.88,4.0,1543.32
2022-06-01,DRV-01017,HUB-CHI,employee,60.1,35.21,2116.12,4.0,2186.54
2022-06-01,DRV-01019,HUB-CIN,contractor,65.3,76.60,5001.98,0.0,5001.98
2022-06-01,DRV-01021,HUB-DET,contractor,114.3,70.64,8074.15,0.0,8074.15
2022-06-01,DRV-01024,HUB-IND,employee,74.3,37.20,2763.96,4.0,2838.36
2022-06-01,DRV-01025,HUB-CIN,employee,72.0,38.19,2749.68,4.0,2826.06
2022-06-01,DRV-01027,HUB-CIN,employee,69.1,35.21,2433.01,4.0,2503.43
2022-06-01,DRV-01028,HUB-CMH,contractor,36.4,74.62,2716.17,0.0,2716.17
2022-06-01,DRV-01031,HUB-IND,contractor,69.8,70.64,4930.67,0.0,4930.67
2022-06-01,DRV-01032,HUB-IND,employee,67.6,35.21,2380.20,4.0,2450.62
2022-06-01,DRV-01033,HUB-IND,employee,66.8,36.21,2418.83,4.0,2491.25
2022-06-01,DRV-01034,HUB-CIN,contractor,78.7,76.60,6028.42,0.0,6028.42
2022-06-01,DRV-01035,HUB-CHI,employee,73.5,38.19,2806.97,4.0,2883.35
2022-06-01,DRV-01036,HUB-CMH,contractor,35.6,70.64,2514.78,0.0,2514.78
2022-06-01,DRV-01037,HUB-DET,contractor,121.8,72.63,8846.33,0.0,8846.33
2022-06-01,DRV-01039,HUB-CMH,contractor,34.9,76.60,2673.34,0.0,2673.34
2022-06-01,DRV-01040,HUB-CMH,contractor,31.9,78.59,2507.02,0.0,2507.02
2022-06-01,DRV-01041,HUB-CIN,employee,72.8,34.22,2491.22,4.0,2559.66
2022-06-01,DRV-01042,HUB-IND,employee,69.1,35.21,2433.01,4.0,2503.43
2022-06-01,DRV-01044,HUB-CMH,employee,40.1,37.20,1491.72,4.0,1566.12
2022-06-01,DRV-01046,HUB-DET,employee,121.8,34.22,4168.00,4.0,4236.44
2022-06-01,DRV-01047,HUB-CHI,employee,70.5,35.21,2482.31,4.0,2552.73
2022-06-01,DRV-01048,HUB-CHI,employee,64.6,36.21,2339.17,4.0,2411.59
2022-06-01,DRV-01049,HUB-CMH,contractor,35.6,76.60,2726.96,0.0,2726.96
2022-06-01,DRV-01188,HUB-IND,contractor,61.6,78.59,4841.14,0.0,4841.14
2022-07-01,DRV-01001,HUB-CMH,contractor,31.2,70.64,2203.97,0.0,2203.97
2022-07-01,DRV-01002,HUB-CIN,contractor,60.1,72.63,4365.06,0.0,4365.06
2022-07-01,DRV-01005,HUB-CHI,contractor,75.7,78.59,5949.26,0.0,5949.26
2022-07-01,DRV-01007,HUB-CHI,employee,67.6,35.21,2380.20,4.0,2450.62
2022-07-01,DRV-01008,HUB-CIN,employee,69.8,36.21,2527.46,4.0,2599.88
2022-07-01,DRV-01009,HUB-CMH,employee,40.8,37.20,1517.76,4.0,1592.16
2022-07-01,DRV-01010,HUB-CMH,employee,44.6,38.19,1703.27,4.0,1779.65
2022-07-01,DRV-01012,HUB-CHI,contractor,58.7,72.63,4263.38,0.0,4263.38
2022-07-01,DRV-01013,HUB-CMH,contractor,42.9,74.62,3201.20,0.0,3201.20
2022-07-01,DRV-01014,HUB-DET,contractor,102.5,76.60,7851.50,0.0,7851.50
2022-07-01,DRV-01015,HUB-CMH,employee,37.9,38.19,1447.40,4.0,1523.78
2022-07-01,DRV-01016,HUB-CMH,employee,43.1,34.22,1474.88,4.0,1543.32
2022-07-01,DRV-01017,HUB-CHI,employee,60.1,35.21,2116.12,4.0,2186.54
2022-07-01,DRV-01019,HUB-CIN,contractor,65.3,76.60,5001.98,0.0,5001.98
2022-07-01,DRV-01021,HUB-DET,contractor,114.3,70.64,8074.15,0.0,8074.15
2022-07-01,DRV-01024,HUB-IND,employee,74.3,37.20,2763.96,4.0,2838.36
2022-07-01,DRV-01025,HUB-CIN,employee,72.0,38.19,2749.68,4.0,2826.06
2022-07-01,DRV-01027,HUB-CIN,employee,69.1,35.21,2433.01,4.0,2503.43
2022-07-01,DRV-01028,HUB-CMH,contractor,36.4,74.62,2716.17,0.0,2716.17
2022-07-01,DRV-01031,HUB-IND,contractor,69.8,70.64,4930.67,0.0,4930.67
2022-07-01,DRV-01032,HUB-IND,employee,67.6,35.21,2380.20,4.0,2450.62
2022-07-01,DRV-01033,HUB-IND,employee,66.8,36.21,2418.83,4.0,2491.25
2022-07-01,DRV-01034,HUB-CIN,contractor,78.7,76.60,6028.42,0.0,6028.42
2022-07-01,DRV-01035,HUB-CHI,employee,73.5,38.19,2806.97,4.0,2883.35
2022-07-01,DRV-01036,HUB-CMH,contractor,35.6,70.64,2514.78,0.0,2514.78
2022-07-01,DRV-01037,HUB-DET,contractor,121.8,72.63,8846.33,0.0,8846.33
2022-07-01,DRV-01039,HUB-CMH,contractor,34.9,76.60,2673.34,0.0,2673.34
2022-07-01,DRV-01040,HUB-CMH,contractor,31.9,78.59,2507.02,0.0,2507.02
2022-07-01,DRV-01041,HUB-CIN,employee,72.8,34.22,2491.22,4.0,2559.66
2022-07-01,DRV-01042,HUB-IND,employee,69.1,35.21,2433.01,4.0,2503.43
2022-07-01,DRV-01044,HUB-CMH,employee,40.1,37.20,1491.72,4.0,1566.12
2022-07-01,DRV-01046,HUB-DET,employee,121.8,34.22,4168.00,4.0,4236.44
2022-07-01,DRV-01047,HUB-CHI,employee,70.5,35.21,2482.31,4.0,2552.73
2022-07-01,DRV-01048,HUB-CHI,employee,64.6,36.21,2339.17,4.0,2411.59
2022-07-01,DRV-01049,HUB-CMH,contractor,35.6,76.60,2726.96,0.0,2726.96
2022-07-01,DRV-01188,HUB-IND,contractor,61.6,78.59,4841.14,0.0,4841.14
2022-08-01,DRV-01001,HUB-CMH,contractor,31.2,70.64,2203.97,0.0,2203.97
2022-08-01,DRV-01002,HUB-CIN,contractor,60.1,72.63,4365.06,0.0,4365.06
2022-08-01,DRV-01005,HUB-CHI,contractor,75.7,78.59,5949.26,0.0,5949.26
2022-08-01,DRV-01007,HUB-CHI,employee,67.6,35.21,2380.20,4.0,2450.62
2022-08-01,DRV-01008,HUB-CIN,employee,69.8,36.21,2527.46,4.0,2599.88
2022-08-01,DRV-01009,HUB-CMH,employee,40.8,37.20,1517.76,4.0,1592.16
2022-08-01,DRV-01010,HUB-CMH,employee,44.6,38.19,1703.27,4.0,1779.65
2022-08-01,DRV-01012,HUB-CHI,contractor,58.7,72.63,4263.38,0.0,4263.38
2022-08-01,DRV-01013,HUB-CMH,contractor,42.9,74.62,3201.20,0.0,3201.20
2022-08-01,DRV-01014,HUB-DET,contractor,102.5,76.60,7851.50,0.0,7851.50
2022-08-01,DRV-01015,HUB-CMH,employee,37.9,38.19,1447.40,4.0,1523.78
2022-08-01,DRV-01016,HUB-CMH,employee,43.1,34.22,1474.88,4.0,1543.32
2022-08-01,DRV-01017,HUB-CHI,employee,60.1,35.21,2116.12,4.0,2186.54
2022-08-01,DRV-01019,HUB-CIN,contractor,65.3,76.60,5001.98,0.0,5001.98
2022-08-01,DRV-01021,HUB-DET,contractor,114.3,70.64,8074.15,0.0,8074.15
2022-08-01,DRV-01024,HUB-IND,employee,74.3,37.20,2763.96,4.0,2838.36
2022-08-01,DRV-01025,HUB-CIN,employee,72.0,38.19,2749.68,4.0,2826.06
2022-08-01,DRV-01027,HUB-CIN,employee,69.1,35.21,2433.01,4.0,2503.43
2022-08-01,DRV-01028,HUB-CMH,contractor,36.4,74.62,2716.17,0.0,2716.17
2022-08-01,DRV-01031,HUB-IND,contractor,69.8,70.64,4930.67,0.0,4930.67
2022-08-01,DRV-01032,HUB-IND,employee,67.6,35.21,2380.20,4.0,2450.62
2022-08-01,DRV-01033,HUB-IND,employee,66.8,36.21,2418.83,4.0,2491.25
2022-08-01,DRV-01034,HUB-CIN,contractor,78.7,76.60,6028.42,0.0,6028.42
2022-08-01,DRV-01035,HUB-CHI,employee,73.5,38.19,2806.97,4.0,2883.35
2022-08-01,DRV-01036,HUB-CMH,contractor,35.6,70.64,2514.78,0.0,2514.78
2022-08-01,DRV-01037,HUB-DET,contractor,121.8,72.63,8846.33,0.0,8846.33
2022-08-01,DRV-01039,HUB-CMH,contractor,34.9,76.60,2673.34,0.0,2673.34
2022-08-01,DRV-01040,HUB-CMH,contractor,31.9,78.59,2507.02,0.0,2507.02
2022-08-01,DRV-01041,HUB-CIN,employee,72.8,34.22,2491.22,4.0,2559.66
2022-08-01,DRV-01042,HUB-IND,employee,69.1,35.21,2433.01,4.0,2503.43
2022-08-01,DRV-01044,HUB-CMH,employee,40.1,37.20,1491.72,4.0,1566.12
2022-08-01,DRV-01046,HUB-DET,employee,121.8,34.22,4168.00,4.0,4236.44
2022-08-01,DRV-01047,HUB-CHI,employee,70.5,35.21,2482.31,4.0,2552.73
2022-08-01,DRV-01048,HUB-CHI,employee,64.6,36.21,2339.17,4.0,2411.59
2022-08-01,DRV-01049,HUB-CMH,contractor,35.6,76.60,2726.96,0.0,2726.96
2022-08-01,DRV-01188,HUB-IND,contractor,61.6,78.59,4841.14,0.0,4841.14
2022-09-01,DRV-01001,HUB-CMH,contractor,31.2,70.64,2203.97,0.0,2203.97
2022-09-01,DRV-01002,HUB-CIN,contractor,60.1,72.63,4365.06,0.0,4365.06
2022-09-01,DRV-01005,HUB-CHI,contractor,75.7,78.59,5949.26,0.0,5949.26
2022-09-01,DRV-01007,HUB-CHI,employee,67.6,35.21,2380.20,4.0,2450.62
2022-09-01,DRV-01008,HUB-CIN,employee,69.8,36.21,2527.46,4.0,2599.88
2022-09-01,DRV-01009,HUB-CMH,employee,40.8,37.20,1517.76,4.0,1592.16
2022-09-01,DRV-01010,HUB-CMH,employee,44.6,38.19,1703.27,4.0,1779.65
2022-09-01,DRV-01012,HUB-CHI,contractor,58.7,72.63,4263.38,0.0,4263.38
2022-09-01,DRV-01013,HUB-CMH,contractor,42.9,74.62,3201.20,0.0,3201.20
2022-09-01,DRV-01014,HUB-DET,contractor,102.5,76.60,7851.50,0.0,7851.50
2022-09-01,DRV-01015,HUB-CMH,employee,37.9,38.19,1447.40,4.0,1523.78
2022-09-01,DRV-01016,HUB-CMH,employee,43.1,34.22,1474.88,4.0,1543.32
2022-09-01,DRV-01017,HUB-CHI,employee,60.1,35.21,2116.12,4.0,2186.54
2022-09-01,DRV-01019,HUB-CIN,contractor,65.3,76.60,5001.98,0.0,5001.98
2022-09-01,DRV-01021,HUB-DET,contractor,114.3,70.64,8074.15,0.0,8074.15
2022-09-01,DRV-01024,HUB-IND,employee,74.3,37.20,2763.96,4.0,2838.36
2022-09-01,DRV-01025,HUB-CIN,employee,72.0,38.19,2749.68,4.0,2826.06
2022-09-01,DRV-01027,HUB-CIN,employee,69.1,35.21,2433.01,4.0,2503.43
2022-09-01,DRV-01028,HUB-CMH,contractor,36.4,74.62,2716.17,0.0,2716.17
2022-09-01,DRV-01031,HUB-IND,contractor,69.8,70.64,4930.67,0.0,4930.67
2022-09-01,DRV-01032,HUB-IND,employee,67.6,35.21,2380.20,4.0,2450.62
2022-09-01,DRV-01033,HUB-IND,employee,66.8,36.21,2418.83,4.0,2491.25
2022-09-01,DRV-01034,HUB-CIN,contractor,78.7,76.60,6028.42,0.0,6028.42
2022-09-01,DRV-01035,HUB-CHI,employee,73.5,38.19,2806.97,4.0,2883.35
2022-09-01,DRV-01036,HUB-CMH,contractor,35.6,70.64,2514.78,0.0,2514.78
2022-09-01,DRV-01037,HUB-DET,contractor,121.8,72.63,8846.33,0.0,8846.33
2022-09-01,DRV-01039,HUB-CMH,contractor,34.9,76.60,2673.34,0.0,2673.34
2022-09-01,DRV-01040,HUB-CMH,contractor,31.9,78.59,2507.02,0.0,2507.02
2022-09-01,DRV-01041,HUB-CIN,employee,72.8,34.22,2491.22,4.0,2559.66
2022-09-01,DRV-01042,HUB-IND,employee,69.1,35.21,2433.01,4.0,2503.43
2022-09-01,DRV-01044,HUB-CMH,employee,40.1,37.20,1491.72,4.0,1566.12
2022-09-01,DRV-01046,HUB-DET,employee,121.8,34.22,4168.00,4.0,4236.44
2022-09-01,DRV-01047,HUB-CHI,employee,70.5,35.21,2482.31,4.0,2552.73
2022-09-01,DRV-01048,HUB-CHI,employee,64.6,36.21,2339.17,4.0,2411.59
2022-09-01,DRV-01049,HUB-CMH,contractor,35.6,76.60,2726.96,0.0,2726.96
2022-09-01,DRV-01188,HUB-IND,contractor,61.6,78.59,4841.14,0.0,4841.14
2022-09-01,DRV-01189,HUB-CMH,contractor,32.7,70.64,2309.93,0.0,2309.93
2022-10-01,DRV-01001,HUB-CMH,contractor,31.2,70.64,2203.97,0.0,2203.97
2022-10-01,DRV-01002,HUB-CIN,contractor,60.1,72.63,4365.06,0.0,4365.06
2022-10-01,DRV-01005,HUB-CHI,contractor,75.7,78.59,5949.26,0.0,5949.26
2022-10-01,DRV-01007,HUB-CHI,employee,67.6,35.21,2380.20,4.0,2450.62
2022-10-01,DRV-01008,HUB-CIN,employee,69.8,36.21,2527.46,4.0,2599.88
2022-10-01,DRV-01009,HUB-CMH,employee,40.8,37.20,1517.76,4.0,1592.16
2022-10-01,DRV-01010,HUB-CMH,employee,44.6,38.19,1703.27,4.0,1779.65
2022-10-01,DRV-01012,HUB-CHI,contractor,58.7,72.63,4263.38,0.0,4263.38
2022-10-01,DRV-01013,HUB-CMH,contractor,42.9,74.62,3201.20,0.0,3201.20
2022-10-01,DRV-01014,HUB-DET,contractor,102.5,76.60,7851.50,0.0,7851.50
2022-10-01,DRV-01015,HUB-CMH,employee,37.9,38.19,1447.40,4.0,1523.78
2022-10-01,DRV-01016,HUB-CMH,employee,43.1,34.22,1474.88,4.0,1543.32
2022-10-01,DRV-01017,HUB-CHI,employee,60.1,35.21,2116.12,4.0,2186.54
2022-10-01,DRV-01019,HUB-CIN,contractor,65.3,76.60,5001.98,0.0,5001.98
2022-10-01,DRV-01021,HUB-DET,contractor,114.3,70.64,8074.15,0.0,8074.15
2022-10-01,DRV-01024,HUB-IND,employee,74.3,37.20,2763.96,4.0,2838.36
2022-10-01,DRV-01025,HUB-CIN,employee,72.0,38.19,2749.68,4.0,2826.06
2022-10-01,DRV-01027,HUB-CIN,employee,69.1,35.21,2433.01,4.0,2503.43
2022-10-01,DRV-01028,HUB-CMH,contractor,36.4,74.62,2716.17,0.0,2716.17
2022-10-01,DRV-01031,HUB-IND,contractor,69.8,70.64,4930.67,0.0,4930.67
2022-10-01,DRV-01032,HUB-IND,employee,67.6,35.21,2380.20,4.0,2450.62
2022-10-01,DRV-01033,HUB-IND,employee,66.8,36.21,2418.83,4.0,2491.25
2022-10-01,DRV-01034,HUB-CIN,contractor,78.7,76.60,6028.42,0.0,6028.42
2022-10-01,DRV-01035,HUB-CHI,employee,73.5,38.19,2806.97,4.0,2883.35
2022-10-01,DRV-01036,HUB-CMH,contractor,35.6,70.64,2514.78,0.0,2514.78
2022-10-01,DRV-01037,HUB-DET,contractor,121.8,72.63,8846.33,0.0,8846.33
2022-10-01,DRV-01039,HUB-CMH,contractor,34.9,76.60,2673.34,0.0,2673.34
2022-10-01,DRV-01040,HUB-CMH,contractor,31.9,78.59,2507.02,0.0,2507.02
2022-10-01,DRV-01041,HUB-CIN,employee,72.8,34.22,2491.22,4.0,2559.66
2022-10-01,DRV-01042,HUB-IND,employee,69.1,35.21,2433.01,4.0,2503.43
2022-10-01,DRV-01043,HUB-CMH,employee,44.6,36.21,1614.97,4.0,1687.39
2022-10-01,DRV-01044,HUB-CMH,employee,40.1,37.20,1491.72,4.0,1566.12
2022-10-01,DRV-01046,HUB-DET,employee,121.8,34.22,4168.00,4.0,4236.44
2022-10-01,DRV-01047,HUB-CHI,employee,70.5,35.21,2482.31,4.0,2552.73
2022-10-01,DRV-01048,HUB-CHI,employee,64.6,36.21,2339.17,4.0,2411.59
2022-10-01,DRV-01049,HUB-CMH,contractor,35.6,76.60,2726.96,0.0,2726.96
2022-10-01,DRV-01188,HUB-IND,contractor,61.6,78.59,4841.14,0.0,4841.14
2022-10-01,DRV-01189,HUB-CMH,contractor,32.7,70.64,2309.93,0.0,2309.93
2022-11-01,DRV-01001,HUB-CMH,contractor,31.2,70.64,2203.97,0.0,2203.97
2022-11-01,DRV-01002,HUB-CIN,contractor,60.1,72.63,4365.06,0.0,4365.06
2022-11-01,DRV-01005,HUB-CHI,contractor,75.7,78.59,5949.26,0.0,5949.26
2022-11-01,DRV-01007,HUB-CHI,employee,67.6,35.21,2380.20,4.0,2450.62
2022-11-01,DRV-01008,HUB-CIN,employee,69.8,36.21,2527.46,4.0,2599.88
2022-11-01,DRV-01009,HUB-CMH,employee,40.8,37.20,1517.76,4.0,1592.16
2022-11-01,DRV-01010,HUB-CMH,employee,44.6,38.19,1703.27,4.0,1779.65
2022-11-01,DRV-01012,HUB-CHI,contractor,58.7,72.63,4263.38,0.0,4263.38
2022-11-01,DRV-01013,HUB-CMH,contractor,42.9,74.62,3201.20,0.0,3201.20
2022-11-01,DRV-01014,HUB-DET,contractor,102.5,76.60,7851.50,0.0,7851.50
2022-11-01,DRV-01015,HUB-CMH,employee,37.9,38.19,1447.40,4.0,1523.78
2022-11-01,DRV-01016,HUB-CMH,employee,43.1,34.22,1474.88,4.0,1543.32
2022-11-01,DRV-01017,HUB-CHI,employee,60.1,35.21,2116.12,4.0,2186.54
2022-11-01,DRV-01019,HUB-CIN,contractor,65.3,76.60,5001.98,0.0,5001.98
2022-11-01,DRV-01021,HUB-DET,contractor,114.3,70.64,8074.15,0.0,8074.15
2022-11-01,DRV-01024,HUB-IND,employee,74.3,37.20,2763.96,4.0,2838.36
2022-11-01,DRV-01025,HUB-CIN,employee,72.0,38.19,2749.68,4.0,2826.06
2022-11-01,DRV-01027,HUB-CIN,employee,69.1,35.21,2433.01,4.0,2503.43
2022-11-01,DRV-01028,HUB-CMH,contractor,36.4,74.62,2716.17,0.0,2716.17
2022-11-01,DRV-01031,HUB-IND,contractor,69.8,70.64,4930.67,0.0,4930.67
2022-11-01,DRV-01032,HUB-IND,employee,67.6,35.21,2380.20,4.0,2450.62
2022-11-01,DRV-01033,HUB-IND,employee,66.8,36.21,2418.83,4.0,2491.25
2022-11-01,DRV-01034,HUB-CIN,contractor,78.7,76.60,6028.42,0.0,6028.42
2022-11-01,DRV-01035,HUB-CHI,employee,73.5,38.19,2806.97,4.0,2883.35
2022-11-01,DRV-01036,HUB-CMH,contractor,35.6,70.64,2514.78,0.0,2514.78
2022-11-01,DRV-01037,HUB-DET,contractor,121.8,72.63,8846.33,0.0,8846.33
2022-11-01,DRV-01039,HUB-CMH,contractor,34.9,76.60,2673.34,0.0,2673.34
2022-11-01,DRV-01040,HUB-CMH,contractor,31.9,78.59,2507.02,0.0,2507.02
2022-11-01,DRV-01041,HUB-CIN,employee,72.8,34.22,2491.22,4.0,2559.66
2022-11-01,DRV-01042,HUB-IND,employee,69.1,35.21,2433.01,4.0,2503.43
2022-11-01,DRV-01043,HUB-CMH,employee,44.6,36.21,1614.97,4.0,1687.39
2022-11-01,DRV-01044,HUB-CMH,employee,40.1,37.20,1491.72,4.0,1566.12
2022-11-01,DRV-01046,HUB-DET,employee,121.8,34.22,4168.00,4.0,4236.44
2022-11-01,DRV-01047,HUB-CHI,employee,70.5,35.21,2482.31,4.0,2552.73
2022-11-01,DRV-01048,HUB-CHI,employee,64.6,36.21,2339.17,4.0,2411.59
2022-11-01,DRV-01049,HUB-CMH,contractor,35.6,76.60,2726.96,0.0,2726.96
2022-11-01,DRV-01188,HUB-IND,contractor,61.6,78.59,4841.14,0.0,4841.14
2022-11-01,DRV-01189,HUB-CMH,contractor,32.7,70.64,2309.93,0.0,2309.93
2022-12-01,DRV-01001,HUB-CMH,contractor,31.2,70.64,2203.97,0.0,2203.97
2022-12-01,DRV-01002,HUB-CIN,contractor,60.1,72.63,4365.06,0.0,4365.06
2022-12-01,DRV-01005,HUB-CHI,contractor,75.7,78.59,5949.26,0.0,5949.26
2022-12-01,DRV-01007,HUB-CHI,employee,67.6,35.21,2380.20,4.0,2450.62
2022-12-01,DRV-01008,HUB-CIN,employee,69.8,36.21,2527.46,4.0,2599.88
2022-12-01,DRV-01009,HUB-CMH,employee,40.8,37.20,1517.76,4.0,1592.16
2022-12-01,DRV-01010,HUB-CMH,employee,44.6,38.19,1703.27,4.0,1779.65
2022-12-01,DRV-01012,HUB-CHI,contractor,58.7,72.63,4263.38,0.0,4263.38
2022-12-01,DRV-01013,HUB-CMH,contractor,42.9,74.62,3201.20,0.0,3201.20
2022-12-01,DRV-01014,HUB-DET,contractor,102.5,76.60,7851.50,0.0,7851.50
2022-12-01,DRV-01015,HUB-CMH,employee,37.9,38.19,1447.40,4.0,1523.78
2022-12-01,DRV-01016,HUB-CMH,employee,43.1,34.22,1474.88,4.0,1543.32
2022-12-01,DRV-01017,HUB-CHI,employee,60.1,35.21,2116.12,4.0,2186.54
2022-12-01,DRV-01019,HUB-CIN,contractor,65.3,76.60,5001.98,0.0,5001.98
2022-12-01,DRV-01021,HUB-DET,contractor,114.3,70.64,8074.15,0.0,8074.15
2022-12-01,DRV-01024,HUB-IND,employee,74.3,37.20,2763.96,4.0,2838.36
2022-12-01,DRV-01025,HUB-CIN,employee,72.0,38.19,2749.68,4.0,2826.06
2022-12-01,DRV-01027,HUB-CIN,employee,69.1,35.21,2433.01,4.0,2503.43
2022-12-01,DRV-01028,HUB-CMH,contractor,36.4,74.62,2716.17,0.0,2716.17
2022-12-01,DRV-01031,HUB-IND,contractor,69.8,70.64,4930.67,0.0,4930.67
2022-12-01,DRV-01032,HUB-IND,employee,67.6,35.21,2380.20,4.0,2450.62
2022-12-01,DRV-01033,HUB-IND,employee,66.8,36.21,2418.83,4.0,2491.25
2022-12-01,DRV-01034,HUB-CIN,contractor,78.7,76.60,6028.42,0.0,6028.42
2022-12-01,DRV-01035,HUB-CHI,employee,73.5,38.19,2806.97,4.0,2883.35
2022-12-01,DRV-01036,HUB-CMH,contractor,35.6,70.64,2514.78,0.0,2514.78
2022-12-01,DRV-01037,HUB-DET,contractor,121.8,72.63,8846.33,0.0,8846.33
2022-12-01,DRV-01039,HUB-CMH,contractor,34.9,76.60,2673.34,0.0,2673.34
2022-12-01,DRV-01040,HUB-CMH,contractor,31.9,78.59,2507.02,0.0,2507.02
2022-12-01,DRV-01041,HUB-CIN,employee,72.8,34.22,2491.22,4.0,2559.66
2022-12-01,DRV-01042,HUB-IND,employee,69.1,35.21,2433.01,4.0,2503.43
2022-12-01,DRV-01043,HUB-CMH,employee,44.6,36.21,1614.97,4.0,1687.39
2022-12-01,DRV-01044,HUB-CMH,employee,40.1,37.20,1491.72,4.0,1566.12
2022-12-01,DRV-01045,HUB-IND,employee,80.9,38.19,3089.57,4.0,3165.95
2022-12-01,DRV-01046,HUB-DET,employee,121.8,34.22,4168.00,4.0,4236.44
2022-12-01,DRV-01047,HUB-CHI,employee,70.5,35.21,2482.31,4.0,2552.73
2022-12-01,DRV-01048,HUB-CHI,employee,64.6,36.21,2339.17,4.0,2411.59
2022-12-01,DRV-01049,HUB-CMH,contractor,35.6,76.60,2726.96,0.0,2726.96
2022-12-01,DRV-01188,HUB-IND,contractor,61.6,78.59,4841.14,0.0,4841.14
2022-12-01,DRV-01189,HUB-CMH,contractor,32.7,70.64,2309.93,0.0,2309.93
2023-01-01,DRV-01001,HUB-CMH,contractor,36.0,72.41,2606.76,0.0,2606.76
2023-01-01,DRV-01002,HUB-CIN,contractor,27.0,74.45,2010.15,0.0,2010.15
2023-01-01,DRV-01005,HUB-CHI,contractor,99.0,80.56,7975.44,0.0,7975.44
2023-01-01,DRV-01007,HUB-CHI,employee,63.0,36.09,2273.67,4.0,2345.85
2023-01-01,DRV-01008,HUB-CIN,employee,90.0,37.11,3339.90,4.0,3414.12
2023-01-01,DRV-01009,HUB-CMH,employee,36.0,38.13,1372.68,4.0,1448.94
2023-01-01,DRV-01010,HUB-CMH,employee,63.0,39.15,2466.45,4.0,2544.75
2023-01-01,DRV-01012,HUB-CHI,contractor,99.0,74.45,7370.55,0.0,7370.55
2023-01-01,DRV-01013,HUB-CMH,contractor,18.0,76.48,1376.64,0.0,1376.64
2023-01-01,DRV-01014,HUB-DET,contractor,117.0,78.52,9186.84,0.0,9186.84
2023-01-01,DRV-01015,HUB-CMH,employee,54.0,39.15,2114.10,4.0,2192.40
2023-01-01,DRV-01016,HUB-CMH,employee,27.0,35.07,946.89,4.0,1017.03
2023-01-01,DRV-01017,HUB-CHI,employee,90.0,36.09,3248.10,4.0,3320.28
2023-01-01,DRV-01019,HUB-CIN,contractor,90.0,78.52,7066.80,0.0,7066.80
2023-01-01,DRV-01021,HUB-DET,contractor,162.0,72.41,11730.42,0.0,11730.42
2023-01-01,DRV-01024,HUB-IND,employee,72.0,38.13,2745.36,4.0,2821.62
2023-01-01,DRV-01025,HUB-CIN,employee,117.0,39.15,4580.55,4.0,4658.85
2023-01-01,DRV-01027,HUB-CIN,employee,126.0,36.09,4547.34,4.0,4619.52
2023-01-01,DRV-01028,HUB-CMH,contractor,63.0,76.48,4818.24,0.0,4818.24
2023-01-01,DRV-01031,HUB-IND,contractor,72.0,72.41,5213.52,0.0,5213.52
2023-01-01,DRV-01032,HUB-IND,employee,99.0,36.09,3572.91,4.0,3645.09
2023-01-01,DRV-01033,HUB-IND,employee,63.0,37.11,2337.93,4.0,2412.15
2023-01-01,DRV-01034,HUB-CIN,contractor,162.0,78.52,12720.24,0.0,12720.24
2023-01-01,DRV-01035,HUB-CHI,employee,99.0,39.15,3875.85,4.0,3954.15
2023-01-01,DRV-01036,HUB-CMH,contractor,18.0,72.41,1303.38,0.0,1303.38
2023-01-01,DRV-01037,HUB-DET,contractor,189.0,74.45,14071.05,0.0,14071.05
2023-01-01,DRV-01039,HUB-CMH,contractor,9.0,78.52,706.68,0.0,706.68
2023-01-01,DRV-01040,HUB-CMH,contractor,54.0,80.56,4350.24,0.0,4350.24
2023-01-01,DRV-01041,HUB-CIN,employee,45.0,35.07,1578.15,4.0,1648.29
2023-01-01,DRV-01042,HUB-IND,employee,90.0,36.09,3248.10,4.0,3320.28
2023-01-01,DRV-01043,HUB-CMH,employee,72.0,37.11,2671.92,4.0,2746.14
2023-01-01,DRV-01044,HUB-CMH,employee,27.0,38.13,1029.51,4.0,1105.77
2023-01-01,DRV-01045,HUB-IND,employee,108.0,39.15,4228.20,4.0,4306.50
2023-01-01,DRV-01046,HUB-DET,employee,207.0,35.07,7259.49,4.0,7329.63
2023-01-01,DRV-01047,HUB-CHI,employee,63.0,36.09,2273.67,4.0,2345.85
2023-01-01,DRV-01048,HUB-CHI,employee,72.0,37.11,2671.92,4.0,2746.14
2023-01-01,DRV-01049,HUB-CMH,contractor,45.0,78.52,3533.40,0.0,3533.40
2023-01-01,DRV-01188,HUB-IND,contractor,81.0,80.56,6525.36,0.0,6525.36
2023-01-01,DRV-01189,HUB-CMH,contractor,63.0,72.41,4561.83,0.0,4561.83
2023-02-01,DRV-01001,HUB-CMH,contractor,36.0,72.41,2606.76,0.0,2606.76
2023-02-01,DRV-01002,HUB-CIN,contractor,45.0,74.45,3350.25,0.0,3350.25
2023-02-01,DRV-01005,HUB-CHI,contractor,90.0,80.56,7250.40,0.0,7250.40
2023-02-01,DRV-01007,HUB-CHI,employee,81.0,36.09,2923.29,4.0,2995.47
2023-02-01,DRV-01008,HUB-CIN,employee,36.0,37.11,1335.96,4.0,1410.18
2023-02-01,DRV-01009,HUB-CMH,employee,54.0,38.13,2059.02,4.0,2135.28
2023-02-01,DRV-01010,HUB-CMH,employee,45.0,39.15,1761.75,4.0,1840.05
2023-02-01,DRV-01012,HUB-CHI,contractor,45.0,74.45,3350.25,0.0,3350.25
2023-02-01,DRV-01013,HUB-CMH,contractor,54.0,76.48,4129.92,0.0,4129.92
2023-02-01,DRV-01014,HUB-DET,contractor,54.0,78.52,4240.08,0.0,4240.08
2023-02-01,DRV-01015,HUB-CMH,employee,54.0,39.15,2114.10,4.0,2192.40
2023-02-01,DRV-01016,HUB-CMH,employee,18.0,35.07,631.26,4.0,701.40
2023-02-01,DRV-01017,HUB-CHI,employee,72.0,36.09,2598.48,4.0,2670.66
2023-02-01,DRV-01019,HUB-CIN,contractor,63.0,78.52,4946.76,0.0,4946.76
2023-02-01,DRV-01021,HUB-DET,contractor,153.0,72.41,11078.73,0.0,11078.73
2023-02-01,DRV-01022,HUB-DET,employee,45.0,36.09,1624.05,4.0,1696.23
2023-02-01,DRV-01024,HUB-IND,employee,99.0,38.13,3774.87,4.0,3851.13
2023-02-01,DRV-01025,HUB-CIN,employee,54.0,39.15,2114.10,4.0,2192.40
2023-02-01,DRV-01027,HUB-CIN,employee,81.0,36.09,2923.29,4.0,2995.47
2023-02-01,DRV-01028,HUB-CMH,contractor,36.0,76.48,2753.28,0.0,2753.28
2023-02-01,DRV-01031,HUB-IND,contractor,72.0,72.41,5213.52,0.0,5213.52
2023-02-01,DRV-01032,HUB-IND,employee,81.0,36.09,2923.29,4.0,2995.47
2023-02-01,DRV-01033,HUB-IND,employee,54.0,37.11,2003.94,4.0,2078.16
2023-02-01,DRV-01034,HUB-CIN,contractor,54.0,78.52,4240.08,0.0,4240.08
2023-02-01,DRV-01035,HUB-CHI,employee,90.0,39.15,3523.50,4.0,3601.80
2023-02-01,DRV-01036,HUB-CMH,contractor,27.0,72.41,1955.07,0.0,1955.07
2023-02-01,DRV-01037,HUB-DET,contractor,63.0,74.45,4690.35,0.0,4690.35
2023-02-01,DRV-01039,HUB-CMH,contractor,36.0,78.52,2826.72,0.0,2826.72
2023-02-01,DRV-01040,HUB-CMH,contractor,27.0,80.56,2175.12,0.0,2175.12
2023-02-01,DRV-01041,HUB-CIN,employee,81.0,35.07,2840.67,4.0,2910.81
2023-02-01,DRV-01042,HUB-IND,employee,45.0,36.09,1624.05,4.0,1696.23
2023-02-01,DRV-01043,HUB-CMH,employee,27.0,37.11,1001.97,4.0,1076.19
2023-02-01,DRV-01044,HUB-CMH,employee,27.0,38.13,1029.51,4.0,1105.77
2023-02-01,DRV-01045,HUB-IND,employee,27.0,39.15,1057.05,4.0,1135.35
2023-02-01,DRV-01046,HUB-DET,employee,135.0,35.07,4734.45,4.0,4804.59
2023-02-01,DRV-01047,HUB-CHI,employee,99.0,36.09,3572.91,4.0,3645.09
2023-02-01,DRV-01048,HUB-CHI,employee,36.0,37.11,1335.96,4.0,1410.18
2023-02-01,DRV-01049,HUB-CMH,contractor,36.0,78.52,2826.72,0.0,2826.72
2023-02-01,DRV-01188,HUB-IND,contractor,54.0,80.56,4350.24,0.0,4350.24
2023-02-01,DRV-01189,HUB-CMH,contractor,36.0,72.41,2606.76,0.0,2606.76
2023-03-01,DRV-01001,HUB-CMH,contractor,45.0,72.41,3258.45,0.0,3258.45
2023-03-01,DRV-01002,HUB-CIN,contractor,63.0,74.45,4690.35,0.0,4690.35
2023-03-01,DRV-01005,HUB-CHI,contractor,126.0,80.56,10150.56,0.0,10150.56
2023-03-01,DRV-01007,HUB-CHI,employee,99.0,36.09,3572.91,4.0,3645.09
2023-03-01,DRV-01008,HUB-CIN,employee,63.0,37.11,2337.93,4.0,2412.15
2023-03-01,DRV-01009,HUB-CMH,employee,36.0,38.13,1372.68,4.0,1448.94
2023-03-01,DRV-01010,HUB-CMH,employee,27.0,39.15,1057.05,4.0,1135.35
2023-03-01,DRV-01012,HUB-CHI,contractor,54.0,74.45,4020.30,0.0,4020.30
2023-03-01,DRV-01013,HUB-CMH,contractor,27.0,76.48,2064.96,0.0,2064.96
2023-03-01,DRV-01014,HUB-DET,contractor,108.0,78.52,8480.16,0.0,8480.16
2023-03-01,DRV-01015,HUB-CMH,employee,27.0,39.15,1057.05,4.0,1135.35
2023-03-01,DRV-01016,HUB-CMH,employee,18.0,35.07,631.26,4.0,701.40
2023-03-01,DRV-01017,HUB-CHI,employee,54.0,36.09,1948.86,4.0,2021.04
2023-03-01,DRV-01019,HUB-CIN,contractor,90.0,78.52,7066.80,0.0,7066.80
2023-03-01,DRV-01021,HUB-DET,contractor,162.0,72.41,11730.42,0.0,11730.42
2023-03-01,DRV-01022,HUB-DET,employee,90.0,36.09,3248.10,4.0,3320.28
2023-03-01,DRV-01024,HUB-IND,employee,54.0,38.13,2059.02,4.0,2135.28
2023-03-01,DRV-01025,HUB-CIN,employee,117.0,39.15,4580.55,4.0,4658.85
2023-03-01,DRV-01027,HUB-CIN,employee,36.0,36.09,1299.24,4.0,1371.42
2023-03-01,DRV-01028,HUB-CMH,contractor,45.0,76.48,3441.60,0.0,3441.60
2023-03-01,DRV-01031,HUB-IND,contractor,72.0,72.41,5213.52,0.0,5213.52
2023-03-01,DRV-01032,HUB-IND,employee,54.0,36.09,1948.86,4.0,2021.04
2023-03-01,DRV-01033,HUB-IND,employee,90.0,37.11,3339.90,4.0,3414.12
2023-03-01,DRV-01034,HUB-CIN,contractor,108.0,78.52,8480.16,0.0,8480.16
2023-03-01,DRV-01035,HUB-CHI,employee,54.0,39.15,2114.10,4.0,2192.40
2023-03-01,DRV-01036,HUB-CMH,contractor,27.0,72.41,1955.07,0.0,1955.07
2023-03-01,DRV-01037,HUB-DET,contractor,81.0,74.45,6030.45,0.0,6030.45
2023-03-01,DRV-01039,HUB-CMH,contractor,18.0,78.52,1413.36,0.0,1413.36
2023-03-01,DRV-01040,HUB-CMH,contractor,9.0,80.56,725.04,0.0,725.04
2023-03-01,DRV-01041,HUB-CIN,employee,99.0,35.07,3471.93,4.0,3542.07
2023-03-01,DRV-01042,HUB-IND,employee,45.0,36.09,1624.05,4.0,1696.23
2023-03-01,DRV-01043,HUB-CMH,employee,45.0,37.11,1669.95,4.0,1744.17
2023-03-01,DRV-01044,HUB-CMH,employee,27.0,38.13,1029.51,4.0,1105.77
2023-03-01,DRV-01045,HUB-IND,employee,126.0,39.15,4932.90,4.0,5011.20
2023-03-01,DRV-01046,HUB-DET,employee,108.0,35.07,3787.56,4.0,3857.70
2023-03-01,DRV-01047,HUB-CHI,employee,90.0,36.09,3248.10,4.0,3320.28
2023-03-01,DRV-01048,HUB-CHI,employee,90.0,37.11,3339.90,4.0,3414.12
2023-03-01,DRV-01049,HUB-CMH,contractor,36.0,78.52,2826.72,0.0,2826.72
2023-03-01,DRV-01188,HUB-IND,contractor,36.0,80.56,2900.16,0.0,2900.16
2023-03-01,DRV-01189,HUB-CMH,contractor,27.0,72.41,1955.07,0.0,1955.07
2023-03-01,DRV-01190,HUB-CHI,contractor,27.0,74.45,2010.15,0.0,2010.15
2023-04-01,DRV-01001,HUB-CMH,contractor,36.0,72.41,2606.76,0.0,2606.76
2023-04-01,DRV-01002,HUB-CIN,contractor,45.0,74.45,3350.25,0.0,3350.25
2023-04-01,DRV-01005,HUB-CHI,contractor,63.0,80.56,5075.28,0.0,5075.28
2023-04-01,DRV-01007,HUB-CHI,employee,72.0,36.09,2598.48,4.0,2670.66
2023-04-01,DRV-01008,HUB-CIN,employee,63.0,37.11,2337.93,4.0,2412.15
2023-04-01,DRV-01009,HUB-CMH,employee,18.0,38.13,686.34,4.0,762.60
2023-04-01,DRV-01010,HUB-CMH,employee,27.0,39.15,1057.05,4.0,1135.35
2023-04-01,DRV-01012,HUB-CHI,contractor,54.0,74.45,4020.30,0.0,4020.30
2023-04-01,DRV-01013,HUB-CMH,contractor,18.0,76.48,1376.64,0.0,1376.64
2023-04-01,DRV-01014,HUB-DET,contractor,117.0,78.52,9186.84,0.0,9186.84
2023-04-01,DRV-01015,HUB-CMH,employee,63.0,39.15,2466.45,4.0,2544.75
2023-04-01,DRV-01016,HUB-CMH,employee,45.0,35.07,1578.15,4.0,1648.29
2023-04-01,DRV-01017,HUB-CHI,employee,54.0,36.09,1948.86,4.0,2021.04
2023-04-01,DRV-01019,HUB-CIN,contractor,54.0,78.52,4240.08,0.0,4240.08
2023-04-01,DRV-01021,HUB-DET,contractor,126.0,72.41,9123.66,0.0,9123.66
2023-04-01,DRV-01022,HUB-DET,employee,99.0,36.09,3572.91,4.0,3645.09
2023-04-01,DRV-01024,HUB-IND,employee,90.0,38.13,3431.70,4.0,3507.96
2023-04-01,DRV-01025,HUB-CIN,employee,63.0,39.15,2466.45,4.0,2544.75
2023-04-01,DRV-01027,HUB-CIN,employee,54.0,36.09,1948.86,4.0,2021.04
2023-04-01,DRV-01028,HUB-CMH,contractor,45.0,76.48,3441.60,0.0,3441.60
2023-04-01,DRV-01031,HUB-IND,contractor,72.0,72.41,5213.52,0.0,5213.52
2023-04-01,DRV-01032,HUB-IND,employee,45.0,36.09,1624.05,4.0,1696.23
2023-04-01,DRV-01033,HUB-IND,employee,63.0,37.11,2337.93,4.0,2412.15
2023-04-01,DRV-01034,HUB-CIN,contractor,72.0,78.52,5653.44,0.0,5653.44
2023-04-01,DRV-01035,HUB-CHI,employee,90.0,39.15,3523.50,4.0,3601.80
2023-04-01,DRV-01036,HUB-CMH,contractor,54.0,72.41,3910.14,0.0,3910.14
2023-04-01,DRV-01037,HUB-DET,contractor,99.0,74.45,7370.55,0.0,7370.55
2023-04-01,DRV-01039,HUB-CMH,contractor,54.0,78.52,4240.08,0.0,4240.08
2023-04-01,DRV-01040,HUB-CMH,contractor,27.0,80.56,2175.12,0.0,2175.12
2023-04-01,DRV-01041,HUB-CIN,employee,45.0,35.07,1578.15,4.0,1648.29
2023-04-01,DRV-01042,HUB-IND,employee,81.0,36.09,2923.29,4.0,2995.47
2023-04-01,DRV-01043,HUB-CMH,employee,81.0,37.11,3005.91,4.0,3080.13
2023-04-01,DRV-01044,HUB-CMH,employee,63.0,38.13,2402.19,4.0,2478.45
2023-04-01,DRV-01045,HUB-IND,employee,90.0,39.15,3523.50,4.0,3601.80
2023-04-01,DRV-01046,HUB-DET,employee,126.0,35.07,4418.82,4.0,4488.96
2023-04-01,DRV-01047,HUB-CHI,employee,90.0,36.09,3248.10,4.0,3320.28
2023-04-01,DRV-01048,HUB-CHI,employee,63.0,37.11,2337.93,4.0,2412.15
2023-04-01,DRV-01049,HUB-CMH,contractor,36.0,78.52,2826.72,0.0,2826.72
2023-04-01,DRV-01188,HUB-IND,contractor,81.0,80.56,6525.36,0.0,6525.36
2023-04-01,DRV-01189,HUB-CMH,contractor,27.0,72.41,1955.07,0.0,1955.07
2023-04-01,DRV-01190,HUB-CHI,contractor,81.0,74.45,6030.45,0.0,6030.45
2023-05-01,DRV-01001,HUB-CMH,contractor,9.0,72.41,651.69,0.0,651.69
2023-05-01,DRV-01002,HUB-CIN,contractor,63.0,74.45,4690.35,0.0,4690.35
2023-05-01,DRV-01005,HUB-CHI,contractor,81.0,80.56,6525.36,0.0,6525.36
2023-05-01,DRV-01007,HUB-CHI,employee,54.0,36.09,1948.86,4.0,2021.04
2023-05-01,DRV-01008,HUB-CIN,employee,45.0,37.11,1669.95,4.0,1744.17
2023-05-01,DRV-01009,HUB-CMH,employee,45.0,38.13,1715.85,4.0,1792.11
2023-05-01,DRV-01010,HUB-CMH,employee,54.0,39.15,2114.10,4.0,2192.40
2023-05-01,DRV-01012,HUB-CHI,contractor,81.0,74.45,6030.45,0.0,6030.45
2023-05-01,DRV-01013,HUB-CMH,contractor,0.0,76.48,0.00,0.0,0.00
2023-05-01,DRV-01014,HUB-DET,contractor,90.0,78.52,7066.80,0.0,7066.80
2023-05-01,DRV-01015,HUB-CMH,employee,27.0,39.15,1057.05,4.0,1135.35
2023-05-01,DRV-01016,HUB-CMH,employee,63.0,35.07,2209.41,4.0,2279.55
2023-05-01,DRV-01017,HUB-CHI,employee,45.0,36.09,1624.05,4.0,1696.23
2023-05-01,DRV-01019,HUB-CIN,contractor,72.0,78.52,5653.44,0.0,5653.44
2023-05-01,DRV-01021,HUB-DET,contractor,144.0,72.41,10427.04,0.0,10427.04
2023-05-01,DRV-01022,HUB-DET,employee,45.0,36.09,1624.05,4.0,1696.23
2023-05-01,DRV-01024,HUB-IND,employee,81.0,38.13,3088.53,4.0,3164.79
2023-05-01,DRV-01025,HUB-CIN,employee,72.0,39.15,2818.80,4.0,2897.10
2023-05-01,DRV-01027,HUB-CIN,employee,45.0,36.09,1624.05,4.0,1696.23
2023-05-01,DRV-01028,HUB-CMH,contractor,9.0,76.48,688.32,0.0,688.32
2023-05-01,DRV-01031,HUB-IND,contractor,63.0,72.41,4561.83,0.0,4561.83
2023-05-01,DRV-01032,HUB-IND,employee,90.0,36.09,3248.10,4.0,3320.28
2023-05-01,DRV-01033,HUB-IND,employee,72.0,37.11,2671.92,4.0,2746.14
2023-05-01,DRV-01034,HUB-CIN,contractor,81.0,78.52,6360.12,0.0,6360.12
2023-05-01,DRV-01035,HUB-CHI,employee,63.0,39.15,2466.45,4.0,2544.75
2023-05-01,DRV-01036,HUB-CMH,contractor,27.0,72.41,1955.07,0.0,1955.07
2023-05-01,DRV-01037,HUB-DET,contractor,108.0,74.45,8040.60,0.0,8040.60
2023-05-01,DRV-01039,HUB-CMH,contractor,27.0,78.52,2120.04,0.0,2120.04
2023-05-01,DRV-01040,HUB-CMH,contractor,54.0,80.56,4350.24,0.0,4350.24
2023-05-01,DRV-01041,HUB-CIN,employee,72.0,35.07,2525.04,4.0,2595.18
2023-05-01,DRV-01042,HUB-IND,employee,54.0,36.09,1948.86,4.0,2021.04
2023-05-01,DRV-01043,HUB-CMH,employee,81.0,37.11,3005.91,4.0,3080.13
2023-05-01,DRV-01044,HUB-CMH,employee,27.0,38.13,1029.51,4.0,1105.77
2023-05-01,DRV-01045,HUB-IND,employee,63.0,39.15,2466.45,4.0,2544.75
2023-05-01,DRV-01046,HUB-DET,employee,135.0,35.07,4734.45,4.0,4804.59
2023-05-01,DRV-01047,HUB-CHI,employee,72.0,36.09,2598.48,4.0,2670.66
2023-05-01,DRV-01048,HUB-CHI,employee,63.0,37.11,2337.93,4.0,2412.15
2023-05-01,DRV-01049,HUB-CMH,contractor,27.0,78.52,2120.04,0.0,2120.04
2023-05-01,DRV-01188,HUB-IND,contractor,72.0,80.56,5800.32,0.0,5800.32
2023-05-01,DRV-01189,HUB-CMH,contractor,54.0,72.41,3910.14,0.0,3910.14
2023-05-01,DRV-01190,HUB-CHI,contractor,45.0,74.45,3350.25,0.0,3350.25
2023-06-01,DRV-01001,HUB-CMH,contractor,27.0,72.41,1955.07,0.0,1955.07
2023-06-01,DRV-01002,HUB-CIN,contractor,63.0,74.45,4690.35,0.0,4690.35
2023-06-01,DRV-01005,HUB-CHI,contractor,54.0,80.56,4350.24,0.0,4350.24
2023-06-01,DRV-01007,HUB-CHI,employee,81.0,36.09,2923.29,4.0,2995.47
2023-06-01,DRV-01008,HUB-CIN,employee,36.0,37.11,1335.96,4.0,1410.18
2023-06-01,DRV-01009,HUB-CMH,employee,63.0,38.13,2402.19,4.0,2478.45
2023-06-01,DRV-01010,HUB-CMH,employee,54.0,39.15,2114.10,4.0,2192.40
2023-06-01,DRV-01012,HUB-CHI,contractor,27.0,74.45,2010.15,0.0,2010.15
2023-06-01,DRV-01013,HUB-CMH,contractor,45.0,76.48,3441.60,0.0,3441.60
2023-06-01,DRV-01014,HUB-DET,contractor,171.0,78.52,13426.92,0.0,13426.92
2023-06-01,DRV-01015,HUB-CMH,employee,54.0,39.15,2114.10,4.0,2192.40
2023-06-01,DRV-01016,HUB-CMH,employee,45.0,35.07,1578.15,4.0,1648.29
2023-06-01,DRV-01017,HUB-CHI,employee,81.0,36.09,2923.29,4.0,2995.47
2023-06-01,DRV-01019,HUB-CIN,contractor,27.0,78.52,2120.04,0.0,2120.04
2023-06-01,DRV-01020,HUB-CHI,employee,36.0,39.15,1409.40,4.0,1487.70
2023-06-01,DRV-01021,HUB-DET,contractor,117.0,72.41,8471.97,0.0,8471.97
2023-06-01,DRV-01022,HUB-DET,employee,135.0,36.09,4872.15,4.0,4944.33
2023-06-01,DRV-01023,HUB-CIN,contractor,27.0,76.48,2064.96,0.0,2064.96
2023-06-01,DRV-01024,HUB-IND,employee,108.0,38.13,4118.04,4.0,4194.30
2023-06-01,DRV-01025,HUB-CIN,employee,54.0,39.15,2114.10,4.0,2192.40
2023-06-01,DRV-01027,HUB-CIN,employee,63.0,36.09,2273.67,4.0,2345.85
2023-06-01,DRV-01028,HUB-CMH,contractor,27.0,76.48,2064.96,0.0,2064.96
2023-06-01,DRV-01031,HUB-IND,contractor,99.0,72.41,7168.59,0.0,7168.59
2023-06-01,DRV-01032,HUB-IND,employee,63.0,36.09,2273.67,4.0,2345.85
2023-06-01,DRV-01033,HUB-IND,employee,108.0,37.11,4007.88,4.0,4082.10
2023-06-01,DRV-01034,HUB-CIN,contractor,45.0,78.52,3533.40,0.0,3533.40
2023-06-01,DRV-01035,HUB-CHI,employee,99.0,39.15,3875.85,4.0,3954.15
2023-06-01,DRV-01036,HUB-CMH,contractor,27.0,72.41,1955.07,0.0,1955.07
2023-06-01,DRV-01037,HUB-DET,contractor,144.0,74.45,10720.80,0.0,10720.80
2023-06-01,DRV-01039,HUB-CMH,contractor,45.0,78.52,3533.40,0.0,3533.40
2023-06-01,DRV-01040,HUB-CMH,contractor,9.0,80.56,725.04,0.0,725.04
2023-06-01,DRV-01041,HUB-CIN,employee,45.0,35.07,1578.15,4.0,1648.29
2023-06-01,DRV-01042,HUB-IND,employee,54.0,36.09,1948.86,4.0,2021.04
2023-06-01,DRV-01043,HUB-CMH,employee,18.0,37.11,667.98,4.0,742.20
2023-06-01,DRV-01044,HUB-CMH,employee,72.0,38.13,2745.36,4.0,2821.62
2023-06-01,DRV-01045,HUB-IND,employee,90.0,39.15,3523.50,4.0,3601.80
2023-06-01,DRV-01046,HUB-DET,employee,81.0,35.07,2840.67,4.0,2910.81
2023-06-01,DRV-01047,HUB-CHI,employee,36.0,36.09,1299.24,4.0,1371.42
2023-06-01,DRV-01048,HUB-CHI,employee,108.0,37.11,4007.88,4.0,4082.10
2023-06-01,DRV-01049,HUB-CMH,contractor,36.0,78.52,2826.72,0.0,2826.72
2023-06-01,DRV-01188,HUB-IND,contractor,72.0,80.56,5800.32,0.0,5800.32
2023-06-01,DRV-01189,HUB-CMH,contractor,27.0,72.41,1955.07,0.0,1955.07
2023-06-01,DRV-01190,HUB-CHI,contractor,45.0,74.45,3350.25,0.0,3350.25
2023-07-01,DRV-01001,HUB-CMH,contractor,54.0,72.41,3910.14,0.0,3910.14
2023-07-01,DRV-01002,HUB-CIN,contractor,27.0,74.45,2010.15,0.0,2010.15
2023-07-01,DRV-01005,HUB-CHI,contractor,108.0,80.56,8700.48,0.0,8700.48
2023-07-01,DRV-01007,HUB-CHI,employee,63.0,36.09,2273.67,4.0,2345.85
2023-07-01,DRV-01008,HUB-CIN,employee,108.0,37.11,4007.88,4.0,4082.10
2023-07-01,DRV-01009,HUB-CMH,employee,45.0,38.13,1715.85,4.0,1792.11
2023-07-01,DRV-01010,HUB-CMH,employee,18.0,39.15,704.70,4.0,783.00
2023-07-01,DRV-01012,HUB-CHI,contractor,63.0,74.45,4690.35,0.0,4690.35
2023-07-01,DRV-01013,HUB-CMH,contractor,63.0,76.48,4818.24,0.0,4818.24
2023-07-01,DRV-01014,HUB-DET,contractor,108.0,78.52,8480.16,0.0,8480.16
2023-07-01,DRV-01015,HUB-CMH,employee,54.0,39.15,2114.10,4.0,2192.40
2023-07-01,DRV-01016,HUB-CMH,employee,72.0,35.07,2525.04,4.0,2595.18
2023-07-01,DRV-01017,HUB-CHI,employee,63.0,36.09,2273.67,4.0,2345.85
2023-07-01,DRV-01019,HUB-CIN,contractor,72.0,78.52,5653.44,0.0,5653.44
2023-07-01,DRV-01020,HUB-CHI,employee,36.0,39.15,1409.40,4.0,1487.70
2023-07-01,DRV-01021,HUB-DET,contractor,90.0,72.41,6516.90,0.0,6516.90
2023-07-01,DRV-01022,HUB-DET,employee,126.0,36.09,4547.34,4.0,4619.52
2023-07-01,DRV-01023,HUB-CIN,contractor,54.0,76.48,4129.92,0.0,4129.92
2023-07-01,DRV-01024,HUB-IND,employee,63.0,38.13,2402.19,4.0,2478.45
2023-07-01,DRV-01025,HUB-CIN,employee,90.0,39.15,3523.50,4.0,3601.80
2023-07-01,DRV-01027,HUB-CIN,employee,90.0,36.09,3248.10,4.0,3320.28
2023-07-01,DRV-01028,HUB-CMH,contractor,27.0,76.48,2064.96,0.0,2064.96
2023-07-01,DRV-01031,HUB-IND,contractor,126.0,72.41,9123.66,0.0,9123.66
2023-07-01,DRV-01032,HUB-IND,employee,99.0,36.09,3572.91,4.0,3645.09
2023-07-01,DRV-01033,HUB-IND,employee,54.0,37.11,2003.94,4.0,2078.16
2023-07-01,DRV-01034,HUB-CIN,contractor,90.0,78.52,7066.80,0.0,7066.80
2023-07-01,DRV-01035,HUB-CHI,employee,45.0,39.15,1761.75,4.0,1840.05
2023-07-01,DRV-01036,HUB-CMH,contractor,63.0,72.41,4561.83,0.0,4561.83
2023-07-01,DRV-01037,HUB-DET,contractor,126.0,74.45,9380.70,0.0,9380.70
2023-07-01,DRV-01039,HUB-CMH,contractor,27.0,78.52,2120.04,0.0,2120.04
2023-07-01,DRV-01040,HUB-CMH,contractor,36.0,80.56,2900.16,0.0,2900.16
2023-07-01,DRV-01041,HUB-CIN,employee,90.0,35.07,3156.30,4.0,3226.44
2023-07-01,DRV-01042,HUB-IND,employee,72.0,36.09,2598.48,4.0,2670.66
2023-07-01,DRV-01043,HUB-CMH,employee,27.0,37.11,1001.97,4.0,1076.19
2023-07-01,DRV-01044,HUB-CMH,employee,45.0,38.13,1715.85,4.0,1792.11
2023-07-01,DRV-01045,HUB-IND,employee,90.0,39.15,3523.50,4.0,3601.80
2023-07-01,DRV-01046,HUB-DET,employee,135.0,35.07,4734.45,4.0,4804.59
2023-07-01,DRV-01047,HUB-CHI,employee,63.0,36.09,2273.67,4.0,2345.85
2023-07-01,DRV-01048,HUB-CHI,employee,27.0,37.11,1001.97,4.0,1076.19
2023-07-01,DRV-01049,HUB-CMH,contractor,36.0,78.52,2826.72,0.0,2826.72
2023-07-01,DRV-01188,HUB-IND,contractor,72.0,80.56,5800.32,0.0,5800.32
2023-07-01,DRV-01189,HUB-CMH,contractor,45.0,72.41,3258.45,0.0,3258.45
2023-07-01,DRV-01190,HUB-CHI,contractor,45.0,74.45,3350.25,0.0,3350.25
2023-08-01,DRV-01001,HUB-CMH,contractor,36.0,72.41,2606.76,0.0,2606.76
2023-08-01,DRV-01002,HUB-CIN,contractor,63.0,74.45,4690.35,0.0,4690.35
2023-08-01,DRV-01005,HUB-CHI,contractor,63.0,80.56,5075.28,0.0,5075.28
2023-08-01,DRV-01007,HUB-CHI,employee,36.0,36.09,1299.24,4.0,1371.42
2023-08-01,DRV-01008,HUB-CIN,employee,117.0,37.11,4341.87,4.0,4416.09
2023-08-01,DRV-01009,HUB-CMH,employee,45.0,38.13,1715.85,4.0,1792.11
2023-08-01,DRV-01010,HUB-CMH,employee,54.0,39.15,2114.10,4.0,2192.40
2023-08-01,DRV-01012,HUB-CHI,contractor,36.0,74.45,2680.20,0.0,2680.20
2023-08-01,DRV-01013,HUB-CMH,contractor,27.0,76.48,2064.96,0.0,2064.96
2023-08-01,DRV-01014,HUB-DET,contractor,90.0,78.52,7066.80,0.0,7066.80
2023-08-01,DRV-01015,HUB-CMH,employee,9.0,39.15,352.35,4.0,430.65
2023-08-01,DRV-01016,HUB-CMH,employee,36.0,35.07,1262.52,4.0,1332.66
2023-08-01,DRV-01017,HUB-CHI,employee,54.0,36.09,1948.86,4.0,2021.04
2023-08-01,DRV-01019,HUB-CIN,contractor,63.0,78.52,4946.76,0.0,4946.76
2023-08-01,DRV-01020,HUB-CHI,employee,108.0,39.15,4228.20,4.0,4306.50
2023-08-01,DRV-01021,HUB-DET,contractor,63.0,72.41,4561.83,0.0,4561.83
2023-08-01,DRV-01022,HUB-DET,employee,90.0,36.09,3248.10,4.0,3320.28
2023-08-01,DRV-01023,HUB-CIN,contractor,81.0,76.48,6194.88,0.0,6194.88
2023-08-01,DRV-01024,HUB-IND,employee,45.0,38.13,1715.85,4.0,1792.11
2023-08-01,DRV-01025,HUB-CIN,employee,54.0,39.15,2114.10,4.0,2192.40
2023-08-01,DRV-01027,HUB-CIN,employee,81.0,36.09,2923.29,4.0,2995.47
2023-08-01,DRV-01028,HUB-CMH,contractor,45.0,76.48,3441.60,0.0,3441.60
2023-08-01,DRV-01031,HUB-IND,contractor,27.0,72.41,1955.07,0.0,1955.07
2023-08-01,DRV-01032,HUB-IND,employee,54.0,36.09,1948.86,4.0,2021.04
2023-08-01,DRV-01033,HUB-IND,employee,72.0,37.11,2671.92,4.0,2746.14
2023-08-01,DRV-01034,HUB-CIN,contractor,54.0,78.52,4240.08,0.0,4240.08
2023-08-01,DRV-01035,HUB-CHI,employee,45.0,39.15,1761.75,4.0,1840.05
2023-08-01,DRV-01036,HUB-CMH,contractor,27.0,72.41,1955.07,0.0,1955.07
2023-08-01,DRV-01037,HUB-DET,contractor,144.0,74.45,10720.80,0.0,10720.80
2023-08-01,DRV-01039,HUB-CMH,contractor,18.0,78.52,1413.36,0.0,1413.36
2023-08-01,DRV-01040,HUB-CMH,contractor,45.0,80.56,3625.20,0.0,3625.20
2023-08-01,DRV-01041,HUB-CIN,employee,72.0,35.07,2525.04,4.0,2595.18
2023-08-01,DRV-01042,HUB-IND,employee,63.0,36.09,2273.67,4.0,2345.85
2023-08-01,DRV-01043,HUB-CMH,employee,45.0,37.11,1669.95,4.0,1744.17
2023-08-01,DRV-01044,HUB-CMH,employee,54.0,38.13,2059.02,4.0,2135.28
2023-08-01,DRV-01045,HUB-IND,employee,45.0,39.15,1761.75,4.0,1840.05
2023-08-01,DRV-01046,HUB-DET,employee,117.0,35.07,4103.19,4.0,4173.33
2023-08-01,DRV-01047,HUB-CHI,employee,72.0,36.09,2598.48,4.0,2670.66
2023-08-01,DRV-01048,HUB-CHI,employee,27.0,37.11,1001.97,4.0,1076.19
2023-08-01,DRV-01049,HUB-CMH,contractor,18.0,78.52,1413.36,0.0,1413.36
2023-08-01,DRV-01188,HUB-IND,contractor,54.0,80.56,4350.24,0.0,4350.24
2023-08-01,DRV-01189,HUB-CMH,contractor,36.0,72.41,2606.76,0.0,2606.76
2023-08-01,DRV-01190,HUB-CHI,contractor,72.0,74.45,5360.40,0.0,5360.40
2023-08-01,DRV-01191,HUB-IND,employee,63.0,37.11,2337.93,4.0,2412.15
2023-09-01,DRV-01001,HUB-CMH,contractor,18.0,72.41,1303.38,0.0,1303.38
2023-09-01,DRV-01002,HUB-CIN,contractor,72.0,74.45,5360.40,0.0,5360.40
2023-09-01,DRV-01005,HUB-CHI,contractor,45.0,80.56,3625.20,0.0,3625.20
2023-09-01,DRV-01007,HUB-CHI,employee,27.0,36.09,974.43,4.0,1046.61
2023-09-01,DRV-01008,HUB-CIN,employee,63.0,37.11,2337.93,4.0,2412.15
2023-09-01,DRV-01009,HUB-CMH,employee,27.0,38.13,1029.51,4.0,1105.77
2023-09-01,DRV-01010,HUB-CMH,employee,63.0,39.15,2466.45,4.0,2544.75
2023-09-01,DRV-01012,HUB-CHI,contractor,63.0,74.45,4690.35,0.0,4690.35
2023-09-01,DRV-01013,HUB-CMH,contractor,54.0,76.48,4129.92,0.0,4129.92
2023-09-01,DRV-01014,HUB-DET,contractor,72.0,78.52,5653.44,0.0,5653.44
2023-09-01,DRV-01015,HUB-CMH,employee,27.0,39.15,1057.05,4.0,1135.35
2023-09-01,DRV-01016,HUB-CMH,employee,27.0,35.07,946.89,4.0,1017.03
2023-09-01,DRV-01017,HUB-CHI,employee,45.0,36.09,1624.05,4.0,1696.23
2023-09-01,DRV-01019,HUB-CIN,contractor,90.0,78.52,7066.80,0.0,7066.80
2023-09-01,DRV-01020,HUB-CHI,employee,45.0,39.15,1761.75,4.0,1840.05
2023-09-01,DRV-01021,HUB-DET,contractor,117.0,72.41,8471.97,0.0,8471.97
2023-09-01,DRV-01022,HUB-DET,employee,135.0,36.09,4872.15,4.0,4944.33
2023-09-01,DRV-01023,HUB-CIN,contractor,81.0,76.48,6194.88,0.0,6194.88
2023-09-01,DRV-01024,HUB-IND,employee,126.0,38.13,4804.38,4.0,4880.64
2023-09-01,DRV-01025,HUB-CIN,employee,72.0,39.15,2818.80,4.0,2897.10
2023-09-01,DRV-01027,HUB-CIN,employee,99.0,36.09,3572.91,4.0,3645.09
2023-09-01,DRV-01028,HUB-CMH,contractor,36.0,76.48,2753.28,0.0,2753.28
2023-09-01,DRV-01031,HUB-IND,contractor,36.0,72.41,2606.76,0.0,2606.76
2023-09-01,DRV-01032,HUB-IND,employee,72.0,36.09,2598.48,4.0,2670.66
2023-09-01,DRV-01033,HUB-IND,employee,81.0,37.11,3005.91,4.0,3080.13
2023-09-01,DRV-01034,HUB-CIN,contractor,45.0,78.52,3533.40,0.0,3533.40
2023-09-01,DRV-01035,HUB-CHI,employee,81.0,39.15,3171.15,4.0,3249.45
2023-09-01,DRV-01036,HUB-CMH,contractor,36.0,72.41,2606.76,0.0,2606.76
2023-09-01,DRV-01037,HUB-DET,contractor,162.0,74.45,12060.90,0.0,12060.90
2023-09-01,DRV-01039,HUB-CMH,contractor,54.0,78.52,4240.08,0.0,4240.08
2023-09-01,DRV-01040,HUB-CMH,contractor,18.0,80.56,1450.08,0.0,1450.08
2023-09-01,DRV-01041,HUB-CIN,employee,126.0,35.07,4418.82,4.0,4488.96
2023-09-01,DRV-01042,HUB-IND,employee,90.0,36.09,3248.10,4.0,3320.28
2023-09-01,DRV-01043,HUB-CMH,employee,45.0,37.11,1669.95,4.0,1744.17
2023-09-01,DRV-01044,HUB-CMH,employee,45.0,38.13,1715.85,4.0,1792.11
2023-09-01,DRV-01045,HUB-IND,employee,81.0,39.15,3171.15,4.0,3249.45
2023-09-01,DRV-01046,HUB-DET,employee,144.0,35.07,5050.08,4.0,5120.22
2023-09-01,DRV-01047,HUB-CHI,employee,72.0,36.09,2598.48,4.0,2670.66
2023-09-01,DRV-01048,HUB-CHI,employee,45.0,37.11,1669.95,4.0,1744.17
2023-09-01,DRV-01049,HUB-CMH,contractor,36.0,78.52,2826.72,0.0,2826.72
2023-09-01,DRV-01188,HUB-IND,contractor,45.0,80.56,3625.20,0.0,3625.20
2023-09-01,DRV-01189,HUB-CMH,contractor,9.0,72.41,651.69,0.0,651.69
2023-09-01,DRV-01190,HUB-CHI,contractor,72.0,74.45,5360.40,0.0,5360.40
2023-09-01,DRV-01191,HUB-IND,employee,54.0,37.11,2003.94,4.0,2078.16
2023-10-01,DRV-01001,HUB-CMH,contractor,18.0,72.41,1303.38,0.0,1303.38
2023-10-01,DRV-01002,HUB-CIN,contractor,108.0,74.45,8040.60,0.0,8040.60
2023-10-01,DRV-01005,HUB-CHI,contractor,63.0,80.56,5075.28,0.0,5075.28
2023-10-01,DRV-01006,HUB-IND,employee,36.0,35.07,1262.52,4.0,1332.66
2023-10-01,DRV-01007,HUB-CHI,employee,99.0,36.09,3572.91,4.0,3645.09
2023-10-01,DRV-01008,HUB-CIN,employee,81.0,37.11,3005.91,4.0,3080.13
2023-10-01,DRV-01009,HUB-CMH,employee,27.0,38.13,1029.51,4.0,1105.77
2023-10-01,DRV-01010,HUB-CMH,employee,27.0,39.15,1057.05,4.0,1135.35
2023-10-01,DRV-01012,HUB-CHI,contractor,63.0,74.45,4690.35,0.0,4690.35
2023-10-01,DRV-01013,HUB-CMH,contractor,72.0,76.48,5506.56,0.0,5506.56
2023-10-01,DRV-01014,HUB-DET,contractor,126.0,78.52,9893.52,0.0,9893.52
2023-10-01,DRV-01015,HUB-CMH,employee,36.0,39.15,1409.40,4.0,1487.70
2023-10-01,DRV-01016,HUB-CMH,employee,36.0,35.07,1262.52,4.0,1332.66
2023-10-01,DRV-01017,HUB-CHI,employee,63.0,36.09,2273.67,4.0,2345.85
2023-10-01,DRV-01019,HUB-CIN,contractor,63.0,78.52,4946.76,0.0,4946.76
2023-10-01,DRV-01020,HUB-CHI,employee,81.0,39.15,3171.15,4.0,3249.45
2023-10-01,DRV-01021,HUB-DET,contractor,90.0,72.41,6516.90,0.0,6516.90
2023-10-01,DRV-01022,HUB-DET,employee,81.0,36.09,2923.29,4.0,2995.47
2023-10-01,DRV-01023,HUB-CIN,contractor,81.0,76.48,6194.88,0.0,6194.88
2023-10-01,DRV-01024,HUB-IND,employee,63.0,38.13,2402.19,4.0,2478.45
2023-10-01,DRV-01025,HUB-CIN,employee,90.0,39.15,3523.50,4.0,3601.80
2023-10-01,DRV-01027,HUB-CIN,employee,72.0,36.09,2598.48,4.0,2670.66
2023-10-01,DRV-01028,HUB-CMH,contractor,54.0,76.48,4129.92,0.0,4129.92
2023-10-01,DRV-01031,HUB-IND,contractor,81.0,72.41,5865.21,0.0,5865.21
2023-10-01,DRV-01032,HUB-IND,employee,45.0,36.09,1624.05,4.0,1696.23
2023-10-01,DRV-01033,HUB-IND,employee,54.0,37.11,2003.94,4.0,2078.16
2023-10-01,DRV-01034,HUB-CIN,contractor,72.0,78.52,5653.44,0.0,5653.44
2023-10-01,DRV-01035,HUB-CHI,employee,99.0,39.15,3875.85,4.0,3954.15
2023-10-01,DRV-01036,HUB-CMH,contractor,9.0,72.41,651.69,0.0,651.69
2023-10-01,DRV-01037,HUB-DET,contractor,90.0,74.45,6700.50,0.0,6700.50
2023-10-01,DRV-01039,HUB-CMH,contractor,36.0,78.52,2826.72,0.0,2826.72
2023-10-01,DRV-01040,HUB-CMH,contractor,36.0,80.56,2900.16,0.0,2900.16
2023-10-01,DRV-01041,HUB-CIN,employee,63.0,35.07,2209.41,4.0,2279.55
2023-10-01,DRV-01042,HUB-IND,employee,99.0,36.09,3572.91,4.0,3645.09
2023-10-01,DRV-01043,HUB-CMH,employee,9.0,37.11,333.99,4.0,408.21
2023-10-01,DRV-01044,HUB-CMH,employee,27.0,38.13,1029.51,4.0,1105.77
2023-10-01,DRV-01045,HUB-IND,employee,90.0,39.15,3523.50,4.0,3601.80
2023-10-01,DRV-01046,HUB-DET,employee,117.0,35.07,4103.19,4.0,4173.33
2023-10-01,DRV-01047,HUB-CHI,employee,81.0,36.09,2923.29,4.0,2995.47
2023-10-01,DRV-01048,HUB-CHI,employee,90.0,37.11,3339.90,4.0,3414.12
2023-10-01,DRV-01049,HUB-CMH,contractor,54.0,78.52,4240.08,0.0,4240.08
2023-10-01,DRV-01188,HUB-IND,contractor,81.0,80.56,6525.36,0.0,6525.36
2023-10-01,DRV-01189,HUB-CMH,contractor,27.0,72.41,1955.07,0.0,1955.07
2023-10-01,DRV-01190,HUB-CHI,contractor,36.0,74.45,2680.20,0.0,2680.20
2023-10-01,DRV-01191,HUB-IND,employee,90.0,37.11,3339.90,4.0,3414.12
2023-11-01,DRV-01001,HUB-CMH,contractor,27.0,72.41,1955.07,0.0,1955.07
2023-11-01,DRV-01002,HUB-CIN,contractor,81.0,74.45,6030.45,0.0,6030.45
2023-11-01,DRV-01005,HUB-CHI,contractor,36.0,80.56,2900.16,0.0,2900.16
2023-11-01,DRV-01006,HUB-IND,employee,27.0,35.07,946.89,4.0,1017.03
2023-11-01,DRV-01007,HUB-CHI,employee,108.0,36.09,3897.72,4.0,3969.90
2023-11-01,DRV-01008,HUB-CIN,employee,72.0,37.11,2671.92,4.0,2746.14
2023-11-01,DRV-01009,HUB-CMH,employee,36.0,38.13,1372.68,4.0,1448.94
2023-11-01,DRV-01010,HUB-CMH,employee,72.0,39.15,2818.80,4.0,2897.10
2023-11-01,DRV-01012,HUB-CHI,contractor,54.0,74.45,4020.30,0.0,4020.30
2023-11-01,DRV-01013,HUB-CMH,contractor,45.0,76.48,3441.60,0.0,3441.60
2023-11-01,DRV-01014,HUB-DET,contractor,81.0,78.52,6360.12,0.0,6360.12
2023-11-01,DRV-01015,HUB-CMH,employee,18.0,39.15,704.70,4.0,783.00
2023-11-01,DRV-01016,HUB-CMH,employee,63.0,35.07,2209.41,4.0,2279.55
2023-11-01,DRV-01017,HUB-CHI,employee,63.0,36.09,2273.67,4.0,2345.85
2023-11-01,DRV-01019,HUB-CIN,contractor,45.0,78.52,3533.40,0.0,3533.40
2023-11-01,DRV-01020,HUB-CHI,employee,72.0,39.15,2818.80,4.0,2897.10
2023-11-01,DRV-01021,HUB-DET,contractor,63.0,72.41,4561.83,0.0,4561.83
2023-11-01,DRV-01022,HUB-DET,employee,54.0,36.09,1948.86,4.0,2021.04
2023-11-01,DRV-01023,HUB-CIN,contractor,63.0,76.48,4818.24,0.0,4818.24
2023-11-01,DRV-01024,HUB-IND,employee,18.0,38.13,686.34,4.0,762.60
2023-11-01,DRV-01025,HUB-CIN,employee,45.0,39.15,1761.75,4.0,1840.05
2023-11-01,DRV-01027,HUB-CIN,employee,45.0,36.09,1624.05,4.0,1696.23
2023-11-01,DRV-01028,HUB-CMH,contractor,45.0,76.48,3441.60,0.0,3441.60
2023-11-01,DRV-01031,HUB-IND,contractor,54.0,72.41,3910.14,0.0,3910.14
2023-11-01,DRV-01032,HUB-IND,employee,54.0,36.09,1948.86,4.0,2021.04
2023-11-01,DRV-01033,HUB-IND,employee,27.0,37.11,1001.97,4.0,1076.19
2023-11-01,DRV-01034,HUB-CIN,contractor,81.0,78.52,6360.12,0.0,6360.12
2023-11-01,DRV-01035,HUB-CHI,employee,63.0,39.15,2466.45,4.0,2544.75
2023-11-01,DRV-01036,HUB-CMH,contractor,45.0,72.41,3258.45,0.0,3258.45
2023-11-01,DRV-01037,HUB-DET,contractor,153.0,74.45,11390.85,0.0,11390.85
2023-11-01,DRV-01039,HUB-CMH,contractor,63.0,78.52,4946.76,0.0,4946.76
2023-11-01,DRV-01040,HUB-CMH,contractor,27.0,80.56,2175.12,0.0,2175.12
2023-11-01,DRV-01041,HUB-CIN,employee,90.0,35.07,3156.30,4.0,3226.44
2023-11-01,DRV-01042,HUB-IND,employee,72.0,36.09,2598.48,4.0,2670.66
2023-11-01,DRV-01043,HUB-CMH,employee,27.0,37.11,1001.97,4.0,1076.19
2023-11-01,DRV-01044,HUB-CMH,employee,45.0,38.13,1715.85,4.0,1792.11
2023-11-01,DRV-01045,HUB-IND,employee,99.0,39.15,3875.85,4.0,3954.15
2023-11-01,DRV-01046,HUB-DET,employee,81.0,35.07,2840.67,4.0,2910.81
2023-11-01,DRV-01047,HUB-CHI,employee,45.0,36.09,1624.05,4.0,1696.23
2023-11-01,DRV-01048,HUB-CHI,employee,90.0,37.11,3339.90,4.0,3414.12
2023-11-01,DRV-01049,HUB-CMH,contractor,36.0,78.52,2826.72,0.0,2826.72
2023-11-01,DRV-01188,HUB-IND,contractor,63.0,80.56,5075.28,0.0,5075.28
2023-11-01,DRV-01189,HUB-CMH,contractor,36.0,72.41,2606.76,0.0,2606.76
2023-11-01,DRV-01190,HUB-CHI,contractor,99.0,74.45,7370.55,0.0,7370.55
2023-11-01,DRV-01191,HUB-IND,employee,54.0,37.11,2003.94,4.0,2078.16
2023-12-01,DRV-01001,HUB-CMH,contractor,36.0,72.41,2606.76,0.0,2606.76
2023-12-01,DRV-01002,HUB-CIN,contractor,72.0,74.45,5360.40,0.0,5360.40
2023-12-01,DRV-01003,HUB-CIN,employee,108.0,37.11,4007.88,4.0,4082.10
2023-12-01,DRV-01005,HUB-CHI,contractor,90.0,80.56,7250.40,0.0,7250.40
2023-12-01,DRV-01006,HUB-IND,employee,72.0,35.07,2525.04,4.0,2595.18
2023-12-01,DRV-01007,HUB-CHI,employee,36.0,36.09,1299.24,4.0,1371.42
2023-12-01,DRV-01008,HUB-CIN,employee,72.0,37.11,2671.92,4.0,2746.14
2023-12-01,DRV-01009,HUB-CMH,employee,63.0,38.13,2402.19,4.0,2478.45
2023-12-01,DRV-01010,HUB-CMH,employee,36.0,39.15,1409.40,4.0,1487.70
2023-12-01,DRV-01012,HUB-CHI,contractor,72.0,74.45,5360.40,0.0,5360.40
2023-12-01,DRV-01013,HUB-CMH,contractor,54.0,76.48,4129.92,0.0,4129.92
2023-12-01,DRV-01014,HUB-DET,contractor,108.0,78.52,8480.16,0.0,8480.16
2023-12-01,DRV-01015,HUB-CMH,employee,36.0,39.15,1409.40,4.0,1487.70
2023-12-01,DRV-01016,HUB-CMH,employee,72.0,35.07,2525.04,4.0,2595.18
2023-12-01,DRV-01017,HUB-CHI,employee,45.0,36.09,1624.05,4.0,1696.23
2023-12-01,DRV-01019,HUB-CIN,contractor,63.0,78.52,4946.76,0.0,4946.76
2023-12-01,DRV-01020,HUB-CHI,employee,90.0,39.15,3523.50,4.0,3601.80
2023-12-01,DRV-01021,HUB-DET,contractor,99.0,72.41,7168.59,0.0,7168.59
2023-12-01,DRV-01022,HUB-DET,employee,135.0,36.09,4872.15,4.0,4944.33
2023-12-01,DRV-01023,HUB-CIN,contractor,27.0,76.48,2064.96,0.0,2064.96
2023-12-01,DRV-01024,HUB-IND,employee,81.0,38.13,3088.53,4.0,3164.79
2023-12-01,DRV-01025,HUB-CIN,employee,45.0,39.15,1761.75,4.0,1840.05
2023-12-01,DRV-01026,HUB-CIN,employee,18.0,35.07,631.26,4.0,701.40
2023-12-01,DRV-01027,HUB-CIN,employee,45.0,36.09,1624.05,4.0,1696.23
2023-12-01,DRV-01028,HUB-CMH,contractor,9.0,76.48,688.32,0.0,688.32
2023-12-01,DRV-01031,HUB-IND,contractor,72.0,72.41,5213.52,0.0,5213.52
2023-12-01,DRV-01032,HUB-IND,employee,63.0,36.09,2273.67,4.0,2345.85
2023-12-01,DRV-01033,HUB-IND,employee,72.0,37.11,2671.92,4.0,2746.14
2023-12-01,DRV-01034,HUB-CIN,contractor,90.0,78.52,7066.80,0.0,7066.80
2023-12-01,DRV-01035,HUB-CHI,employee,63.0,39.15,2466.45,4.0,2544.75
2023-12-01,DRV-01036,HUB-CMH,contractor,72.0,72.41,5213.52,0.0,5213.52
2023-12-01,DRV-01037,HUB-DET,contractor,117.0,74.45,8710.65,0.0,8710.65
2023-12-01,DRV-01039,HUB-CMH,contractor,36.0,78.52,2826.72,0.0,2826.72
2023-12-01,DRV-01040,HUB-CMH,contractor,45.0,80.56,3625.20,0.0,3625.20
2023-12-01,DRV-01041,HUB-CIN,employee,54.0,35.07,1893.78,4.0,1963.92
2023-12-01,DRV-01042,HUB-IND,employee,72.0,36.09,2598.48,4.0,2670.66
2023-12-01,DRV-01043,HUB-CMH,employee,63.0,37.11,2337.93,4.0,2412.15
2023-12-01,DRV-01044,HUB-CMH,employee,27.0,38.13,1029.51,4.0,1105.77
2023-12-01,DRV-01045,HUB-IND,employee,72.0,39.15,2818.80,4.0,2897.10
2023-12-01,DRV-01046,HUB-DET,employee,90.0,35.07,3156.30,4.0,3226.44
2023-12-01,DRV-01047,HUB-CHI,employee,72.0,36.09,2598.48,4.0,2670.66
2023-12-01,DRV-01048,HUB-CHI,employee,72.0,37.11,2671.92,4.0,2746.14
2023-12-01,DRV-01049,HUB-CMH,contractor,36.0,78.52,2826.72,0.0,2826.72
2023-12-01,DRV-01188,HUB-IND,contractor,36.0,80.56,2900.16,0.0,2900.16
2023-12-01,DRV-01189,HUB-CMH,contractor,9.0,72.41,651.69,0.0,651.69
2023-12-01,DRV-01190,HUB-CHI,contractor,54.0,74.45,4020.30,0.0,4020.30
2023-12-01,DRV-01191,HUB-IND,employee,99.0,37.11,3673.89,4.0,3748.11
2024-01-01,DRV-01001,HUB-CMH,contractor,54.0,74.22,4007.88,0.0,4007.88
2024-01-01,DRV-01002,HUB-CIN,contractor,63.0,76.31,4807.53,0.0,4807.53
2024-01-01,DRV-01003,HUB-CIN,employee,72.0,38.04,2738.88,4.0,2814.96
2024-01-01,DRV-01004,HUB-DET,contractor,54.0,80.48,4345.92,0.0,4345.92
2024-01-01,DRV-01005,HUB-CHI,contractor,90.0,82.57,7431.30,0.0,7431.30
2024-01-01,DRV-01006,HUB-IND,employee,99.0,35.95,3559.05,4.0,3630.95
2024-01-01,DRV-01007,HUB-CHI,employee,45.0,36.99,1664.55,4.0,1738.53
2024-01-01,DRV-01008,HUB-CIN,employee,45.0,38.04,1711.80,4.0,1787.88
2024-01-01,DRV-01009,HUB-CMH,employee,27.0,39.08,1055.16,4.0,1133.32
2024-01-01,DRV-01010,HUB-CMH,employee,18.0,40.13,722.34,4.0,802.60
2024-01-01,DRV-01012,HUB-CHI,contractor,63.0,76.31,4807.53,0.0,4807.53
2024-01-01,DRV-01013,HUB-CMH,contractor,54.0,78.40,4233.60,0.0,4233.60
2024-01-01,DRV-01014,HUB-DET,contractor,126.0,80.48,10140.48,0.0,10140.48
2024-01-01,DRV-01015,HUB-CMH,employee,18.0,40.13,722.34,4.0,802.60
2024-01-01,DRV-01016,HUB-CMH,employee,36.0,35.95,1294.20,4.0,1366.10
2024-01-01,DRV-01017,HUB-CHI,employee,9.0,36.99,332.91,4.0,406.89
2024-01-01,DRV-01019,HUB-CIN,contractor,108.0,80.48,8691.84,0.0,8691.84
2024-01-01,DRV-01020,HUB-CHI,employee,72.0,40.13,2889.36,4.0,2969.62
2024-01-01,DRV-01021,HUB-DET,contractor,81.0,74.22,6011.82,0.0,6011.82
2024-01-01,DRV-01022,HUB-DET,employee,135.0,36.99,4993.65,4.0,5067.63
2024-01-01,DRV-01023,HUB-CIN,contractor,63.0,78.40,4939.20,0.0,4939.20
2024-01-01,DRV-01024,HUB-IND,employee,81.0,39.08,3165.48,4.0,3243.64
2024-01-01,DRV-01025,HUB-CIN,employee,99.0,40.13,3972.87,4.0,4053.13
2024-01-01,DRV-01026,HUB-CIN,employee,27.0,35.95,970.65,4.0,1042.55
2024-01-01,DRV-01027,HUB-CIN,employee,90.0,36.99,3329.10,4.0,3403.08
2024-01-01,DRV-01028,HUB-CMH,contractor,45.0,78.40,3528.00,0.0,3528.00
2024-01-01,DRV-01031,HUB-IND,contractor,45.0,74.22,3339.90,0.0,3339.90
2024-01-01,DRV-01032,HUB-IND,employee,63.0,36.99,2330.37,4.0,2404.35
2024-01-01,DRV-01033,HUB-IND,employee,117.0,38.04,4450.68,4.0,4526.76
2024-01-01,DRV-01034,HUB-CIN,contractor,63.0,80.48,5070.24,0.0,5070.24
2024-01-01,DRV-01035,HUB-CHI,employee,63.0,40.13,2528.19,4.0,2608.45
2024-01-01,DRV-01036,HUB-CMH,contractor,36.0,74.22,2671.92,0.0,2671.92
2024-01-01,DRV-01037,HUB-DET,contractor,162.0,76.31,12362.22,0.0,12362.22
2024-01-01,DRV-01039,HUB-CMH,contractor,72.0,80.48,5794.56,0.0,5794.56
2024-01-01,DRV-01040,HUB-CMH,contractor,27.0,82.57,2229.39,0.0,2229.39
2024-01-01,DRV-01041,HUB-CIN,employee,27.0,35.95,970.65,4.0,1042.55
2024-01-01,DRV-01042,HUB-IND,employee,63.0,36.99,2330.37,4.0,2404.35
2024-01-01,DRV-01043,HUB-CMH,employee,36.0,38.04,1369.44,4.0,1445.52
2024-01-01,DRV-01044,HUB-CMH,employee,54.0,39.08,2110.32,4.0,2188.48
2024-01-01,DRV-01045,HUB-IND,employee,54.0,40.13,2167.02,4.0,2247.28
2024-01-01,DRV-01046,HUB-DET,employee,81.0,35.95,2911.95,4.0,2983.85
2024-01-01,DRV-01047,HUB-CHI,employee,63.0,36.99,2330.37,4.0,2404.35
2024-01-01,DRV-01048,HUB-CHI,employee,99.0,38.04,3765.96,4.0,3842.04
2024-01-01,DRV-01049,HUB-CMH,contractor,36.0,80.48,2897.28,0.0,2897.28
2024-01-01,DRV-01188,HUB-IND,contractor,81.0,82.57,6688.17,0.0,6688.17
2024-01-01,DRV-01189,HUB-CMH,contractor,45.0,74.22,3339.90,0.0,3339.90
2024-01-01,DRV-01190,HUB-CHI,contractor,72.0,76.31,5494.32,0.0,5494.32
2024-01-01,DRV-01191,HUB-IND,employee,45.0,38.04,1711.80,4.0,1787.88
2024-01-01,DRV-01192,HUB-CIN,contractor,9.0,80.48,724.32,0.0,724.32
2024-02-01,DRV-01001,HUB-CMH,contractor,45.0,74.22,3339.90,0.0,3339.90
2024-02-01,DRV-01002,HUB-CIN,contractor,63.0,76.31,4807.53,0.0,4807.53
2024-02-01,DRV-01003,HUB-CIN,employee,54.0,38.04,2054.16,4.0,2130.24
2024-02-01,DRV-01004,HUB-DET,contractor,72.0,80.48,5794.56,0.0,5794.56
2024-02-01,DRV-01005,HUB-CHI,contractor,45.0,82.57,3715.65,0.0,3715.65
2024-02-01,DRV-01006,HUB-IND,employee,63.0,35.95,2264.85,4.0,2336.75
2024-02-01,DRV-01007,HUB-CHI,employee,63.0,36.99,2330.37,4.0,2404.35
2024-02-01,DRV-01008,HUB-CIN,employee,9.0,38.04,342.36,4.0,418.44
2024-02-01,DRV-01009,HUB-CMH,employee,9.0,39.08,351.72,4.0,429.88
2024-02-01,DRV-01010,HUB-CMH,employee,36.0,40.13,1444.68,4.0,1524.94
2024-02-01,DRV-01012,HUB-CHI,contractor,36.0,76.31,2747.16,0.0,2747.16
2024-02-01,DRV-01013,HUB-CMH,contractor,9.0,78.40,705.60,0.0,705.60
2024-02-01,DRV-01014,HUB-DET,contractor,54.0,80.48,4345.92,0.0,4345.92
2024-02-01,DRV-01015,HUB-CMH,employee,27.0,40.13,1083.51,4.0,1163.77
2024-02-01,DRV-01016,HUB-CMH,employee,36.0,35.95,1294.20,4.0,1366.10
2024-02-01,DRV-01017,HUB-CHI,employee,36.0,36.99,1331.64,4.0,1405.62
2024-02-01,DRV-01019,HUB-CIN,contractor,54.0,80.48,4345.92,0.0,4345.92
2024-02-01,DRV-01020,HUB-CHI,employee,81.0,40.13,3250.53,4.0,3330.79
2024-02-01,DRV-01021,HUB-DET,contractor,63.0,74.22,4675.86,0.0,4675.86
2024-02-01,DRV-01022,HUB-DET,employee,45.0,36.99,1664.55,4.0,1738.53
2024-02-01,DRV-01023,HUB-CIN,contractor,27.0,78.40,2116.80,0.0,2116.80
2024-02-01,DRV-01024,HUB-IND,employee,9.0,39.08,351.72,4.0,429.88
2024-02-01,DRV-01025,HUB-CIN,employee,45.0,40.13,1805.85,4.0,1886.11
2024-02-01,DRV-01026,HUB-CIN,employee,27.0,35.95,970.65,4.0,1042.55
2024-02-01,DRV-01027,HUB-CIN,employee,99.0,36.99,3662.01,4.0,3735.99
2024-02-01,DRV-01028,HUB-CMH,contractor,18.0,78.40,1411.20,0.0,1411.20
2024-02-01,DRV-01031,HUB-IND,contractor,45.0,74.22,3339.90,0.0,3339.90
2024-02-01,DRV-01032,HUB-IND,employee,81.0,36.99,2996.19,4.0,3070.17
2024-02-01,DRV-01033,HUB-IND,employee,36.0,38.04,1369.44,4.0,1445.52
2024-02-01,DRV-01034,HUB-CIN,contractor,63.0,80.48,5070.24,0.0,5070.24
2024-02-01,DRV-01035,HUB-CHI,employee,36.0,40.13,1444.68,4.0,1524.94
2024-02-01,DRV-01036,HUB-CMH,contractor,27.0,74.22,2003.94,0.0,2003.94
2024-02-01,DRV-01037,HUB-DET,contractor,99.0,76.31,7554.69,0.0,7554.69
2024-02-01,DRV-01039,HUB-CMH,contractor,9.0,80.48,724.32,0.0,724.32
2024-02-01,DRV-01040,HUB-CMH,contractor,54.0,82.57,4458.78,0.0,4458.78
2024-02-01,DRV-01041,HUB-CIN,employee,18.0,35.95,647.10,4.0,719.00
2024-02-01,DRV-01042,HUB-IND,employee,90.0,36.99,3329.10,4.0,3403.08
2024-02-01,DRV-01043,HUB-CMH,employee,9.0,38.04,342.36,4.0,418.44
2024-02-01,DRV-01044,HUB-CMH,employee,54.0,39.08,2110.32,4.0,2188.48
2024-02-01,DRV-01045,HUB-IND,employee,99.0,40.13,3972.87,4.0,4053.13
2024-02-01,DRV-01046,HUB-DET,employee,108.0,35.95,3882.60,4.0,3954.50
2024-02-01,DRV-01047,HUB-CHI,employee,27.0,36.99,998.73,4.0,1072.71
2024-02-01,DRV-01048,HUB-CHI,employee,72.0,38.04,2738.88,4.0,2814.96
2024-02-01,DRV-01049,HUB-CMH,contractor,36.0,80.48,2897.28,0.0,2897.28
2024-02-01,DRV-01188,HUB-IND,contractor,45.0,82.57,3715.65,0.0,3715.65
2024-02-01,DRV-01189,HUB-CMH,contractor,9.0,74.22,667.98,0.0,667.98
2024-02-01,DRV-01190,HUB-CHI,contractor,63.0,76.31,4807.53,0.0,4807.53
2024-02-01,DRV-01191,HUB-IND,employee,36.0,38.04,1369.44,4.0,1445.52
2024-02-01,DRV-01192,HUB-CIN,contractor,81.0,80.48,6518.88,0.0,6518.88
2024-03-01,DRV-01001,HUB-CMH,contractor,18.0,74.22,1335.96,0.0,1335.96
2024-03-01,DRV-01002,HUB-CIN,contractor,36.0,76.31,2747.16,0.0,2747.16
2024-03-01,DRV-01003,HUB-CIN,employee,63.0,38.04,2396.52,4.0,2472.60
2024-03-01,DRV-01004,HUB-DET,contractor,81.0,80.48,6518.88,0.0,6518.88
2024-03-01,DRV-01005,HUB-CHI,contractor,54.0,82.57,4458.78,0.0,4458.78
2024-03-01,DRV-01006,HUB-IND,employee,45.0,35.95,1617.75,4.0,1689.65
2024-03-01,DRV-01007,HUB-CHI,employee,63.0,36.99,2330.37,4.0,2404.35
2024-03-01,DRV-01008,HUB-CIN,employee,27.0,38.04,1027.08,4.0,1103.16
2024-03-01,DRV-01009,HUB-CMH,employee,9.0,39.08,351.72,4.0,429.88
2024-03-01,DRV-01010,HUB-CMH,employee,63.0,40.13,2528.19,4.0,2608.45
2024-03-01,DRV-01012,HUB-CHI,contractor,54.0,76.31,4120.74,0.0,4120.74
2024-03-01,DRV-01013,HUB-CMH,contractor,54.0,78.40,4233.60,0.0,4233.60
2024-03-01,DRV-01014,HUB-DET,contractor,108.0,80.48,8691.84,0.0,8691.84
2024-03-01,DRV-01015,HUB-CMH,employee,54.0,40.13,2167.02,4.0,2247.28
2024-03-01,DRV-01016,HUB-CMH,employee,27.0,35.95,970.65,4.0,1042.55
2024-03-01,DRV-01017,HUB-CHI,employee,90.0,36.99,3329.10,4.0,3403.08
2024-03-01,DRV-01018,HUB-CMH,employee,54.0,38.04,2054.16,4.0,2130.24
2024-03-01,DRV-01019,HUB-CIN,contractor,27.0,80.48,2172.96,0.0,2172.96
2024-03-01,DRV-01020,HUB-CHI,employee,90.0,40.13,3611.70,4.0,3691.96
2024-03-01,DRV-01021,HUB-DET,contractor,90.0,74.22,6679.80,0.0,6679.80
2024-03-01,DRV-01022,HUB-DET,employee,27.0,36.99,998.73,4.0,1072.71
2024-03-01,DRV-01023,HUB-CIN,contractor,63.0,78.40,4939.20,0.0,4939.20
2024-03-01,DRV-01024,HUB-IND,employee,72.0,39.08,2813.76,4.0,2891.92
2024-03-01,DRV-01025,HUB-CIN,employee,45.0,40.13,1805.85,4.0,1886.11
2024-03-01,DRV-01026,HUB-CIN,employee,45.0,35.95,1617.75,4.0,1689.65
2024-03-01,DRV-01027,HUB-CIN,employee,81.0,36.99,2996.19,4.0,3070.17
2024-03-01,DRV-01028,HUB-CMH,contractor,45.0,78.40,3528.00,0.0,3528.00
2024-03-01,DRV-01031,HUB-IND,contractor,72.0,74.22,5343.84,0.0,5343.84
2024-03-01,DRV-01032,HUB-IND,employee,54.0,36.99,1997.46,4.0,2071.44
2024-03-01,DRV-01033,HUB-IND,employee,45.0,38.04,1711.80,4.0,1787.88
2024-03-01,DRV-01034,HUB-CIN,contractor,45.0,80.48,3621.60,0.0,3621.60
2024-03-01,DRV-01035,HUB-CHI,employee,45.0,40.13,1805.85,4.0,1886.11
2024-03-01,DRV-01036,HUB-CMH,contractor,36.0,74.22,2671.92,0.0,2671.92
2024-03-01,DRV-01037,HUB-DET,contractor,54.0,76.31,4120.74,0.0,4120.74
2024-03-01,DRV-01038,HUB-CIN,employee,27.0,38.04,1027.08,4.0,1103.16
2024-03-01,DRV-01039,HUB-CMH,contractor,63.0,80.48,5070.24,0.0,5070.24
2024-03-01,DRV-01040,HUB-CMH,contractor,9.0,82.57,743.13,0.0,743.13
2024-03-01,DRV-01041,HUB-CIN,employee,63.0,35.95,2264.85,4.0,2336.75
2024-03-01,DRV-01042,HUB-IND,employee,54.0,36.99,1997.46,4.0,2071.44
2024-03-01,DRV-01043,HUB-CMH,employee,18.0,38.04,684.72,4.0,760.80
2024-03-01,DRV-01044,HUB-CMH,employee,27.0,39.08,1055.16,4.0,1133.32
2024-03-01,DRV-01045,HUB-IND,employee,36.0,40.13,1444.68,4.0,1524.94
2024-03-01,DRV-01046,HUB-DET,employee,90.0,35.95,3235.50,4.0,3307.40
2024-03-01,DRV-01047,HUB-CHI,employee,36.0,36.99,1331.64,4.0,1405.62
2024-03-01,DRV-01048,HUB-CHI,employee,36.0,38.04,1369.44,4.0,1445.52
2024-03-01,DRV-01049,HUB-CMH,contractor,54.0,80.48,4345.92,0.0,4345.92
2024-03-01,DRV-01188,HUB-IND,contractor,45.0,82.57,3715.65,0.0,3715.65
2024-03-01,DRV-01189,HUB-CMH,contractor,81.0,74.22,6011.82,0.0,6011.82
2024-03-01,DRV-01190,HUB-CHI,contractor,54.0,76.31,4120.74,0.0,4120.74
2024-03-01,DRV-01191,HUB-IND,employee,54.0,38.04,2054.16,4.0,2130.24
2024-03-01,DRV-01192,HUB-CIN,contractor,27.0,80.48,2172.96,0.0,2172.96
2024-04-01,DRV-01001,HUB-CMH,contractor,27.0,74.22,2003.94,0.0,2003.94
2024-04-01,DRV-01002,HUB-CIN,contractor,54.0,76.31,4120.74,0.0,4120.74
2024-04-01,DRV-01003,HUB-CIN,employee,72.0,38.04,2738.88,4.0,2814.96
2024-04-01,DRV-01004,HUB-DET,contractor,99.0,80.48,7967.52,0.0,7967.52
2024-04-01,DRV-01005,HUB-CHI,contractor,90.0,82.57,7431.30,0.0,7431.30
2024-04-01,DRV-01006,HUB-IND,employee,54.0,35.95,1941.30,4.0,2013.20
2024-04-01,DRV-01007,HUB-CHI,employee,90.0,36.99,3329.10,4.0,3403.08
2024-04-01,DRV-01008,HUB-CIN,employee,45.0,38.04,1711.80,4.0,1787.88
2024-04-01,DRV-01009,HUB-CMH,employee,45.0,39.08,1758.60,4.0,1836.76
2024-04-01,DRV-01010,HUB-CMH,employee,0.0,40.13,0.00,0.0,0.00
2024-04-01,DRV-01012,HUB-CHI,contractor,36.0,76.31,2747.16,0.0,2747.16
2024-04-01,DRV-01013,HUB-CMH,contractor,54.0,78.40,4233.60,0.0,4233.60
2024-04-01,DRV-01014,HUB-DET,contractor,45.0,80.48,3621.60,0.0,3621.60
2024-04-01,DRV-01015,HUB-CMH,employee,27.0,40.13,1083.51,4.0,1163.77
2024-04-01,DRV-01016,HUB-CMH,employee,54.0,35.95,1941.30,4.0,2013.20
2024-04-01,DRV-01017,HUB-CHI,employee,90.0,36.99,3329.10,4.0,3403.08
2024-04-01,DRV-01018,HUB-CMH,employee,27.0,38.04,1027.08,4.0,1103.16
2024-04-01,DRV-01019,HUB-CIN,contractor,36.0,80.48,2897.28,0.0,2897.28
2024-04-01,DRV-01020,HUB-CHI,employee,27.0,40.13,1083.51,4.0,1163.77
2024-04-01,DRV-01021,HUB-DET,contractor,108.0,74.22,8015.76,0.0,8015.76
2024-04-01,DRV-01022,HUB-DET,employee,126.0,36.99,4660.74,4.0,4734.72
2024-04-01,DRV-01023,HUB-CIN,contractor,18.0,78.40,1411.20,0.0,1411.20
2024-04-01,DRV-01024,HUB-IND,employee,45.0,39.08,1758.60,4.0,1836.76
2024-04-01,DRV-01025,HUB-CIN,employee,72.0,40.13,2889.36,4.0,2969.62
2024-04-01,DRV-01026,HUB-CIN,employee,27.0,35.95,970.65,4.0,1042.55
2024-04-01,DRV-01027,HUB-CIN,employee,45.0,36.99,1664.55,4.0,1738.53
2024-04-01,DRV-01028,HUB-CMH,contractor,54.0,78.40,4233.60,0.0,4233.60
2024-04-01,DRV-01031,HUB-IND,contractor,45.0,74.22,3339.90,0.0,3339.90
2024-04-01,DRV-01032,HUB-IND,employee,54.0,36.99,1997.46,4.0,2071.44
2024-04-01,DRV-01033,HUB-IND,employee,54.0,38.04,2054.16,4.0,2130.24
2024-04-01,DRV-01034,HUB-CIN,contractor,54.0,80.48,4345.92,0.0,4345.92
2024-04-01,DRV-01035,HUB-CHI,employee,81.0,40.13,3250.53,4.0,3330.79
2024-04-01,DRV-01036,HUB-CMH,contractor,45.0,74.22,3339.90,0.0,3339.90
2024-04-01,DRV-01037,HUB-DET,contractor,45.0,76.31,3433.95,0.0,3433.95
2024-04-01,DRV-01038,HUB-CIN,employee,54.0,38.04,2054.16,4.0,2130.24
2024-04-01,DRV-01039,HUB-CMH,contractor,36.0,80.48,2897.28,0.0,2897.28
2024-04-01,DRV-01040,HUB-CMH,contractor,27.0,82.57,2229.39,0.0,2229.39
2024-04-01,DRV-01041,HUB-CIN,employee,54.0,35.95,1941.30,4.0,2013.20
2024-04-01,DRV-01042,HUB-IND,employee,27.0,36.99,998.73,4.0,1072.71
2024-04-01,DRV-01043,HUB-CMH,employee,27.0,38.04,1027.08,4.0,1103.16
2024-04-01,DRV-01044,HUB-CMH,employee,54.0,39.08,2110.32,4.0,2188.48
2024-04-01,DRV-01045,HUB-IND,employee,27.0,40.13,1083.51,4.0,1163.77
2024-04-01,DRV-01046,HUB-DET,employee,81.0,35.95,2911.95,4.0,2983.85
2024-04-01,DRV-01047,HUB-CHI,employee,54.0,36.99,1997.46,4.0,2071.44
2024-04-01,DRV-01048,HUB-CHI,employee,36.0,38.04,1369.44,4.0,1445.52
2024-04-01,DRV-01049,HUB-CMH,contractor,18.0,80.48,1448.64,0.0,1448.64
2024-04-01,DRV-01188,HUB-IND,contractor,63.0,82.57,5201.91,0.0,5201.91
2024-04-01,DRV-01189,HUB-CMH,contractor,27.0,74.22,2003.94,0.0,2003.94
2024-04-01,DRV-01190,HUB-CHI,contractor,63.0,76.31,4807.53,0.0,4807.53
2024-04-01,DRV-01191,HUB-IND,employee,36.0,38.04,1369.44,4.0,1445.52
2024-04-01,DRV-01192,HUB-CIN,contractor,54.0,80.48,4345.92,0.0,4345.92
2024-04-01,DRV-01193,HUB-DET,contractor,63.0,82.57,5201.91,0.0,5201.91
2024-05-01,DRV-01001,HUB-CMH,contractor,18.0,74.22,1335.96,0.0,1335.96
2024-05-01,DRV-01002,HUB-CIN,contractor,54.0,76.31,4120.74,0.0,4120.74
2024-05-01,DRV-01003,HUB-CIN,employee,36.0,38.04,1369.44,4.0,1445.52
2024-05-01,DRV-01004,HUB-DET,contractor,63.0,80.48,5070.24,0.0,5070.24
2024-05-01,DRV-01005,HUB-CHI,contractor,72.0,82.57,5945.04,0.0,5945.04
2024-05-01,DRV-01006,HUB-IND,employee,99.0,35.95,3559.05,4.0,3630.95
2024-05-01,DRV-01007,HUB-CHI,employee,45.0,36.99,1664.55,4.0,1738.53
2024-05-01,DRV-01008,HUB-CIN,employee,18.0,38.04,684.72,4.0,760.80
2024-05-01,DRV-01009,HUB-CMH,employee,18.0,39.08,703.44,4.0,781.60
2024-05-01,DRV-01010,HUB-CMH,employee,27.0,40.13,1083.51,4.0,1163.77
2024-05-01,DRV-01011,HUB-CHI,employee,0.0,35.95,0.00,0.0,0.00
2024-05-01,DRV-01012,HUB-CHI,contractor,63.0,76.31,4807.53,0.0,4807.53
2024-05-01,DRV-01013,HUB-CMH,contractor,9.0,78.40,705.60,0.0,705.60
2024-05-01,DRV-01014,HUB-DET,contractor,72.0,80.48,5794.56,0.0,5794.56
2024-05-01,DRV-01015,HUB-CMH,employee,27.0,40.13,1083.51,4.0,1163.77
2024-05-01,DRV-01016,HUB-CMH,employee,36.0,35.95,1294.20,4.0,1366.10
2024-05-01,DRV-01017,HUB-CHI,employee,54.0,36.99,1997.46,4.0,2071.44
2024-05-01,DRV-01018,HUB-CMH,employee,36.0,38.04,1369.44,4.0,1445.52
2024-05-01,DRV-01019,HUB-CIN,contractor,63.0,80.48,5070.24,0.0,5070.24
2024-05-01,DRV-01020,HUB-CHI,employee,36.0,40.13,1444.68,4.0,1524.94
2024-05-01,DRV-01021,HUB-DET,contractor,90.0,74.22,6679.80,0.0,6679.80
2024-05-01,DRV-01022,HUB-DET,employee,63.0,36.99,2330.37,4.0,2404.35
2024-05-01,DRV-01023,HUB-CIN,contractor,18.0,78.40,1411.20,0.0,1411.20
2024-05-01,DRV-01024,HUB-IND,employee,54.0,39.08,2110.32,4.0,2188.48
2024-05-01,DRV-01025,HUB-CIN,employee,18.0,40.13,722.34,4.0,802.60
2024-05-01,DRV-01026,HUB-CIN,employee,27.0,35.95,970.65,4.0,1042.55
2024-05-01,DRV-01027,HUB-CIN,employee,18.0,36.99,665.82,4.0,739.80
2024-05-01,DRV-01028,HUB-CMH,contractor,27.0,78.40,2116.80,0.0,2116.80
2024-05-01,DRV-01031,HUB-IND,contractor,63.0,74.22,4675.86,0.0,4675.86
2024-05-01,DRV-01032,HUB-IND,employee,72.0,36.99,2663.28,4.0,2737.26
2024-05-01,DRV-01033,HUB-IND,employee,99.0,38.04,3765.96,4.0,3842.04
2024-05-01,DRV-01034,HUB-CIN,contractor,72.0,80.48,5794.56,0.0,5794.56
2024-05-01,DRV-01035,HUB-CHI,employee,9.0,40.13,361.17,4.0,441.43
2024-05-01,DRV-01036,HUB-CMH,contractor,54.0,74.22,4007.88,0.0,4007.88
2024-05-01,DRV-01037,HUB-DET,contractor,45.0,76.31,3433.95,0.0,3433.95
2024-05-01,DRV-01038,HUB-CIN,employee,36.0,38.04,1369.44,4.0,1445.52
2024-05-01,DRV-01039,HUB-CMH,contractor,36.0,80.48,2897.28,0.0,2897.28
2024-05-01,DRV-01040,HUB-CMH,contractor,27.0,82.57,2229.39,0.0,2229.39
2024-05-01,DRV-01041,HUB-CIN,employee,54.0,35.95,1941.30,4.0,2013.20
2024-05-01,DRV-01042,HUB-IND,employee,9.0,36.99,332.91,4.0,406.89
2024-05-01,DRV-01043,HUB-CMH,employee,36.0,38.04,1369.44,4.0,1445.52
2024-05-01,DRV-01044,HUB-CMH,employee,18.0,39.08,703.44,4.0,781.60
2024-05-01,DRV-01045,HUB-IND,employee,81.0,40.13,3250.53,4.0,3330.79
2024-05-01,DRV-01046,HUB-DET,employee,72.0,35.95,2588.40,4.0,2660.30
2024-05-01,DRV-01047,HUB-CHI,employee,36.0,36.99,1331.64,4.0,1405.62
2024-05-01,DRV-01048,HUB-CHI,employee,90.0,38.04,3423.60,4.0,3499.68
2024-05-01,DRV-01049,HUB-CMH,contractor,9.0,80.48,724.32,0.0,724.32
2024-05-01,DRV-01188,HUB-IND,contractor,81.0,82.57,6688.17,0.0,6688.17
2024-05-01,DRV-01189,HUB-CMH,contractor,18.0,74.22,1335.96,0.0,1335.96
2024-05-01,DRV-01190,HUB-CHI,contractor,117.0,76.31,8928.27,0.0,8928.27
2024-05-01,DRV-01191,HUB-IND,employee,72.0,38.04,2738.88,4.0,2814.96
2024-05-01,DRV-01192,HUB-CIN,contractor,36.0,80.48,2897.28,0.0,2897.28
2024-05-01,DRV-01193,HUB-DET,contractor,72.0,82.57,5945.04,0.0,5945.04
2024-06-01,DRV-01001,HUB-CMH,contractor,27.0,74.22,2003.94,0.0,2003.94
2024-06-01,DRV-01002,HUB-CIN,contractor,45.0,76.31,3433.95,0.0,3433.95
2024-06-01,DRV-01003,HUB-CIN,employee,54.0,38.04,2054.16,4.0,2130.24
2024-06-01,DRV-01004,HUB-DET,contractor,117.0,80.48,9416.16,0.0,9416.16
2024-06-01,DRV-01005,HUB-CHI,contractor,81.0,82.57,6688.17,0.0,6688.17
2024-06-01,DRV-01006,HUB-IND,employee,72.0,35.95,2588.40,4.0,2660.30
2024-06-01,DRV-01007,HUB-CHI,employee,45.0,36.99,1664.55,4.0,1738.53
2024-06-01,DRV-01008,HUB-CIN,employee,81.0,38.04,3081.24,4.0,3157.32
2024-06-01,DRV-01009,HUB-CMH,employee,27.0,39.08,1055.16,4.0,1133.32
2024-06-01,DRV-01010,HUB-CMH,employee,54.0,40.13,2167.02,4.0,2247.28
2024-06-01,DRV-01011,HUB-CHI,employee,27.0,35.95,970.65,4.0,1042.55
2024-06-01,DRV-01012,HUB-CHI,contractor,27.0,76.31,2060.37,0.0,2060.37
2024-06-01,DRV-01013,HUB-CMH,contractor,36.0,78.40,2822.40,0.0,2822.40
2024-06-01,DRV-01014,HUB-DET,contractor,81.0,80.48,6518.88,0.0,6518.88
2024-06-01,DRV-01015,HUB-CMH,employee,63.0,40.13,2528.19,4.0,2608.45
2024-06-01,DRV-01016,HUB-CMH,employee,27.0,35.95,970.65,4.0,1042.55
2024-06-01,DRV-01017,HUB-CHI,employee,63.0,36.99,2330.37,4.0,2404.35
2024-06-01,DRV-01018,HUB-CMH,employee,27.0,38.04,1027.08,4.0,1103.16
2024-06-01,DRV-01019,HUB-CIN,contractor,9.0,80.48,724.32,0.0,724.32
2024-06-01,DRV-01020,HUB-CHI,employee,72.0,40.13,2889.36,4.0,2969.62
2024-06-01,DRV-01021,HUB-DET,contractor,108.0,74.22,8015.76,0.0,8015.76
2024-06-01,DRV-01022,HUB-DET,employee,81.0,36.99,2996.19,4.0,3070.17
2024-06-01,DRV-01023,HUB-CIN,contractor,63.0,78.40,4939.20,0.0,4939.20
2024-06-01,DRV-01024,HUB-IND,employee,81.0,39.08,3165.48,4.0,3243.64
2024-06-01,DRV-01025,HUB-CIN,employee,27.0,40.13,1083.51,4.0,1163.77
2024-06-01,DRV-01026,HUB-CIN,employee,45.0,35.95,1617.75,4.0,1689.65
2024-06-01,DRV-01027,HUB-CIN,employee,27.0,36.99,998.73,4.0,1072.71
2024-06-01,DRV-01028,HUB-CMH,contractor,18.0,78.40,1411.20,0.0,1411.20
2024-06-01,DRV-01031,HUB-IND,contractor,72.0,74.22,5343.84,0.0,5343.84
2024-06-01,DRV-01032,HUB-IND,employee,63.0,36.99,2330.37,4.0,2404.35
2024-06-01,DRV-01033,HUB-IND,employee,72.0,38.04,2738.88,4.0,2814.96
2024-06-01,DRV-01034,HUB-CIN,contractor,36.0,80.48,2897.28,0.0,2897.28
2024-06-01,DRV-01035,HUB-CHI,employee,9.0,40.13,361.17,4.0,441.43
2024-06-01,DRV-01036,HUB-CMH,contractor,27.0,74.22,2003.94,0.0,2003.94
2024-06-01,DRV-01037,HUB-DET,contractor,72.0,76.31,5494.32,0.0,5494.32
2024-06-01,DRV-01038,HUB-CIN,employee,36.0,38.04,1369.44,4.0,1445.52
2024-06-01,DRV-01039,HUB-CMH,contractor,27.0,80.48,2172.96,0.0,2172.96
2024-06-01,DRV-01040,HUB-CMH,contractor,18.0,82.57,1486.26,0.0,1486.26
2024-06-01,DRV-01041,HUB-CIN,employee,45.0,35.95,1617.75,4.0,1689.65
2024-06-01,DRV-01042,HUB-IND,employee,36.0,36.99,1331.64,4.0,1405.62
2024-06-01,DRV-01043,HUB-CMH,employee,18.0,38.04,684.72,4.0,760.80
2024-06-01,DRV-01044,HUB-CMH,employee,9.0,39.08,351.72,4.0,429.88
2024-06-01,DRV-01045,HUB-IND,employee,45.0,40.13,1805.85,4.0,1886.11
2024-06-01,DRV-01046,HUB-DET,employee,171.0,35.95,6147.45,4.0,6219.35
2024-06-01,DRV-01047,HUB-CHI,employee,45.0,36.99,1664.55,4.0,1738.53
2024-06-01,DRV-01048,HUB-CHI,employee,63.0,38.04,2396.52,4.0,2472.60
2024-06-01,DRV-01049,HUB-CMH,contractor,36.0,80.48,2897.28,0.0,2897.28
2024-06-01,DRV-01188,HUB-IND,contractor,72.0,82.57,5945.04,0.0,5945.04
2024-06-01,DRV-01189,HUB-CMH,contractor,54.0,74.22,4007.88,0.0,4007.88
2024-06-01,DRV-01190,HUB-CHI,contractor,63.0,76.31,4807.53,0.0,4807.53
2024-06-01,DRV-01191,HUB-IND,employee,45.0,38.04,1711.80,4.0,1787.88
2024-06-01,DRV-01192,HUB-CIN,contractor,63.0,80.48,5070.24,0.0,5070.24
2024-06-01,DRV-01193,HUB-DET,contractor,36.0,82.57,2972.52,0.0,2972.52
2024-07-01,DRV-01001,HUB-CMH,contractor,0.0,74.22,0.00,0.0,0.00
2024-07-01,DRV-01002,HUB-CIN,contractor,45.0,76.31,3433.95,0.0,3433.95
2024-07-01,DRV-01003,HUB-CIN,employee,36.0,38.04,1369.44,4.0,1445.52
2024-07-01,DRV-01004,HUB-DET,contractor,99.0,80.48,7967.52,0.0,7967.52
2024-07-01,DRV-01005,HUB-CHI,contractor,72.0,82.57,5945.04,0.0,5945.04
2024-07-01,DRV-01006,HUB-IND,employee,36.0,35.95,1294.20,4.0,1366.10
2024-07-01,DRV-01007,HUB-CHI,employee,72.0,36.99,2663.28,4.0,2737.26
2024-07-01,DRV-01008,HUB-CIN,employee,27.0,38.04,1027.08,4.0,1103.16
2024-07-01,DRV-01009,HUB-CMH,employee,63.0,39.08,2462.04,4.0,2540.20
2024-07-01,DRV-01010,HUB-CMH,employee,54.0,40.13,2167.02,4.0,2247.28
2024-07-01,DRV-01011,HUB-CHI,employee,54.0,35.95,1941.30,4.0,2013.20
2024-07-01,DRV-01012,HUB-CHI,contractor,36.0,76.31,2747.16,0.0,2747.16
2024-07-01,DRV-01013,HUB-CMH,contractor,54.0,78.40,4233.60,0.0,4233.60
2024-07-01,DRV-01014,HUB-DET,contractor,72.0,80.48,5794.56,0.0,5794.56
2024-07-01,DRV-01015,HUB-CMH,employee,18.0,40.13,722.34,4.0,802.60
2024-07-01,DRV-01016,HUB-CMH,employee,36.0,35.95,1294.20,4.0,1366.10
2024-07-01,DRV-01017,HUB-CHI,employee,63.0,36.99,2330.37,4.0,2404.35
2024-07-01,DRV-01018,HUB-CMH,employee,27.0,38.04,1027.08,4.0,1103.16
2024-07-01,DRV-01019,HUB-CIN,contractor,63.0,80.48,5070.24,0.0,5070.24
2024-07-01,DRV-01020,HUB-CHI,employee,36.0,40.13,1444.68,4.0,1524.94
2024-07-01,DRV-01021,HUB-DET,contractor,45.0,74.22,3339.90,0.0,3339.90
2024-07-01,DRV-01022,HUB-DET,employee,45.0,36.99,1664.55,4.0,1738.53
2024-07-01,DRV-01023,HUB-CIN,contractor,72.0,78.40,5644.80,0.0,5644.80
2024-07-01,DRV-01024,HUB-IND,employee,72.0,39.08,2813.76,4.0,2891.92
2024-07-01,DRV-01025,HUB-CIN,employee,18.0,40.13,722.34,4.0,802.60
2024-07-01,DRV-01026,HUB-CIN,employee,63.0,35.95,2264.85,4.0,2336.75
2024-07-01,DRV-01027,HUB-CIN,employee,36.0,36.99,1331.64,4.0,1405.62
2024-07-01,DRV-01028,HUB-CMH,contractor,27.0,78.40,2116.80,0.0,2116.80
2024-07-01,DRV-01030,HUB-CMH,employee,36.0,40.13,1444.68,4.0,1524.94
2024-07-01,DRV-01031,HUB-IND,contractor,18.0,74.22,1335.96,0.0,1335.96
2024-07-01,DRV-01032,HUB-IND,employee,36.0,36.99,1331.64,4.0,1405.62
2024-07-01,DRV-01033,HUB-IND,employee,54.0,38.04,2054.16,4.0,2130.24
2024-07-01,DRV-01034,HUB-CIN,contractor,54.0,80.48,4345.92,0.0,4345.92
2024-07-01,DRV-01035,HUB-CHI,employee,45.0,40.13,1805.85,4.0,1886.11
2024-07-01,DRV-01036,HUB-CMH,contractor,27.0,74.22,2003.94,0.0,2003.94
2024-07-01,DRV-01037,HUB-DET,contractor,117.0,76.31,8928.27,0.0,8928.27
2024-07-01,DRV-01038,HUB-CIN,employee,81.0,38.04,3081.24,4.0,3157.32
2024-07-01,DRV-01039,HUB-CMH,contractor,54.0,80.48,4345.92,0.0,4345.92
2024-07-01,DRV-01040,HUB-CMH,contractor,81.0,82.57,6688.17,0.0,6688.17
2024-07-01,DRV-01041,HUB-CIN,employee,63.0,35.95,2264.85,4.0,2336.75
2024-07-01,DRV-01042,HUB-IND,employee,117.0,36.99,4327.83,4.0,4401.81
2024-07-01,DRV-01043,HUB-CMH,employee,63.0,38.04,2396.52,4.0,2472.60
2024-07-01,DRV-01044,HUB-CMH,employee,18.0,39.08,703.44,4.0,781.60
2024-07-01,DRV-01045,HUB-IND,employee,36.0,40.13,1444.68,4.0,1524.94
2024-07-01,DRV-01046,HUB-DET,employee,117.0,35.95,4206.15,4.0,4278.05
2024-07-01,DRV-01047,HUB-CHI,employee,72.0,36.99,2663.28,4.0,2737.26
2024-07-01,DRV-01048,HUB-CHI,employee,27.0,38.04,1027.08,4.0,1103.16
2024-07-01,DRV-01049,HUB-CMH,contractor,18.0,80.48,1448.64,0.0,1448.64
2024-07-01,DRV-01188,HUB-IND,contractor,45.0,82.57,3715.65,0.0,3715.65
2024-07-01,DRV-01189,HUB-CMH,contractor,63.0,74.22,4675.86,0.0,4675.86
2024-07-01,DRV-01190,HUB-CHI,contractor,90.0,76.31,6867.90,0.0,6867.90
2024-07-01,DRV-01191,HUB-IND,employee,63.0,38.04,2396.52,4.0,2472.60
2024-07-01,DRV-01192,HUB-CIN,contractor,63.0,80.48,5070.24,0.0,5070.24
2024-07-01,DRV-01193,HUB-DET,contractor,108.0,82.57,8917.56,0.0,8917.56
2024-07-01,DRV-01194,HUB-CMH,employee,0.0,35.95,0.00,0.0,0.00
2024-08-01,DRV-01001,HUB-CMH,contractor,72.0,74.22,5343.84,0.0,5343.84
2024-08-01,DRV-01002,HUB-CIN,contractor,45.0,76.31,3433.95,0.0,3433.95
2024-08-01,DRV-01003,HUB-CIN,employee,81.0,38.04,3081.24,4.0,3157.32
2024-08-01,DRV-01004,HUB-DET,contractor,72.0,80.48,5794.56,0.0,5794.56
2024-08-01,DRV-01005,HUB-CHI,contractor,36.0,82.57,2972.52,0.0,2972.52
2024-08-01,DRV-01006,HUB-IND,employee,54.0,35.95,1941.30,4.0,2013.20
2024-08-01,DRV-01007,HUB-CHI,employee,36.0,36.99,1331.64,4.0,1405.62
2024-08-01,DRV-01008,HUB-CIN,employee,27.0,38.04,1027.08,4.0,1103.16
2024-08-01,DRV-01009,HUB-CMH,employee,18.0,39.08,703.44,4.0,781.60
2024-08-01,DRV-01010,HUB-CMH,employee,18.0,40.13,722.34,4.0,802.60
2024-08-01,DRV-01011,HUB-CHI,employee,81.0,35.95,2911.95,4.0,2983.85
2024-08-01,DRV-01012,HUB-CHI,contractor,36.0,76.31,2747.16,0.0,2747.16
2024-08-01,DRV-01013,HUB-CMH,contractor,63.0,78.40,4939.20,0.0,4939.20
2024-08-01,DRV-01014,HUB-DET,contractor,54.0,80.48,4345.92,0.0,4345.92
2024-08-01,DRV-01015,HUB-CMH,employee,27.0,40.13,1083.51,4.0,1163.77
2024-08-01,DRV-01016,HUB-CMH,employee,9.0,35.95,323.55,4.0,395.45
2024-08-01,DRV-01017,HUB-CHI,employee,18.0,36.99,665.82,4.0,739.80
2024-08-01,DRV-01018,HUB-CMH,employee,27.0,38.04,1027.08,4.0,1103.16
2024-08-01,DRV-01019,HUB-CIN,contractor,27.0,80.48,2172.96,0.0,2172.96
2024-08-01,DRV-01020,HUB-CHI,employee,36.0,40.13,1444.68,4.0,1524.94
2024-08-01,DRV-01021,HUB-DET,contractor,90.0,74.22,6679.80,0.0,6679.80
2024-08-01,DRV-01022,HUB-DET,employee,63.0,36.99,2330.37,4.0,2404.35
2024-08-01,DRV-01023,HUB-CIN,contractor,18.0,78.40,1411.20,0.0,1411.20
2024-08-01,DRV-01024,HUB-IND,employee,63.0,39.08,2462.04,4.0,2540.20
2024-08-01,DRV-01025,HUB-CIN,employee,45.0,40.13,1805.85,4.0,1886.11
2024-08-01,DRV-01026,HUB-CIN,employee,45.0,35.95,1617.75,4.0,1689.65
2024-08-01,DRV-01027,HUB-CIN,employee,45.0,36.99,1664.55,4.0,1738.53
2024-08-01,DRV-01028,HUB-CMH,contractor,36.0,78.40,2822.40,0.0,2822.40
2024-08-01,DRV-01030,HUB-CMH,employee,9.0,40.13,361.17,4.0,441.43
2024-08-01,DRV-01031,HUB-IND,contractor,63.0,74.22,4675.86,0.0,4675.86
2024-08-01,DRV-01032,HUB-IND,employee,72.0,36.99,2663.28,4.0,2737.26
2024-08-01,DRV-01033,HUB-IND,employee,81.0,38.04,3081.24,4.0,3157.32
2024-08-01,DRV-01034,HUB-CIN,contractor,27.0,80.48,2172.96,0.0,2172.96
2024-08-01,DRV-01035,HUB-CHI,employee,54.0,40.13,2167.02,4.0,2247.28
2024-08-01,DRV-01036,HUB-CMH,contractor,9.0,74.22,667.98,0.0,667.98
2024-08-01,DRV-01037,HUB-DET,contractor,72.0,76.31,5494.32,0.0,5494.32
2024-08-01,DRV-01038,HUB-CIN,employee,18.0,38.04,684.72,4.0,760.80
2024-08-01,DRV-01039,HUB-CMH,contractor,18.0,80.48,1448.64,0.0,1448.64
2024-08-01,DRV-01040,HUB-CMH,contractor,0.0,82.57,0.00,0.0,0.00
2024-08-01,DRV-01041,HUB-CIN,employee,63.0,35.95,2264.85,4.0,2336.75
2024-08-01,DRV-01042,HUB-IND,employee,18.0,36.99,665.82,4.0,739.80
2024-08-01,DRV-01043,HUB-CMH,employee,36.0,38.04,1369.44,4.0,1445.52
2024-08-01,DRV-01044,HUB-CMH,employee,27.0,39.08,1055.16,4.0,1133.32
2024-08-01,DRV-01045,HUB-IND,employee,54.0,40.13,2167.02,4.0,2247.28
2024-08-01,DRV-01046,HUB-DET,employee,108.0,35.95,3882.60,4.0,3954.50
2024-08-01,DRV-01047,HUB-CHI,employee,54.0,36.99,1997.46,4.0,2071.44
2024-08-01,DRV-01048,HUB-CHI,employee,63.0,38.04,2396.52,4.0,2472.60
2024-08-01,DRV-01049,HUB-CMH,contractor,27.0,80.48,2172.96,0.0,2172.96
2024-08-01,DRV-01188,HUB-IND,contractor,54.0,82.57,4458.78,0.0,4458.78
2024-08-01,DRV-01189,HUB-CMH,contractor,54.0,74.22,4007.88,0.0,4007.88
2024-08-01,DRV-01190,HUB-CHI,contractor,54.0,76.31,4120.74,0.0,4120.74
2024-08-01,DRV-01191,HUB-IND,employee,36.0,38.04,1369.44,4.0,1445.52
2024-08-01,DRV-01192,HUB-CIN,contractor,63.0,80.48,5070.24,0.0,5070.24
2024-08-01,DRV-01193,HUB-DET,contractor,117.0,82.57,9660.69,0.0,9660.69
2024-08-01,DRV-01194,HUB-CMH,employee,27.0,35.95,970.65,4.0,1042.55
2024-09-01,DRV-01001,HUB-CMH,contractor,54.0,74.22,4007.88,0.0,4007.88
2024-09-01,DRV-01002,HUB-CIN,contractor,36.0,76.31,2747.16,0.0,2747.16
2024-09-01,DRV-01003,HUB-CIN,employee,54.0,38.04,2054.16,4.0,2130.24
2024-09-01,DRV-01004,HUB-DET,contractor,36.0,80.48,2897.28,0.0,2897.28
2024-09-01,DRV-01005,HUB-CHI,contractor,90.0,82.57,7431.30,0.0,7431.30
2024-09-01,DRV-01006,HUB-IND,employee,63.0,35.95,2264.85,4.0,2336.75
2024-09-01,DRV-01007,HUB-CHI,employee,72.0,36.99,2663.28,4.0,2737.26
2024-09-01,DRV-01008,HUB-CIN,employee,9.0,38.04,342.36,4.0,418.44
2024-09-01,DRV-01009,HUB-CMH,employee,54.0,39.08,2110.32,4.0,2188.48
2024-09-01,DRV-01010,HUB-CMH,employee,27.0,40.13,1083.51,4.0,1163.77
2024-09-01,DRV-01011,HUB-CHI,employee,36.0,35.95,1294.20,4.0,1366.10
2024-09-01,DRV-01012,HUB-CHI,contractor,54.0,76.31,4120.74,0.0,4120.74
2024-09-01,DRV-01013,HUB-CMH,contractor,36.0,78.40,2822.40,0.0,2822.40
2024-09-01,DRV-01014,HUB-DET,contractor,81.0,80.48,6518.88,0.0,6518.88
2024-09-01,DRV-01015,HUB-CMH,employee,27.0,40.13,1083.51,4.0,1163.77
2024-09-01,DRV-01016,HUB-CMH,employee,45.0,35.95,1617.75,4.0,1689.65
2024-09-01,DRV-01017,HUB-CHI,employee,45.0,36.99,1664.55,4.0,1738.53
2024-09-01,DRV-01018,HUB-CMH,employee,18.0,38.04,684.72,4.0,760.80
2024-09-01,DRV-01019,HUB-CIN,contractor,36.0,80.48,2897.28,0.0,2897.28
2024-09-01,DRV-01020,HUB-CHI,employee,63.0,40.13,2528.19,4.0,2608.45
2024-09-01,DRV-01021,HUB-DET,contractor,108.0,74.22,8015.76,0.0,8015.76
2024-09-01,DRV-01022,HUB-DET,employee,81.0,36.99,2996.19,4.0,3070.17
2024-09-01,DRV-01023,HUB-CIN,contractor,36.0,78.40,2822.40,0.0,2822.40
2024-09-01,DRV-01024,HUB-IND,employee,54.0,39.08,2110.32,4.0,2188.48
2024-09-01,DRV-01025,HUB-CIN,employee,72.0,40.13,2889.36,4.0,2969.62
2024-09-01,DRV-01026,HUB-CIN,employee,27.0,35.95,970.65,4.0,1042.55
2024-09-01,DRV-01027,HUB-CIN,employee,36.0,36.99,1331.64,4.0,1405.62
2024-09-01,DRV-01028,HUB-CMH,contractor,9.0,78.40,705.60,0.0,705.60
2024-09-01,DRV-01029,HUB-CIN,employee,54.0,39.08,2110.32,4.0,2188.48
2024-09-01,DRV-01030,HUB-CMH,employee,81.0,40.13,3250.53,4.0,3330.79
2024-09-01,DRV-01031,HUB-IND,contractor,81.0,74.22,6011.82,0.0,6011.82
2024-09-01,DRV-01032,HUB-IND,employee,36.0,36.99,1331.64,4.0,1405.62
2024-09-01,DRV-01033,HUB-IND,employee,63.0,38.04,2396.52,4.0,2472.60
2024-09-01,DRV-01034,HUB-CIN,contractor,45.0,80.48,3621.60,0.0,3621.60
2024-09-01,DRV-01035,HUB-CHI,employee,99.0,40.13,3972.87,4.0,4053.13
2024-09-01,DRV-01036,HUB-CMH,contractor,45.0,74.22,3339.90,0.0,3339.90
2024-09-01,DRV-01037,HUB-DET,contractor,144.0,76.31,10988.64,0.0,10988.64
2024-09-01,DRV-01038,HUB-CIN,employee,63.0,38.04,2396.52,4.0,2472.60
2024-09-01,DRV-01039,HUB-CMH,contractor,27.0,80.48,2172.96,0.0,2172.96
2024-09-01,DRV-01040,HUB-CMH,contractor,9.0,82.57,743.13,0.0,743.13
2024-09-01,DRV-01041,HUB-CIN,employee,18.0,35.95,647.10,4.0,719.00
2024-09-01,DRV-01042,HUB-IND,employee,81.0,36.99,2996.19,4.0,3070.17
2024-09-01,DRV-01043,HUB-CMH,employee,27.0,38.04,1027.08,4.0,1103.16
2024-09-01,DRV-01044,HUB-CMH,employee,54.0,39.08,2110.32,4.0,2188.48
2024-09-01,DRV-01045,HUB-IND,employee,81.0,40.13,3250.53,4.0,3330.79
2024-09-01,DRV-01046,HUB-DET,employee,54.0,35.95,1941.30,4.0,2013.20
2024-09-01,DRV-01047,HUB-CHI,employee,63.0,36.99,2330.37,4.0,2404.35
2024-09-01,DRV-01048,HUB-CHI,employee,27.0,38.04,1027.08,4.0,1103.16
2024-09-01,DRV-01049,HUB-CMH,contractor,18.0,80.48,1448.64,0.0,1448.64
2024-09-01,DRV-01188,HUB-IND,contractor,36.0,82.57,2972.52,0.0,2972.52
2024-09-01,DRV-01189,HUB-CMH,contractor,27.0,74.22,2003.94,0.0,2003.94
2024-09-01,DRV-01190,HUB-CHI,contractor,54.0,76.31,4120.74,0.0,4120.74
2024-09-01,DRV-01191,HUB-IND,employee,72.0,38.04,2738.88,4.0,2814.96
2024-09-01,DRV-01192,HUB-CIN,contractor,54.0,80.48,4345.92,0.0,4345.92
2024-09-01,DRV-01193,HUB-DET,contractor,72.0,82.57,5945.04,0.0,5945.04
2024-09-01,DRV-01194,HUB-CMH,employee,9.0,35.95,323.55,4.0,395.45
2024-10-01,DRV-01001,HUB-CMH,contractor,36.0,74.22,2671.92,0.0,2671.92
2024-10-01,DRV-01002,HUB-CIN,contractor,9.0,76.31,686.79,0.0,686.79
2024-10-01,DRV-01003,HUB-CIN,employee,72.0,38.04,2738.88,4.0,2814.96
2024-10-01,DRV-01004,HUB-DET,contractor,72.0,80.48,5794.56,0.0,5794.56
2024-10-01,DRV-01005,HUB-CHI,contractor,18.0,82.57,1486.26,0.0,1486.26
2024-10-01,DRV-01006,HUB-IND,employee,63.0,35.95,2264.85,4.0,2336.75
2024-10-01,DRV-01007,HUB-CHI,employee,63.0,36.99,2330.37,4.0,2404.35
2024-10-01,DRV-01008,HUB-CIN,employee,45.0,38.04,1711.80,4.0,1787.88
2024-10-01,DRV-01009,HUB-CMH,employee,27.0,39.08,1055.16,4.0,1133.32
2024-10-01,DRV-01010,HUB-CMH,employee,45.0,40.13,1805.85,4.0,1886.11
2024-10-01,DRV-01011,HUB-CHI,employee,81.0,35.95,2911.95,4.0,2983.85
2024-10-01,DRV-01012,HUB-CHI,contractor,90.0,76.31,6867.90,0.0,6867.90
2024-10-01,DRV-01013,HUB-CMH,contractor,18.0,78.40,1411.20,0.0,1411.20
2024-10-01,DRV-01014,HUB-DET,contractor,90.0,80.48,7243.20,0.0,7243.20
2024-10-01,DRV-01015,HUB-CMH,employee,45.0,40.13,1805.85,4.0,1886.11
2024-10-01,DRV-01016,HUB-CMH,employee,63.0,35.95,2264.85,4.0,2336.75
2024-10-01,DRV-01017,HUB-CHI,employee,81.0,36.99,2996.19,4.0,3070.17
2024-10-01,DRV-01018,HUB-CMH,employee,18.0,38.04,684.72,4.0,760.80
2024-10-01,DRV-01019,HUB-CIN,contractor,54.0,80.48,4345.92,0.0,4345.92
2024-10-01,DRV-01020,HUB-CHI,employee,99.0,40.13,3972.87,4.0,4053.13
2024-10-01,DRV-01021,HUB-DET,contractor,81.0,74.22,6011.82,0.0,6011.82
2024-10-01,DRV-01022,HUB-DET,employee,72.0,36.99,2663.28,4.0,2737.26
2024-10-01,DRV-01023,HUB-CIN,contractor,27.0,78.40,2116.80,0.0,2116.80
2024-10-01,DRV-01024,HUB-IND,employee,81.0,39.08,3165.48,4.0,3243.64
2024-10-01,DRV-01025,HUB-CIN,employee,36.0,40.13,1444.68,4.0,1524.94
2024-10-01,DRV-01026,HUB-CIN,employee,45.0,35.95,1617.75,4.0,1689.65
2024-10-01,DRV-01027,HUB-CIN,employee,18.0,36.99,665.82,4.0,739.80
2024-10-01,DRV-01028,HUB-CMH,contractor,18.0,78.40,1411.20,0.0,1411.20
2024-10-01,DRV-01029,HUB-CIN,employee,54.0,39.08,2110.32,4.0,2188.48
2024-10-01,DRV-01030,HUB-CMH,employee,54.0,40.13,2167.02,4.0,2247.28
2024-10-01,DRV-01031,HUB-IND,contractor,72.0,74.22,5343.84,0.0,5343.84
2024-10-01,DRV-01032,HUB-IND,employee,81.0,36.99,2996.19,4.0,3070.17
2024-10-01,DRV-01033,HUB-IND,employee,72.0,38.04,2738.88,4.0,2814.96
2024-10-01,DRV-01034,HUB-CIN,contractor,45.0,80.48,3621.60,0.0,3621.60
2024-10-01,DRV-01035,HUB-CHI,employee,36.0,40.13,1444.68,4.0,1524.94
2024-10-01,DRV-01036,HUB-CMH,contractor,27.0,74.22,2003.94,0.0,2003.94
2024-10-01,DRV-01037,HUB-DET,contractor,90.0,76.31,6867.90,0.0,6867.90
2024-10-01,DRV-01038,HUB-CIN,employee,54.0,38.04,2054.16,4.0,2130.24
2024-10-01,DRV-01039,HUB-CMH,contractor,18.0,80.48,1448.64,0.0,1448.64
2024-10-01,DRV-01040,HUB-CMH,contractor,36.0,82.57,2972.52,0.0,2972.52
2024-10-01,DRV-01041,HUB-CIN,employee,36.0,35.95,1294.20,4.0,1366.10
2024-10-01,DRV-01042,HUB-IND,employee,81.0,36.99,2996.19,4.0,3070.17
2024-10-01,DRV-01043,HUB-CMH,employee,9.0,38.04,342.36,4.0,418.44
2024-10-01,DRV-01044,HUB-CMH,employee,72.0,39.08,2813.76,4.0,2891.92
2024-10-01,DRV-01045,HUB-IND,employee,54.0,40.13,2167.02,4.0,2247.28
2024-10-01,DRV-01046,HUB-DET,employee,72.0,35.95,2588.40,4.0,2660.30
2024-10-01,DRV-01047,HUB-CHI,employee,36.0,36.99,1331.64,4.0,1405.62
2024-10-01,DRV-01048,HUB-CHI,employee,45.0,38.04,1711.80,4.0,1787.88
2024-10-01,DRV-01049,HUB-CMH,contractor,18.0,80.48,1448.64,0.0,1448.64
2024-10-01,DRV-01188,HUB-IND,contractor,72.0,82.57,5945.04,0.0,5945.04
2024-10-01,DRV-01189,HUB-CMH,contractor,27.0,74.22,2003.94,0.0,2003.94
2024-10-01,DRV-01190,HUB-CHI,contractor,72.0,76.31,5494.32,0.0,5494.32
2024-10-01,DRV-01191,HUB-IND,employee,63.0,38.04,2396.52,4.0,2472.60
2024-10-01,DRV-01192,HUB-CIN,contractor,9.0,80.48,724.32,0.0,724.32
2024-10-01,DRV-01193,HUB-DET,contractor,126.0,82.57,10403.82,0.0,10403.82
2024-10-01,DRV-01194,HUB-CMH,employee,18.0,35.95,647.10,4.0,719.00
2024-11-01,DRV-01001,HUB-CMH,contractor,54.0,74.22,4007.88,0.0,4007.88
2024-11-01,DRV-01002,HUB-CIN,contractor,63.0,76.31,4807.53,0.0,4807.53
2024-11-01,DRV-01003,HUB-CIN,employee,72.0,38.04,2738.88,4.0,2814.96
2024-11-01,DRV-01004,HUB-DET,contractor,36.0,80.48,2897.28,0.0,2897.28
2024-11-01,DRV-01005,HUB-CHI,contractor,45.0,82.57,3715.65,0.0,3715.65
2024-11-01,DRV-01006,HUB-IND,employee,81.0,35.95,2911.95,4.0,2983.85
2024-11-01,DRV-01007,HUB-CHI,employee,45.0,36.99,1664.55,4.0,1738.53
2024-11-01,DRV-01008,HUB-CIN,employee,36.0,38.04,1369.44,4.0,1445.52
2024-11-01,DRV-01009,HUB-CMH,employee,27.0,39.08,1055.16,4.0,1133.32
2024-11-01,DRV-01010,HUB-CMH,employee,36.0,40.13,1444.68,4.0,1524.94
2024-11-01,DRV-01011,HUB-CHI,employee,45.0,35.95,1617.75,4.0,1689.65
2024-11-01,DRV-01012,HUB-CHI,contractor,45.0,76.31,3433.95,0.0,3433.95
2024-11-01,DRV-01013,HUB-CMH,contractor,27.0,78.40,2116.80,0.0,2116.80
2024-11-01,DRV-01014,HUB-DET,contractor,99.0,80.48,7967.52,0.0,7967.52
2024-11-01,DRV-01015,HUB-CMH,employee,45.0,40.13,1805.85,4.0,1886.11
2024-11-01,DRV-01016,HUB-CMH,employee,18.0,35.95,647.10,4.0,719.00
2024-11-01,DRV-01017,HUB-CHI,employee,0.0,36.99,0.00,0.0,0.00
2024-11-01,DRV-01018,HUB-CMH,employee,18.0,38.04,684.72,4.0,760.80
2024-11-01,DRV-01019,HUB-CIN,contractor,36.0,80.48,2897.28,0.0,2897.28
2024-11-01,DRV-01020,HUB-CHI,employee,54.0,40.13,2167.02,4.0,2247.28
2024-11-01,DRV-01021,HUB-DET,contractor,72.0,74.22,5343.84,0.0,5343.84
2024-11-01,DRV-01022,HUB-DET,employee,81.0,36.99,2996.19,4.0,3070.17
2024-11-01,DRV-01023,HUB-CIN,contractor,63.0,78.40,4939.20,0.0,4939.20
2024-11-01,DRV-01024,HUB-IND,employee,72.0,39.08,2813.76,4.0,2891.92
2024-11-01,DRV-01025,HUB-CIN,employee,63.0,40.13,2528.19,4.0,2608.45
2024-11-01,DRV-01026,HUB-CIN,employee,27.0,35.95,970.65,4.0,1042.55
2024-11-01,DRV-01027,HUB-CIN,employee,9.0,36.99,332.91,4.0,406.89
2024-11-01,DRV-01028,HUB-CMH,contractor,18.0,78.40,1411.20,0.0,1411.20
2024-11-01,DRV-01029,HUB-CIN,employee,36.0,39.08,1406.88,4.0,1485.04
2024-11-01,DRV-01030,HUB-CMH,employee,27.0,40.13,1083.51,4.0,1163.77
2024-11-01,DRV-01031,HUB-IND,contractor,45.0,74.22,3339.90,0.0,3339.90
2024-11-01,DRV-01032,HUB-IND,employee,90.0,36.99,3329.10,4.0,3403.08
2024-11-01,DRV-01033,HUB-IND,employee,36.0,38.04,1369.44,4.0,1445.52
2024-11-01,DRV-01034,HUB-CIN,contractor,72.0,80.48,5794.56,0.0,5794.56
2024-11-01,DRV-01035,HUB-CHI,employee,54.0,40.13,2167.02,4.0,2247.28
2024-11-01,DRV-01036,HUB-CMH,contractor,36.0,74.22,2671.92,0.0,2671.92
2024-11-01,DRV-01037,HUB-DET,contractor,108.0,76.31,8241.48,0.0,8241.48
2024-11-01,DRV-01038,HUB-CIN,employee,63.0,38.04,2396.52,4.0,2472.60
2024-11-01,DRV-01039,HUB-CMH,contractor,18.0,80.48,1448.64,0.0,1448.64
2024-11-01,DRV-01040,HUB-CMH,contractor,27.0,82.57,2229.39,0.0,2229.39
2024-11-01,DRV-01041,HUB-CIN,employee,27.0,35.95,970.65,4.0,1042.55
2024-11-01,DRV-01042,HUB-IND,employee,63.0,36.99,2330.37,4.0,2404.35
2024-11-01,DRV-01043,HUB-CMH,employee,54.0,38.04,2054.16,4.0,2130.24
2024-11-01,DRV-01044,HUB-CMH,employee,36.0,39.08,1406.88,4.0,1485.04
2024-11-01,DRV-01045,HUB-IND,employee,63.0,40.13,2528.19,4.0,2608.45
2024-11-01,DRV-01046,HUB-DET,employee,54.0,35.95,1941.30,4.0,2013.20
2024-11-01,DRV-01047,HUB-CHI,employee,18.0,36.99,665.82,4.0,739.80
2024-11-01,DRV-01048,HUB-CHI,employee,45.0,38.04,1711.80,4.0,1787.88
2024-11-01,DRV-01049,HUB-CMH,contractor,18.0,80.48,1448.64,0.0,1448.64
2024-11-01,DRV-01188,HUB-IND,contractor,72.0,82.57,5945.04,0.0,5945.04
2024-11-01,DRV-01189,HUB-CMH,contractor,45.0,74.22,3339.90,0.0,3339.90
2024-11-01,DRV-01190,HUB-CHI,contractor,27.0,76.31,2060.37,0.0,2060.37
2024-11-01,DRV-01191,HUB-IND,employee,108.0,38.04,4108.32,4.0,4184.40
2024-11-01,DRV-01192,HUB-CIN,contractor,63.0,80.48,5070.24,0.0,5070.24
2024-11-01,DRV-01193,HUB-DET,contractor,27.0,82.57,2229.39,0.0,2229.39
2024-11-01,DRV-01194,HUB-CMH,employee,18.0,35.95,647.10,4.0,719.00
2024-12-01,DRV-01001,HUB-CMH,contractor,18.0,74.22,1335.96,0.0,1335.96
2024-12-01,DRV-01002,HUB-CIN,contractor,63.0,76.31,4807.53,0.0,4807.53
2024-12-01,DRV-01003,HUB-CIN,employee,72.0,38.04,2738.88,4.0,2814.96
2024-12-01,DRV-01004,HUB-DET,contractor,99.0,80.48,7967.52,0.0,7967.52
2024-12-01,DRV-01005,HUB-CHI,contractor,27.0,82.57,2229.39,0.0,2229.39
2024-12-01,DRV-01006,HUB-IND,employee,63.0,35.95,2264.85,4.0,2336.75
2024-12-01,DRV-01007,HUB-CHI,employee,81.0,36.99,2996.19,4.0,3070.17
2024-12-01,DRV-01008,HUB-CIN,employee,18.0,38.04,684.72,4.0,760.80
2024-12-01,DRV-01009,HUB-CMH,employee,36.0,39.08,1406.88,4.0,1485.04
2024-12-01,DRV-01010,HUB-CMH,employee,0.0,40.13,0.00,0.0,0.00
2024-12-01,DRV-01011,HUB-CHI,employee,54.0,35.95,1941.30,4.0,2013.20
2024-12-01,DRV-01012,HUB-CHI,contractor,63.0,76.31,4807.53,0.0,4807.53
2024-12-01,DRV-01013,HUB-CMH,contractor,36.0,78.40,2822.40,0.0,2822.40
2024-12-01,DRV-01014,HUB-DET,contractor,108.0,80.48,8691.84,0.0,8691.84
2024-12-01,DRV-01015,HUB-CMH,employee,18.0,40.13,722.34,4.0,802.60
2024-12-01,DRV-01016,HUB-CMH,employee,63.0,35.95,2264.85,4.0,2336.75
2024-12-01,DRV-01017,HUB-CHI,employee,63.0,36.99,2330.37,4.0,2404.35
2024-12-01,DRV-01018,HUB-CMH,employee,36.0,38.04,1369.44,4.0,1445.52
2024-12-01,DRV-01019,HUB-CIN,contractor,27.0,80.48,2172.96,0.0,2172.96
2024-12-01,DRV-01020,HUB-CHI,employee,63.0,40.13,2528.19,4.0,2608.45
2024-12-01,DRV-01021,HUB-DET,contractor,81.0,74.22,6011.82,0.0,6011.82
2024-12-01,DRV-01022,HUB-DET,employee,90.0,36.99,3329.10,4.0,3403.08
2024-12-01,DRV-01023,HUB-CIN,contractor,45.0,78.40,3528.00,0.0,3528.00
2024-12-01,DRV-01024,HUB-IND,employee,72.0,39.08,2813.76,4.0,2891.92
2024-12-01,DRV-01025,HUB-CIN,employee,45.0,40.13,1805.85,4.0,1886.11
2024-12-01,DRV-01026,HUB-CIN,employee,36.0,35.95,1294.20,4.0,1366.10
2024-12-01,DRV-01027,HUB-CIN,employee,36.0,36.99,1331.64,4.0,1405.62
2024-12-01,DRV-01028,HUB-CMH,contractor,27.0,78.40,2116.80,0.0,2116.80
2024-12-01,DRV-01029,HUB-CIN,employee,63.0,39.08,2462.04,4.0,2540.20
2024-12-01,DRV-01030,HUB-CMH,employee,27.0,40.13,1083.51,4.0,1163.77
2024-12-01,DRV-01031,HUB-IND,contractor,54.0,74.22,4007.88,0.0,4007.88
2024-12-01,DRV-01032,HUB-IND,employee,63.0,36.99,2330.37,4.0,2404.35
2024-12-01,DRV-01033,HUB-IND,employee,81.0,38.04,3081.24,4.0,3157.32
2024-12-01,DRV-01034,HUB-CIN,contractor,54.0,80.48,4345.92,0.0,4345.92
2024-12-01,DRV-01035,HUB-CHI,employee,90.0,40.13,3611.70,4.0,3691.96
2024-12-01,DRV-01036,HUB-CMH,contractor,18.0,74.22,1335.96,0.0,1335.96
2024-12-01,DRV-01037,HUB-DET,contractor,126.0,76.31,9615.06,0.0,9615.06
2024-12-01,DRV-01038,HUB-CIN,employee,18.0,38.04,684.72,4.0,760.80
2024-12-01,DRV-01039,HUB-CMH,contractor,18.0,80.48,1448.64,0.0,1448.64
2024-12-01,DRV-01040,HUB-CMH,contractor,36.0,82.57,2972.52,0.0,2972.52
2024-12-01,DRV-01041,HUB-CIN,employee,54.0,35.95,1941.30,4.0,2013.20
2024-12-01,DRV-01042,HUB-IND,employee,36.0,36.99,1331.64,4.0,1405.62
2024-12-01,DRV-01043,HUB-CMH,employee,9.0,38.04,342.36,4.0,418.44
2024-12-01,DRV-01044,HUB-CMH,employee,36.0,39.08,1406.88,4.0,1485.04
2024-12-01,DRV-01045,HUB-IND,employee,63.0,40.13,2528.19,4.0,2608.45
2024-12-01,DRV-01046,HUB-DET,employee,72.0,35.95,2588.40,4.0,2660.30
2024-12-01,DRV-01047,HUB-CHI,employee,144.0,36.99,5326.56,4.0,5400.54
2024-12-01,DRV-01048,HUB-CHI,employee,81.0,38.04,3081.24,4.0,3157.32
2024-12-01,DRV-01049,HUB-CMH,contractor,18.0,80.48,1448.64,0.0,1448.64
2024-12-01,DRV-01188,HUB-IND,contractor,63.0,82.57,5201.91,0.0,5201.91
2024-12-01,DRV-01189,HUB-CMH,contractor,27.0,74.22,2003.94,0.0,2003.94
2024-12-01,DRV-01190,HUB-CHI,contractor,45.0,76.31,3433.95,0.0,3433.95
2024-12-01,DRV-01191,HUB-IND,employee,81.0,38.04,3081.24,4.0,3157.32
2024-12-01,DRV-01192,HUB-CIN,contractor,36.0,80.48,2897.28,0.0,2897.28
2024-12-01,DRV-01193,HUB-DET,contractor,72.0,82.57,5945.04,0.0,5945.04
2024-12-01,DRV-01194,HUB-CMH,employee,45.0,35.95,1617.75,4.0,1689.65
2025-01-01,DRV-01001,HUB-CMH,contractor,63.0,76.08,4793.04,0.0,4793.04
2025-01-01,DRV-01002,HUB-CIN,contractor,90.0,78.22,7039.80,0.0,7039.80
2025-01-01,DRV-01003,HUB-CIN,employee,18.0,38.99,701.82,4.0,779.80
2025-01-01,DRV-01004,HUB-DET,contractor,126.0,82.49,10393.74,0.0,10393.74
2025-01-01,DRV-01005,HUB-CHI,contractor,54.0,84.63,4570.02,0.0,4570.02
2025-01-01,DRV-01006,HUB-IND,employee,36.0,36.85,1326.60,4.0,1400.30
2025-01-01,DRV-01007,HUB-CHI,employee,81.0,37.92,3071.52,21.5,3479.16
2025-01-01,DRV-01008,HUB-CIN,employee,54.0,38.99,2105.46,4.0,2183.44
2025-01-01,DRV-01009,HUB-CMH,employee,27.0,40.06,1081.62,4.0,1161.74
2025-01-01,DRV-01010,HUB-CMH,employee,45.0,41.13,1850.85,4.0,1933.11
2025-01-01,DRV-01011,HUB-CHI,employee,108.0,36.85,3979.80,21.5,4375.94
2025-01-01,DRV-01012,HUB-CHI,contractor,54.0,78.22,4223.88,0.0,4223.88
2025-01-01,DRV-01013,HUB-CMH,contractor,45.0,80.36,3616.20,0.0,3616.20
2025-01-01,DRV-01014,HUB-DET,contractor,171.0,82.49,14105.79,0.0,14105.79
2025-01-01,DRV-01015,HUB-CMH,employee,45.0,41.13,1850.85,4.0,1933.11
2025-01-01,DRV-01016,HUB-CMH,employee,81.0,36.85,2984.85,4.0,3058.55
2025-01-01,DRV-01017,HUB-CHI,employee,99.0,37.92,3754.08,21.5,4161.72
2025-01-01,DRV-01018,HUB-CMH,employee,27.0,38.99,1052.73,4.0,1130.71
2025-01-01,DRV-01019,HUB-CIN,contractor,36.0,82.49,2969.64,0.0,2969.64
2025-01-01,DRV-01020,HUB-CHI,employee,63.0,41.13,2591.19,21.5,3033.34
2025-01-01,DRV-01021,HUB-DET,contractor,117.0,76.08,8901.36,0.0,8901.36
2025-01-01,DRV-01022,HUB-DET,employee,99.0,37.92,3754.08,16.0,4057.44
2025-01-01,DRV-01023,HUB-CIN,contractor,72.0,80.36,5785.92,0.0,5785.92
2025-01-01,DRV-01024,HUB-IND,employee,72.0,40.06,2884.32,4.0,2964.44
2025-01-01,DRV-01025,HUB-CIN,employee,9.0,41.13,370.17,4.0,452.43
2025-01-01,DRV-01026,HUB-CIN,employee,18.0,36.85,663.30,4.0,737.00
2025-01-01,DRV-01027,HUB-CIN,employee,27.0,37.92,1023.84,4.0,1099.68
2025-01-01,DRV-01028,HUB-CMH,contractor,45.0,80.36,3616.20,0.0,3616.20
2025-01-01,DRV-01029,HUB-CIN,employee,81.0,40.06,3244.86,4.0,3324.98
2025-01-01,DRV-01030,HUB-CMH,employee,36.0,41.13,1480.68,4.0,1562.94
2025-01-01,DRV-01031,HUB-IND,contractor,36.0,76.08,2738.88,0.0,2738.88
2025-01-01,DRV-01032,HUB-IND,employee,126.0,37.92,4777.92,4.0,4853.76
2025-01-01,DRV-01033,HUB-IND,employee,63.0,38.99,2456.37,4.0,2534.35
2025-01-01,DRV-01034,HUB-CIN,contractor,54.0,82.49,4454.46,0.0,4454.46
2025-01-01,DRV-01035,HUB-CHI,employee,99.0,41.13,4071.87,21.5,4514.02
2025-01-01,DRV-01036,HUB-CMH,contractor,18.0,76.08,1369.44,0.0,1369.44
2025-01-01,DRV-01037,HUB-DET,contractor,162.0,78.22,12671.64,0.0,12671.64
2025-01-01,DRV-01038,HUB-CIN,employee,18.0,38.99,701.82,4.0,779.80
2025-01-01,DRV-01039,HUB-CMH,contractor,9.0,82.49,742.41,0.0,742.41
2025-01-01,DRV-01040,HUB-CMH,contractor,18.0,84.63,1523.34,0.0,1523.34
2025-01-01,DRV-01041,HUB-CIN,employee,63.0,36.85,2321.55,4.0,2395.25
2025-01-01,DRV-01042,HUB-IND,employee,45.0,37.92,1706.40,4.0,1782.24
2025-01-01,DRV-01043,HUB-CMH,employee,36.0,38.99,1403.64,4.0,1481.62
2025-01-01,DRV-01044,HUB-CMH,employee,45.0,40.06,1802.70,4.0,1882.82
2025-01-01,DRV-01045,HUB-IND,employee,72.0,41.13,2961.36,4.0,3043.62
2025-01-01,DRV-01046,HUB-DET,employee,45.0,36.85,1658.25,16.0,1953.05
2025-01-01,DRV-01047,HUB-CHI,employee,117.0,37.92,4436.64,21.5,4844.28
2025-01-01,DRV-01048,HUB-CHI,employee,45.0,38.99,1754.55,21.5,2173.69
2025-01-01,DRV-01049,HUB-CMH,contractor,45.0,82.49,3712.05,0.0,3712.05
2025-01-01,DRV-01188,HUB-IND,contractor,72.0,84.63,6093.36,0.0,6093.36
2025-01-01,DRV-01189,HUB-CMH,contractor,0.0,76.08,0.00,0.0,0.00
2025-01-01,DRV-01190,HUB-CHI,contractor,0.0,78.22,0.00,0.0,0.00
2025-01-01,DRV-01191,HUB-IND,employee,0.0,38.99,0.00,0.0,0.00
2025-01-01,DRV-01192,HUB-CIN,contractor,0.0,82.49,0.00,0.0,0.00
2025-01-01,DRV-01193,HUB-DET,contractor,0.0,84.63,0.00,0.0,0.00
2025-01-01,DRV-01194,HUB-CMH,employee,0.0,36.85,0.00,0.0,0.00
2025-02-01,DRV-01001,HUB-CMH,contractor,9.0,76.08,684.72,0.0,684.72
2025-02-01,DRV-01002,HUB-CIN,contractor,18.0,78.22,1407.96,0.0,1407.96
2025-02-01,DRV-01003,HUB-CIN,employee,63.0,38.99,2456.37,4.0,2534.35
2025-02-01,DRV-01004,HUB-DET,contractor,90.0,82.49,7424.10,0.0,7424.10
2025-02-01,DRV-01005,HUB-CHI,contractor,45.0,84.63,3808.35,0.0,3808.35
2025-02-01,DRV-01006,HUB-IND,employee,36.0,36.85,1326.60,10.0,1510.85
2025-02-01,DRV-01007,HUB-CHI,employee,27.0,37.92,1023.84,6.5,1147.08
2025-02-01,DRV-01008,HUB-CIN,employee,18.0,38.99,701.82,4.0,779.80
2025-02-01,DRV-01009,HUB-CMH,employee,9.0,40.06,360.54,4.0,440.66
2025-02-01,DRV-01010,HUB-CMH,employee,27.0,41.13,1110.51,4.0,1192.77
2025-02-01,DRV-01011,HUB-CHI,employee,90.0,36.85,3316.50,6.5,3436.26
2025-02-01,DRV-01012,HUB-CHI,contractor,36.0,78.22,2815.92,0.0,2815.92
2025-02-01,DRV-01013,HUB-CMH,contractor,18.0,80.36,1446.48,0.0,1446.48
2025-02-01,DRV-01014,HUB-DET,contractor,27.0,82.49,2227.23,0.0,2227.23
2025-02-01,DRV-01015,HUB-CMH,employee,27.0,41.13,1110.51,4.0,1192.77
2025-02-01,DRV-01016,HUB-CMH,employee,9.0,36.85,331.65,4.0,405.35
2025-02-01,DRV-01017,HUB-CHI,employee,54.0,37.92,2047.68,6.5,2170.92
2025-02-01,DRV-01018,HUB-CMH,employee,45.0,38.99,1754.55,4.0,1832.53
2025-02-01,DRV-01019,HUB-CIN,contractor,18.0,82.49,1484.82,0.0,1484.82
2025-02-01,DRV-01020,HUB-CHI,employee,54.0,41.13,2221.02,6.5,2354.69
2025-02-01,DRV-01021,HUB-DET,contractor,108.0,76.08,8216.64,0.0,8216.64
2025-02-01,DRV-01022,HUB-DET,employee,72.0,37.92,2730.24,4.0,2806.08
2025-02-01,DRV-01023,HUB-CIN,contractor,54.0,80.36,4339.44,0.0,4339.44
2025-02-01,DRV-01024,HUB-IND,employee,117.0,40.06,4687.02,10.0,4887.32
2025-02-01,DRV-01025,HUB-CIN,employee,9.0,41.13,370.17,4.0,452.43
2025-02-01,DRV-01026,HUB-CIN,employee,54.0,36.85,1989.90,4.0,2063.60
2025-02-01,DRV-01027,HUB-CIN,employee,36.0,37.92,1365.12,4.0,1440.96
2025-02-01,DRV-01028,HUB-CMH,contractor,9.0,80.36,723.24,0.0,723.24
2025-02-01,DRV-01029,HUB-CIN,employee,45.0,40.06,1802.70,4.0,1882.82
2025-02-01,DRV-01030,HUB-CMH,employee,18.0,41.13,740.34,4.0,822.60
2025-02-01,DRV-01031,HUB-IND,contractor,81.0,76.08,6162.48,0.0,6162.48
2025-02-01,DRV-01032,HUB-IND,employee,81.0,37.92,3071.52,10.0,3261.12
2025-02-01,DRV-01033,HUB-IND,employee,54.0,38.99,2105.46,10.0,2300.41
2025-02-01,DRV-01034,HUB-CIN,contractor,18.0,82.49,1484.82,0.0,1484.82
2025-02-01,DRV-01035,HUB-CHI,employee,90.0,41.13,3701.70,6.5,3835.37
2025-02-01,DRV-01036,HUB-CMH,contractor,18.0,76.08,1369.44,0.0,1369.44
2025-02-01,DRV-01037,HUB-DET,contractor,108.0,78.22,8447.76,0.0,8447.76
2025-02-01,DRV-01038,HUB-CIN,employee,36.0,38.99,1403.64,4.0,1481.62
2025-02-01,DRV-01039,HUB-CMH,contractor,63.0,82.49,5196.87,0.0,5196.87
2025-02-01,DRV-01040,HUB-CMH,contractor,27.0,84.63,2285.01,0.0,2285.01
2025-02-01,DRV-01041,HUB-CIN,employee,27.0,36.85,994.95,4.0,1068.65
2025-02-01,DRV-01042,HUB-IND,employee,90.0,37.92,3412.80,10.0,3602.40
2025-02-01,DRV-01043,HUB-CMH,employee,27.0,38.99,1052.73,4.0,1130.71
2025-02-01,DRV-01044,HUB-CMH,employee,27.0,40.06,1081.62,4.0,1161.74
2025-02-01,DRV-01045,HUB-IND,employee,90.0,41.13,3701.70,10.0,3907.35
2025-02-01,DRV-01046,HUB-DET,employee,72.0,36.85,2653.20,4.0,2726.90
2025-02-01,DRV-01047,HUB-CHI,employee,72.0,37.92,2730.24,6.5,2853.48
2025-02-01,DRV-01048,HUB-CHI,employee,45.0,38.99,1754.55,6.5,1881.27
2025-02-01,DRV-01049,HUB-CMH,contractor,9.0,82.49,742.41,0.0,742.41
2025-02-01,DRV-01188,HUB-IND,contractor,45.0,84.63,3808.35,0.0,3808.35
2025-02-01,DRV-01189,HUB-CMH,contractor,0.0,76.08,0.00,0.0,0.00
2025-02-01,DRV-01190,HUB-CHI,contractor,0.0,78.22,0.00,0.0,0.00
2025-02-01,DRV-01191,HUB-IND,employee,0.0,38.99,0.00,0.0,0.00
2025-02-01,DRV-01192,HUB-CIN,contractor,0.0,82.49,0.00,0.0,0.00
2025-02-01,DRV-01193,HUB-DET,contractor,0.0,84.63,0.00,0.0,0.00
2025-02-01,DRV-01194,HUB-CMH,employee,0.0,36.85,0.00,0.0,0.00
2025-03-01,DRV-01001,HUB-CMH,contractor,9.0,76.08,684.72,0.0,684.72
2025-03-01,DRV-01002,HUB-CIN,contractor,36.0,78.22,2815.92,0.0,2815.92
2025-03-01,DRV-01003,HUB-CIN,employee,45.0,38.99,1754.55,4.0,1832.53
2025-03-01,DRV-01004,HUB-DET,contractor,108.0,82.49,8908.92,0.0,8908.92
2025-03-01,DRV-01005,HUB-CHI,contractor,117.0,84.63,9901.71,0.0,9901.71
2025-03-01,DRV-01006,HUB-IND,employee,72.0,36.85,2653.20,4.0,2726.90
2025-03-01,DRV-01007,HUB-CHI,employee,45.0,37.92,1706.40,4.0,1782.24
2025-03-01,DRV-01008,HUB-CIN,employee,18.0,38.99,701.82,4.0,779.80
2025-03-01,DRV-01009,HUB-CMH,employee,54.0,40.06,2163.24,10.0,2363.54
2025-03-01,DRV-01010,HUB-CMH,employee,45.0,41.13,1850.85,10.0,2056.50
2025-03-01,DRV-01011,HUB-CHI,employee,63.0,36.85,2321.55,4.0,2395.25
2025-03-01,DRV-01012,HUB-CHI,contractor,72.0,78.22,5631.84,0.0,5631.84
2025-03-01,DRV-01013,HUB-CMH,contractor,36.0,80.36,2892.96,0.0,2892.96
2025-03-01,DRV-01014,HUB-DET,contractor,117.0,82.49,9651.33,0.0,9651.33
2025-03-01,DRV-01015,HUB-CMH,employee,9.0,41.13,370.17,9.0,555.26
2025-03-01,DRV-01016,HUB-CMH,employee,27.0,36.85,994.95,10.0,1179.20
2025-03-01,DRV-01017,HUB-CHI,employee,45.0,37.92,1706.40,4.0,1782.24
2025-03-01,DRV-01018,HUB-CMH,employee,36.0,38.99,1403.64,10.0,1598.59
2025-03-01,DRV-01019,HUB-CIN,contractor,36.0,82.49,2969.64,0.0,2969.64
2025-03-01,DRV-01020,HUB-CHI,employee,18.0,41.13,740.34,4.0,822.60
2025-03-01,DRV-01021,HUB-DET,contractor,72.0,76.08,5477.76,0.0,5477.76
2025-03-01,DRV-01022,HUB-DET,employee,108.0,37.92,4095.36,4.0,4171.20
2025-03-01,DRV-01023,HUB-CIN,contractor,54.0,80.36,4339.44,0.0,4339.44
2025-03-01,DRV-01024,HUB-IND,employee,90.0,40.06,3605.40,4.0,3685.52
2025-03-01,DRV-01025,HUB-CIN,employee,36.0,41.13,1480.68,4.0,1562.94
2025-03-01,DRV-01026,HUB-CIN,employee,27.0,36.85,994.95,4.0,1068.65
2025-03-01,DRV-01027,HUB-CIN,employee,63.0,37.92,2388.96,4.0,2464.80
2025-03-01,DRV-01028,HUB-CMH,contractor,54.0,80.36,4339.44,0.0,4339.44
2025-03-01,DRV-01029,HUB-CIN,employee,0.0,40.06,0.00,0.0,0.00
2025-03-01,DRV-01030,HUB-CMH,employee,45.0,41.13,1850.85,10.0,2056.50
2025-03-01,DRV-01031,HUB-IND,contractor,72.0,76.08,5477.76,0.0,5477.76
2025-03-01,DRV-01032,HUB-IND,employee,54.0,37.92,2047.68,4.0,2123.52
2025-03-01,DRV-01033,HUB-IND,employee,90.0,38.99,3509.10,4.0,3587.08
2025-03-01,DRV-01034,HUB-CIN,contractor,45.0,82.49,3712.05,0.0,3712.05
2025-03-01,DRV-01035,HUB-CHI,employee,99.0,41.13,4071.87,4.0,4154.13
2025-03-01,DRV-01036,HUB-CMH,contractor,18.0,76.08,1369.44,0.0,1369.44
2025-03-01,DRV-01037,HUB-DET,contractor,36.0,78.22,2815.92,0.0,2815.92
2025-03-01,DRV-01038,HUB-CIN,employee,36.0,38.99,1403.64,4.0,1481.62
2025-03-01,DRV-01039,HUB-CMH,contractor,18.0,82.49,1484.82,0.0,1484.82
2025-03-01,DRV-01040,HUB-CMH,contractor,36.0,84.63,3046.68,0.0,3046.68
2025-03-01,DRV-01041,HUB-CIN,employee,54.0,36.85,1989.90,4.0,2063.60
2025-03-01,DRV-01042,HUB-IND,employee,36.0,37.92,1365.12,4.0,1440.96
2025-03-01,DRV-01043,HUB-CMH,employee,18.0,38.99,701.82,10.0,896.77
2025-03-01,DRV-01044,HUB-CMH,employee,27.0,40.06,1081.62,10.0,1281.92
2025-03-01,DRV-01045,HUB-IND,employee,63.0,41.13,2591.19,4.0,2673.45
2025-03-01,DRV-01046,HUB-DET,employee,99.0,36.85,3648.15,4.0,3721.85
2025-03-01,DRV-01047,HUB-CHI,employee,72.0,37.92,2730.24,4.0,2806.08
2025-03-01,DRV-01048,HUB-CHI,employee,54.0,38.99,2105.46,4.0,2183.44
2025-03-01,DRV-01049,HUB-CMH,contractor,27.0,82.49,2227.23,0.0,2227.23
2025-03-01,DRV-01188,HUB-IND,contractor,99.0,84.63,8378.37,0.0,8378.37
2025-03-01,DRV-01189,HUB-CMH,contractor,0.0,76.08,0.00,0.0,0.00
2025-03-01,DRV-01190,HUB-CHI,contractor,0.0,78.22,0.00,0.0,0.00
2025-03-01,DRV-01191,HUB-IND,employee,0.0,38.99,0.00,0.0,0.00
2025-03-01,DRV-01192,HUB-CIN,contractor,0.0,82.49,0.00,0.0,0.00
2025-03-01,DRV-01193,HUB-DET,contractor,0.0,84.63,0.00,0.0,0.00
2025-03-01,DRV-01194,HUB-CMH,employee,0.0,36.85,0.00,0.0,0.00
2025-04-01,DRV-01001,HUB-CMH,contractor,18.0,76.08,1369.44,0.0,1369.44
2025-04-01,DRV-01002,HUB-CIN,contractor,45.0,78.22,3519.90,0.0,3519.90
2025-04-01,DRV-01003,HUB-CIN,employee,81.0,38.99,3158.19,4.0,3236.17
2025-04-01,DRV-01004,HUB-DET,contractor,63.0,82.49,5196.87,0.0,5196.87
2025-04-01,DRV-01005,HUB-CHI,contractor,18.0,84.63,1523.34,0.0,1523.34
2025-04-01,DRV-01006,HUB-IND,employee,90.0,36.85,3316.50,4.0,3390.20
2025-04-01,DRV-01007,HUB-CHI,employee,72.0,37.92,2730.24,4.0,2806.08
2025-04-01,DRV-01008,HUB-CIN,employee,18.0,38.99,701.82,4.0,779.80
2025-04-01,DRV-01009,HUB-CMH,employee,45.0,40.06,1802.70,4.0,1882.82
2025-04-01,DRV-01010,HUB-CMH,employee,27.0,41.13,1110.51,4.0,1192.77
2025-04-01,DRV-01011,HUB-CHI,employee,45.0,36.85,1658.25,4.0,1731.95
2025-04-01,DRV-01012,HUB-CHI,contractor,54.0,78.22,4223.88,0.0,4223.88
2025-04-01,DRV-01013,HUB-CMH,contractor,27.0,80.36,2169.72,0.0,2169.72
2025-04-01,DRV-01014,HUB-DET,contractor,108.0,82.49,8908.92,0.0,8908.92
2025-04-01,DRV-01015,HUB-CMH,employee,27.0,41.13,1110.51,4.0,1192.77
2025-04-01,DRV-01016,HUB-CMH,employee,27.0,36.85,994.95,4.0,1068.65
2025-04-01,DRV-01017,HUB-CHI,employee,45.0,37.92,1706.40,4.0,1782.24
2025-04-01,DRV-01018,HUB-CMH,employee,18.0,38.99,701.82,4.0,779.80
2025-04-01,DRV-01019,HUB-CIN,contractor,54.0,82.49,4454.46,0.0,4454.46
2025-04-01,DRV-01020,HUB-CHI,employee,63.0,41.13,2591.19,4.0,2673.45
2025-04-01,DRV-01021,HUB-DET,contractor,108.0,76.08,8216.64,0.0,8216.64
2025-04-01,DRV-01022,HUB-DET,employee,144.0,37.92,5460.48,4.0,5536.32
2025-04-01,DRV-01023,HUB-CIN,contractor,45.0,80.36,3616.20,0.0,3616.20
2025-04-01,DRV-01024,HUB-IND,employee,45.0,40.06,1802.70,4.0,1882.82
2025-04-01,DRV-01025,HUB-CIN,employee,36.0,41.13,1480.68,4.0,1562.94
2025-04-01,DRV-01026,HUB-CIN,employee,45.0,36.85,1658.25,4.0,1731.95
2025-04-01,DRV-01027,HUB-CIN,employee,36.0,37.92,1365.12,4.0,1440.96
2025-04-01,DRV-01028,HUB-CMH,contractor,63.0,80.36,5062.68,0.0,5062.68
2025-04-01,DRV-01029,HUB-CIN,employee,63.0,40.06,2523.78,4.0,2603.90
2025-04-01,DRV-01030,HUB-CMH,employee,45.0,41.13,1850.85,4.0,1933.11
2025-04-01,DRV-01031,HUB-IND,contractor,81.0,76.08,6162.48,0.0,6162.48
2025-04-01,DRV-01032,HUB-IND,employee,63.0,37.92,2388.96,4.0,2464.80
2025-04-01,DRV-01033,HUB-IND,employee,72.0,38.99,2807.28,4.0,2885.26
2025-04-01,DRV-01034,HUB-CIN,contractor,45.0,82.49,3712.05,0.0,3712.05
2025-04-01,DRV-01035,HUB-CHI,employee,36.0,41.13,1480.68,4.0,1562.94
2025-04-01,DRV-01036,HUB-CMH,contractor,27.0,76.08,2054.16,0.0,2054.16
2025-04-01,DRV-01037,HUB-DET,contractor,99.0,78.22,7743.78,0.0,7743.78
2025-04-01,DRV-01038,HUB-CIN,employee,63.0,38.99,2456.37,4.0,2534.35
2025-04-01,DRV-01039,HUB-CMH,contractor,63.0,82.49,5196.87,0.0,5196.87
2025-04-01,DRV-01040,HUB-CMH,contractor,0.0,84.63,0.00,0.0,0.00
2025-04-01,DRV-01041,HUB-CIN,employee,54.0,36.85,1989.90,4.0,2063.60
2025-04-01,DRV-01042,HUB-IND,employee,27.0,37.92,1023.84,4.0,1099.68
2025-04-01,DRV-01043,HUB-CMH,employee,54.0,38.99,2105.46,4.0,2183.44
2025-04-01,DRV-01044,HUB-CMH,employee,18.0,40.06,721.08,4.0,801.20
2025-04-01,DRV-01045,HUB-IND,employee,54.0,41.13,2221.02,4.0,2303.28
2025-04-01,DRV-01046,HUB-DET,employee,72.0,36.85,2653.20,4.0,2726.90
2025-04-01,DRV-01047,HUB-CHI,employee,81.0,37.92,3071.52,4.0,3147.36
2025-04-01,DRV-01048,HUB-CHI,employee,63.0,38.99,2456.37,4.0,2534.35
2025-04-01,DRV-01049,HUB-CMH,contractor,27.0,82.49,2227.23,0.0,2227.23
2025-04-01,DRV-01188,HUB-IND,contractor,72.0,84.63,6093.36,0.0,6093.36
2025-04-01,DRV-01189,HUB-CMH,contractor,0.0,76.08,0.00,0.0,0.00
2025-04-01,DRV-01190,HUB-CHI,contractor,0.0,78.22,0.00,0.0,0.00
2025-04-01,DRV-01191,HUB-IND,employee,0.0,38.99,0.00,0.0,0.00
2025-04-01,DRV-01192,HUB-CIN,contractor,0.0,82.49,0.00,0.0,0.00
2025-04-01,DRV-01193,HUB-DET,contractor,0.0,84.63,0.00,0.0,0.00
2025-04-01,DRV-01194,HUB-CMH,employee,0.0,36.85,0.00,0.0,0.00
2025-05-01,DRV-01001,HUB-CMH,contractor,27.0,76.08,2054.16,0.0,2054.16
2025-05-01,DRV-01002,HUB-CIN,contractor,36.0,78.22,2815.92,0.0,2815.92
2025-05-01,DRV-01003,HUB-CIN,employee,27.0,38.99,1052.73,6.5,1179.45
2025-05-01,DRV-01004,HUB-DET,contractor,81.0,82.49,6681.69,0.0,6681.69
2025-05-01,DRV-01005,HUB-CHI,contractor,72.0,84.63,6093.36,0.0,6093.36
2025-05-01,DRV-01006,HUB-IND,employee,18.0,36.85,663.30,4.0,737.00
2025-05-01,DRV-01007,HUB-CHI,employee,45.0,37.92,1706.40,4.0,1782.24
2025-05-01,DRV-01008,HUB-CIN,employee,72.0,38.99,2807.28,6.5,2934.00
2025-05-01,DRV-01009,HUB-CMH,employee,36.0,40.06,1442.16,4.0,1522.28
2025-05-01,DRV-01010,HUB-CMH,employee,36.0,41.13,1480.68,4.0,1562.94
2025-05-01,DRV-01011,HUB-CHI,employee,18.0,36.85,663.30,4.0,737.00
2025-05-01,DRV-01012,HUB-CHI,contractor,72.0,78.22,5631.84,0.0,5631.84
2025-05-01,DRV-01013,HUB-CMH,contractor,27.0,80.36,2169.72,0.0,2169.72
2025-05-01,DRV-01014,HUB-DET,contractor,36.0,82.49,2969.64,0.0,2969.64
2025-05-01,DRV-01015,HUB-CMH,employee,63.0,41.13,2591.19,4.0,2673.45
2025-05-01,DRV-01016,HUB-CMH,employee,27.0,36.85,994.95,4.0,1068.65
2025-05-01,DRV-01017,HUB-CHI,employee,45.0,37.92,1706.40,4.0,1782.24
2025-05-01,DRV-01018,HUB-CMH,employee,18.0,38.99,701.82,4.0,779.80
2025-05-01,DRV-01019,HUB-CIN,contractor,27.0,82.49,2227.23,0.0,2227.23
2025-05-01,DRV-01020,HUB-CHI,employee,63.0,41.13,2591.19,4.0,2673.45
2025-05-01,DRV-01021,HUB-DET,contractor,54.0,76.08,4108.32,0.0,4108.32
2025-05-01,DRV-01022,HUB-DET,employee,72.0,37.92,2730.24,4.0,2806.08
2025-05-01,DRV-01023,HUB-CIN,contractor,81.0,80.36,6509.16,0.0,6509.16
2025-05-01,DRV-01024,HUB-IND,employee,36.0,40.06,1442.16,4.0,1522.28
2025-05-01,DRV-01025,HUB-CIN,employee,27.0,41.13,1110.51,6.5,1244.18
2025-05-01,DRV-01026,HUB-CIN,employee,54.0,36.85,1989.90,6.5,2109.66
2025-05-01,DRV-01027,HUB-CIN,employee,27.0,37.92,1023.84,6.5,1147.08
2025-05-01,DRV-01028,HUB-CMH,contractor,45.0,80.36,3616.20,0.0,3616.20
2025-05-01,DRV-01029,HUB-CIN,employee,45.0,40.06,1802.70,6.5,1932.90
2025-05-01,DRV-01030,HUB-CMH,employee,27.0,41.13,1110.51,4.0,1192.77
2025-05-01,DRV-01031,HUB-IND,contractor,72.0,76.08,5477.76,0.0,5477.76
2025-05-01,DRV-01032,HUB-IND,employee,54.0,37.92,2047.68,4.0,2123.52
2025-05-01,DRV-01033,HUB-IND,employee,45.0,38.99,1754.55,4.0,1832.53
2025-05-01,DRV-01034,HUB-CIN,contractor,9.0,82.49,742.41,0.0,742.41
2025-05-01,DRV-01035,HUB-CHI,employee,99.0,41.13,4071.87,4.0,4154.13
2025-05-01,DRV-01036,HUB-CMH,contractor,81.0,76.08,6162.48,0.0,6162.48
2025-05-01,DRV-01037,HUB-DET,contractor,63.0,78.22,4927.86,0.0,4927.86
2025-05-01,DRV-01038,HUB-CIN,employee,36.0,38.99,1403.64,6.5,1530.36
2025-05-01,DRV-01039,HUB-CMH,contractor,54.0,82.49,4454.46,0.0,4454.46
2025-05-01,DRV-01040,HUB-CMH,contractor,18.0,84.63,1523.34,0.0,1523.34
2025-05-01,DRV-01041,HUB-CIN,employee,18.0,36.85,663.30,6.5,783.06
2025-05-01,DRV-01042,HUB-IND,employee,45.0,37.92,1706.40,4.0,1782.24
2025-05-01,DRV-01043,HUB-CMH,employee,99.0,38.99,3860.01,4.0,3937.99
2025-05-01,DRV-01044,HUB-CMH,employee,27.0,40.06,1081.62,4.0,1161.74
2025-05-01,DRV-01045,HUB-IND,employee,90.0,41.13,3701.70,4.0,3783.96
2025-05-01,DRV-01046,HUB-DET,employee,90.0,36.85,3316.50,4.0,3390.20
2025-05-01,DRV-01047,HUB-CHI,employee,27.0,37.92,1023.84,4.0,1099.68
2025-05-01,DRV-01048,HUB-CHI,employee,54.0,38.99,2105.46,4.0,2183.44
2025-05-01,DRV-01049,HUB-CMH,contractor,81.0,82.49,6681.69,0.0,6681.69
2025-05-01,DRV-01188,HUB-IND,contractor,99.0,84.63,8378.37,0.0,8378.37
2025-05-01,DRV-01189,HUB-CMH,contractor,0.0,76.08,0.00,0.0,0.00
2025-05-01,DRV-01190,HUB-CHI,contractor,0.0,78.22,0.00,0.0,0.00
2025-05-01,DRV-01191,HUB-IND,employee,0.0,38.99,0.00,0.0,0.00
2025-05-01,DRV-01192,HUB-CIN,contractor,0.0,82.49,0.00,0.0,0.00
2025-05-01,DRV-01193,HUB-DET,contractor,0.0,84.63,0.00,0.0,0.00
2025-05-01,DRV-01194,HUB-CMH,employee,0.0,36.85,0.00,0.0,0.00
2025-06-01,DRV-01001,HUB-CMH,contractor,27.0,76.08,2054.16,0.0,2054.16
2025-06-01,DRV-01002,HUB-CIN,contractor,45.0,78.22,3519.90,0.0,3519.90
2025-06-01,DRV-01003,HUB-CIN,employee,27.0,38.99,1052.73,6.5,1179.45
2025-06-01,DRV-01004,HUB-DET,contractor,63.0,82.49,5196.87,0.0,5196.87
2025-06-01,DRV-01005,HUB-CHI,contractor,72.0,84.63,6093.36,0.0,6093.36
2025-06-01,DRV-01006,HUB-IND,employee,72.0,36.85,2653.20,10.0,2837.45
2025-06-01,DRV-01007,HUB-CHI,employee,36.0,37.92,1365.12,4.0,1440.96
2025-06-01,DRV-01008,HUB-CIN,employee,54.0,38.99,2105.46,6.5,2232.18
2025-06-01,DRV-01009,HUB-CMH,employee,45.0,40.06,1802.70,6.5,1932.90
2025-06-01,DRV-01010,HUB-CMH,employee,18.0,41.13,740.34,6.5,874.01
2025-06-01,DRV-01011,HUB-CHI,employee,27.0,36.85,994.95,4.0,1068.65
2025-06-01,DRV-01012,HUB-CHI,contractor,72.0,78.22,5631.84,0.0,5631.84
2025-06-01,DRV-01013,HUB-CMH,contractor,18.0,80.36,1446.48,0.0,1446.48
2025-06-01,DRV-01014,HUB-DET,contractor,45.0,82.49,3712.05,0.0,3712.05
2025-06-01,DRV-01015,HUB-CMH,employee,27.0,41.13,1110.51,6.5,1244.18
2025-06-01,DRV-01016,HUB-CMH,employee,27.0,36.85,994.95,6.5,1114.71
2025-06-01,DRV-01017,HUB-CHI,employee,72.0,37.92,2730.24,4.0,2806.08
2025-06-01,DRV-01018,HUB-CMH,employee,18.0,38.99,701.82,6.5,828.54
2025-06-01,DRV-01019,HUB-CIN,contractor,72.0,82.49,5939.28,0.0,5939.28
2025-06-01,DRV-01020,HUB-CHI,employee,54.0,41.13,2221.02,4.0,2303.28
2025-06-01,DRV-01021,HUB-DET,contractor,117.0,76.08,8901.36,0.0,8901.36
2025-06-01,DRV-01022,HUB-DET,employee,90.0,37.92,3412.80,4.0,3488.64
2025-06-01,DRV-01023,HUB-CIN,contractor,81.0,80.36,6509.16,0.0,6509.16
2025-06-01,DRV-01024,HUB-IND,employee,72.0,40.06,2884.32,10.0,3084.62
2025-06-01,DRV-01025,HUB-CIN,employee,27.0,41.13,1110.51,6.5,1244.18
2025-06-01,DRV-01026,HUB-CIN,employee,63.0,36.85,2321.55,6.5,2441.31
2025-06-01,DRV-01027,HUB-CIN,employee,108.0,37.92,4095.36,6.5,4218.60
2025-06-01,DRV-01028,HUB-CMH,contractor,45.0,80.36,3616.20,0.0,3616.20
2025-06-01,DRV-01029,HUB-CIN,employee,36.0,40.06,1442.16,6.5,1572.36
2025-06-01,DRV-01030,HUB-CMH,employee,54.0,41.13,2221.02,6.5,2354.69
2025-06-01,DRV-01031,HUB-IND,contractor,81.0,76.08,6162.48,0.0,6162.48
2025-06-01,DRV-01032,HUB-IND,employee,81.0,37.92,3071.52,10.0,3261.12
2025-06-01,DRV-01033,HUB-IND,employee,45.0,38.99,1754.55,10.0,1949.50
2025-06-01,DRV-01034,HUB-CIN,contractor,54.0,82.49,4454.46,0.0,4454.46
2025-06-01,DRV-01035,HUB-CHI,employee,54.0,41.13,2221.02,4.0,2303.28
2025-06-01,DRV-01036,HUB-CMH,contractor,63.0,76.08,4793.04,0.0,4793.04
2025-06-01,DRV-01037,HUB-DET,contractor,117.0,78.22,9151.74,0.0,9151.74
2025-06-01,DRV-01038,HUB-CIN,employee,54.0,38.99,2105.46,6.5,2232.18
2025-06-01,DRV-01039,HUB-CMH,contractor,18.0,82.49,1484.82,0.0,1484.82
2025-06-01,DRV-01040,HUB-CMH,contractor,36.0,84.63,3046.68,0.0,3046.68
2025-06-01,DRV-01041,HUB-CIN,employee,81.0,36.85,2984.85,6.5,3104.61
2025-06-01,DRV-01042,HUB-IND,employee,18.0,37.92,682.56,10.0,872.16
2025-06-01,DRV-01043,HUB-CMH,employee,27.0,38.99,1052.73,6.5,1179.45
2025-06-01,DRV-01044,HUB-CMH,employee,27.0,40.06,1081.62,6.5,1211.82
2025-06-01,DRV-01045,HUB-IND,employee,63.0,41.13,2591.19,10.0,2796.84
2025-06-01,DRV-01046,HUB-DET,employee,108.0,36.85,3979.80,4.0,4053.50
2025-06-01,DRV-01047,HUB-CHI,employee,54.0,37.92,2047.68,4.0,2123.52
2025-06-01,DRV-01048,HUB-CHI,employee,54.0,38.99,2105.46,4.0,2183.44
2025-06-01,DRV-01049,HUB-CMH,contractor,27.0,82.49,2227.23,0.0,2227.23
2025-06-01,DRV-01188,HUB-IND,contractor,72.0,84.63,6093.36,0.0,6093.36
2025-06-01,DRV-01189,HUB-CMH,contractor,0.0,76.08,0.00,0.0,0.00
2025-06-01,DRV-01190,HUB-CHI,contractor,0.0,78.22,0.00,0.0,0.00
2025-06-01,DRV-01191,HUB-IND,employee,0.0,38.99,0.00,0.0,0.00
2025-06-01,DRV-01192,HUB-CIN,contractor,0.0,82.49,0.00,0.0,0.00
2025-06-01,DRV-01193,HUB-DET,contractor,0.0,84.63,0.00,0.0,0.00
2025-06-01,DRV-01194,HUB-CMH,employee,0.0,36.85,0.00,0.0,0.00
2025-07-01,DRV-01001,HUB-CMH,contractor,9.0,76.08,684.72,0.0,684.72
2025-07-01,DRV-01002,HUB-CIN,contractor,63.0,78.22,4927.86,0.0,4927.86
2025-07-01,DRV-01003,HUB-CIN,employee,18.0,38.99,701.82,9.0,877.28
2025-07-01,DRV-01004,HUB-DET,contractor,45.0,82.49,3712.05,0.0,3712.05
2025-07-01,DRV-01005,HUB-CHI,contractor,45.0,84.63,3808.35,0.0,3808.35
2025-07-01,DRV-01006,HUB-IND,employee,81.0,36.85,2984.85,4.0,3058.55
2025-07-01,DRV-01007,HUB-CHI,employee,90.0,37.92,3412.80,4.0,3488.64
2025-07-01,DRV-01008,HUB-CIN,employee,54.0,38.99,2105.46,9.0,2280.92
2025-07-01,DRV-01009,HUB-CMH,employee,90.0,40.06,3605.40,4.0,3685.52
2025-07-01,DRV-01010,HUB-CMH,employee,0.0,41.13,0.00,0.0,0.00
2025-07-01,DRV-01011,HUB-CHI,employee,108.0,36.85,3979.80,4.0,4053.50
2025-07-01,DRV-01012,HUB-CHI,contractor,54.0,78.22,4223.88,0.0,4223.88
2025-07-01,DRV-01013,HUB-CMH,contractor,72.0,80.36,5785.92,0.0,5785.92
2025-07-01,DRV-01014,HUB-DET,contractor,54.0,82.49,4454.46,0.0,4454.46
2025-07-01,DRV-01015,HUB-CMH,employee,45.0,41.13,1850.85,4.0,1933.11
2025-07-01,DRV-01016,HUB-CMH,employee,36.0,36.85,1326.60,4.0,1400.30
2025-07-01,DRV-01017,HUB-CHI,employee,45.0,37.92,1706.40,4.0,1782.24
2025-07-01,DRV-01018,HUB-CMH,employee,0.0,38.99,0.00,0.0,0.00
2025-07-01,DRV-01019,HUB-CIN,contractor,27.0,82.49,2227.23,0.0,2227.23
2025-07-01,DRV-01020,HUB-CHI,employee,90.0,41.13,3701.70,4.0,3783.96
2025-07-01,DRV-01021,HUB-DET,contractor,108.0,76.08,8216.64,0.0,8216.64
2025-07-01,DRV-01022,HUB-DET,employee,153.0,37.92,5801.76,6.5,5925.00
2025-07-01,DRV-01023,HUB-CIN,contractor,36.0,80.36,2892.96,0.0,2892.96
2025-07-01,DRV-01024,HUB-IND,employee,54.0,40.06,2163.24,4.0,2243.36
2025-07-01,DRV-01025,HUB-CIN,employee,63.0,41.13,2591.19,9.0,2776.28
2025-07-01,DRV-01026,HUB-CIN,employee,27.0,36.85,994.95,9.0,1160.78
2025-07-01,DRV-01027,HUB-CIN,employee,63.0,37.92,2388.96,9.0,2559.60
2025-07-01,DRV-01028,HUB-CMH,contractor,27.0,80.36,2169.72,0.0,2169.72
2025-07-01,DRV-01029,HUB-CIN,employee,36.0,40.06,1442.16,9.0,1622.43
2025-07-01,DRV-01030,HUB-CMH,employee,36.0,41.13,1480.68,4.0,1562.94
2025-07-01,DRV-01031,HUB-IND,contractor,54.0,76.08,4108.32,0.0,4108.32
2025-07-01,DRV-01032,HUB-IND,employee,99.0,37.92,3754.08,4.0,3829.92
2025-07-01,DRV-01033,HUB-IND,employee,99.0,38.99,3860.01,4.0,3937.99
2025-07-01,DRV-01034,HUB-CIN,contractor,45.0,82.49,3712.05,0.0,3712.05
2025-07-01,DRV-01035,HUB-CHI,employee,36.0,41.13,1480.68,4.0,1562.94
2025-07-01,DRV-01036,HUB-CMH,contractor,9.0,76.08,684.72,0.0,684.72
2025-07-01,DRV-01037,HUB-DET,contractor,72.0,78.22,5631.84,0.0,5631.84
2025-07-01,DRV-01038,HUB-CIN,employee,63.0,38.99,2456.37,9.0,2631.83
2025-07-01,DRV-01039,HUB-CMH,contractor,45.0,82.49,3712.05,0.0,3712.05
2025-07-01,DRV-01040,HUB-CMH,contractor,63.0,84.63,5331.69,0.0,5331.69
2025-07-01,DRV-01041,HUB-CIN,employee,45.0,36.85,1658.25,9.0,1824.08
2025-07-01,DRV-01042,HUB-IND,employee,63.0,37.92,2388.96,4.0,2464.80
2025-07-01,DRV-01043,HUB-CMH,employee,72.0,38.99,2807.28,4.0,2885.26
2025-07-01,DRV-01044,HUB-CMH,employee,72.0,40.06,2884.32,4.0,2964.44
2025-07-01,DRV-01045,HUB-IND,employee,81.0,41.13,3331.53,4.0,3413.79
2025-07-01,DRV-01046,HUB-DET,employee,108.0,36.85,3979.80,6.5,4099.56
2025-07-01,DRV-01047,HUB-CHI,employee,81.0,37.92,3071.52,4.0,3147.36
2025-07-01,DRV-01048,HUB-CHI,employee,45.0,38.99,1754.55,4.0,1832.53
2025-07-01,DRV-01049,HUB-CMH,contractor,45.0,82.49,3712.05,0.0,3712.05
2025-07-01,DRV-01188,HUB-IND,contractor,81.0,84.63,6855.03,0.0,6855.03
2025-07-01,DRV-01189,HUB-CMH,contractor,0.0,76.08,0.00,0.0,0.00
2025-07-01,DRV-01190,HUB-CHI,contractor,0.0,78.22,0.00,0.0,0.00
2025-07-01,DRV-01191,HUB-IND,employee,0.0,38.99,0.00,0.0,0.00
2025-07-01,DRV-01192,HUB-CIN,contractor,0.0,82.49,0.00,0.0,0.00
2025-07-01,DRV-01193,HUB-DET,contractor,0.0,84.63,0.00,0.0,0.00
2025-07-01,DRV-01194,HUB-CMH,employee,0.0,36.85,0.00,0.0,0.00
2025-08-01,DRV-01001,HUB-CMH,contractor,9.0,76.08,684.72,0.0,684.72
2025-08-01,DRV-01002,HUB-CIN,contractor,27.0,78.22,2111.94,0.0,2111.94
2025-08-01,DRV-01003,HUB-CIN,employee,72.0,38.99,2807.28,4.0,2885.26
2025-08-01,DRV-01004,HUB-DET,contractor,72.0,82.49,5939.28,0.0,5939.28
2025-08-01,DRV-01005,HUB-CHI,contractor,27.0,84.63,2285.01,0.0,2285.01
2025-08-01,DRV-01006,HUB-IND,employee,63.0,36.85,2321.55,4.0,2395.25
2025-08-01,DRV-01007,HUB-CHI,employee,54.0,37.92,2047.68,4.0,2123.52
2025-08-01,DRV-01008,HUB-CIN,employee,36.0,38.99,1403.64,4.0,1481.62
2025-08-01,DRV-01009,HUB-CMH,employee,36.0,40.06,1442.16,6.5,1572.36
2025-08-01,DRV-01010,HUB-CMH,employee,72.0,41.13,2961.36,6.5,3095.03
2025-08-01,DRV-01011,HUB-CHI,employee,63.0,36.85,2321.55,4.0,2395.25
2025-08-01,DRV-01012,HUB-CHI,contractor,90.0,78.22,7039.80,0.0,7039.80
2025-08-01,DRV-01013,HUB-CMH,contractor,54.0,80.36,4339.44,0.0,4339.44
2025-08-01,DRV-01014,HUB-DET,contractor,72.0,82.49,5939.28,0.0,5939.28
2025-08-01,DRV-01015,HUB-CMH,employee,18.0,41.13,740.34,6.5,874.01
2025-08-01,DRV-01016,HUB-CMH,employee,9.0,36.85,331.65,6.5,451.41
2025-08-01,DRV-01017,HUB-CHI,employee,45.0,37.92,1706.40,4.0,1782.24
2025-08-01,DRV-01018,HUB-CMH,employee,36.0,38.99,1403.64,6.5,1530.36
2025-08-01,DRV-01019,HUB-CIN,contractor,36.0,82.49,2969.64,0.0,2969.64
2025-08-01,DRV-01020,HUB-CHI,employee,36.0,41.13,1480.68,4.0,1562.94
2025-08-01,DRV-01021,HUB-DET,contractor,99.0,76.08,7531.92,0.0,7531.92
2025-08-01,DRV-01022,HUB-DET,employee,144.0,37.92,5460.48,4.0,5536.32
2025-08-01,DRV-01023,HUB-CIN,contractor,72.0,80.36,5785.92,0.0,5785.92
2025-08-01,DRV-01024,HUB-IND,employee,90.0,40.06,3605.40,4.0,3685.52
2025-08-01,DRV-01025,HUB-CIN,employee,18.0,41.13,740.34,4.0,822.60
2025-08-01,DRV-01026,HUB-CIN,employee,63.0,36.85,2321.55,4.0,2395.25
2025-08-01,DRV-01027,HUB-CIN,employee,45.0,37.92,1706.40,4.0,1782.24
2025-08-01,DRV-01028,HUB-CMH,contractor,18.0,80.36,1446.48,0.0,1446.48
2025-08-01,DRV-01029,HUB-CIN,employee,36.0,40.06,1442.16,4.0,1522.28
2025-08-01,DRV-01030,HUB-CMH,employee,27.0,41.13,1110.51,6.5,1244.18
2025-08-01,DRV-01031,HUB-IND,contractor,36.0,76.08,2738.88,0.0,2738.88
2025-08-01,DRV-01032,HUB-IND,employee,18.0,37.92,682.56,4.0,758.40
2025-08-01,DRV-01033,HUB-IND,employee,54.0,38.99,2105.46,4.0,2183.44
2025-08-01,DRV-01034,HUB-CIN,contractor,45.0,82.49,3712.05,0.0,3712.05
2025-08-01,DRV-01035,HUB-CHI,employee,27.0,41.13,1110.51,4.0,1192.77
2025-08-01,DRV-01036,HUB-CMH,contractor,9.0,76.08,684.72,0.0,684.72
2025-08-01,DRV-01037,HUB-DET,contractor,90.0,78.22,7039.80,0.0,7039.80
2025-08-01,DRV-01038,HUB-CIN,employee,54.0,38.99,2105.46,4.0,2183.44
2025-08-01,DRV-01039,HUB-CMH,contractor,54.0,82.49,4454.46,0.0,4454.46
2025-08-01,DRV-01040,HUB-CMH,contractor,18.0,84.63,1523.34,0.0,1523.34
2025-08-01,DRV-01041,HUB-CIN,employee,63.0,36.85,2321.55,4.0,2395.25
2025-08-01,DRV-01042,HUB-IND,employee,63.0,37.92,2388.96,4.0,2464.80
2025-08-01,DRV-01043,HUB-CMH,employee,36.0,38.99,1403.64,6.5,1530.36
2025-08-01,DRV-01044,HUB-CMH,employee,45.0,40.06,1802.70,6.5,1932.90
2025-08-01,DRV-01045,HUB-IND,employee,72.0,41.13,2961.36,4.0,3043.62
2025-08-01,DRV-01046,HUB-DET,employee,90.0,36.85,3316.50,4.0,3390.20
2025-08-01,DRV-01047,HUB-CHI,employee,45.0,37.92,1706.40,4.0,1782.24
2025-08-01,DRV-01048,HUB-CHI,employee,54.0,38.99,2105.46,4.0,2183.44
2025-08-01,DRV-01049,HUB-CMH,contractor,9.0,82.49,742.41,0.0,742.41
2025-08-01,DRV-01188,HUB-IND,contractor,99.0,84.63,8378.37,0.0,8378.37
2025-08-01,DRV-01189,HUB-CMH,contractor,0.0,76.08,0.00,0.0,0.00
2025-08-01,DRV-01190,HUB-CHI,contractor,0.0,78.22,0.00,0.0,0.00
2025-08-01,DRV-01191,HUB-IND,employee,0.0,38.99,0.00,0.0,0.00
2025-08-01,DRV-01192,HUB-CIN,contractor,0.0,82.49,0.00,0.0,0.00
2025-08-01,DRV-01193,HUB-DET,contractor,0.0,84.63,0.00,0.0,0.00
2025-08-01,DRV-01194,HUB-CMH,employee,0.0,36.85,0.00,0.0,0.00
2025-09-01,DRV-01001,HUB-CMH,contractor,36.0,76.08,2738.88,0.0,2738.88
2025-09-01,DRV-01002,HUB-CIN,contractor,27.0,78.22,2111.94,0.0,2111.94
2025-09-01,DRV-01003,HUB-CIN,employee,81.0,38.99,3158.19,17.5,3499.35
2025-09-01,DRV-01004,HUB-DET,contractor,108.0,82.49,8908.92,0.0,8908.92
2025-09-01,DRV-01005,HUB-CHI,contractor,63.0,84.63,5331.69,0.0,5331.69
2025-09-01,DRV-01006,HUB-IND,employee,45.0,36.85,1658.25,6.5,1778.01
2025-09-01,DRV-01007,HUB-CHI,employee,54.0,37.92,2047.68,4.0,2123.52
2025-09-01,DRV-01008,HUB-CIN,employee,45.0,38.99,1754.55,17.5,2095.71
2025-09-01,DRV-01009,HUB-CMH,employee,81.0,40.06,3244.86,10.0,3445.16
2025-09-01,DRV-01010,HUB-CMH,employee,18.0,41.13,740.34,10.0,945.99
2025-09-01,DRV-01011,HUB-CHI,employee,108.0,36.85,3979.80,4.0,4053.50
2025-09-01,DRV-01012,HUB-CHI,contractor,90.0,78.22,7039.80,0.0,7039.80
2025-09-01,DRV-01013,HUB-CMH,contractor,45.0,80.36,3616.20,0.0,3616.20
2025-09-01,DRV-01014,HUB-DET,contractor,108.0,82.49,8908.92,0.0,8908.92
2025-09-01,DRV-01015,HUB-CMH,employee,27.0,41.13,1110.51,10.0,1316.16
2025-09-01,DRV-01016,HUB-CMH,employee,72.0,36.85,2653.20,10.0,2837.45
2025-09-01,DRV-01017,HUB-CHI,employee,81.0,37.92,3071.52,4.0,3147.36
2025-09-01,DRV-01018,HUB-CMH,employee,27.0,38.99,1052.73,10.0,1247.68
2025-09-01,DRV-01019,HUB-CIN,contractor,45.0,82.49,3712.05,0.0,3712.05
2025-09-01,DRV-01020,HUB-CHI,employee,81.0,41.13,3331.53,4.0,3413.79
2025-09-01,DRV-01021,HUB-DET,contractor,90.0,76.08,6847.20,0.0,6847.20
2025-09-01,DRV-01022,HUB-DET,employee,99.0,37.92,3754.08,16.0,4057.44
2025-09-01,DRV-01023,HUB-CIN,contractor,45.0,80.36,3616.20,0.0,3616.20
2025-09-01,DRV-01024,HUB-IND,employee,81.0,40.06,3244.86,6.5,3375.06
2025-09-01,DRV-01025,HUB-CIN,employee,54.0,41.13,2221.02,17.5,2580.91
2025-09-01,DRV-01026,HUB-CIN,employee,45.0,36.85,1658.25,17.5,1980.69
2025-09-01,DRV-01027,HUB-CIN,employee,54.0,37.92,2047.68,17.5,2379.48
2025-09-01,DRV-01028,HUB-CMH,contractor,36.0,80.36,2892.96,0.0,2892.96
2025-09-01,DRV-01029,HUB-CIN,employee,63.0,40.06,2523.78,17.5,2874.31
2025-09-01,DRV-01030,HUB-CMH,employee,45.0,41.13,1850.85,10.0,2056.50
2025-09-01,DRV-01031,HUB-IND,contractor,27.0,76.08,2054.16,0.0,2054.16
2025-09-01,DRV-01032,HUB-IND,employee,90.0,37.92,3412.80,6.5,3536.04
2025-09-01,DRV-01033,HUB-IND,employee,27.0,38.99,1052.73,6.5,1179.45
2025-09-01,DRV-01034,HUB-CIN,contractor,54.0,82.49,4454.46,0.0,4454.46
2025-09-01,DRV-01035,HUB-CHI,employee,36.0,41.13,1480.68,4.0,1562.94
2025-09-01,DRV-01036,HUB-CMH,contractor,18.0,76.08,1369.44,0.0,1369.44
2025-09-01,DRV-01037,HUB-DET,contractor,72.0,78.22,5631.84,0.0,5631.84
2025-09-01,DRV-01038,HUB-CIN,employee,36.0,38.99,1403.64,17.5,1744.80
2025-09-01,DRV-01039,HUB-CMH,contractor,81.0,82.49,6681.69,0.0,6681.69
2025-09-01,DRV-01040,HUB-CMH,contractor,36.0,84.63,3046.68,0.0,3046.68
2025-09-01,DRV-01041,HUB-CIN,employee,45.0,36.85,1658.25,17.5,1980.69
2025-09-01,DRV-01042,HUB-IND,employee,45.0,37.92,1706.40,6.5,1829.64
2025-09-01,DRV-01043,HUB-CMH,employee,0.0,38.99,0.00,0.0,0.00
2025-09-01,DRV-01044,HUB-CMH,employee,27.0,40.06,1081.62,10.0,1281.92
2025-09-01,DRV-01045,HUB-IND,employee,45.0,41.13,1850.85,6.5,1984.52
2025-09-01,DRV-01046,HUB-DET,employee,135.0,36.85,4974.75,16.0,5269.55
2025-09-01,DRV-01047,HUB-CHI,employee,72.0,37.92,2730.24,4.0,2806.08
2025-09-01,DRV-01048,HUB-CHI,employee,63.0,38.99,2456.37,4.0,2534.35
2025-09-01,DRV-01049,HUB-CMH,contractor,36.0,82.49,2969.64,0.0,2969.64
2025-09-01,DRV-01188,HUB-IND,contractor,54.0,84.63,4570.02,0.0,4570.02
2025-09-01,DRV-01189,HUB-CMH,contractor,0.0,76.08,0.00,0.0,0.00
2025-09-01,DRV-01190,HUB-CHI,contractor,0.0,78.22,0.00,0.0,0.00
2025-09-01,DRV-01191,HUB-IND,employee,0.0,38.99,0.00,0.0,0.00
2025-09-01,DRV-01192,HUB-CIN,contractor,0.0,82.49,0.00,0.0,0.00
2025-09-01,DRV-01193,HUB-DET,contractor,0.0,84.63,0.00,0.0,0.00
2025-09-01,DRV-01194,HUB-CMH,employee,0.0,36.85,0.00,0.0,0.00
2025-10-01,DRV-01001,HUB-CMH,contractor,45.0,76.08,3423.60,0.0,3423.60
2025-10-01,DRV-01002,HUB-CIN,contractor,81.0,78.22,6335.82,0.0,6335.82
2025-10-01,DRV-01003,HUB-CIN,employee,27.0,38.99,1052.73,9.0,1228.19
2025-10-01,DRV-01004,HUB-DET,contractor,99.0,82.49,8166.51,0.0,8166.51
2025-10-01,DRV-01005,HUB-CHI,contractor,72.0,84.63,6093.36,0.0,6093.36
2025-10-01,DRV-01006,HUB-IND,employee,72.0,36.85,2653.20,4.0,2726.90
2025-10-01,DRV-01007,HUB-CHI,employee,63.0,37.92,2388.96,11.5,2607.00
2025-10-01,DRV-01008,HUB-CIN,employee,18.0,38.99,701.82,9.0,877.28
2025-10-01,DRV-01009,HUB-CMH,employee,45.0,40.06,1802.70,16.0,2123.18
2025-10-01,DRV-01010,HUB-CMH,employee,9.0,41.13,370.17,9.0,555.26
2025-10-01,DRV-01011,HUB-CHI,employee,63.0,36.85,2321.55,11.5,2533.44
2025-10-01,DRV-01012,HUB-CHI,contractor,90.0,78.22,7039.80,0.0,7039.80
2025-10-01,DRV-01013,HUB-CMH,contractor,18.0,80.36,1446.48,0.0,1446.48
2025-10-01,DRV-01014,HUB-DET,contractor,126.0,82.49,10393.74,0.0,10393.74
2025-10-01,DRV-01015,HUB-CMH,employee,36.0,41.13,1480.68,16.0,1809.72
2025-10-01,DRV-01016,HUB-CMH,employee,45.0,36.85,1658.25,16.0,1953.05
2025-10-01,DRV-01017,HUB-CHI,employee,81.0,37.92,3071.52,11.5,3289.56
2025-10-01,DRV-01018,HUB-CMH,employee,45.0,38.99,1754.55,16.0,2066.47
2025-10-01,DRV-01019,HUB-CIN,contractor,45.0,82.49,3712.05,0.0,3712.05
2025-10-01,DRV-01020,HUB-CHI,employee,36.0,41.13,1480.68,11.5,1717.18
2025-10-01,DRV-01021,HUB-DET,contractor,99.0,76.08,7531.92,0.0,7531.92
2025-10-01,DRV-01022,HUB-DET,employee,126.0,37.92,4777.92,4.0,4853.76
2025-10-01,DRV-01023,HUB-CIN,contractor,36.0,80.36,2892.96,0.0,2892.96
2025-10-01,DRV-01024,HUB-IND,employee,135.0,40.06,5408.10,4.0,5488.22
2025-10-01,DRV-01025,HUB-CIN,employee,18.0,41.13,740.34,9.0,925.43
2025-10-01,DRV-01026,HUB-CIN,employee,18.0,36.85,663.30,9.0,829.13
2025-10-01,DRV-01027,HUB-CIN,employee,63.0,37.92,2388.96,9.0,2559.60
2025-10-01,DRV-01028,HUB-CMH,contractor,36.0,80.36,2892.96,0.0,2892.96
2025-10-01,DRV-01029,HUB-CIN,employee,45.0,40.06,1802.70,9.0,1982.97
2025-10-01,DRV-01030,HUB-CMH,employee,45.0,41.13,1850.85,16.0,2179.89
2025-10-01,DRV-01031,HUB-IND,contractor,72.0,76.08,5477.76,0.0,5477.76
2025-10-01,DRV-01032,HUB-IND,employee,63.0,37.92,2388.96,4.0,2464.80
2025-10-01,DRV-01033,HUB-IND,employee,63.0,38.99,2456.37,4.0,2534.35
2025-10-01,DRV-01034,HUB-CIN,contractor,18.0,82.49,1484.82,0.0,1484.82
2025-10-01,DRV-01035,HUB-CHI,employee,81.0,41.13,3331.53,11.5,3568.03
2025-10-01,DRV-01036,HUB-CMH,contractor,45.0,76.08,3423.60,0.0,3423.60
2025-10-01,DRV-01037,HUB-DET,contractor,108.0,78.22,8447.76,0.0,8447.76
2025-10-01,DRV-01038,HUB-CIN,employee,45.0,38.99,1754.55,9.0,1930.01
2025-10-01,DRV-01039,HUB-CMH,contractor,27.0,82.49,2227.23,0.0,2227.23
2025-10-01,DRV-01040,HUB-CMH,contractor,45.0,84.63,3808.35,0.0,3808.35
2025-10-01,DRV-01041,HUB-CIN,employee,45.0,36.85,1658.25,9.0,1824.08
2025-10-01,DRV-01042,HUB-IND,employee,81.0,37.92,3071.52,4.0,3147.36
2025-10-01,DRV-01043,HUB-CMH,employee,27.0,38.99,1052.73,16.0,1364.65
2025-10-01,DRV-01044,HUB-CMH,employee,72.0,40.06,2884.32,16.0,3204.80
2025-10-01,DRV-01045,HUB-IND,employee,90.0,41.13,3701.70,4.0,3783.96
2025-10-01,DRV-01046,HUB-DET,employee,81.0,36.85,2984.85,4.0,3058.55
2025-10-01,DRV-01047,HUB-CHI,employee,36.0,37.92,1365.12,11.5,1583.16
2025-10-01,DRV-01048,HUB-CHI,employee,54.0,38.99,2105.46,11.5,2329.65
2025-10-01,DRV-01049,HUB-CMH,contractor,36.0,82.49,2969.64,0.0,2969.64
2025-10-01,DRV-01188,HUB-IND,contractor,90.0,84.63,7616.70,0.0,7616.70
2025-10-01,DRV-01189,HUB-CMH,contractor,0.0,76.08,0.00,0.0,0.00
2025-10-01,DRV-01190,HUB-CHI,contractor,0.0,78.22,0.00,0.0,0.00
2025-10-01,DRV-01191,HUB-IND,employee,0.0,38.99,0.00,0.0,0.00
2025-10-01,DRV-01192,HUB-CIN,contractor,0.0,82.49,0.00,0.0,0.00
2025-10-01,DRV-01193,HUB-DET,contractor,0.0,84.63,0.00,0.0,0.00
2025-10-01,DRV-01194,HUB-CMH,employee,0.0,36.85,0.00,0.0,0.00
2025-11-01,DRV-01001,HUB-CMH,contractor,36.0,76.08,2738.88,0.0,2738.88
2025-11-01,DRV-01002,HUB-CIN,contractor,36.0,78.22,2815.92,0.0,2815.92
2025-11-01,DRV-01003,HUB-CIN,employee,54.0,38.99,2105.46,4.0,2183.44
2025-11-01,DRV-01004,HUB-DET,contractor,126.0,82.49,10393.74,0.0,10393.74
2025-11-01,DRV-01005,HUB-CHI,contractor,36.0,84.63,3046.68,0.0,3046.68
2025-11-01,DRV-01006,HUB-IND,employee,63.0,36.85,2321.55,9.0,2487.38
2025-11-01,DRV-01007,HUB-CHI,employee,63.0,37.92,2388.96,6.5,2512.20
2025-11-01,DRV-01008,HUB-CIN,employee,36.0,38.99,1403.64,4.0,1481.62
2025-11-01,DRV-01009,HUB-CMH,employee,36.0,40.06,1442.16,6.5,1572.36
2025-11-01,DRV-01010,HUB-CMH,employee,18.0,41.13,740.34,6.5,874.01
2025-11-01,DRV-01011,HUB-CHI,employee,108.0,36.85,3979.80,6.5,4099.56
2025-11-01,DRV-01012,HUB-CHI,contractor,63.0,78.22,4927.86,0.0,4927.86
2025-11-01,DRV-01013,HUB-CMH,contractor,36.0,80.36,2892.96,0.0,2892.96
2025-11-01,DRV-01014,HUB-DET,contractor,99.0,82.49,8166.51,0.0,8166.51
2025-11-01,DRV-01015,HUB-CMH,employee,36.0,41.13,1480.68,6.5,1614.35
2025-11-01,DRV-01016,HUB-CMH,employee,45.0,36.85,1658.25,6.5,1778.01
2025-11-01,DRV-01017,HUB-CHI,employee,63.0,37.92,2388.96,6.5,2512.20
2025-11-01,DRV-01018,HUB-CMH,employee,27.0,38.99,1052.73,6.5,1179.45
2025-11-01,DRV-01019,HUB-CIN,contractor,36.0,82.49,2969.64,0.0,2969.64
2025-11-01,DRV-01020,HUB-CHI,employee,45.0,41.13,1850.85,6.5,1984.52
2025-11-01,DRV-01021,HUB-DET,contractor,81.0,76.08,6162.48,0.0,6162.48
2025-11-01,DRV-01022,HUB-DET,employee,72.0,37.92,2730.24,4.0,2806.08
2025-11-01,DRV-01023,HUB-CIN,contractor,90.0,80.36,7232.40,0.0,7232.40
2025-11-01,DRV-01024,HUB-IND,employee,36.0,40.06,1442.16,9.0,1622.43
2025-11-01,DRV-01025,HUB-CIN,employee,27.0,41.13,1110.51,4.0,1192.77
2025-11-01,DRV-01026,HUB-CIN,employee,36.0,36.85,1326.60,4.0,1400.30
2025-11-01,DRV-01027,HUB-CIN,employee,54.0,37.92,2047.68,4.0,2123.52
2025-11-01,DRV-01028,HUB-CMH,contractor,18.0,80.36,1446.48,0.0,1446.48
2025-11-01,DRV-01029,HUB-CIN,employee,54.0,40.06,2163.24,4.0,2243.36
2025-11-01,DRV-01030,HUB-CMH,employee,54.0,41.13,2221.02,6.5,2354.69
2025-11-01,DRV-01031,HUB-IND,contractor,99.0,76.08,7531.92,0.0,7531.92
2025-11-01,DRV-01032,HUB-IND,employee,72.0,37.92,2730.24,9.0,2900.88
2025-11-01,DRV-01033,HUB-IND,employee,18.0,38.99,701.82,9.0,877.28
2025-11-01,DRV-01034,HUB-CIN,contractor,45.0,82.49,3712.05,0.0,3712.05
2025-11-01,DRV-01035,HUB-CHI,employee,27.0,41.13,1110.51,6.5,1244.18
2025-11-01,DRV-01036,HUB-CMH,contractor,54.0,76.08,4108.32,0.0,4108.32
2025-11-01,DRV-01037,HUB-DET,contractor,81.0,78.22,6335.82,0.0,6335.82
2025-11-01,DRV-01038,HUB-CIN,employee,45.0,38.99,1754.55,4.0,1832.53
2025-11-01,DRV-01039,HUB-CMH,contractor,45.0,82.49,3712.05,0.0,3712.05
2025-11-01,DRV-01040,HUB-CMH,contractor,18.0,84.63,1523.34,0.0,1523.34
2025-11-01,DRV-01041,HUB-CIN,employee,63.0,36.85,2321.55,4.0,2395.25
2025-11-01,DRV-01042,HUB-IND,employee,45.0,37.92,1706.40,9.0,1877.04
2025-11-01,DRV-01043,HUB-CMH,employee,45.0,38.99,1754.55,6.5,1881.27
2025-11-01,DRV-01044,HUB-CMH,employee,36.0,40.06,1442.16,6.5,1572.36
2025-11-01,DRV-01045,HUB-IND,employee,54.0,41.13,2221.02,9.0,2406.11
2025-11-01,DRV-01046,HUB-DET,employee,36.0,36.85,1326.60,4.0,1400.30
2025-11-01,DRV-01047,HUB-CHI,employee,99.0,37.92,3754.08,6.5,3877.32
2025-11-01,DRV-01048,HUB-CHI,employee,54.0,38.99,2105.46,6.5,2232.18
2025-11-01,DRV-01049,HUB-CMH,contractor,54.0,82.49,4454.46,0.0,4454.46
2025-11-01,DRV-01188,HUB-IND,contractor,63.0,84.63,5331.69,0.0,5331.69
2025-11-01,DRV-01189,HUB-CMH,contractor,0.0,76.08,0.00,0.0,0.00
2025-11-01,DRV-01190,HUB-CHI,contractor,0.0,78.22,0.00,0.0,0.00
2025-11-01,DRV-01191,HUB-IND,employee,0.0,38.99,0.00,0.0,0.00
2025-11-01,DRV-01192,HUB-CIN,contractor,0.0,82.49,0.00,0.0,0.00
2025-11-01,DRV-01193,HUB-DET,contractor,0.0,84.63,0.00,0.0,0.00
2025-11-01,DRV-01194,HUB-CMH,employee,0.0,36.85,0.00,0.0,0.00
2025-12-01,DRV-01001,HUB-CMH,contractor,45.0,76.08,3423.60,0.0,3423.60
2025-12-01,DRV-01002,HUB-CIN,contractor,72.0,78.22,5631.84,0.0,5631.84
2025-12-01,DRV-01003,HUB-CIN,employee,27.0,38.99,1052.73,6.5,1179.45
2025-12-01,DRV-01004,HUB-DET,contractor,63.0,82.49,5196.87,0.0,5196.87
2025-12-01,DRV-01005,HUB-CHI,contractor,63.0,84.63,5331.69,0.0,5331.69
2025-12-01,DRV-01006,HUB-IND,employee,108.0,36.85,3979.80,9.0,4145.63
2025-12-01,DRV-01007,HUB-CHI,employee,72.0,37.92,2730.24,9.0,2900.88
2025-12-01,DRV-01008,HUB-CIN,employee,27.0,38.99,1052.73,6.5,1179.45
2025-12-01,DRV-01009,HUB-CMH,employee,54.0,40.06,2163.24,15.0,2463.69
2025-12-01,DRV-01010,HUB-CMH,employee,54.0,41.13,2221.02,15.0,2529.50
2025-12-01,DRV-01011,HUB-CHI,employee,72.0,36.85,2653.20,9.0,2819.03
2025-12-01,DRV-01012,HUB-CHI,contractor,63.0,78.22,4927.86,0.0,4927.86
2025-12-01,DRV-01013,HUB-CMH,contractor,27.0,80.36,2169.72,0.0,2169.72
2025-12-01,DRV-01014,HUB-DET,contractor,72.0,82.49,5939.28,0.0,5939.28
2025-12-01,DRV-01015,HUB-CMH,employee,36.0,41.13,1480.68,15.0,1789.16
2025-12-01,DRV-01016,HUB-CMH,employee,45.0,36.85,1658.25,15.0,1934.63
2025-12-01,DRV-01017,HUB-CHI,employee,45.0,37.92,1706.40,9.0,1877.04
2025-12-01,DRV-01018,HUB-CMH,employee,9.0,38.99,350.91,9.0,526.37
2025-12-01,DRV-01019,HUB-CIN,contractor,54.0,82.49,4454.46,0.0,4454.46
2025-12-01,DRV-01020,HUB-CHI,employee,99.0,41.13,4071.87,9.0,4256.96
2025-12-01,DRV-01021,HUB-DET,contractor,135.0,76.08,10270.80,0.0,10270.80
2025-12-01,DRV-01022,HUB-DET,employee,108.0,37.92,4095.36,4.0,4171.20
2025-12-01,DRV-01023,HUB-CIN,contractor,27.0,80.36,2169.72,0.0,2169.72
2025-12-01,DRV-01024,HUB-IND,employee,72.0,40.06,2884.32,9.0,3064.59
2025-12-01,DRV-01025,HUB-CIN,employee,63.0,41.13,2591.19,6.5,2724.86
2025-12-01,DRV-01026,HUB-CIN,employee,9.0,36.85,331.65,6.5,451.41
2025-12-01,DRV-01027,HUB-CIN,employee,54.0,37.92,2047.68,6.5,2170.92
2025-12-01,DRV-01028,HUB-CMH,contractor,45.0,80.36,3616.20,0.0,3616.20
2025-12-01,DRV-01029,HUB-CIN,employee,63.0,40.06,2523.78,6.5,2653.98
2025-12-01,DRV-01030,HUB-CMH,employee,45.0,41.13,1850.85,15.0,2159.33
2025-12-01,DRV-01031,HUB-IND,contractor,90.0,76.08,6847.20,0.0,6847.20
2025-12-01,DRV-01032,HUB-IND,employee,108.0,37.92,4095.36,9.0,4266.00
2025-12-01,DRV-01033,HUB-IND,employee,72.0,38.99,2807.28,9.0,2982.74
2025-12-01,DRV-01034,HUB-CIN,contractor,27.0,82.49,2227.23,0.0,2227.23
2025-12-01,DRV-01035,HUB-CHI,employee,27.0,41.13,1110.51,9.0,1295.60
2025-12-01,DRV-01036,HUB-CMH,contractor,36.0,76.08,2738.88,0.0,2738.88
2025-12-01,DRV-01037,HUB-DET,contractor,99.0,78.22,7743.78,0.0,7743.78
2025-12-01,DRV-01038,HUB-CIN,employee,54.0,38.99,2105.46,6.5,2232.18
2025-12-01,DRV-01039,HUB-CMH,contractor,45.0,82.49,3712.05,0.0,3712.05
2025-12-01,DRV-01040,HUB-CMH,contractor,18.0,84.63,1523.34,0.0,1523.34
2025-12-01,DRV-01041,HUB-CIN,employee,63.0,36.85,2321.55,6.5,2441.31
2025-12-01,DRV-01042,HUB-IND,employee,108.0,37.92,4095.36,9.0,4266.00
2025-12-01,DRV-01043,HUB-CMH,employee,54.0,38.99,2105.46,15.0,2397.89
2025-12-01,DRV-01044,HUB-CMH,employee,27.0,40.06,1081.62,15.0,1382.07
2025-12-01,DRV-01045,HUB-IND,employee,63.0,41.13,2591.19,9.0,2776.28
2025-12-01,DRV-01046,HUB-DET,employee,72.0,36.85,2653.20,4.0,2726.90
2025-12-01,DRV-01047,HUB-CHI,employee,126.0,37.92,4777.92,9.0,4948.56
2025-12-01,DRV-01048,HUB-CHI,employee,63.0,38.99,2456.37,9.0,2631.83
2025-12-01,DRV-01049,HUB-CMH,contractor,36.0,82.49,2969.64,0.0,2969.64
2025-12-01,DRV-01188,HUB-IND,contractor,54.0,84.63,4570.02,0.0,4570.02
2025-12-01,DRV-01189,HUB-CMH,contractor,0.0,76.08,0.00,0.0,0.00
2025-12-01,DRV-01190,HUB-CHI,contractor,0.0,78.22,0.00,0.0,0.00
2025-12-01,DRV-01191,HUB-IND,employee,0.0,38.99,0.00,0.0,0.00
2025-12-01,DRV-01192,HUB-CIN,contractor,0.0,82.49,0.00,0.0,0.00
2025-12-01,DRV-01193,HUB-DET,contractor,0.0,84.63,0.00,0.0,0.00
2025-12-01,DRV-01194,HUB-CMH,employee,0.0,36.85,0.00,0.0,0.00
