route_id,hub_id,driver_id,vehicle_id,service_date,stop_count,exceptions_count,status
RTE-IND-20251216-001,HUB-IND,DRV-01031,VEH-0023,2025-12-16,25,2,completed
RTE-CIN-20250612-001,HUB-CIN,DRV-01026,VEH-0020,2025-06-12,49,0,completed
RTE-CMH-20250422-001,HUB-CMH,DRV-01009,VEH-0021,2025-04-22,56,0,completed
RTE-CHI-20250416-001,HUB-CHI,DRV-01007,VEH-0002,2025-04-16,52,0,completed
RTE-CHI-20250324-001,HUB-CHI,DRV-01005,VEH-0037,2025-03-24,64,0,completed
RTE-CMH-20251025-001,HUB-CMH,DRV-01001,VEH-0012,2025-10-25,52,1,completed
RTE-CMH-20250710-001,HUB-CMH,DRV-01039,VEH-0001,2025-07-10,20,0,completed
RTE-CMH-20250208-001,HUB-CMH,DRV-01030,VEH-0003,2025-02-08,46,5,partial
RTE-CMH-20250805-001,HUB-CMH,DRV-01018,VEH-0038,2025-08-05,48,0,completed
RTE-CHI-20251125-001,HUB-CHI,DRV-01011,VEH-0004,2025-11-25,36,0,completed
RTE-DET-20251021-001,HUB-DET,DRV-01004,VEH-0022,2025-10-21,60,0,completed
RTE-IND-20251126-001,HUB-IND,DRV-01188,VEH-0010,2025-11-26,31,0,completed
RTE-CMH-20250704-001,HUB-CMH,DRV-01044,VEH-0001,2025-07-04,19,0,completed
RTE-CMH-20250722-001,HUB-CMH,DRV-01009,VEH-0001,2025-07-22,58,0,completed
RTE-CIN-20250822-001,HUB-CIN,DRV-01023,VEH-0020,2025-08-22,21,0,completed
RTE-CHI-20250317-001,HUB-CHI,DRV-01012,VEH-0019,2025-03-17,45,0,completed
RTE-CMH-20251203-001,HUB-CMH,DRV-01028,VEH-0031,2025-12-03,22,0,completed
RTE-CIN-20251104-001,HUB-CIN,DRV-01034,VEH-0027,2025-11-04,49,0,completed
RTE-DET-20250821-001,HUB-DET,DRV-01022,VEH-0029,2025-08-21,65,0,completed
RTE-CMH-20250709-001,HUB-CMH,DRV-01013,VEH-0038,2025-07-09,48,0,completed
RTE-CIN-20250213-001,HUB-CIN,DRV-01034,VEH-0020,2025-02-13,57,0,completed
RTE-CMH-20251122-001,HUB-CMH,DRV-01015,VEH-0038,2025-11-22,48,3,completed
RTE-IND-20251028-001,HUB-IND,DRV-01042,VEH-0010,2025-10-28,65,0,completed
RTE-CMH-20250919-001,HUB-CMH,DRV-01039,VEH-0033,2025-09-19,64,0,completed
RTE-CIN-20250228-001,HUB-CIN,DRV-01029,VEH-0032,2025-02-28,19,0,completed
RTE-DET-20251024-001,HUB-DET,DRV-01021,VEH-0011,2025-10-24,33,0,completed
RTE-IND-20250224-001,HUB-IND,DRV-01188,VEH-0023,2025-02-24,38,0,completed
RTE-CHI-20251114-001,HUB-CHI,DRV-01007,VEH-0019,2025-11-14,33,0,completed
RTE-CMH-20250313-001,HUB-CMH,DRV-01016,VEH-0021,2025-03-13,37,0,completed
RTE-CIN-20250501-001,HUB-CIN,DRV-01008,VEH-0026,2025-05-01,23,0,completed
RTE-IND-20250611-001,HUB-IND,DRV-01006,VEH-0013,2025-06-11,32,0,completed
RTE-DET-20250804-001,HUB-DET,DRV-01004,VEH-0022,2025-08-04,21,0,completed
RTE-CHI-20250701-001,HUB-CHI,DRV-01047,VEH-0014,2025-07-01,29,2,completed
RTE-IND-20250622-001,HUB-IND,DRV-01033,VEH-0010,2025-06-22,20,0,completed
RTE-CIN-20250922-001,HUB-CIN,DRV-01038,VEH-0026,2025-09-22,47,0,completed
RTE-CIN-20250915-001,HUB-CIN,DRV-01029,VEH-0036,2025-09-15,55,0,completed
RTE-CHI-20250326-001,HUB-CHI,DRV-01007,VEH-0002,2025-03-26,65,1,partial
RTE-CMH-20250105-001,HUB-CMH,DRV-01043,VEH-0021,2025-01-05,49,0,completed
RTE-CMH-20250204-001,HUB-CMH,DRV-01043,VEH-0007,2025-02-04,36,0,completed
RTE-DET-20251219-001,HUB-DET,DRV-01021,VEH-0029,2025-12-19,52,0,completed
RTE-IND-20250112-001,HUB-IND,DRV-01045,VEH-0013,2025-01-12,48,4,partial
RTE-CHI-20250520-001,HUB-CHI,DRV-01035,VEH-0005,2025-05-20,36,0,completed
RTE-CMH-20250912-001,HUB-CMH,DRV-01040,VEH-0021,2025-09-12,54,0,completed
RTE-CMH-20250829-001,HUB-CMH,DRV-01009,VEH-0001,2025-08-29,25,0,completed
RTE-CMH-20250827-001,HUB-CMH,DRV-01013,VEH-0012,2025-08-27,28,0,completed
RTE-IND-20251204-001,HUB-IND,DRV-01032,VEH-0023,2025-12-04,19,0,completed
RTE-IND-20250310-001,HUB-IND,DRV-01045,VEH-0017,2025-03-10,45,0,completed
RTE-CIN-20251017-001,HUB-CIN,DRV-01027,VEH-0032,2025-10-17,34,0,completed
RTE-IND-20250130-001,HUB-IND,DRV-01032,VEH-0016,2025-01-30,24,0,completed
RTE-CIN-20250815-001,HUB-CIN,DRV-01034,VEH-0032,2025-08-15,50,0,completed
RTE-CHI-20251021-001,HUB-CHI,DRV-01017,VEH-0037,2025-10-21,54,0,completed
RTE-CMH-20250828-001,HUB-CMH,DRV-01015,VEH-0038,2025-08-28,25,3,completed
RTE-CIN-20250217-001,HUB-CIN,DRV-01026,VEH-0036,2025-02-17,36,2,completed
RTE-IND-20250516-001,HUB-IND,DRV-01045,VEH-0023,2025-05-16,41,1,completed
RTE-CIN-20250708-001,HUB-CIN,DRV-01003,VEH-0036,2025-07-08,48,1,completed
RTE-IND-20250321-001,HUB-IND,DRV-01045,VEH-0023,2025-03-21,61,0,completed
RTE-IND-20250115-001,HUB-IND,DRV-01032,VEH-0013,2025-01-15,26,6,partial
RTE-CMH-20250416-001,HUB-CMH,DRV-01009,VEH-0028,2025-04-16,34,1,completed
RTE-CHI-20250114-001,HUB-CHI,DRV-01005,VEH-0037,2025-01-14,18,0,completed
RTE-DET-20250507-001,HUB-DET,DRV-01046,VEH-0030,2025-05-07,31,1,completed
RTE-CHI-20250307-001,HUB-CHI,DRV-01007,VEH-0014,2025-03-07,34,0,completed
RTE-DET-20250806-001,HUB-DET,DRV-01046,VEH-0022,2025-08-06,65,0,completed
RTE-CHI-20251209-001,HUB-CHI,DRV-01020,VEH-0037,2025-12-09,25,4,partial
RTE-IND-20251217-001,HUB-IND,DRV-01033,VEH-0010,2025-12-17,65,6,partial
RTE-IND-20250521-001,HUB-IND,DRV-01042,VEH-0009,2025-05-21,46,0,completed
RTE-CIN-20250612-002,HUB-CIN,DRV-01008,VEH-0026,2025-06-12,51,0,completed
RTE-CIN-20251125-001,HUB-CIN,DRV-01025,VEH-0018,2025-11-25,52,5,partial
RTE-IND-20251203-001,HUB-IND,DRV-01006,VEH-0009,2025-12-03,30,3,completed
RTE-CHI-20251031-001,HUB-CHI,DRV-01020,VEH-0002,2025-10-31,62,0,completed
RTE-IND-20251209-001,HUB-IND,DRV-01031,VEH-0016,2025-12-09,51,1,partial
RTE-IND-20250911-001,HUB-IND,DRV-01006,VEH-0023,2025-09-11,49,0,completed
RTE-CMH-20250918-001,HUB-CMH,DRV-01036,VEH-0033,2025-09-18,31,0,completed
RTE-IND-20250531-001,HUB-IND,DRV-01031,VEH-0010,2025-05-31,63,0,completed
RTE-DET-20250910-001,HUB-DET,DRV-01022,VEH-0024,2025-09-10,36,0,completed
RTE-CIN-20250521-001,HUB-CIN,DRV-01026,VEH-0025,2025-05-21,55,0,completed
RTE-DET-20250606-001,HUB-DET,DRV-01021,VEH-0011,2025-06-06,21,0,completed
RTE-CIN-20250717-001,HUB-CIN,DRV-01029,VEH-0036,2025-07-17,50,0,completed
RTE-CHI-20250811-001,HUB-CHI,DRV-01047,VEH-0019,2025-08-11,41,0,completed
RTE-DET-20250912-001,HUB-DET,DRV-01037,VEH-0022,2025-09-12,53,0,completed
RTE-DET-20251130-001,HUB-DET,DRV-01004,VEH-0030,2025-11-30,24,1,partial
RTE-IND-20250322-001,HUB-IND,DRV-01042,VEH-0017,2025-03-22,30,0,completed
RTE-CMH-20250123-001,HUB-CMH,DRV-01043,VEH-0031,2025-01-23,21,0,completed
RTE-CHI-20251111-001,HUB-CHI,DRV-01011,VEH-0014,2025-11-11,47,5,partial
RTE-IND-20250311-001,HUB-IND,DRV-01024,VEH-0017,2025-03-11,48,0,completed
RTE-DET-20250305-001,HUB-DET,DRV-01004,VEH-0022,2025-03-05,26,0,completed
RTE-CIN-20251129-001,HUB-CIN,DRV-01023,VEH-0020,2025-11-29,61,0,completed
RTE-CIN-20250918-001,HUB-CIN,DRV-01023,VEH-0025,2025-09-18,27,0,completed
RTE-IND-20251021-001,HUB-IND,DRV-01031,VEH-0017,2025-10-21,33,0,completed
RTE-CIN-20250516-001,HUB-CIN,DRV-01026,VEH-0032,2025-05-16,34,0,completed
RTE-CIN-20250606-001,HUB-CIN,DRV-01041,VEH-0032,2025-06-06,40,0,completed
RTE-DET-20250701-001,HUB-DET,DRV-01046,VEH-0030,2025-07-01,25,0,completed
RTE-CMH-20250409-001,HUB-CMH,DRV-01028,VEH-0021,2025-04-09,61,0,completed
RTE-CHI-20251204-001,HUB-CHI,DRV-01047,VEH-0004,2025-12-04,51,2,partial
RTE-CHI-20250524-001,HUB-CHI,DRV-01012,VEH-0006,2025-05-24,43,0,completed
RTE-CMH-20250519-001,HUB-CMH,DRV-01043,VEH-0021,2025-05-19,20,0,completed
RTE-CMH-20250707-001,HUB-CMH,DRV-01009,VEH-0007,2025-07-07,53,0,completed
RTE-CMH-20250916-001,HUB-CMH,DRV-01009,VEH-0001,2025-09-16,40,1,partial
RTE-CHI-20251105-001,HUB-CHI,DRV-01005,VEH-0040,2025-11-05,59,6,partial
RTE-CHI-20250702-001,HUB-CHI,DRV-01048,VEH-0005,2025-07-02,46,0,completed
RTE-DET-20250804-002,HUB-DET,DRV-01022,VEH-0024,2025-08-04,29,0,completed
RTE-IND-20250418-001,HUB-IND,DRV-01033,VEH-0009,2025-04-18,32,0,completed
RTE-CHI-20250822-001,HUB-CHI,DRV-01011,VEH-0040,2025-08-22,51,0,completed
RTE-CHI-20251024-001,HUB-CHI,DRV-01007,VEH-0019,2025-10-24,25,1,completed
RTE-DET-20250908-001,HUB-DET,DRV-01014,VEH-0011,2025-09-08,34,0,completed
RTE-IND-20251118-001,HUB-IND,DRV-01045,VEH-0016,2025-11-18,60,0,completed
RTE-CHI-20250625-001,HUB-CHI,DRV-01047,VEH-0004,2025-06-25,41,0,completed
RTE-CHI-20250901-001,HUB-CHI,DRV-01007,VEH-0002,2025-09-01,40,0,completed
RTE-CIN-20251014-001,HUB-CIN,DRV-01029,VEH-0020,2025-10-14,22,0,completed
RTE-CMH-20250424-001,HUB-CMH,DRV-01039,VEH-0028,2025-04-24,21,0,completed
RTE-CHI-20250418-001,HUB-CHI,DRV-01047,VEH-0040,2025-04-18,32,1,partial
RTE-IND-20250409-001,HUB-IND,DRV-01024,VEH-0017,2025-04-09,37,0,completed
RTE-CHI-20250127-001,HUB-CHI,DRV-01047,VEH-0019,2025-01-27,56,0,completed
RTE-CMH-20251223-001,HUB-CMH,DRV-01030,VEH-0007,2025-12-23,44,0,completed
RTE-CMH-20250110-001,HUB-CMH,DRV-01036,VEH-0001,2025-01-10,48,1,completed
RTE-DET-20251118-001,HUB-DET,DRV-01004,VEH-0022,2025-11-18,25,0,completed
RTE-IND-20250523-001,HUB-IND,DRV-01031,VEH-0009,2025-05-23,56,0,completed
RTE-IND-20251225-001,HUB-IND,DRV-01045,VEH-0023,2025-12-25,20,2,completed
RTE-CIN-20250617-001,HUB-CIN,DRV-01034,VEH-0027,2025-06-17,64,0,completed
RTE-DET-20250704-001,HUB-DET,DRV-01037,VEH-0011,2025-07-04,30,0,completed
RTE-CIN-20250108-001,HUB-CIN,DRV-01029,VEH-0027,2025-01-08,21,0,completed
RTE-CIN-20250102-001,HUB-CIN,DRV-01023,VEH-0018,2025-01-02,47,0,completed
RTE-IND-20250328-001,HUB-IND,DRV-01024,VEH-0009,2025-03-28,19,3,partial
RTE-DET-20250805-001,HUB-DET,DRV-01046,VEH-0024,2025-08-05,51,0,completed
RTE-CIN-20251216-001,HUB-CIN,DRV-01025,VEH-0018,2025-12-16,55,0,completed
RTE-IND-20250219-001,HUB-IND,DRV-01042,VEH-0008,2025-02-19,36,0,completed
RTE-CHI-20250813-001,HUB-CHI,DRV-01012,VEH-0037,2025-08-13,44,0,completed
RTE-IND-20250808-001,HUB-IND,DRV-01024,VEH-0016,2025-08-08,25,0,completed
RTE-CHI-20250607-001,HUB-CHI,DRV-01048,VEH-0014,2025-06-07,60,0,completed
RTE-IND-20250124-001,HUB-IND,DRV-01045,VEH-0009,2025-01-24,24,0,completed
RTE-IND-20250717-001,HUB-IND,DRV-01032,VEH-0010,2025-07-17,56,0,completed
RTE-IND-20251021-002,HUB-IND,DRV-01024,VEH-0013,2025-10-21,63,0,completed
RTE-DET-20251222-001,HUB-DET,DRV-01037,VEH-0030,2025-12-22,65,0,completed
RTE-IND-20251223-001,HUB-IND,DRV-01042,VEH-0013,2025-12-23,35,0,completed
RTE-CMH-20250214-001,HUB-CMH,DRV-01018,VEH-0031,2025-02-14,47,0,completed
RTE-IND-20250808-002,HUB-IND,DRV-01024,VEH-0016,2025-08-08,46,0,completed
RTE-CIN-20251201-001,HUB-CIN,DRV-01027,VEH-0027,2025-12-01,57,0,completed
RTE-DET-20250421-001,HUB-DET,DRV-01022,VEH-0011,2025-04-21,22,0,completed
RTE-CIN-20250523-001,HUB-CIN,DRV-01019,VEH-0036,2025-05-23,25,0,completed
RTE-CIN-20251210-001,HUB-CIN,DRV-01029,VEH-0020,2025-12-10,34,0,completed
RTE-CIN-20250813-001,HUB-CIN,DRV-01002,VEH-0025,2025-08-13,46,1,completed
RTE-CHI-20251029-001,HUB-CHI,DRV-01035,VEH-0019,2025-10-29,22,0,completed
RTE-CHI-20251024-002,HUB-CHI,DRV-01035,VEH-0005,2025-10-24,21,0,completed
RTE-CHI-20250423-001,HUB-CHI,DRV-01047,VEH-0006,2025-04-23,39,0,completed
RTE-CHI-20250719-001,HUB-CHI,DRV-01007,VEH-0005,2025-07-19,33,3,partial
RTE-IND-20251022-001,HUB-IND,DRV-01024,VEH-0010,2025-10-22,32,0,completed
RTE-CHI-20250606-001,HUB-CHI,DRV-01020,VEH-0037,2025-06-06,42,3,completed
RTE-IND-20250101-001,HUB-IND,DRV-01188,VEH-0023,2025-01-01,52,6,partial
RTE-CHI-20251224-001,HUB-CHI,DRV-01005,VEH-0006,2025-12-24,35,2,partial
RTE-CHI-20250407-001,HUB-CHI,DRV-01048,VEH-0019,2025-04-07,45,0,completed
RTE-IND-20251002-001,HUB-IND,DRV-01188,VEH-0023,2025-10-02,64,0,completed
RTE-DET-20250115-001,HUB-DET,DRV-01004,VEH-0029,2025-01-15,20,3,partial
RTE-IND-20250220-001,HUB-IND,DRV-01032,VEH-0009,2025-02-20,46,1,partial
RTE-CMH-20251030-001,HUB-CMH,DRV-01040,VEH-0033,2025-10-30,37,0,completed
RTE-CHI-20250526-001,HUB-CHI,DRV-01035,VEH-0040,2025-05-26,23,0,completed
RTE-DET-20251123-001,HUB-DET,DRV-01014,VEH-0030,2025-11-23,62,0,completed
RTE-IND-20250406-001,HUB-IND,DRV-01188,VEH-0017,2025-04-06,49,0,completed
RTE-IND-20250104-001,HUB-IND,DRV-01042,VEH-0023,2025-01-04,50,0,completed
RTE-CIN-20250304-001,HUB-CIN,DRV-01008,VEH-0025,2025-03-04,52,0,completed
RTE-CMH-20250705-001,HUB-CMH,DRV-01015,VEH-0003,2025-07-05,64,0,completed
RTE-CIN-20250915-002,HUB-CIN,DRV-01027,VEH-0020,2025-09-15,44,0,completed
RTE-CIN-20250513-001,HUB-CIN,DRV-01008,VEH-0018,2025-05-13,58,0,completed
RTE-CHI-20250415-001,HUB-CHI,DRV-01048,VEH-0005,2025-04-15,25,0,completed
RTE-CMH-20250113-001,HUB-CMH,DRV-01028,VEH-0003,2025-01-13,31,0,completed
RTE-CMH-20250312-001,HUB-CMH,DRV-01015,VEH-0021,2025-03-12,50,0,completed
RTE-CMH-20250905-001,HUB-CMH,DRV-01016,VEH-0021,2025-09-05,25,0,completed
RTE-DET-20250826-001,HUB-DET,DRV-01022,VEH-0011,2025-08-26,36,0,completed
RTE-CIN-20251008-001,HUB-CIN,DRV-01019,VEH-0027,2025-10-08,23,0,completed
RTE-IND-20250725-001,HUB-IND,DRV-01042,VEH-0013,2025-07-25,59,0,completed
RTE-DET-20251208-001,HUB-DET,DRV-01022,VEH-0024,2025-12-08,48,0,completed
RTE-DET-20250717-001,HUB-DET,DRV-01021,VEH-0029,2025-07-17,43,2,completed
RTE-CHI-20250625-002,HUB-CHI,DRV-01035,VEH-0014,2025-06-25,39,0,completed
RTE-CIN-20251021-001,HUB-CIN,DRV-01029,VEH-0027,2025-10-21,49,0,completed
RTE-CIN-20251031-001,HUB-CIN,DRV-01029,VEH-0026,2025-10-31,27,0,completed
RTE-IND-20250603-001,HUB-IND,DRV-01031,VEH-0009,2025-06-03,18,0,completed
RTE-CIN-20251218-001,HUB-CIN,DRV-01025,VEH-0032,2025-12-18,20,0,completed
RTE-CHI-20251107-001,HUB-CHI,DRV-01048,VEH-0040,2025-11-07,61,5,partial
RTE-IND-20251218-001,HUB-IND,DRV-01006,VEH-0008,2025-12-18,42,0,completed
RTE-IND-20250313-001,HUB-IND,DRV-01045,VEH-0023,2025-03-13,45,0,completed
RTE-CHI-20250120-001,HUB-CHI,DRV-01011,VEH-0004,2025-01-20,34,2,completed
RTE-CHI-20251223-001,HUB-CHI,DRV-01012,VEH-0006,2025-12-23,19,0,completed
RTE-CMH-20250225-001,HUB-CMH,DRV-01043,VEH-0038,2025-02-25,34,0,completed
RTE-IND-20250725-002,HUB-IND,DRV-01033,VEH-0016,2025-07-25,52,0,completed
RTE-DET-20250925-001,HUB-DET,DRV-01021,VEH-0024,2025-09-25,26,0,completed
RTE-CHI-20250702-002,HUB-CHI,DRV-01035,VEH-0004,2025-07-02,39,1,completed
RTE-IND-20250823-001,HUB-IND,DRV-01188,VEH-0017,2025-08-23,51,0,completed
RTE-DET-20250207-001,HUB-DET,DRV-01037,VEH-0030,2025-02-07,30,0,completed
RTE-CMH-20250822-001,HUB-CMH,DRV-01039,VEH-0012,2025-08-22,39,0,completed
RTE-DET-20250723-001,HUB-DET,DRV-01037,VEH-0029,2025-07-23,33,0,completed
RTE-CIN-20250415-001,HUB-CIN,DRV-01041,VEH-0036,2025-04-15,54,0,completed
RTE-DET-20251003-001,HUB-DET,DRV-01046,VEH-0024,2025-10-03,22,0,completed
RTE-CHI-20251001-001,HUB-CHI,DRV-01020,VEH-0037,2025-10-01,20,0,completed
RTE-CIN-20251104-002,HUB-CIN,DRV-01041,VEH-0027,2025-11-04,25,0,completed
RTE-CIN-20250806-001,HUB-CIN,DRV-01023,VEH-0032,2025-08-06,48,0,completed
RTE-CIN-20250328-001,HUB-CIN,DRV-01019,VEH-0026,2025-03-28,61,0,completed
RTE-CHI-20250526-002,HUB-CHI,DRV-01035,VEH-0019,2025-05-26,25,0,completed
RTE-DET-20251030-001,HUB-DET,DRV-01014,VEH-0029,2025-10-30,48,0,completed
RTE-CMH-20251107-001,HUB-CMH,DRV-01009,VEH-0001,2025-11-07,26,0,completed
RTE-CMH-20250911-001,HUB-CMH,DRV-01036,VEH-0001,2025-09-11,61,0,completed
RTE-IND-20251114-001,HUB-IND,DRV-01031,VEH-0023,2025-11-14,18,6,partial
RTE-CHI-20250221-001,HUB-CHI,DRV-01007,VEH-0019,2025-02-21,58,1,partial
RTE-DET-20250630-001,HUB-DET,DRV-01014,VEH-0024,2025-06-30,64,0,completed
RTE-CHI-20251219-001,HUB-CHI,DRV-01011,VEH-0002,2025-12-19,24,0,completed
RTE-DET-20250806-002,HUB-DET,DRV-01014,VEH-0022,2025-08-06,56,0,completed
RTE-CHI-20250925-001,HUB-CHI,DRV-01017,VEH-0006,2025-09-25,64,0,completed
RTE-IND-20250307-001,HUB-IND,DRV-01032,VEH-0017,2025-03-07,52,2,completed
RTE-DET-20250128-001,HUB-DET,DRV-01021,VEH-0024,2025-01-28,56,0,completed
RTE-CMH-20250526-001,HUB-CMH,DRV-01039,VEH-0021,2025-05-26,28,2,completed
RTE-IND-20250408-001,HUB-IND,DRV-01006,VEH-0013,2025-04-08,35,0,completed
RTE-CHI-20251104-001,HUB-CHI,DRV-01012,VEH-0005,2025-11-04,50,5,partial
RTE-CIN-20251017-002,HUB-CIN,DRV-01027,VEH-0018,2025-10-17,26,0,completed
RTE-IND-20250103-001,HUB-IND,DRV-01032,VEH-0008,2025-01-03,19,0,completed
RTE-DET-20250107-001,HUB-DET,DRV-01022,VEH-0011,2025-01-07,60,0,completed
RTE-IND-20250501-001,HUB-IND,DRV-01032,VEH-0009,2025-05-01,49,0,completed
RTE-CHI-20251126-001,HUB-CHI,DRV-01047,VEH-0037,2025-11-26,40,0,completed
RTE-DET-20250814-001,HUB-DET,DRV-01004,VEH-0029,2025-08-14,26,0,completed
RTE-CHI-20250901-002,HUB-CHI,DRV-01020,VEH-0019,2025-09-01,37,0,completed
RTE-IND-20250224-002,HUB-IND,DRV-01188,VEH-0008,2025-02-24,29,0,completed
RTE-DET-20250728-001,HUB-DET,DRV-01004,VEH-0024,2025-07-28,61,0,completed
RTE-CIN-20250422-001,HUB-CIN,DRV-01041,VEH-0036,2025-04-22,26,0,completed
RTE-DET-20250402-001,HUB-DET,DRV-01046,VEH-0011,2025-04-02,26,0,completed
RTE-CMH-20250627-001,HUB-CMH,DRV-01049,VEH-0003,2025-06-27,31,0,completed
RTE-CHI-20250424-001,HUB-CHI,DRV-01005,VEH-0037,2025-04-24,28,0,completed
RTE-IND-20251004-001,HUB-IND,DRV-01031,VEH-0010,2025-10-04,46,0,completed
RTE-CIN-20250421-001,HUB-CIN,DRV-01003,VEH-0036,2025-04-21,26,0,completed
RTE-CMH-20251106-001,HUB-CMH,DRV-01013,VEH-0033,2025-11-06,25,0,completed
RTE-CHI-20250226-001,HUB-CHI,DRV-01047,VEH-0019,2025-02-26,56,6,partial
RTE-DET-20250611-001,HUB-DET,DRV-01046,VEH-0011,2025-06-11,36,0,completed
RTE-CMH-20250213-001,HUB-CMH,DRV-01018,VEH-0007,2025-02-13,29,6,partial
RTE-IND-20251201-001,HUB-IND,DRV-01024,VEH-0008,2025-12-01,18,0,completed
RTE-CHI-20250509-001,HUB-CHI,DRV-01035,VEH-0014,2025-05-09,31,0,completed
RTE-IND-20250529-001,HUB-IND,DRV-01032,VEH-0023,2025-05-29,28,0,completed
RTE-DET-20251016-001,HUB-DET,DRV-01037,VEH-0011,2025-10-16,34,0,completed
RTE-CMH-20251220-001,HUB-CMH,DRV-01039,VEH-0001,2025-12-20,47,0,completed
RTE-DET-20250326-001,HUB-DET,DRV-01022,VEH-0030,2025-03-26,33,0,completed
RTE-CIN-20250825-001,HUB-CIN,DRV-01002,VEH-0036,2025-08-25,58,0,completed
RTE-IND-20250817-001,HUB-IND,DRV-01188,VEH-0008,2025-08-17,21,0,completed
RTE-CHI-20250422-001,HUB-CHI,DRV-01048,VEH-0019,2025-04-22,31,1,completed
RTE-DET-20250131-001,HUB-DET,DRV-01014,VEH-0022,2025-01-31,39,0,completed
RTE-DET-20250806-003,HUB-DET,DRV-01022,VEH-0024,2025-08-06,36,0,completed
RTE-DET-20251010-001,HUB-DET,DRV-01004,VEH-0029,2025-10-10,28,0,completed
RTE-CMH-20250608-001,HUB-CMH,DRV-01013,VEH-0021,2025-06-08,35,0,completed
RTE-DET-20250405-001,HUB-DET,DRV-01021,VEH-0029,2025-04-05,51,0,completed
RTE-IND-20250203-001,HUB-IND,DRV-01033,VEH-0017,2025-02-03,44,0,completed
RTE-CMH-20250620-001,HUB-CMH,DRV-01028,VEH-0028,2025-06-20,49,0,completed
RTE-CIN-20250204-001,HUB-CIN,DRV-01025,VEH-0018,2025-02-04,64,0,completed
RTE-DET-20251212-001,HUB-DET,DRV-01021,VEH-0030,2025-12-12,41,0,completed
RTE-IND-20250729-001,HUB-IND,DRV-01045,VEH-0008,2025-07-29,20,0,completed
RTE-CHI-20251124-001,HUB-CHI,DRV-01012,VEH-0040,2025-11-24,65,2,completed
RTE-IND-20250722-001,HUB-IND,DRV-01033,VEH-0017,2025-07-22,26,3,completed
RTE-IND-20250307-002,HUB-IND,DRV-01024,VEH-0017,2025-03-07,34,0,completed
RTE-CIN-20250903-001,HUB-CIN,DRV-01038,VEH-0025,2025-09-03,64,0,completed
RTE-CHI-20251125-002,HUB-CHI,DRV-01012,VEH-0040,2025-11-25,43,0,completed
RTE-CMH-20250520-001,HUB-CMH,DRV-01015,VEH-0007,2025-05-20,45,0,completed
RTE-CHI-20250130-001,HUB-CHI,DRV-01047,VEH-0002,2025-01-30,52,4,partial
RTE-CIN-20251030-001,HUB-CIN,DRV-01008,VEH-0018,2025-10-30,19,0,completed
RTE-IND-20250318-001,HUB-IND,DRV-01032,VEH-0016,2025-03-18,27,0,completed
RTE-IND-20250214-001,HUB-IND,DRV-01045,VEH-0009,2025-02-14,53,4,partial
RTE-IND-20251030-001,HUB-IND,DRV-01032,VEH-0016,2025-10-30,21,0,completed
RTE-CIN-20250828-001,HUB-CIN,DRV-01019,VEH-0032,2025-08-28,60,0,completed
RTE-CIN-20251218-002,HUB-CIN,DRV-01002,VEH-0018,2025-12-18,46,0,completed
RTE-IND-20250609-001,HUB-IND,DRV-01045,VEH-0013,2025-06-09,43,0,completed
RTE-DET-20250424-001,HUB-DET,DRV-01046,VEH-0011,2025-04-24,61,0,completed
RTE-IND-20251121-001,HUB-IND,DRV-01032,VEH-0016,2025-11-21,44,0,completed
RTE-IND-20251216-002,HUB-IND,DRV-01006,VEH-0016,2025-12-16,38,0,completed
RTE-IND-20250403-001,HUB-IND,DRV-01045,VEH-0009,2025-04-03,54,0,completed
RTE-CHI-20251017-001,HUB-CHI,DRV-01012,VEH-0005,2025-10-17,38,0,completed
RTE-IND-20251120-001,HUB-IND,DRV-01045,VEH-0016,2025-11-20,63,0,completed
RTE-DET-20250326-002,HUB-DET,DRV-01004,VEH-0024,2025-03-26,47,0,completed
RTE-CHI-20251211-001,HUB-CHI,DRV-01017,VEH-0014,2025-12-11,45,0,completed
RTE-IND-20250221-001,HUB-IND,DRV-01045,VEH-0008,2025-02-21,52,4,partial
RTE-CHI-20250722-001,HUB-CHI,DRV-01048,VEH-0037,2025-07-22,65,0,completed
RTE-CIN-20251223-001,HUB-CIN,DRV-01027,VEH-0027,2025-12-23,28,3,partial
RTE-CHI-20250511-001,HUB-CHI,DRV-01020,VEH-0004,2025-05-11,51,0,completed
RTE-DET-20251115-001,HUB-DET,DRV-01004,VEH-0022,2025-11-15,60,1,partial
RTE-CHI-20251202-001,HUB-CHI,DRV-01007,VEH-0006,2025-12-02,52,4,partial
RTE-IND-20250408-002,HUB-IND,DRV-01188,VEH-0013,2025-04-08,55,1,partial
RTE-DET-20250415-001,HUB-DET,DRV-01022,VEH-0030,2025-04-15,33,0,completed
RTE-CMH-20250102-001,HUB-CMH,DRV-01043,VEH-0007,2025-01-02,28,0,completed
RTE-CMH-20250115-001,HUB-CMH,DRV-01018,VEH-0012,2025-01-15,24,0,completed
RTE-CHI-20250707-001,HUB-CHI,DRV-01005,VEH-0002,2025-07-07,58,0,completed
RTE-CMH-20251024-001,HUB-CMH,DRV-01016,VEH-0007,2025-10-24,31,1,completed
RTE-CHI-20250722-002,HUB-CHI,DRV-01007,VEH-0014,2025-07-22,18,0,completed
RTE-CMH-20250401-001,HUB-CMH,DRV-01010,VEH-0033,2025-04-01,20,0,completed
RTE-CIN-20250304-002,HUB-CIN,DRV-01034,VEH-0026,2025-03-04,48,0,completed
RTE-CHI-20250227-001,HUB-CHI,DRV-01020,VEH-0002,2025-02-27,33,4,partial
RTE-DET-20250613-001,HUB-DET,DRV-01037,VEH-0011,2025-06-13,18,0,completed
RTE-DET-20250210-001,HUB-DET,DRV-01022,VEH-0024,2025-02-10,31,0,completed
RTE-IND-20250331-001,HUB-IND,DRV-01033,VEH-0016,2025-03-31,33,0,completed
RTE-CIN-20250422-002,HUB-CIN,DRV-01027,VEH-0018,2025-04-22,41,0,completed
RTE-IND-20250610-001,HUB-IND,DRV-01188,VEH-0010,2025-06-10,45,0,completed
RTE-DET-20250228-001,HUB-DET,DRV-01046,VEH-0011,2025-02-28,63,0,completed
RTE-CMH-20250820-001,HUB-CMH,DRV-01010,VEH-0033,2025-08-20,27,0,completed
RTE-IND-20250406-002,HUB-IND,DRV-01006,VEH-0008,2025-04-06,57,0,completed
RTE-CMH-20250924-001,HUB-CMH,DRV-01044,VEH-0038,2025-09-24,64,0,completed
RTE-CIN-20251118-001,HUB-CIN,DRV-01038,VEH-0018,2025-11-18,29,0,completed
RTE-CMH-20250327-001,HUB-CMH,DRV-01018,VEH-0001,2025-03-27,19,0,completed
RTE-CHI-20251104-002,HUB-CHI,DRV-01011,VEH-0014,2025-11-04,62,2,completed
RTE-DET-20250819-001,HUB-DET,DRV-01014,VEH-0024,2025-08-19,27,0,completed
RTE-CHI-20250122-001,HUB-CHI,DRV-01007,VEH-0006,2025-01-22,25,4,partial
RTE-CHI-20250529-001,HUB-CHI,DRV-01048,VEH-0006,2025-05-29,28,0,completed
RTE-CMH-20250910-001,HUB-CMH,DRV-01009,VEH-0003,2025-09-10,43,0,completed
RTE-CMH-20250226-001,HUB-CMH,DRV-01043,VEH-0031,2025-02-26,47,0,completed
RTE-DET-20251002-001,HUB-DET,DRV-01046,VEH-0022,2025-10-02,56,2,completed
RTE-CIN-20250407-001,HUB-CIN,DRV-01026,VEH-0036,2025-04-07,34,0,completed
RTE-CHI-20250109-001,HUB-CHI,DRV-01011,VEH-0002,2025-01-09,57,0,completed
RTE-DET-20250212-001,HUB-DET,DRV-01046,VEH-0024,2025-02-12,31,0,completed
RTE-CMH-20251211-001,HUB-CMH,DRV-01016,VEH-0012,2025-12-11,22,0,completed
RTE-CMH-20250524-001,HUB-CMH,DRV-01039,VEH-0028,2025-05-24,19,0,completed
RTE-CMH-20250613-001,HUB-CMH,DRV-01030,VEH-0021,2025-06-13,50,0,completed
RTE-IND-20251008-001,HUB-IND,DRV-01045,VEH-0013,2025-10-08,46,2,completed
RTE-DET-20250812-001,HUB-DET,DRV-01037,VEH-0029,2025-08-12,21,0,completed
RTE-CHI-20251014-001,HUB-CHI,DRV-01005,VEH-0040,2025-10-14,43,0,completed
RTE-IND-20250531-002,HUB-IND,DRV-01032,VEH-0010,2025-05-31,38,0,completed
RTE-DET-20250325-001,HUB-DET,DRV-01014,VEH-0029,2025-03-25,59,0,completed
RTE-CHI-20250815-001,HUB-CHI,DRV-01011,VEH-0005,2025-08-15,54,3,completed
RTE-CHI-20250501-001,HUB-CHI,DRV-01005,VEH-0019,2025-05-01,24,1,completed
RTE-IND-20250409-002,HUB-IND,DRV-01006,VEH-0013,2025-04-09,30,0,completed
RTE-CMH-20251001-001,HUB-CMH,DRV-01009,VEH-0001,2025-10-01,41,2,completed
RTE-CMH-20250611-001,HUB-CMH,DRV-01009,VEH-0033,2025-06-11,58,0,completed
RTE-DET-20250520-001,HUB-DET,DRV-01004,VEH-0011,2025-05-20,47,2,completed
RTE-DET-20250630-002,HUB-DET,DRV-01037,VEH-0029,2025-06-30,50,0,completed
RTE-CMH-20250410-001,HUB-CMH,DRV-01010,VEH-0021,2025-04-10,21,0,completed
RTE-CIN-20251205-001,HUB-CIN,DRV-01002,VEH-0025,2025-12-05,58,6,partial
RTE-CIN-20250507-001,HUB-CIN,DRV-01038,VEH-0027,2025-05-07,25,0,completed
RTE-CMH-20250305-001,HUB-CMH,DRV-01043,VEH-0021,2025-03-05,39,0,completed
RTE-DET-20250913-001,HUB-DET,DRV-01022,VEH-0029,2025-09-13,44,0,completed
RTE-IND-20251027-001,HUB-IND,DRV-01031,VEH-0010,2025-10-27,54,0,completed
RTE-CMH-20250115-002,HUB-CMH,DRV-01028,VEH-0001,2025-01-15,54,1,completed
RTE-IND-20250606-001,HUB-IND,DRV-01024,VEH-0013,2025-06-06,47,0,completed
RTE-CHI-20250121-001,HUB-CHI,DRV-01011,VEH-0006,2025-01-21,53,6,canceled
RTE-IND-20250428-001,HUB-IND,DRV-01188,VEH-0016,2025-04-28,28,0,completed
RTE-CHI-20251203-001,HUB-CHI,DRV-01020,VEH-0006,2025-12-03,64,5,canceled
RTE-IND-20250501-002,HUB-IND,DRV-01188,VEH-0009,2025-05-01,47,0,completed
RTE-CIN-20251114-001,HUB-CIN,DRV-01019,VEH-0020,2025-11-14,58,0,completed
RTE-DET-20251225-001,HUB-DET,DRV-01046,VEH-0011,2025-12-25,28,0,completed
RTE-CHI-20251110-001,HUB-CHI,DRV-01048,VEH-0037,2025-11-10,60,0,completed
RTE-CIN-20251107-001,HUB-CIN,DRV-01023,VEH-0036,2025-11-07,42,3,completed
RTE-CIN-20251027-001,HUB-CIN,DRV-01019,VEH-0025,2025-10-27,64,0,completed
RTE-CHI-20251230-001,HUB-CHI,DRV-01007,VEH-0037,2025-12-30,60,0,completed
RTE-CHI-20250327-001,HUB-CHI,DRV-01047,VEH-0006,2025-03-27,39,0,completed
RTE-IND-20250426-001,HUB-IND,DRV-01006,VEH-0013,2025-04-26,58,0,completed
RTE-CHI-20250410-001,HUB-CHI,DRV-01017,VEH-0002,2025-04-10,25,0,completed
RTE-CMH-20250310-001,HUB-CMH,DRV-01016,VEH-0031,2025-03-10,62,0,completed
RTE-IND-20251219-001,HUB-IND,DRV-01031,VEH-0023,2025-12-19,44,2,partial
RTE-CHI-20250404-001,HUB-CHI,DRV-01012,VEH-0019,2025-04-04,47,2,completed
RTE-CMH-20250705-002,HUB-CMH,DRV-01040,VEH-0021,2025-07-05,31,0,completed
RTE-CHI-20250529-002,HUB-CHI,DRV-01007,VEH-0004,2025-05-29,24,0,completed
RTE-CIN-20250516-002,HUB-CIN,DRV-01023,VEH-0025,2025-05-16,54,0,completed
RTE-IND-20251125-001,HUB-IND,DRV-01031,VEH-0023,2025-11-25,23,0,completed
RTE-IND-20250930-001,HUB-IND,DRV-01031,VEH-0023,2025-09-30,58,0,completed
RTE-IND-20250226-001,HUB-IND,DRV-01024,VEH-0009,2025-02-26,57,4,partial
RTE-CIN-20250909-001,HUB-CIN,DRV-01008,VEH-0025,2025-09-09,60,0,completed
RTE-CIN-20250402-001,HUB-CIN,DRV-01034,VEH-0027,2025-04-02,46,0,completed
RTE-CHI-20250814-001,HUB-CHI,DRV-01020,VEH-0006,2025-08-14,59,0,completed
RTE-CIN-20251113-001,HUB-CIN,DRV-01027,VEH-0025,2025-11-13,59,0,completed
RTE-CMH-20250102-002,HUB-CMH,DRV-01028,VEH-0028,2025-01-02,25,6,partial
RTE-DET-20250523-001,HUB-DET,DRV-01037,VEH-0022,2025-05-23,61,0,completed
RTE-CIN-20250827-001,HUB-CIN,DRV-01008,VEH-0025,2025-08-27,38,0,completed
RTE-CMH-20250915-001,HUB-CMH,DRV-01010,VEH-0021,2025-09-15,43,0,completed
RTE-CIN-20250503-001,HUB-CIN,DRV-01038,VEH-0032,2025-05-03,42,0,completed
RTE-CMH-20250125-001,HUB-CMH,DRV-01049,VEH-0021,2025-01-25,58,0,completed
RTE-DET-20250806-004,HUB-DET,DRV-01046,VEH-0030,2025-08-06,42,0,completed
RTE-DET-20250114-001,HUB-DET,DRV-01037,VEH-0029,2025-01-14,33,0,completed
RTE-CMH-20250317-001,HUB-CMH,DRV-01030,VEH-0033,2025-03-17,56,0,completed
RTE-CMH-20251118-001,HUB-CMH,DRV-01018,VEH-0028,2025-11-18,18,0,completed
RTE-IND-20250326-001,HUB-IND,DRV-01006,VEH-0009,2025-03-26,64,0,completed
RTE-DET-20250211-001,HUB-DET,DRV-01004,VEH-0011,2025-02-11,34,0,completed
RTE-DET-20250406-001,HUB-DET,DRV-01014,VEH-0030,2025-04-06,57,0,completed
RTE-CHI-20250919-001,HUB-CHI,DRV-01011,VEH-0004,2025-09-19,29,2,partial
RTE-CIN-20250516-003,HUB-CIN,DRV-01029,VEH-0025,2025-05-16,27,0,completed
RTE-CIN-20250825-002,HUB-CIN,DRV-01026,VEH-0036,2025-08-25,42,0,completed
RTE-DET-20251122-001,HUB-DET,DRV-01037,VEH-0024,2025-11-22,28,1,partial
RTE-CMH-20250527-001,HUB-CMH,DRV-01015,VEH-0021,2025-05-27,26,0,completed
RTE-DET-20250108-001,HUB-DET,DRV-01014,VEH-0029,2025-01-08,28,5,canceled
RTE-IND-20250204-001,HUB-IND,DRV-01042,VEH-0009,2025-02-04,51,0,completed
RTE-CIN-20250614-001,HUB-CIN,DRV-01023,VEH-0026,2025-06-14,38,0,completed
RTE-DET-20251224-001,HUB-DET,DRV-01014,VEH-0029,2025-12-24,62,0,completed
RTE-CHI-20250915-001,HUB-CHI,DRV-01012,VEH-0002,2025-09-15,39,0,completed
RTE-CIN-20250902-001,HUB-CIN,DRV-01027,VEH-0032,2025-09-02,56,0,completed
RTE-DET-20250417-001,HUB-DET,DRV-01022,VEH-0029,2025-04-17,19,0,completed
RTE-CMH-20251117-001,HUB-CMH,DRV-01001,VEH-0028,2025-11-17,55,3,partial
RTE-CMH-20251002-001,HUB-CMH,DRV-01016,VEH-0001,2025-10-02,35,0,completed
RTE-CIN-20250428-001,HUB-CIN,DRV-01002,VEH-0020,2025-04-28,39,0,completed
RTE-CMH-20250811-001,HUB-CMH,DRV-01044,VEH-0007,2025-08-11,51,0,completed
RTE-DET-20251010-002,HUB-DET,DRV-01037,VEH-0029,2025-10-10,45,0,completed
RTE-DET-20251113-001,HUB-DET,DRV-01014,VEH-0024,2025-11-13,37,0,completed
RTE-CMH-20250721-001,HUB-CMH,DRV-01049,VEH-0033,2025-07-21,38,0,completed
RTE-IND-20250609-002,HUB-IND,DRV-01024,VEH-0016,2025-06-09,19,0,completed
RTE-IND-20250308-001,HUB-IND,DRV-01033,VEH-0008,2025-03-08,50,0,completed
RTE-CHI-20251107-002,HUB-CHI,DRV-01020,VEH-0037,2025-11-07,41,2,partial
RTE-CHI-20251125-003,HUB-CHI,DRV-01047,VEH-0040,2025-11-25,64,0,completed
RTE-CMH-20250619-001,HUB-CMH,DRV-01044,VEH-0033,2025-06-19,64,0,completed
RTE-IND-20251216-003,HUB-IND,DRV-01042,VEH-0013,2025-12-16,32,0,completed
RTE-CHI-20250630-001,HUB-CHI,DRV-01020,VEH-0004,2025-06-30,28,0,completed
RTE-CIN-20250619-001,HUB-CIN,DRV-01023,VEH-0026,2025-06-19,47,0,completed
RTE-CMH-20251124-001,HUB-CMH,DRV-01009,VEH-0033,2025-11-24,38,0,completed
RTE-CIN-20250322-001,HUB-CIN,DRV-01038,VEH-0020,2025-03-22,57,0,completed
RTE-DET-20251218-001,HUB-DET,DRV-01021,VEH-0022,2025-12-18,31,0,completed
RTE-DET-20250723-002,HUB-DET,DRV-01021,VEH-0030,2025-07-23,54,0,completed
RTE-CMH-20250314-001,HUB-CMH,DRV-01044,VEH-0012,2025-03-14,60,0,completed
RTE-CMH-20250101-001,HUB-CMH,DRV-01030,VEH-0021,2025-01-01,23,0,completed
RTE-CHI-20250212-001,HUB-CHI,DRV-01017,VEH-0005,2025-02-12,44,0,completed
RTE-DET-20250613-002,HUB-DET,DRV-01021,VEH-0022,2025-06-13,62,0,completed
RTE-CHI-20250205-001,HUB-CHI,DRV-01047,VEH-0037,2025-02-05,63,2,partial
RTE-CHI-20250308-001,HUB-CHI,DRV-01005,VEH-0014,2025-03-08,21,0,completed
RTE-CMH-20250314-002,HUB-CMH,DRV-01018,VEH-0012,2025-03-14,31,0,completed
RTE-CMH-20250728-001,HUB-CMH,DRV-01009,VEH-0038,2025-07-28,56,0,completed
RTE-CHI-20250911-001,HUB-CHI,DRV-01047,VEH-0005,2025-09-11,51,0,completed
RTE-IND-20250715-001,HUB-IND,DRV-01032,VEH-0017,2025-07-15,31,0,completed
RTE-IND-20250122-001,HUB-IND,DRV-01024,VEH-0017,2025-01-22,57,1,partial
RTE-CMH-20250716-001,HUB-CMH,DRV-01013,VEH-0012,2025-07-16,65,0,completed
RTE-CMH-20250429-001,HUB-CMH,DRV-01030,VEH-0028,2025-04-29,36,0,completed
RTE-DET-20250508-001,HUB-DET,DRV-01046,VEH-0029,2025-05-08,21,0,completed
RTE-CHI-20251106-001,HUB-CHI,DRV-01007,VEH-0006,2025-11-06,48,0,completed
RTE-CMH-20250204-002,HUB-CMH,DRV-01036,VEH-0012,2025-02-04,44,0,completed
RTE-DET-20250731-001,HUB-DET,DRV-01022,VEH-0029,2025-07-31,47,0,completed
RTE-DET-20250822-001,HUB-DET,DRV-01021,VEH-0024,2025-08-22,40,0,completed
RTE-CMH-20251113-001,HUB-CMH,DRV-01013,VEH-0021,2025-11-13,50,3,partial
RTE-IND-20251223-002,HUB-IND,DRV-01032,VEH-0010,2025-12-23,65,0,completed
RTE-CMH-20250225-002,HUB-CMH,DRV-01010,VEH-0031,2025-02-25,57,3,completed
RTE-CMH-20250501-001,HUB-CMH,DRV-01030,VEH-0007,2025-05-01,30,0,completed
RTE-CMH-20250407-001,HUB-CMH,DRV-01013,VEH-0028,2025-04-07,61,0,completed
RTE-IND-20250205-001,HUB-IND,DRV-01042,VEH-0010,2025-02-05,65,0,completed
RTE-CMH-20250826-001,HUB-CMH,DRV-01010,VEH-0031,2025-08-26,34,1,partial
RTE-CMH-20250805-002,HUB-CMH,DRV-01018,VEH-0033,2025-08-05,36,0,completed
RTE-CMH-20250613-002,HUB-CMH,DRV-01040,VEH-0021,2025-06-13,37,0,completed
RTE-DET-20250902-001,HUB-DET,DRV-01014,VEH-0011,2025-09-02,44,0,completed
RTE-CHI-20251015-001,HUB-CHI,DRV-01017,VEH-0005,2025-10-15,47,0,completed
RTE-DET-20251024-002,HUB-DET,DRV-01014,VEH-0011,2025-10-24,29,0,completed
RTE-DET-20250128-002,HUB-DET,DRV-01037,VEH-0024,2025-01-28,48,0,completed
RTE-CHI-20250626-001,HUB-CHI,DRV-01005,VEH-0005,2025-06-26,32,0,completed
RTE-CIN-20250704-001,HUB-CIN,DRV-01034,VEH-0020,2025-07-04,47,0,completed
RTE-CHI-20250227-002,HUB-CHI,DRV-01020,VEH-0005,2025-02-27,52,5,partial
RTE-CIN-20250213-002,HUB-CIN,DRV-01038,VEH-0036,2025-02-13,63,0,completed
RTE-CIN-20250603-001,HUB-CIN,DRV-01025,VEH-0018,2025-06-03,42,0,completed
RTE-CIN-20250620-001,HUB-CIN,DRV-01034,VEH-0018,2025-06-20,65,0,completed
RTE-IND-20250721-001,HUB-IND,DRV-01033,VEH-0013,2025-07-21,34,0,completed
RTE-CMH-20251027-001,HUB-CMH,DRV-01001,VEH-0021,2025-10-27,22,0,completed
RTE-IND-20250328-002,HUB-IND,DRV-01031,VEH-0023,2025-03-28,65,0,completed
RTE-CIN-20250911-001,HUB-CIN,DRV-01025,VEH-0025,2025-09-11,34,0,completed
RTE-CIN-20250105-001,HUB-CIN,DRV-01034,VEH-0026,2025-01-05,49,0,completed
RTE-CMH-20250627-002,HUB-CMH,DRV-01009,VEH-0021,2025-06-27,42,0,completed
RTE-CIN-20250123-001,HUB-CIN,DRV-01038,VEH-0036,2025-01-23,32,0,completed
RTE-IND-20250315-001,HUB-IND,DRV-01006,VEH-0017,2025-03-15,26,0,completed
RTE-CMH-20251224-001,HUB-CMH,DRV-01001,VEH-0021,2025-12-24,60,4,canceled
RTE-DET-20250117-001,HUB-DET,DRV-01014,VEH-0024,2025-01-17,62,0,completed
RTE-CHI-20250122-002,HUB-CHI,DRV-01007,VEH-0037,2025-01-22,24,3,completed
RTE-CMH-20250307-001,HUB-CMH,DRV-01018,VEH-0021,2025-03-07,40,0,completed
RTE-DET-20250401-001,HUB-DET,DRV-01021,VEH-0024,2025-04-01,59,0,completed
RTE-CHI-20250915-002,HUB-CHI,DRV-01011,VEH-0037,2025-09-15,49,0,completed
RTE-IND-20250915-001,HUB-IND,DRV-01024,VEH-0010,2025-09-15,61,2,completed
RTE-CMH-20250918-002,HUB-CMH,DRV-01016,VEH-0028,2025-09-18,65,0,completed
RTE-DET-20250801-001,HUB-DET,DRV-01004,VEH-0029,2025-08-01,44,0,completed
RTE-CMH-20251026-001,HUB-CMH,DRV-01036,VEH-0012,2025-10-26,44,0,completed
RTE-CMH-20250728-002,HUB-CMH,DRV-01016,VEH-0028,2025-07-28,38,0,completed
RTE-CMH-20250731-001,HUB-CMH,DRV-01044,VEH-0003,2025-07-31,32,0,completed
RTE-CHI-20250407-002,HUB-CHI,DRV-01011,VEH-0014,2025-04-07,41,0,completed
RTE-CHI-20250919-002,HUB-CHI,DRV-01020,VEH-0037,2025-09-19,56,0,completed
RTE-CHI-20251031-002,HUB-CHI,DRV-01007,VEH-0005,2025-10-31,59,0,completed
RTE-CIN-20250609-001,HUB-CIN,DRV-01041,VEH-0026,2025-06-09,55,0,completed
RTE-CIN-20250605-001,HUB-CIN,DRV-01027,VEH-0027,2025-06-05,50,0,completed
RTE-CHI-20250729-001,HUB-CHI,DRV-01007,VEH-0037,2025-07-29,32,1,completed
RTE-IND-20250127-001,HUB-IND,DRV-01032,VEH-0013,2025-01-27,54,0,completed
RTE-CHI-20250404-002,HUB-CHI,DRV-01020,VEH-0004,2025-04-04,45,0,completed
RTE-CMH-20250501-002,HUB-CMH,DRV-01009,VEH-0007,2025-05-01,48,0,completed
RTE-CMH-20251028-001,HUB-CMH,DRV-01009,VEH-0033,2025-10-28,42,0,completed
RTE-CIN-20250225-001,HUB-CIN,DRV-01003,VEH-0027,2025-02-25,50,0,completed
RTE-DET-20250505-001,HUB-DET,DRV-01046,VEH-0011,2025-05-05,51,0,completed
RTE-CHI-20250627-001,HUB-CHI,DRV-01035,VEH-0002,2025-06-27,44,0,completed
RTE-CHI-20250731-001,HUB-CHI,DRV-01020,VEH-0037,2025-07-31,48,0,completed
RTE-DET-20250630-003,HUB-DET,DRV-01022,VEH-0024,2025-06-30,43,0,completed
RTE-CHI-20250529-003,HUB-CHI,DRV-01048,VEH-0014,2025-05-29,22,2,partial
RTE-CMH-20251230-001,HUB-CMH,DRV-01013,VEH-0007,2025-12-30,48,2,partial
RTE-CHI-20250607-002,HUB-CHI,DRV-01047,VEH-0014,2025-06-07,62,0,completed
RTE-IND-20250416-001,HUB-IND,DRV-01031,VEH-0017,2025-04-16,64,0,completed
RTE-DET-20250624-001,HUB-DET,DRV-01004,VEH-0011,2025-06-24,53,0,completed
RTE-CMH-20250319-001,HUB-CMH,DRV-01013,VEH-0038,2025-03-19,18,0,completed
RTE-CIN-20250808-001,HUB-CIN,DRV-01025,VEH-0027,2025-08-08,60,0,completed
RTE-CMH-20250313-002,HUB-CMH,DRV-01030,VEH-0028,2025-03-13,30,0,completed
RTE-CMH-20251207-001,HUB-CMH,DRV-01009,VEH-0007,2025-12-07,50,0,completed
RTE-DET-20250827-001,HUB-DET,DRV-01037,VEH-0011,2025-08-27,31,0,completed
RTE-DET-20250806-005,HUB-DET,DRV-01022,VEH-0022,2025-08-06,43,0,completed
RTE-IND-20251112-001,HUB-IND,DRV-01188,VEH-0009,2025-11-12,50,2,completed
RTE-CIN-20250617-002,HUB-CIN,DRV-01029,VEH-0025,2025-06-17,39,1,partial
RTE-CIN-20250909-002,HUB-CIN,DRV-01002,VEH-0032,2025-09-09,29,0,completed
RTE-IND-20251104-001,HUB-IND,DRV-01006,VEH-0023,2025-11-04,32,0,completed
RTE-IND-20250422-001,HUB-IND,DRV-01032,VEH-0017,2025-04-22,65,1,completed
RTE-IND-20250509-001,HUB-IND,DRV-01031,VEH-0023,2025-05-09,62,0,completed
RTE-IND-20251219-002,HUB-IND,DRV-01045,VEH-0013,2025-12-19,24,0,completed
RTE-CMH-20250625-001,HUB-CMH,DRV-01044,VEH-0012,2025-06-25,21,0,completed
RTE-CHI-20250204-001,HUB-CHI,DRV-01035,VEH-0019,2025-02-04,27,5,partial
RTE-CIN-20251103-001,HUB-CIN,DRV-01019,VEH-0027,2025-11-03,50,0,completed
RTE-CMH-20250103-001,HUB-CMH,DRV-01016,VEH-0003,2025-01-03,35,0,completed
RTE-DET-20250815-001,HUB-DET,DRV-01022,VEH-0024,2025-08-15,54,2,partial
RTE-IND-20250729-002,HUB-IND,DRV-01188,VEH-0013,2025-07-29,40,0,completed
RTE-CHI-20250327-002,HUB-CHI,DRV-01035,VEH-0004,2025-03-27,54,0,completed
RTE-IND-20251203-002,HUB-IND,DRV-01006,VEH-0023,2025-12-03,26,0,completed
RTE-IND-20251015-001,HUB-IND,DRV-01033,VEH-0009,2025-10-15,60,0,completed
RTE-IND-20250512-001,HUB-IND,DRV-01188,VEH-0013,2025-05-12,44,0,completed
RTE-CHI-20250209-001,HUB-CHI,DRV-01048,VEH-0037,2025-02-09,39,0,completed
RTE-CMH-20250109-001,HUB-CMH,DRV-01040,VEH-0003,2025-01-09,62,0,completed
RTE-DET-20250627-001,HUB-DET,DRV-01046,VEH-0029,2025-06-27,50,0,completed
RTE-CIN-20250417-001,HUB-CIN,DRV-01041,VEH-0032,2025-04-17,65,0,completed
RTE-CIN-20250706-001,HUB-CIN,DRV-01019,VEH-0026,2025-07-06,18,0,completed
RTE-IND-20251024-001,HUB-IND,DRV-01024,VEH-0009,2025-10-24,58,0,completed
RTE-DET-20250801-002,HUB-DET,DRV-01004,VEH-0030,2025-08-01,38,0,completed
RTE-CMH-20250729-001,HUB-CMH,DRV-01040,VEH-0038,2025-07-29,49,0,completed
RTE-CHI-20250813-002,HUB-CHI,DRV-01005,VEH-0005,2025-08-13,19,0,completed
RTE-CHI-20250425-001,HUB-CHI,DRV-01048,VEH-0004,2025-04-25,22,0,completed
RTE-CIN-20251023-001,HUB-CIN,DRV-01026,VEH-0026,2025-10-23,48,0,completed
RTE-DET-20250423-001,HUB-DET,DRV-01014,VEH-0011,2025-04-23,30,0,completed
RTE-IND-20250425-001,HUB-IND,DRV-01033,VEH-0016,2025-04-25,32,0,completed
RTE-CMH-20250905-002,HUB-CMH,DRV-01028,VEH-0003,2025-09-05,55,0,completed
RTE-IND-20250102-001,HUB-IND,DRV-01045,VEH-0017,2025-01-02,38,0,completed
RTE-CHI-20250527-001,HUB-CHI,DRV-01035,VEH-0040,2025-05-27,48,2,completed
RTE-CHI-20250819-001,HUB-CHI,DRV-01012,VEH-0004,2025-08-19,43,0,completed
RTE-IND-20250624-001,HUB-IND,DRV-01045,VEH-0016,2025-06-24,59,0,completed
RTE-CMH-20250504-001,HUB-CMH,DRV-01043,VEH-0028,2025-05-04,51,0,completed
RTE-CIN-20250808-002,HUB-CIN,DRV-01003,VEH-0018,2025-08-08,28,0,completed
RTE-CHI-20250218-001,HUB-CHI,DRV-01011,VEH-0037,2025-02-18,44,3,partial
RTE-CMH-20250918-003,HUB-CMH,DRV-01039,VEH-0001,2025-09-18,54,0,completed
RTE-IND-20250127-002,HUB-IND,DRV-01006,VEH-0023,2025-01-27,23,0,completed
RTE-CMH-20250717-001,HUB-CMH,DRV-01044,VEH-0028,2025-07-17,56,0,completed
RTE-CMH-20250107-001,HUB-CMH,DRV-01001,VEH-0003,2025-01-07,55,0,completed
RTE-CIN-20250923-001,HUB-CIN,DRV-01025,VEH-0025,2025-09-23,43,0,completed
RTE-CHI-20251230-002,HUB-CHI,DRV-01017,VEH-0040,2025-12-30,36,4,partial
RTE-CIN-20250429-001,HUB-CIN,DRV-01038,VEH-0018,2025-04-29,53,0,completed
RTE-CIN-20251022-001,HUB-CIN,DRV-01025,VEH-0027,2025-10-22,42,0,completed
RTE-CHI-20250926-001,HUB-CHI,DRV-01011,VEH-0004,2025-09-26,30,0,completed
RTE-CIN-20251205-002,HUB-CIN,DRV-01038,VEH-0025,2025-12-05,59,0,completed
RTE-IND-20250331-002,HUB-IND,DRV-01024,VEH-0008,2025-03-31,23,0,completed
RTE-IND-20250411-001,HUB-IND,DRV-01033,VEH-0023,2025-04-11,65,2,completed
RTE-IND-20251023-001,HUB-IND,DRV-01024,VEH-0023,2025-10-23,29,0,completed
RTE-CIN-20250818-001,HUB-CIN,DRV-01034,VEH-0032,2025-08-18,55,3,completed
RTE-CHI-20250313-001,HUB-CHI,DRV-01048,VEH-0040,2025-03-13,61,0,completed
RTE-DET-20250828-001,HUB-DET,DRV-01022,VEH-0011,2025-08-28,58,0,completed
RTE-CIN-20250326-001,HUB-CIN,DRV-01034,VEH-0025,2025-03-26,22,0,completed
RTE-CIN-20250829-001,HUB-CIN,DRV-01019,VEH-0027,2025-08-29,47,0,completed
RTE-CHI-20251209-002,HUB-CHI,DRV-01005,VEH-0004,2025-12-09,50,2,completed
RTE-CIN-20251121-001,HUB-CIN,DRV-01038,VEH-0036,2025-11-21,46,0,completed
RTE-DET-20250403-001,HUB-DET,DRV-01022,VEH-0022,2025-04-03,50,0,completed
RTE-DET-20250103-001,HUB-DET,DRV-01004,VEH-0024,2025-01-03,37,0,completed
RTE-IND-20251010-001,HUB-IND,DRV-01024,VEH-0009,2025-10-10,32,0,completed
RTE-CIN-20250829-002,HUB-CIN,DRV-01026,VEH-0018,2025-08-29,39,0,completed
RTE-DET-20250818-001,HUB-DET,DRV-01022,VEH-0029,2025-08-18,22,0,completed
RTE-CIN-20251227-001,HUB-CIN,DRV-01029,VEH-0027,2025-12-27,26,0,completed
RTE-CIN-20250321-001,HUB-CIN,DRV-01027,VEH-0025,2025-03-21,46,0,completed
RTE-CIN-20250703-001,HUB-CIN,DRV-01034,VEH-0036,2025-07-03,29,0,completed
RTE-CHI-20250107-001,HUB-CHI,DRV-01035,VEH-0002,2025-01-07,42,0,completed
RTE-DET-20250929-001,HUB-DET,DRV-01004,VEH-0030,2025-09-29,59,0,completed
RTE-DET-20250331-001,HUB-DET,DRV-01021,VEH-0024,2025-03-31,47,2,completed
RTE-DET-20250801-003,HUB-DET,DRV-01021,VEH-0024,2025-08-01,24,0,completed
RTE-IND-20250820-001,HUB-IND,DRV-01031,VEH-0010,2025-08-20,46,0,completed
RTE-CIN-20250602-001,HUB-CIN,DRV-01029,VEH-0020,2025-06-02,38,0,completed
RTE-CIN-20251106-001,HUB-CIN,DRV-01002,VEH-0032,2025-11-06,25,0,completed
RTE-CMH-20250707-002,HUB-CMH,DRV-01043,VEH-0003,2025-07-07,25,0,completed
RTE-CHI-20250508-001,HUB-CHI,DRV-01048,VEH-0019,2025-05-08,22,0,completed
RTE-IND-20250808-003,HUB-IND,DRV-01045,VEH-0013,2025-08-08,20,0,completed
RTE-DET-20250131-002,HUB-DET,DRV-01037,VEH-0011,2025-01-31,56,0,completed
RTE-CHI-20250916-001,HUB-CHI,DRV-01007,VEH-0006,2025-09-16,34,0,completed
RTE-CMH-20251226-001,HUB-CMH,DRV-01010,VEH-0033,2025-12-26,38,0,completed
RTE-CMH-20250808-001,HUB-CMH,DRV-01013,VEH-0021,2025-08-08,65,0,completed
RTE-DET-20250626-001,HUB-DET,DRV-01014,VEH-0022,2025-06-26,31,0,completed
RTE-CHI-20251023-001,HUB-CHI,DRV-01012,VEH-0014,2025-10-23,57,0,completed
RTE-CHI-20250704-001,HUB-CHI,DRV-01017,VEH-0019,2025-07-04,46,1,completed
RTE-CIN-20250622-001,HUB-CIN,DRV-01038,VEH-0020,2025-06-22,43,0,completed
RTE-CMH-20251006-001,HUB-CMH,DRV-01044,VEH-0012,2025-10-06,28,0,completed
RTE-CHI-20251213-001,HUB-CHI,DRV-01047,VEH-0004,2025-12-13,42,5,partial
RTE-CIN-20250719-001,HUB-CIN,DRV-01038,VEH-0026,2025-07-19,55,0,completed
RTE-DET-20250509-001,HUB-DET,DRV-01022,VEH-0022,2025-05-09,31,0,completed
RTE-CHI-20250113-001,HUB-CHI,DRV-01048,VEH-0019,2025-01-13,59,0,completed
RTE-CIN-20250829-003,HUB-CIN,DRV-01027,VEH-0036,2025-08-29,62,0,completed
RTE-CMH-20250407-002,HUB-CMH,DRV-01043,VEH-0007,2025-04-07,29,0,completed
RTE-CHI-20251231-001,HUB-CHI,DRV-01012,VEH-0005,2025-12-31,50,0,completed
RTE-DET-20250101-001,HUB-DET,DRV-01014,VEH-0024,2025-01-01,33,0,completed
RTE-CMH-20250509-001,HUB-CMH,DRV-01049,VEH-0038,2025-05-09,41,0,completed
RTE-IND-20250708-001,HUB-IND,DRV-01024,VEH-0023,2025-07-08,52,0,completed
RTE-CIN-20250612-003,HUB-CIN,DRV-01029,VEH-0020,2025-06-12,23,0,completed
RTE-CMH-20250102-003,HUB-CMH,DRV-01049,VEH-0012,2025-01-02,40,0,completed
RTE-CHI-20250115-001,HUB-CHI,DRV-01011,VEH-0005,2025-01-15,45,0,completed
RTE-IND-20250617-001,HUB-IND,DRV-01006,VEH-0010,2025-06-17,46,0,completed
RTE-DET-20251007-001,HUB-DET,DRV-01021,VEH-0029,2025-10-07,24,0,completed
RTE-CIN-20250915-003,HUB-CIN,DRV-01041,VEH-0026,2025-09-15,59,0,completed
RTE-CHI-20250410-002,HUB-CHI,DRV-01020,VEH-0002,2025-04-10,51,0,completed
RTE-IND-20251002-002,HUB-IND,DRV-01045,VEH-0010,2025-10-02,58,0,completed
RTE-DET-20250813-001,HUB-DET,DRV-01004,VEH-0030,2025-08-13,52,0,completed
RTE-CIN-20250401-001,HUB-CIN,DRV-01034,VEH-0036,2025-04-01,59,0,completed
RTE-DET-20250722-001,HUB-DET,DRV-01046,VEH-0022,2025-07-22,43,0,completed
RTE-CHI-20250723-001,HUB-CHI,DRV-01012,VEH-0002,2025-07-23,53,0,completed
RTE-CMH-20250122-001,HUB-CMH,DRV-01028,VEH-0007,2025-01-22,65,0,completed
RTE-CIN-20250319-001,HUB-CIN,DRV-01002,VEH-0020,2025-03-19,31,0,completed
RTE-DET-20250526-001,HUB-DET,DRV-01021,VEH-0030,2025-05-26,23,0,completed
RTE-CHI-20250810-001,HUB-CHI,DRV-01017,VEH-0006,2025-08-10,61,1,completed
RTE-CHI-20250730-001,HUB-CHI,DRV-01035,VEH-0037,2025-07-30,29,0,completed
RTE-IND-20250705-001,HUB-IND,DRV-01024,VEH-0010,2025-07-05,18,0,completed
RTE-DET-20250619-001,HUB-DET,DRV-01037,VEH-0029,2025-06-19,27,0,completed
RTE-IND-20251022-002,HUB-IND,DRV-01024,VEH-0023,2025-10-22,24,0,completed
RTE-IND-20250919-001,HUB-IND,DRV-01045,VEH-0008,2025-09-19,20,0,completed
RTE-CMH-20250801-001,HUB-CMH,DRV-01040,VEH-0001,2025-08-01,29,0,completed
RTE-CMH-20251030-002,HUB-CMH,DRV-01039,VEH-0003,2025-10-30,46,0,completed
RTE-IND-20251204-002,HUB-IND,DRV-01032,VEH-0016,2025-12-04,58,0,completed
RTE-CHI-20250714-001,HUB-CHI,DRV-01017,VEH-0014,2025-07-14,22,0,completed
RTE-CIN-20250909-003,HUB-CIN,DRV-01029,VEH-0025,2025-09-09,38,0,completed
RTE-CHI-20250424-002,HUB-CHI,DRV-01007,VEH-0037,2025-04-24,40,1,partial
RTE-CHI-20250521-001,HUB-CHI,DRV-01012,VEH-0006,2025-05-21,40,0,completed
RTE-CMH-20250511-001,HUB-CMH,DRV-01028,VEH-0003,2025-05-11,22,0,completed
RTE-DET-20250108-002,HUB-DET,DRV-01014,VEH-0030,2025-01-08,51,0,completed
RTE-CHI-20250328-001,HUB-CHI,DRV-01005,VEH-0019,2025-03-28,58,0,completed
RTE-DET-20250116-001,HUB-DET,DRV-01022,VEH-0029,2025-01-16,24,3,completed
RTE-CHI-20250424-003,HUB-CHI,DRV-01007,VEH-0040,2025-04-24,23,0,completed
RTE-IND-20251022-003,HUB-IND,DRV-01042,VEH-0010,2025-10-22,65,0,completed
RTE-CHI-20251010-001,HUB-CHI,DRV-01017,VEH-0005,2025-10-10,28,1,completed
RTE-CIN-20251210-002,HUB-CIN,DRV-01003,VEH-0025,2025-12-10,59,5,partial
RTE-IND-20251215-001,HUB-IND,DRV-01031,VEH-0008,2025-12-15,46,0,completed
RTE-CMH-20251008-001,HUB-CMH,DRV-01009,VEH-0007,2025-10-08,44,0,completed
RTE-IND-20250327-001,HUB-IND,DRV-01006,VEH-0023,2025-03-27,38,0,completed
RTE-CHI-20250902-001,HUB-CHI,DRV-01011,VEH-0014,2025-09-02,65,0,completed
RTE-IND-20251104-002,HUB-IND,DRV-01032,VEH-0008,2025-11-04,33,0,completed
RTE-CHI-20251219-002,HUB-CHI,DRV-01020,VEH-0002,2025-12-19,65,0,completed
RTE-CHI-20250723-002,HUB-CHI,DRV-01012,VEH-0006,2025-07-23,50,0,completed
RTE-DET-20251214-001,HUB-DET,DRV-01046,VEH-0029,2025-12-14,40,5,partial
RTE-IND-20251015-002,HUB-IND,DRV-01006,VEH-0009,2025-10-15,32,0,completed
RTE-DET-20250925-002,HUB-DET,DRV-01046,VEH-0024,2025-09-25,24,0,completed
RTE-CHI-20250730-002,HUB-CHI,DRV-01011,VEH-0002,2025-07-30,50,0,completed
RTE-IND-20250130-002,HUB-IND,DRV-01188,VEH-0017,2025-01-30,24,0,completed
RTE-IND-20250115-002,HUB-IND,DRV-01024,VEH-0016,2025-01-15,26,0,completed
RTE-DET-20250827-002,HUB-DET,DRV-01014,VEH-0011,2025-08-27,21,0,completed
RTE-IND-20250905-001,HUB-IND,DRV-01033,VEH-0010,2025-09-05,48,0,completed
RTE-CIN-20250429-002,HUB-CIN,DRV-01003,VEH-0032,2025-04-29,22,0,completed
RTE-CMH-20250906-001,HUB-CMH,DRV-01001,VEH-0012,2025-09-06,63,0,completed
RTE-CIN-20250721-001,HUB-CIN,DRV-01038,VEH-0027,2025-07-21,62,0,completed
RTE-DET-20250929-002,HUB-DET,DRV-01021,VEH-0029,2025-09-29,31,0,completed
RTE-CIN-20250523-002,HUB-CIN,DRV-01026,VEH-0026,2025-05-23,42,0,completed
RTE-CHI-20250815-002,HUB-CHI,DRV-01012,VEH-0037,2025-08-15,42,0,completed
RTE-DET-20250530-001,HUB-DET,DRV-01021,VEH-0011,2025-05-30,27,1,completed
RTE-DET-20250409-001,HUB-DET,DRV-01037,VEH-0030,2025-04-09,31,0,completed
RTE-IND-20250320-001,HUB-IND,DRV-01031,VEH-0023,2025-03-20,52,0,completed
RTE-IND-20251027-002,HUB-IND,DRV-01006,VEH-0010,2025-10-27,31,0,completed
RTE-CHI-20250110-001,HUB-CHI,DRV-01035,VEH-0019,2025-01-10,48,0,completed
RTE-CHI-20250711-001,HUB-CHI,DRV-01035,VEH-0037,2025-07-11,53,0,completed
RTE-CMH-20251014-001,HUB-CMH,DRV-01013,VEH-0003,2025-10-14,45,0,completed
RTE-CIN-20250829-004,HUB-CIN,DRV-01003,VEH-0026,2025-08-29,38,0,completed
RTE-CIN-20251128-001,HUB-CIN,DRV-01003,VEH-0020,2025-11-28,39,4,partial
RTE-CHI-20251110-002,HUB-CHI,DRV-01005,VEH-0006,2025-11-10,57,0,completed
RTE-CHI-20250703-001,HUB-CHI,DRV-01020,VEH-0005,2025-07-03,65,0,completed
RTE-CMH-20250723-001,HUB-CMH,DRV-01030,VEH-0038,2025-07-23,40,0,completed
RTE-CIN-20251104-003,HUB-CIN,DRV-01027,VEH-0020,2025-11-04,36,0,completed
RTE-CMH-20250116-001,HUB-CMH,DRV-01009,VEH-0021,2025-01-16,57,0,completed
RTE-IND-20250908-001,HUB-IND,DRV-01188,VEH-0010,2025-09-08,35,0,completed
RTE-DET-20250414-001,HUB-DET,DRV-01022,VEH-0011,2025-04-14,35,0,completed
RTE-CMH-20251112-001,HUB-CMH,DRV-01036,VEH-0031,2025-11-12,47,0,completed
RTE-IND-20251105-001,HUB-IND,DRV-01042,VEH-0023,2025-11-05,42,0,completed
RTE-CHI-20250819-002,HUB-CHI,DRV-01035,VEH-0004,2025-08-19,20,0,completed
RTE-IND-20251218-002,HUB-IND,DRV-01006,VEH-0010,2025-12-18,48,4,partial
RTE-CIN-20250127-001,HUB-CIN,DRV-01041,VEH-0018,2025-01-27,36,0,completed
RTE-DET-20250610-001,HUB-DET,DRV-01037,VEH-0024,2025-06-10,31,3,partial
RTE-CIN-20250223-001,HUB-CIN,DRV-01038,VEH-0036,2025-02-23,50,0,completed
RTE-CMH-20250821-001,HUB-CMH,DRV-01039,VEH-0031,2025-08-21,54,0,completed
RTE-IND-20250718-001,HUB-IND,DRV-01188,VEH-0009,2025-07-18,32,0,completed
RTE-CMH-20250607-001,HUB-CMH,DRV-01001,VEH-0021,2025-06-07,52,0,completed
RTE-CIN-20250814-001,HUB-CIN,DRV-01041,VEH-0026,2025-08-14,46,0,completed
RTE-CHI-20250226-002,HUB-CHI,DRV-01035,VEH-0019,2025-02-26,48,0,completed
RTE-CMH-20251009-001,HUB-CMH,DRV-01030,VEH-0007,2025-10-09,55,0,completed
RTE-DET-20250327-001,HUB-DET,DRV-01037,VEH-0030,2025-03-27,59,0,completed
RTE-IND-20250918-001,HUB-IND,DRV-01031,VEH-0010,2025-09-18,54,0,completed
RTE-IND-20250929-001,HUB-IND,DRV-01024,VEH-0017,2025-09-29,62,0,completed
RTE-IND-20251014-001,HUB-IND,DRV-01042,VEH-0009,2025-10-14,47,0,completed
RTE-IND-20250201-001,HUB-IND,DRV-01032,VEH-0013,2025-02-01,44,5,partial
RTE-DET-20251017-001,HUB-DET,DRV-01022,VEH-0011,2025-10-17,49,0,completed
RTE-CIN-20250811-001,HUB-CIN,DRV-01023,VEH-0025,2025-08-11,53,0,completed
RTE-IND-20250218-001,HUB-IND,DRV-01033,VEH-0008,2025-02-18,18,6,partial
RTE-CHI-20250124-001,HUB-CHI,DRV-01012,VEH-0004,2025-01-24,21,0,completed
RTE-CMH-20250609-001,HUB-CMH,DRV-01028,VEH-0033,2025-06-09,28,0,completed
RTE-CHI-20250926-002,HUB-CHI,DRV-01011,VEH-0019,2025-09-26,65,0,completed
RTE-DET-20250320-001,HUB-DET,DRV-01014,VEH-0024,2025-03-20,34,0,completed
RTE-DET-20251231-001,HUB-DET,DRV-01037,VEH-0030,2025-12-31,27,0,completed
RTE-CMH-20250711-001,HUB-CMH,DRV-01043,VEH-0033,2025-07-11,62,0,completed
RTE-DET-20250730-001,HUB-DET,DRV-01046,VEH-0024,2025-07-30,35,0,completed
RTE-CIN-20250707-001,HUB-CIN,DRV-01027,VEH-0036,2025-07-07,53,0,completed
RTE-CHI-20251208-001,HUB-CHI,DRV-01047,VEH-0004,2025-12-08,21,0,completed
RTE-CHI-20251028-001,HUB-CHI,DRV-01020,VEH-0002,2025-10-28,45,0,completed
RTE-DET-20250911-001,HUB-DET,DRV-01004,VEH-0030,2025-09-11,38,0,completed
RTE-CMH-20250725-001,HUB-CMH,DRV-01043,VEH-0003,2025-07-25,48,0,completed
RTE-CMH-20250425-001,HUB-CMH,DRV-01015,VEH-0001,2025-04-25,28,0,completed
RTE-CMH-20250131-001,HUB-CMH,DRV-01015,VEH-0003,2025-01-31,30,0,completed
RTE-DET-20250729-001,HUB-DET,DRV-01022,VEH-0029,2025-07-29,40,0,completed
RTE-DET-20250101-002,HUB-DET,DRV-01004,VEH-0022,2025-01-01,46,0,completed
RTE-DET-20251228-001,HUB-DET,DRV-01004,VEH-0029,2025-12-28,45,3,completed
RTE-DET-20251223-001,HUB-DET,DRV-01014,VEH-0030,2025-12-23,64,0,completed
RTE-IND-20250113-001,HUB-IND,DRV-01032,VEH-0016,2025-01-13,53,0,completed
RTE-DET-20250907-001,HUB-DET,DRV-01022,VEH-0029,2025-09-07,26,0,completed
RTE-DET-20250327-002,HUB-DET,DRV-01004,VEH-0022,2025-03-27,65,0,completed
RTE-CMH-20250507-001,HUB-CMH,DRV-01018,VEH-0012,2025-05-07,54,3,completed
RTE-IND-20250804-001,HUB-IND,DRV-01188,VEH-0009,2025-08-04,39,0,completed
RTE-CIN-20250828-002,HUB-CIN,DRV-01008,VEH-0032,2025-08-28,20,0,completed
RTE-CIN-20250812-001,HUB-CIN,DRV-01002,VEH-0026,2025-08-12,62,0,completed
RTE-IND-20250613-001,HUB-IND,DRV-01006,VEH-0017,2025-06-13,29,0,completed
RTE-CHI-20250203-001,HUB-CHI,DRV-01017,VEH-0002,2025-02-03,62,0,completed
RTE-CHI-20250311-001,HUB-CHI,DRV-01005,VEH-0037,2025-03-11,42,0,completed
RTE-IND-20250727-001,HUB-IND,DRV-01006,VEH-0010,2025-07-27,32,0,completed
RTE-IND-20250402-001,HUB-IND,DRV-01031,VEH-0017,2025-04-02,59,0,completed
RTE-CIN-20250730-001,HUB-CIN,DRV-01023,VEH-0020,2025-07-30,39,0,completed
RTE-CIN-20250327-001,HUB-CIN,DRV-01041,VEH-0026,2025-03-27,22,0,completed
RTE-CHI-20251011-001,HUB-CHI,DRV-01048,VEH-0002,2025-10-11,39,0,completed
RTE-DET-20250713-001,HUB-DET,DRV-01037,VEH-0030,2025-07-13,42,0,completed
RTE-IND-20250620-001,HUB-IND,DRV-01031,VEH-0013,2025-06-20,25,0,completed
RTE-DET-20250116-002,HUB-DET,DRV-01004,VEH-0024,2025-01-16,60,0,completed
RTE-CMH-20250912-002,HUB-CMH,DRV-01016,VEH-0007,2025-09-12,57,0,completed
RTE-DET-20250930-001,HUB-DET,DRV-01021,VEH-0024,2025-09-30,23,0,completed
RTE-IND-20250408-003,HUB-IND,DRV-01045,VEH-0017,2025-04-08,29,0,completed
RTE-CIN-20250612-004,HUB-CIN,DRV-01026,VEH-0027,2025-06-12,27,0,completed
RTE-IND-20250507-001,HUB-IND,DRV-01045,VEH-0008,2025-05-07,20,0,completed
RTE-CMH-20250627-003,HUB-CMH,DRV-01016,VEH-0003,2025-06-27,48,0,completed
RTE-DET-20251028-001,HUB-DET,DRV-01046,VEH-0024,2025-10-28,22,0,completed
RTE-IND-20250924-001,HUB-IND,DRV-01042,VEH-0009,2025-09-24,22,0,completed
RTE-IND-20250509-002,HUB-IND,DRV-01006,VEH-0017,2025-05-09,22,0,completed
RTE-DET-20250910-002,HUB-DET,DRV-01046,VEH-0022,2025-09-10,25,0,completed
RTE-DET-20251216-001,HUB-DET,DRV-01004,VEH-0024,2025-12-16,27,0,completed
RTE-CHI-20250809-001,HUB-CHI,DRV-01011,VEH-0005,2025-08-09,26,0,completed
RTE-DET-20250514-001,HUB-DET,DRV-01004,VEH-0030,2025-05-14,24,0,completed
RTE-CMH-20250102-004,HUB-CMH,DRV-01015,VEH-0038,2025-01-02,62,5,partial
RTE-CIN-20250207-001,HUB-CIN,DRV-01029,VEH-0027,2025-02-07,35,5,partial
RTE-IND-20251204-003,HUB-IND,DRV-01032,VEH-0013,2025-12-04,37,0,completed
RTE-CMH-20251128-001,HUB-CMH,DRV-01043,VEH-0007,2025-11-28,43,0,completed
RTE-CIN-20250907-001,HUB-CIN,DRV-01019,VEH-0018,2025-09-07,64,1,completed
RTE-CIN-20251005-001,HUB-CIN,DRV-01002,VEH-0025,2025-10-05,59,0,completed
RTE-CMH-20250918-004,HUB-CMH,DRV-01030,VEH-0003,2025-09-18,35,1,completed
RTE-IND-20250113-002,HUB-IND,DRV-01006,VEH-0016,2025-01-13,65,6,partial
RTE-DET-20250623-001,HUB-DET,DRV-01046,VEH-0022,2025-06-23,39,0,completed
RTE-DET-20250923-001,HUB-DET,DRV-01037,VEH-0030,2025-09-23,20,0,completed
RTE-CHI-20250224-001,HUB-CHI,DRV-01007,VEH-0004,2025-02-24,44,0,completed
RTE-CMH-20250112-001,HUB-CMH,DRV-01010,VEH-0021,2025-01-12,45,0,completed
RTE-IND-20250805-001,HUB-IND,DRV-01031,VEH-0016,2025-08-05,25,0,completed
RTE-IND-20251217-002,HUB-IND,DRV-01032,VEH-0013,2025-12-17,28,3,partial
RTE-IND-20251014-002,HUB-IND,DRV-01042,VEH-0016,2025-10-14,22,0,completed
RTE-CHI-20251024-003,HUB-CHI,DRV-01005,VEH-0006,2025-10-24,32,2,partial
RTE-DET-20250709-001,HUB-DET,DRV-01046,VEH-0024,2025-07-09,49,0,completed
RTE-DET-20250303-001,HUB-DET,DRV-01022,VEH-0024,2025-03-03,49,0,completed
RTE-CIN-20251022-002,HUB-CIN,DRV-01025,VEH-0036,2025-10-22,21,0,completed
RTE-IND-20250722-002,HUB-IND,DRV-01024,VEH-0013,2025-07-22,35,0,completed
RTE-IND-20251228-001,HUB-IND,DRV-01032,VEH-0023,2025-12-28,26,0,completed
RTE-IND-20250317-001,HUB-IND,DRV-01188,VEH-0013,2025-03-17,34,1,completed
RTE-CIN-20250422-003,HUB-CIN,DRV-01025,VEH-0036,2025-04-22,41,0,completed
RTE-IND-20250107-001,HUB-IND,DRV-01032,VEH-0016,2025-01-07,33,1,completed
RTE-IND-20250708-002,HUB-IND,DRV-01033,VEH-0023,2025-07-08,27,0,completed
RTE-CIN-20250630-001,HUB-CIN,DRV-01029,VEH-0027,2025-06-30,25,0,completed
RTE-DET-20250108-003,HUB-DET,DRV-01037,VEH-0029,2025-01-08,41,0,completed
RTE-CHI-20250411-001,HUB-CHI,DRV-01020,VEH-0037,2025-04-11,27,0,completed
RTE-CHI-20250812-001,HUB-CHI,DRV-01011,VEH-0006,2025-08-12,44,0,completed
RTE-CHI-20250212-002,HUB-CHI,DRV-01047,VEH-0019,2025-02-12,32,0,completed
RTE-CIN-20250304-003,HUB-CIN,DRV-01019,VEH-0027,2025-03-04,65,0,completed
RTE-IND-20250626-001,HUB-IND,DRV-01188,VEH-0023,2025-06-26,53,0,completed
RTE-CHI-20250117-001,HUB-CHI,DRV-01011,VEH-0002,2025-01-17,23,0,completed
RTE-CMH-20250912-003,HUB-CMH,DRV-01039,VEH-0001,2025-09-12,44,0,completed
RTE-CHI-20250110-002,HUB-CHI,DRV-01035,VEH-0014,2025-01-10,35,0,completed
RTE-CMH-20250523-001,HUB-CMH,DRV-01049,VEH-0021,2025-05-23,62,0,completed
RTE-CMH-20250207-001,HUB-CMH,DRV-01040,VEH-0012,2025-02-07,29,0,completed
RTE-CMH-20251225-001,HUB-CMH,DRV-01044,VEH-0038,2025-12-25,45,0,completed
RTE-DET-20250807-001,HUB-DET,DRV-01037,VEH-0011,2025-08-07,45,0,completed
RTE-IND-20250907-001,HUB-IND,DRV-01188,VEH-0013,2025-09-07,59,0,completed
RTE-CMH-20250127-001,HUB-CMH,DRV-01009,VEH-0001,2025-01-27,36,2,completed
RTE-DET-20250507-002,HUB-DET,DRV-01037,VEH-0022,2025-05-07,43,1,partial
RTE-CIN-20250901-001,HUB-CIN,DRV-01025,VEH-0032,2025-09-01,32,0,completed
RTE-CHI-20250616-001,HUB-CHI,DRV-01012,VEH-0005,2025-06-16,26,0,completed
RTE-DET-20250704-002,HUB-DET,DRV-01022,VEH-0029,2025-07-04,29,0,completed
RTE-IND-20251212-001,HUB-IND,DRV-01006,VEH-0009,2025-12-12,24,0,completed
RTE-CIN-20250924-001,HUB-CIN,DRV-01025,VEH-0020,2025-09-24,23,2,completed
RTE-CHI-20250810-002,HUB-CHI,DRV-01035,VEH-0006,2025-08-10,51,0,completed
RTE-CIN-20250722-001,HUB-CIN,DRV-01027,VEH-0027,2025-07-22,50,0,completed
RTE-CMH-20250401-002,HUB-CMH,DRV-01043,VEH-0021,2025-04-01,47,0,completed
RTE-CIN-20251219-001,HUB-CIN,DRV-01029,VEH-0020,2025-12-19,41,0,completed
RTE-CMH-20250901-001,HUB-CMH,DRV-01049,VEH-0031,2025-09-01,54,0,completed
RTE-CIN-20250506-001,HUB-CIN,DRV-01008,VEH-0027,2025-05-06,39,0,completed
RTE-CMH-20251127-001,HUB-CMH,DRV-01010,VEH-0028,2025-11-27,37,0,completed
RTE-DET-20250803-001,HUB-DET,DRV-01037,VEH-0024,2025-08-03,44,0,completed
RTE-CMH-20250926-001,HUB-CMH,DRV-01030,VEH-0038,2025-09-26,45,0,completed
RTE-CMH-20250801-002,HUB-CMH,DRV-01044,VEH-0012,2025-08-01,54,0,completed
RTE-IND-20250529-002,HUB-IND,DRV-01031,VEH-0017,2025-05-29,22,0,completed
RTE-IND-20251014-003,HUB-IND,DRV-01188,VEH-0009,2025-10-14,32,0,completed
RTE-CMH-20250620-002,HUB-CMH,DRV-01009,VEH-0021,2025-06-20,47,0,completed
RTE-DET-20250312-001,HUB-DET,DRV-01046,VEH-0022,2025-03-12,50,0,completed
RTE-IND-20250630-001,HUB-IND,DRV-01188,VEH-0017,2025-06-30,47,0,completed
RTE-DET-20251229-001,HUB-DET,DRV-01037,VEH-0022,2025-12-29,26,5,partial
RTE-CMH-20250305-002,HUB-CMH,DRV-01043,VEH-0001,2025-03-05,24,0,completed
RTE-CIN-20250402-002,HUB-CIN,DRV-01026,VEH-0032,2025-04-02,44,0,completed
RTE-CHI-20250722-003,HUB-CHI,DRV-01020,VEH-0004,2025-07-22,38,0,completed
RTE-IND-20251028-002,HUB-IND,DRV-01024,VEH-0010,2025-10-28,55,0,completed
RTE-CIN-20250122-001,HUB-CIN,DRV-01041,VEH-0026,2025-01-22,46,6,partial
RTE-CIN-20250108-002,HUB-CIN,DRV-01002,VEH-0018,2025-01-08,63,3,completed
RTE-CHI-20250905-001,HUB-CHI,DRV-01017,VEH-0005,2025-09-05,60,0,completed
RTE-IND-20251211-001,HUB-IND,DRV-01045,VEH-0013,2025-12-11,40,0,completed
RTE-CIN-20250307-001,HUB-CIN,DRV-01023,VEH-0036,2025-03-07,51,0,completed
RTE-IND-20250123-001,HUB-IND,DRV-01024,VEH-0013,2025-01-23,25,0,completed
RTE-IND-20250321-002,HUB-IND,DRV-01024,VEH-0009,2025-03-21,59,0,completed
RTE-CHI-20250512-001,HUB-CHI,DRV-01012,VEH-0019,2025-05-12,32,0,completed
RTE-IND-20250826-001,HUB-IND,DRV-01188,VEH-0017,2025-08-26,48,0,completed
RTE-IND-20250904-001,HUB-IND,DRV-01006,VEH-0009,2025-09-04,60,2,partial
RTE-DET-20251030-002,HUB-DET,DRV-01037,VEH-0011,2025-10-30,34,2,completed
RTE-CHI-20251218-001,HUB-CHI,DRV-01048,VEH-0002,2025-12-18,44,6,canceled
RTE-DET-20250516-001,HUB-DET,DRV-01022,VEH-0029,2025-05-16,56,0,completed
RTE-IND-20251209-002,HUB-IND,DRV-01188,VEH-0009,2025-12-09,65,1,partial
RTE-IND-20250428-002,HUB-IND,DRV-01045,VEH-0013,2025-04-28,50,0,completed
RTE-CMH-20250506-001,HUB-CMH,DRV-01013,VEH-0007,2025-05-06,40,0,completed
RTE-CIN-20250718-001,HUB-CIN,DRV-01025,VEH-0032,2025-07-18,27,0,completed
RTE-CIN-20250616-001,HUB-CIN,DRV-01027,VEH-0032,2025-06-16,65,0,completed
RTE-CHI-20250908-001,HUB-CHI,DRV-01020,VEH-0002,2025-09-08,48,0,completed
RTE-CMH-20250217-001,HUB-CMH,DRV-01039,VEH-0033,2025-02-17,29,0,completed
RTE-CIN-20250425-001,HUB-CIN,DRV-01023,VEH-0036,2025-04-25,47,0,completed
RTE-DET-20250518-001,HUB-DET,DRV-01046,VEH-0011,2025-05-18,29,0,completed
RTE-CIN-20251224-001,HUB-CIN,DRV-01019,VEH-0032,2025-12-24,43,0,completed
RTE-CMH-20250502-001,HUB-CMH,DRV-01043,VEH-0031,2025-05-02,29,0,completed
RTE-IND-20250814-001,HUB-IND,DRV-01045,VEH-0017,2025-08-14,37,0,completed
RTE-CMH-20251025-002,HUB-CMH,DRV-01036,VEH-0028,2025-10-25,22,0,completed
RTE-CHI-20250725-001,HUB-CHI,DRV-01005,VEH-0002,2025-07-25,59,0,completed
RTE-CMH-20250302-001,HUB-CMH,DRV-01016,VEH-0003,2025-03-02,42,0,completed
RTE-CMH-20251231-001,HUB-CMH,DRV-01044,VEH-0021,2025-12-31,50,2,partial
RTE-CHI-20250706-001,HUB-CHI,DRV-01047,VEH-0006,2025-07-06,56,0,completed
RTE-CHI-20251118-001,HUB-CHI,DRV-01020,VEH-0037,2025-11-18,46,0,completed
RTE-CMH-20251223-002,HUB-CMH,DRV-01016,VEH-0028,2025-12-23,37,0,completed
RTE-CMH-20251027-002,HUB-CMH,DRV-01028,VEH-0003,2025-10-27,29,0,completed
RTE-DET-20251106-001,HUB-DET,DRV-01037,VEH-0030,2025-11-06,24,0,completed
RTE-CMH-20250902-001,HUB-CMH,DRV-01001,VEH-0007,2025-09-02,54,0,completed
RTE-CMH-20251223-003,HUB-CMH,DRV-01013,VEH-0007,2025-12-23,43,0,completed
RTE-DET-20250410-001,HUB-DET,DRV-01021,VEH-0029,2025-04-10,19,0,completed
RTE-DET-20250508-002,HUB-DET,DRV-01037,VEH-0030,2025-05-08,36,2,completed
RTE-CIN-20251108-001,HUB-CIN,DRV-01023,VEH-0020,2025-11-08,62,0,completed
RTE-CMH-20250711-002,HUB-CMH,DRV-01040,VEH-0028,2025-07-11,44,0,completed
RTE-CHI-20251104-003,HUB-CHI,DRV-01011,VEH-0006,2025-11-04,62,0,completed
RTE-CMH-20251209-001,HUB-CMH,DRV-01044,VEH-0031,2025-12-09,30,6,partial
RTE-CIN-20250317-001,HUB-CIN,DRV-01041,VEH-0020,2025-03-17,56,0,completed
RTE-IND-20250501-003,HUB-IND,DRV-01031,VEH-0016,2025-05-01,46,0,completed
RTE-CMH-20250912-004,HUB-CMH,DRV-01016,VEH-0012,2025-09-12,40,0,completed
RTE-DET-20251103-001,HUB-DET,DRV-01021,VEH-0029,2025-11-03,28,0,completed
RTE-IND-20250522-001,HUB-IND,DRV-01042,VEH-0008,2025-05-22,47,0,completed
RTE-CHI-20250924-001,HUB-CHI,DRV-01007,VEH-0002,2025-09-24,25,0,completed
RTE-CMH-20250630-001,HUB-CMH,DRV-01030,VEH-0038,2025-06-30,21,0,completed
RTE-IND-20250903-001,HUB-IND,DRV-01045,VEH-0017,2025-09-03,37,0,completed
RTE-IND-20250629-001,HUB-IND,DRV-01024,VEH-0017,2025-06-29,18,0,completed
RTE-CMH-20250106-001,HUB-CMH,DRV-01001,VEH-0038,2025-01-06,59,0,completed
RTE-DET-20251215-001,HUB-DET,DRV-01022,VEH-0030,2025-12-15,49,0,completed
RTE-IND-20250514-001,HUB-IND,DRV-01188,VEH-0013,2025-05-14,23,0,completed
RTE-DET-20251008-001,HUB-DET,DRV-01022,VEH-0022,2025-10-08,42,0,completed
RTE-CHI-20250619-001,HUB-CHI,DRV-01012,VEH-0006,2025-06-19,37,0,completed
RTE-IND-20250815-001,HUB-IND,DRV-01045,VEH-0009,2025-08-15,30,0,completed
RTE-CHI-20251023-002,HUB-CHI,DRV-01011,VEH-0037,2025-10-23,28,0,completed
RTE-CMH-20251112-002,HUB-CMH,DRV-01016,VEH-0001,2025-11-12,29,3,completed
RTE-DET-20251124-001,HUB-DET,DRV-01014,VEH-0024,2025-11-24,38,2,completed
RTE-CMH-20250529-001,HUB-CMH,DRV-01016,VEH-0001,2025-05-29,34,0,completed
RTE-CIN-20250902-002,HUB-CIN,DRV-01026,VEH-0020,2025-09-02,56,2,partial
RTE-DET-20250729-002,HUB-DET,DRV-01004,VEH-0030,2025-07-29,52,0,completed
RTE-CIN-20250612-005,HUB-CIN,DRV-01003,VEH-0027,2025-06-12,53,2,completed
RTE-DET-20250429-001,HUB-DET,DRV-01022,VEH-0024,2025-04-29,31,0,completed
RTE-CIN-20251127-001,HUB-CIN,DRV-01029,VEH-0025,2025-11-27,51,0,completed
RTE-CIN-20250603-002,HUB-CIN,DRV-01041,VEH-0027,2025-06-03,61,0,completed
RTE-IND-20251202-001,HUB-IND,DRV-01188,VEH-0008,2025-12-02,33,6,partial
RTE-IND-20250510-001,HUB-IND,DRV-01045,VEH-0008,2025-05-10,45,0,completed
RTE-IND-20251017-001,HUB-IND,DRV-01031,VEH-0010,2025-10-17,48,0,completed
RTE-DET-20250902-002,HUB-DET,DRV-01021,VEH-0022,2025-09-02,46,0,completed
RTE-CHI-20250210-001,HUB-CHI,DRV-01012,VEH-0014,2025-02-10,50,0,completed
RTE-DET-20250709-002,HUB-DET,DRV-01004,VEH-0030,2025-07-09,23,0,completed
RTE-CIN-20251016-001,HUB-CIN,DRV-01027,VEH-0025,2025-10-16,41,0,completed
RTE-CIN-20251209-001,HUB-CIN,DRV-01019,VEH-0020,2025-12-09,64,5,partial
RTE-CMH-20250115-003,HUB-CMH,DRV-01016,VEH-0001,2025-01-15,38,6,partial
RTE-DET-20250428-001,HUB-DET,DRV-01021,VEH-0030,2025-04-28,41,0,completed
RTE-CMH-20250615-001,HUB-CMH,DRV-01036,VEH-0012,2025-06-15,35,0,completed
RTE-DET-20250306-001,HUB-DET,DRV-01004,VEH-0022,2025-03-06,30,0,completed
RTE-CMH-20250507-002,HUB-CMH,DRV-01043,VEH-0031,2025-05-07,39,0,completed
RTE-CHI-20250710-001,HUB-CHI,DRV-01020,VEH-0040,2025-07-10,38,0,completed
RTE-CIN-20251027-002,HUB-CIN,DRV-01002,VEH-0027,2025-10-27,43,0,completed
RTE-CIN-20250726-001,HUB-CIN,DRV-01027,VEH-0027,2025-07-26,49,0,completed
RTE-DET-20250616-001,HUB-DET,DRV-01037,VEH-0030,2025-06-16,27,0,completed
RTE-CHI-20250901-003,HUB-CHI,DRV-01047,VEH-0037,2025-09-01,33,2,completed
RTE-DET-20250921-001,HUB-DET,DRV-01022,VEH-0029,2025-09-21,19,0,completed
RTE-CIN-20251203-001,HUB-CIN,DRV-01027,VEH-0027,2025-12-03,38,0,completed
RTE-CMH-20250106-002,HUB-CMH,DRV-01039,VEH-0021,2025-01-06,35,0,completed
RTE-CMH-20251205-001,HUB-CMH,DRV-01028,VEH-0007,2025-12-05,56,0,completed
RTE-CMH-20251109-001,HUB-CMH,DRV-01039,VEH-0003,2025-11-09,19,0,completed
RTE-CHI-20251110-003,HUB-CHI,DRV-01011,VEH-0005,2025-11-10,43,0,completed
RTE-CIN-20250818-002,HUB-CIN,DRV-01008,VEH-0025,2025-08-18,36,0,completed
RTE-IND-20250109-001,HUB-IND,DRV-01033,VEH-0017,2025-01-09,23,0,completed
RTE-DET-20250806-006,HUB-DET,DRV-01004,VEH-0011,2025-08-06,47,0,completed
RTE-CIN-20250415-002,HUB-CIN,DRV-01029,VEH-0036,2025-04-15,64,0,completed
RTE-CHI-20250815-003,HUB-CHI,DRV-01017,VEH-0019,2025-08-15,53,3,partial
RTE-CIN-20250118-001,HUB-CIN,DRV-01023,VEH-0018,2025-01-18,49,0,completed
RTE-CHI-20250611-001,HUB-CHI,DRV-01048,VEH-0002,2025-06-11,41,0,completed
RTE-DET-20251117-001,HUB-DET,DRV-01014,VEH-0029,2025-11-17,51,5,canceled
RTE-CMH-20250118-001,HUB-CMH,DRV-01016,VEH-0003,2025-01-18,30,0,completed
RTE-CIN-20250729-001,HUB-CIN,DRV-01026,VEH-0026,2025-07-29,29,1,completed
RTE-DET-20250612-001,HUB-DET,DRV-01037,VEH-0022,2025-06-12,53,0,completed
RTE-CHI-20250115-002,HUB-CHI,DRV-01047,VEH-0019,2025-01-15,32,0,completed
RTE-CHI-20251013-001,HUB-CHI,DRV-01007,VEH-0014,2025-10-13,64,0,completed
RTE-CHI-20250807-001,HUB-CHI,DRV-01005,VEH-0019,2025-08-07,51,0,completed
RTE-CIN-20250728-001,HUB-CIN,DRV-01023,VEH-0032,2025-07-28,50,0,completed
RTE-CIN-20250806-002,HUB-CIN,DRV-01003,VEH-0026,2025-08-06,46,0,completed
RTE-DET-20251002-002,HUB-DET,DRV-01022,VEH-0024,2025-10-02,60,0,completed
RTE-DET-20250724-001,HUB-DET,DRV-01022,VEH-0024,2025-07-24,40,0,completed
RTE-CHI-20250818-001,HUB-CHI,DRV-01020,VEH-0014,2025-08-18,24,0,completed
RTE-DET-20250613-003,HUB-DET,DRV-01022,VEH-0022,2025-06-13,40,0,completed
RTE-CIN-20250618-001,HUB-CIN,DRV-01038,VEH-0027,2025-06-18,65,0,completed
RTE-CMH-20250203-001,HUB-CMH,DRV-01039,VEH-0038,2025-02-03,38,0,completed
RTE-IND-20250915-002,HUB-IND,DRV-01042,VEH-0023,2025-09-15,48,0,completed
RTE-CIN-20250124-001,HUB-CIN,DRV-01002,VEH-0020,2025-01-24,36,0,completed
RTE-IND-20250109-002,HUB-IND,DRV-01024,VEH-0010,2025-01-09,21,0,completed
RTE-CIN-20250605-002,HUB-CIN,DRV-01019,VEH-0018,2025-06-05,43,0,completed
RTE-CMH-20250925-001,HUB-CMH,DRV-01018,VEH-0003,2025-09-25,23,0,completed
RTE-DET-20250707-001,HUB-DET,DRV-01022,VEH-0011,2025-07-07,32,0,completed
RTE-IND-20250109-003,HUB-IND,DRV-01188,VEH-0017,2025-01-09,59,0,completed
RTE-CMH-20250122-002,HUB-CMH,DRV-01044,VEH-0021,2025-01-22,39,0,completed
RTE-CIN-20250118-002,HUB-CIN,DRV-01034,VEH-0020,2025-01-18,26,0,completed
RTE-CIN-20251020-001,HUB-CIN,DRV-01038,VEH-0018,2025-10-20,59,0,completed
RTE-IND-20251107-001,HUB-IND,DRV-01032,VEH-0010,2025-11-07,45,0,completed
RTE-CIN-20251223-002,HUB-CIN,DRV-01002,VEH-0032,2025-12-23,32,0,completed
RTE-CHI-20250721-001,HUB-CHI,DRV-01048,VEH-0006,2025-07-21,43,0,completed
RTE-CHI-20250313-002,HUB-CHI,DRV-01017,VEH-0019,2025-03-13,38,0,completed
RTE-DET-20250219-001,HUB-DET,DRV-01004,VEH-0030,2025-02-19,64,3,completed
RTE-CHI-20250601-001,HUB-CHI,DRV-01017,VEH-0014,2025-06-01,59,0,completed
RTE-DET-20251110-001,HUB-DET,DRV-01022,VEH-0022,2025-11-10,60,0,completed
RTE-CMH-20250121-001,HUB-CMH,DRV-01015,VEH-0028,2025-01-21,31,0,completed
RTE-CIN-20251230-001,HUB-CIN,DRV-01002,VEH-0025,2025-12-30,62,0,completed
RTE-CIN-20251009-001,HUB-CIN,DRV-01041,VEH-0026,2025-10-09,49,0,completed
RTE-CMH-20250611-002,HUB-CMH,DRV-01015,VEH-0001,2025-06-11,61,0,completed
RTE-DET-20250226-001,HUB-DET,DRV-01004,VEH-0030,2025-02-26,55,0,completed
RTE-CHI-20250818-002,HUB-CHI,DRV-01007,VEH-0040,2025-08-18,18,0,completed
RTE-DET-20250914-001,HUB-DET,DRV-01022,VEH-0030,2025-09-14,53,1,completed
RTE-CIN-20251117-001,HUB-CIN,DRV-01023,VEH-0026,2025-11-17,56,2,completed
RTE-IND-20250715-002,HUB-IND,DRV-01042,VEH-0010,2025-07-15,44,0,completed
RTE-IND-20250320-002,HUB-IND,DRV-01188,VEH-0009,2025-03-20,25,0,completed
RTE-CHI-20250225-001,HUB-CHI,DRV-01047,VEH-0037,2025-02-25,55,0,completed
RTE-CHI-20250722-004,HUB-CHI,DRV-01011,VEH-0019,2025-07-22,49,0,completed
RTE-CIN-20251124-001,HUB-CIN,DRV-01023,VEH-0026,2025-11-24,35,0,completed
RTE-CIN-20251016-002,HUB-CIN,DRV-01034,VEH-0036,2025-10-16,46,0,completed
RTE-CHI-20250429-001,HUB-CHI,DRV-01007,VEH-0019,2025-04-29,49,2,completed
RTE-CHI-20250523-001,HUB-CHI,DRV-01035,VEH-0004,2025-05-23,34,0,completed
RTE-IND-20250516-002,HUB-IND,DRV-01024,VEH-0010,2025-05-16,29,0,completed
RTE-IND-20250526-001,HUB-IND,DRV-01031,VEH-0016,2025-05-26,44,0,completed
RTE-IND-20250527-001,HUB-IND,DRV-01033,VEH-0008,2025-05-27,60,0,completed
RTE-CMH-20251021-001,HUB-CMH,DRV-01044,VEH-0012,2025-10-21,64,0,completed
RTE-CMH-20251013-001,HUB-CMH,DRV-01015,VEH-0038,2025-10-13,49,0,completed
RTE-CMH-20250311-001,HUB-CMH,DRV-01036,VEH-0012,2025-03-11,53,0,completed
RTE-CHI-20250720-001,HUB-CHI,DRV-01017,VEH-0005,2025-07-20,48,0,completed
RTE-DET-20250102-001,HUB-DET,DRV-01021,VEH-0011,2025-01-02,37,0,completed
RTE-CMH-20250519-002,HUB-CMH,DRV-01043,VEH-0007,2025-05-19,45,0,completed
RTE-IND-20250408-004,HUB-IND,DRV-01032,VEH-0010,2025-04-08,27,0,completed
RTE-DET-20250624-002,HUB-DET,DRV-01004,VEH-0030,2025-06-24,30,0,completed
RTE-CMH-20250809-001,HUB-CMH,DRV-01013,VEH-0038,2025-08-09,34,0,completed
RTE-IND-20251219-003,HUB-IND,DRV-01042,VEH-0008,2025-12-19,18,0,completed
RTE-IND-20250630-002,HUB-IND,DRV-01031,VEH-0023,2025-06-30,58,0,completed
RTE-DET-20250314-001,HUB-DET,DRV-01021,VEH-0011,2025-03-14,41,0,completed
RTE-CIN-20250521-002,HUB-CIN,DRV-01008,VEH-0032,2025-05-21,18,0,completed
RTE-CHI-20251113-001,HUB-CHI,DRV-01047,VEH-0004,2025-11-13,64,0,completed
RTE-DET-20250319-001,HUB-DET,DRV-01022,VEH-0022,2025-03-19,46,0,completed
RTE-DET-20250321-001,HUB-DET,DRV-01014,VEH-0029,2025-03-21,46,0,completed
RTE-DET-20250808-001,HUB-DET,DRV-01021,VEH-0029,2025-08-08,57,0,completed
RTE-CIN-20250917-001,HUB-CIN,DRV-01003,VEH-0027,2025-09-17,58,0,completed
RTE-CIN-20250717-002,HUB-CIN,DRV-01027,VEH-0032,2025-07-17,63,0,completed
RTE-CIN-20250319-002,HUB-CIN,DRV-01023,VEH-0025,2025-03-19,56,0,completed
RTE-CHI-20250207-001,HUB-CHI,DRV-01035,VEH-0040,2025-02-07,40,0,completed
RTE-CHI-20250911-002,HUB-CHI,DRV-01035,VEH-0037,2025-09-11,50,0,completed
RTE-CMH-20251106-002,HUB-CMH,DRV-01049,VEH-0028,2025-11-06,32,0,completed
RTE-DET-20250805-002,HUB-DET,DRV-01046,VEH-0030,2025-08-05,31,0,completed
RTE-CHI-20250117-002,HUB-CHI,DRV-01007,VEH-0037,2025-01-17,25,0,completed
RTE-CHI-20251231-002,HUB-CHI,DRV-01007,VEH-0040,2025-12-31,46,0,completed
RTE-CHI-20250624-001,HUB-CHI,DRV-01017,VEH-0002,2025-06-24,31,0,completed
RTE-CHI-20251001-002,HUB-CHI,DRV-01012,VEH-0006,2025-10-01,24,0,completed
RTE-CMH-20251207-002,HUB-CMH,DRV-01030,VEH-0001,2025-12-07,24,0,completed
RTE-CHI-20250106-001,HUB-CHI,DRV-01012,VEH-0037,2025-01-06,26,0,completed
RTE-CIN-20250303-001,HUB-CIN,DRV-01019,VEH-0027,2025-03-03,51,0,completed
RTE-IND-20251111-001,HUB-IND,DRV-01032,VEH-0008,2025-11-11,25,0,completed
RTE-CHI-20251209-003,HUB-CHI,DRV-01047,VEH-0004,2025-12-09,41,0,completed
RTE-CMH-20250514-001,HUB-CMH,DRV-01044,VEH-0028,2025-05-14,55,0,completed
RTE-CMH-20250807-001,HUB-CMH,DRV-01030,VEH-0031,2025-08-07,29,0,completed
RTE-IND-20250714-001,HUB-IND,DRV-01006,VEH-0010,2025-07-14,43,1,completed
RTE-CHI-20251201-001,HUB-CHI,DRV-01011,VEH-0014,2025-12-01,49,0,completed
RTE-CHI-20251106-002,HUB-CHI,DRV-01011,VEH-0019,2025-11-06,24,0,completed
RTE-CHI-20251009-001,HUB-CHI,DRV-01035,VEH-0004,2025-10-09,33,0,completed
RTE-CHI-20250801-001,HUB-CHI,DRV-01007,VEH-0002,2025-08-01,51,0,completed
RTE-CIN-20250903-002,HUB-CIN,DRV-01034,VEH-0026,2025-09-03,59,1,partial
RTE-CMH-20250926-002,HUB-CMH,DRV-01001,VEH-0033,2025-09-26,59,0,completed
RTE-CIN-20250805-001,HUB-CIN,DRV-01026,VEH-0026,2025-08-05,41,3,completed
RTE-CMH-20251010-001,HUB-CMH,DRV-01043,VEH-0031,2025-10-10,53,0,completed
RTE-CHI-20251211-002,HUB-CHI,DRV-01007,VEH-0014,2025-12-11,20,0,completed
RTE-CMH-20250411-001,HUB-CMH,DRV-01030,VEH-0033,2025-04-11,23,0,completed
RTE-CIN-20250410-001,HUB-CIN,DRV-01002,VEH-0027,2025-04-10,27,1,completed
RTE-CMH-20250723-002,HUB-CMH,DRV-01028,VEH-0001,2025-07-23,58,0,completed
RTE-DET-20251130-002,HUB-DET,DRV-01021,VEH-0030,2025-11-30,38,0,completed
RTE-CIN-20250818-003,HUB-CIN,DRV-01029,VEH-0032,2025-08-18,52,0,completed
RTE-CHI-20251112-001,HUB-CHI,DRV-01007,VEH-0006,2025-11-12,28,0,completed
RTE-CMH-20250930-001,HUB-CMH,DRV-01049,VEH-0028,2025-09-30,29,0,completed
RTE-CHI-20250417-001,HUB-CHI,DRV-01011,VEH-0040,2025-04-17,60,0,completed
RTE-IND-20250617-002,HUB-IND,DRV-01006,VEH-0008,2025-06-17,36,0,completed
RTE-IND-20251217-003,HUB-IND,DRV-01188,VEH-0023,2025-12-17,41,6,partial
RTE-DET-20251002-003,HUB-DET,DRV-01021,VEH-0024,2025-10-02,56,0,completed
RTE-CMH-20251007-001,HUB-CMH,DRV-01001,VEH-0033,2025-10-07,58,0,completed
RTE-CHI-20251021-002,HUB-CHI,DRV-01017,VEH-0037,2025-10-21,31,0,completed
RTE-CIN-20251103-002,HUB-CIN,DRV-01019,VEH-0026,2025-11-03,40,0,completed
RTE-CMH-20251128-002,HUB-CMH,DRV-01015,VEH-0028,2025-11-28,52,4,partial
RTE-DET-20250107-002,HUB-DET,DRV-01046,VEH-0029,2025-01-07,20,0,completed
RTE-CHI-20250128-001,HUB-CHI,DRV-01007,VEH-0040,2025-01-28,27,1,partial
RTE-CIN-20250705-001,HUB-CIN,DRV-01002,VEH-0025,2025-07-05,30,0,completed
RTE-IND-20250226-002,HUB-IND,DRV-01045,VEH-0016,2025-02-26,44,1,completed
RTE-DET-20250609-001,HUB-DET,DRV-01004,VEH-0011,2025-06-09,57,0,completed
RTE-IND-20250417-001,HUB-IND,DRV-01031,VEH-0008,2025-04-17,45,0,completed
RTE-DET-20250331-002,HUB-DET,DRV-01004,VEH-0030,2025-03-31,31,2,partial
RTE-DET-20250308-001,HUB-DET,DRV-01014,VEH-0022,2025-03-08,25,0,completed
RTE-CMH-20250530-001,HUB-CMH,DRV-01049,VEH-0038,2025-05-30,27,0,completed
RTE-DET-20250213-001,HUB-DET,DRV-01004,VEH-0030,2025-02-13,55,4,canceled
RTE-CMH-20250509-002,HUB-CMH,DRV-01016,VEH-0003,2025-05-09,56,0,completed
RTE-IND-20251021-003,HUB-IND,DRV-01006,VEH-0016,2025-10-21,22,0,completed
RTE-CMH-20251230-002,HUB-CMH,DRV-01001,VEH-0028,2025-12-30,44,0,completed
RTE-IND-20250430-001,HUB-IND,DRV-01031,VEH-0023,2025-04-30,44,0,completed
RTE-DET-20250214-001,HUB-DET,DRV-01022,VEH-0022,2025-02-14,41,1,completed
RTE-CHI-20250115-003,HUB-CHI,DRV-01011,VEH-0037,2025-01-15,48,0,completed
RTE-DET-20250128-003,HUB-DET,DRV-01022,VEH-0024,2025-01-28,65,0,completed
RTE-IND-20250328-003,HUB-IND,DRV-01031,VEH-0009,2025-03-28,41,0,completed
RTE-DET-20250814-002,HUB-DET,DRV-01021,VEH-0011,2025-08-14,60,0,completed
RTE-IND-20250123-002,HUB-IND,DRV-01188,VEH-0008,2025-01-23,49,0,completed
RTE-CHI-20250319-001,HUB-CHI,DRV-01047,VEH-0040,2025-03-19,62,0,completed
RTE-IND-20250304-001,HUB-IND,DRV-01188,VEH-0016,2025-03-04,57,0,completed
RTE-CIN-20250926-001,HUB-CIN,DRV-01041,VEH-0018,2025-09-26,43,0,completed
RTE-CMH-20251011-001,HUB-CMH,DRV-01028,VEH-0003,2025-10-11,38,0,completed
RTE-CMH-20250228-001,HUB-CMH,DRV-01009,VEH-0021,2025-02-28,28,0,completed
RTE-CIN-20251226-001,HUB-CIN,DRV-01023,VEH-0025,2025-12-26,37,0,completed
RTE-CHI-20250814-002,HUB-CHI,DRV-01007,VEH-0006,2025-08-14,46,3,completed
RTE-CMH-20250516-001,HUB-CMH,DRV-01036,VEH-0001,2025-05-16,61,0,completed
RTE-CMH-20250612-001,HUB-CMH,DRV-01030,VEH-0028,2025-06-12,48,0,completed
RTE-CHI-20250103-001,HUB-CHI,DRV-01017,VEH-0002,2025-01-03,25,0,completed
RTE-DET-20250216-001,HUB-DET,DRV-01004,VEH-0029,2025-02-16,19,0,completed
RTE-CMH-20250416-002,HUB-CMH,DRV-01009,VEH-0003,2025-04-16,61,0,completed
RTE-CMH-20250925-002,HUB-CMH,DRV-01028,VEH-0007,2025-09-25,19,0,completed
RTE-DET-20250612-002,HUB-DET,DRV-01037,VEH-0029,2025-06-12,40,0,completed
RTE-IND-20250805-002,HUB-IND,DRV-01006,VEH-0008,2025-08-05,22,0,completed
RTE-IND-20251207-001,HUB-IND,DRV-01033,VEH-0023,2025-12-07,26,0,completed
RTE-DET-20250130-001,HUB-DET,DRV-01037,VEH-0022,2025-01-30,36,4,partial
RTE-IND-20250416-002,HUB-IND,DRV-01031,VEH-0010,2025-04-16,60,0,completed
RTE-CMH-20250205-001,HUB-CMH,DRV-01015,VEH-0033,2025-02-05,38,0,completed
RTE-DET-20251204-001,HUB-DET,DRV-01022,VEH-0022,2025-12-04,35,0,completed
RTE-CMH-20250428-001,HUB-CMH,DRV-01039,VEH-0031,2025-04-28,36,0,completed
RTE-CMH-20250207-002,HUB-CMH,DRV-01018,VEH-0038,2025-02-07,34,0,completed
RTE-CIN-20250425-002,HUB-CIN,DRV-01034,VEH-0036,2025-04-25,40,3,completed
RTE-CHI-20250318-001,HUB-CHI,DRV-01017,VEH-0037,2025-03-18,43,0,completed
RTE-DET-20250203-001,HUB-DET,DRV-01021,VEH-0029,2025-02-03,34,0,completed
RTE-CMH-20250430-001,HUB-CMH,DRV-01018,VEH-0021,2025-04-30,55,0,completed
RTE-CMH-20250528-001,HUB-CMH,DRV-01009,VEH-0012,2025-05-28,48,0,completed
RTE-CMH-20251201-001,HUB-CMH,DRV-01049,VEH-0012,2025-12-01,59,0,completed
RTE-DET-20251125-001,HUB-DET,DRV-01046,VEH-0022,2025-11-25,58,6,partial
RTE-CIN-20250912-001,HUB-CIN,DRV-01034,VEH-0036,2025-09-12,61,2,completed
RTE-IND-20251023-002,HUB-IND,DRV-01188,VEH-0017,2025-10-23,42,3,partial
RTE-IND-20250108-001,HUB-IND,DRV-01024,VEH-0017,2025-01-08,61,0,completed
RTE-IND-20250523-002,HUB-IND,DRV-01188,VEH-0010,2025-05-23,49,0,completed
RTE-IND-20250517-001,HUB-IND,DRV-01188,VEH-0009,2025-05-17,45,0,completed
RTE-CMH-20250902-002,HUB-CMH,DRV-01009,VEH-0031,2025-09-02,50,0,completed
RTE-IND-20250321-003,HUB-IND,DRV-01032,VEH-0008,2025-03-21,60,0,completed
RTE-DET-20251226-001,HUB-DET,DRV-01021,VEH-0011,2025-12-26,34,0,completed
RTE-CHI-20251016-001,HUB-CHI,DRV-01047,VEH-0002,2025-10-16,23,0,completed
RTE-DET-20251021-002,HUB-DET,DRV-01021,VEH-0011,2025-10-21,65,0,completed
RTE-CIN-20250328-002,HUB-CIN,DRV-01002,VEH-0025,2025-03-28,64,0,completed
RTE-CMH-20250701-001,HUB-CMH,DRV-01036,VEH-0028,2025-07-01,48,0,completed
RTE-CIN-20250320-001,HUB-CIN,DRV-01003,VEH-0027,2025-03-20,35,0,completed
RTE-DET-20250320-002,HUB-DET,DRV-01022,VEH-0030,2025-03-20,21,0,completed
RTE-CIN-20250416-001,HUB-CIN,DRV-01034,VEH-0032,2025-04-16,29,0,completed
RTE-CMH-20250807-002,HUB-CMH,DRV-01009,VEH-0028,2025-08-07,35,3,partial
RTE-DET-20251122-002,HUB-DET,DRV-01014,VEH-0029,2025-11-22,50,0,completed
RTE-CMH-20251110-001,HUB-CMH,DRV-01030,VEH-0038,2025-11-10,65,0,completed
RTE-DET-20250128-004,HUB-DET,DRV-01037,VEH-0022,2025-01-28,23,0,completed
RTE-CMH-20250318-001,HUB-CMH,DRV-01028,VEH-0028,2025-03-18,56,0,completed
RTE-CHI-20250324-002,HUB-CHI,DRV-01012,VEH-0004,2025-03-24,29,0,completed
RTE-CMH-20250627-004,HUB-CMH,DRV-01044,VEH-0012,2025-06-27,51,0,completed
RTE-CMH-20250808-002,HUB-CMH,DRV-01018,VEH-0007,2025-08-08,62,0,completed
RTE-IND-20250301-001,HUB-IND,DRV-01024,VEH-0009,2025-03-01,35,0,completed
RTE-DET-20250912-002,HUB-DET,DRV-01014,VEH-0022,2025-09-12,30,0,completed
RTE-CHI-20250909-001,HUB-CHI,DRV-01047,VEH-0014,2025-09-09,29,0,completed
RTE-IND-20250221-002,HUB-IND,DRV-01031,VEH-0008,2025-02-21,56,1,completed
RTE-IND-20250503-001,HUB-IND,DRV-01024,VEH-0010,2025-05-03,59,0,completed
RTE-CIN-20250203-001,HUB-CIN,DRV-01041,VEH-0027,2025-02-03,36,1,partial
RTE-CHI-20250618-001,HUB-CHI,DRV-01005,VEH-0019,2025-06-18,40,0,completed
RTE-CIN-20251217-001,HUB-CIN,DRV-01027,VEH-0026,2025-12-17,56,0,completed
RTE-IND-20250722-003,HUB-IND,DRV-01031,VEH-0013,2025-07-22,31,0,completed
RTE-CIN-20250424-001,HUB-CIN,DRV-01041,VEH-0032,2025-04-24,24,0,completed
RTE-CMH-20251215-001,HUB-CMH,DRV-01010,VEH-0007,2025-12-15,23,1,completed
RTE-CHI-20251202-002,HUB-CHI,DRV-01005,VEH-0004,2025-12-02,19,0,completed
RTE-IND-20250407-001,HUB-IND,DRV-01006,VEH-0009,2025-04-07,34,0,completed
RTE-IND-20251023-003,HUB-IND,DRV-01033,VEH-0017,2025-10-23,64,0,completed
RTE-CHI-20250306-001,HUB-CHI,DRV-01012,VEH-0005,2025-03-06,20,0,completed
RTE-CIN-20250508-001,HUB-CIN,DRV-01025,VEH-0032,2025-05-08,48,3,completed
RTE-CIN-20250417-002,HUB-CIN,DRV-01003,VEH-0020,2025-04-17,48,3,partial
RTE-DET-20251015-001,HUB-DET,DRV-01037,VEH-0022,2025-10-15,48,0,completed
RTE-CHI-20250305-001,HUB-CHI,DRV-01007,VEH-0037,2025-03-05,65,0,completed
RTE-DET-20250313-001,HUB-DET,DRV-01046,VEH-0011,2025-03-13,51,3,completed
RTE-IND-20250204-002,HUB-IND,DRV-01024,VEH-0016,2025-02-04,32,4,partial
RTE-IND-20250604-001,HUB-IND,DRV-01032,VEH-0016,2025-06-04,18,0,completed
RTE-CIN-20250429-003,HUB-CIN,DRV-01003,VEH-0018,2025-04-29,32,0,completed
RTE-CIN-20250509-001,HUB-CIN,DRV-01023,VEH-0026,2025-05-09,28,0,completed
RTE-IND-20250707-001,HUB-IND,DRV-01033,VEH-0008,2025-07-07,46,0,completed
RTE-CMH-20250108-001,HUB-CMH,DRV-01016,VEH-0012,2025-01-08,40,0,completed
RTE-CIN-20250917-002,HUB-CIN,DRV-01008,VEH-0036,2025-09-17,31,0,completed
RTE-CMH-20251010-002,HUB-CMH,DRV-01039,VEH-0003,2025-10-10,50,3,partial
RTE-CHI-20251017-002,HUB-CHI,DRV-01048,VEH-0019,2025-10-17,21,0,completed
RTE-CIN-20250311-001,HUB-CIN,DRV-01023,VEH-0026,2025-03-11,48,0,completed
RTE-IND-20251011-001,HUB-IND,DRV-01188,VEH-0017,2025-10-11,40,0,completed
RTE-IND-20250205-002,HUB-IND,DRV-01045,VEH-0023,2025-02-05,36,2,completed
RTE-DET-20250109-001,HUB-DET,DRV-01022,VEH-0029,2025-01-09,61,0,completed
RTE-CHI-20250420-001,HUB-CHI,DRV-01007,VEH-0004,2025-04-20,54,0,completed
RTE-DET-20250205-001,HUB-DET,DRV-01046,VEH-0011,2025-02-05,24,0,completed
RTE-IND-20251030-002,HUB-IND,DRV-01042,VEH-0017,2025-10-30,32,1,completed
RTE-CHI-20250228-001,HUB-CHI,DRV-01017,VEH-0002,2025-02-28,32,0,completed
RTE-CMH-20250827-002,HUB-CMH,DRV-01043,VEH-0012,2025-08-27,49,0,completed
RTE-CMH-20250801-003,HUB-CMH,DRV-01043,VEH-0038,2025-08-01,55,0,completed
RTE-CMH-20250127-002,HUB-CMH,DRV-01015,VEH-0028,2025-01-27,51,4,partial
RTE-DET-20250219-002,HUB-DET,DRV-01014,VEH-0024,2025-02-19,46,0,completed
RTE-CHI-20250602-001,HUB-CHI,DRV-01017,VEH-0037,2025-06-02,53,0,completed
RTE-CHI-20250902-002,HUB-CHI,DRV-01011,VEH-0019,2025-09-02,38,2,partial
RTE-CIN-20250310-001,HUB-CIN,DRV-01038,VEH-0027,2025-03-10,19,0,completed
RTE-DET-20250423-002,HUB-DET,DRV-01022,VEH-0030,2025-04-23,58,0,completed
RTE-DET-20250113-001,HUB-DET,DRV-01014,VEH-0011,2025-01-13,57,0,completed
RTE-CIN-20251008-002,HUB-CIN,DRV-01002,VEH-0036,2025-10-08,32,0,completed
RTE-IND-20251226-001,HUB-IND,DRV-01006,VEH-0016,2025-12-26,24,0,completed
RTE-CIN-20250801-001,HUB-CIN,DRV-01041,VEH-0025,2025-08-01,35,0,completed
RTE-DET-20250617-001,HUB-DET,DRV-01046,VEH-0030,2025-06-17,23,0,completed
RTE-IND-20250611-002,HUB-IND,DRV-01006,VEH-0017,2025-06-11,41,0,completed
RTE-IND-20250709-001,HUB-IND,DRV-01045,VEH-0013,2025-07-09,35,1,completed
RTE-DET-20250721-001,HUB-DET,DRV-01021,VEH-0030,2025-07-21,65,0,completed
RTE-CMH-20250505-001,HUB-CMH,DRV-01049,VEH-0001,2025-05-05,22,0,completed
RTE-CMH-20250512-001,HUB-CMH,DRV-01015,VEH-0001,2025-05-12,40,0,completed
RTE-CMH-20251003-001,HUB-CMH,DRV-01018,VEH-0033,2025-10-03,19,0,completed
RTE-IND-20250511-001,HUB-IND,DRV-01045,VEH-0010,2025-05-11,37,0,completed
RTE-CMH-20250103-002,HUB-CMH,DRV-01001,VEH-0001,2025-01-03,36,3,partial
RTE-IND-20250511-002,HUB-IND,DRV-01188,VEH-0013,2025-05-11,51,0,completed
RTE-CIN-20250601-001,HUB-CIN,DRV-01027,VEH-0025,2025-06-01,28,0,completed
RTE-IND-20250110-001,HUB-IND,DRV-01031,VEH-0023,2025-01-10,36,0,completed
RTE-IND-20250310-002,HUB-IND,DRV-01188,VEH-0013,2025-03-10,21,1,completed
RTE-DET-20251223-002,HUB-DET,DRV-01037,VEH-0024,2025-12-23,65,5,partial
RTE-CMH-20251208-001,HUB-CMH,DRV-01043,VEH-0031,2025-12-08,40,6,partial
RTE-CMH-20251013-002,HUB-CMH,DRV-01016,VEH-0028,2025-10-13,56,1,completed
RTE-DET-20250206-001,HUB-DET,DRV-01021,VEH-0011,2025-02-06,58,0,completed
RTE-DET-20250521-001,HUB-DET,DRV-01022,VEH-0029,2025-05-21,30,0,completed
RTE-CMH-20250221-001,HUB-CMH,DRV-01040,VEH-0012,2025-02-21,28,0,completed
RTE-CIN-20250304-004,HUB-CIN,DRV-01027,VEH-0026,2025-03-04,48,2,completed
RTE-IND-20250919-002,HUB-IND,DRV-01033,VEH-0010,2025-09-19,42,0,completed
RTE-CIN-20251126-001,HUB-CIN,DRV-01034,VEH-0036,2025-11-26,29,3,completed
RTE-CMH-20250204-003,HUB-CMH,DRV-01044,VEH-0012,2025-02-04,46,0,completed
RTE-IND-20250520-001,HUB-IND,DRV-01188,VEH-0017,2025-05-20,56,0,completed
RTE-DET-20250322-001,HUB-DET,DRV-01046,VEH-0024,2025-03-22,54,2,partial
RTE-CIN-20250603-003,HUB-CIN,DRV-01034,VEH-0025,2025-06-03,19,0,completed
RTE-IND-20251022-004,HUB-IND,DRV-01045,VEH-0010,2025-10-22,52,0,completed
RTE-CHI-20251024-004,HUB-CHI,DRV-01017,VEH-0040,2025-10-24,53,2,partial
RTE-DET-20250902-003,HUB-DET,DRV-01046,VEH-0029,2025-09-02,44,0,completed
RTE-DET-20251020-001,HUB-DET,DRV-01014,VEH-0029,2025-10-20,51,1,completed
RTE-IND-20250317-002,HUB-IND,DRV-01024,VEH-0016,2025-03-17,24,0,completed
RTE-CMH-20250821-002,HUB-CMH,DRV-01018,VEH-0007,2025-08-21,52,0,completed
RTE-DET-20250606-002,HUB-DET,DRV-01022,VEH-0029,2025-06-06,45,0,completed
RTE-CMH-20250724-001,HUB-CMH,DRV-01040,VEH-0003,2025-07-24,55,0,completed
RTE-IND-20250408-005,HUB-IND,DRV-01031,VEH-0013,2025-04-08,34,0,completed
RTE-CIN-20251023-002,HUB-CIN,DRV-01019,VEH-0018,2025-10-23,46,0,completed
RTE-DET-20251024-003,HUB-DET,DRV-01004,VEH-0030,2025-10-24,40,0,completed
RTE-IND-20250818-001,HUB-IND,DRV-01024,VEH-0008,2025-08-18,58,0,completed
RTE-DET-20251201-001,HUB-DET,DRV-01046,VEH-0022,2025-12-01,64,0,completed
RTE-DET-20251210-001,HUB-DET,DRV-01022,VEH-0011,2025-12-10,60,3,partial
RTE-DET-20250902-004,HUB-DET,DRV-01004,VEH-0024,2025-09-02,20,0,completed
RTE-DET-20250819-002,HUB-DET,DRV-01004,VEH-0022,2025-08-19,41,0,completed
RTE-CMH-20250110-002,HUB-CMH,DRV-01016,VEH-0028,2025-01-10,36,3,completed
RTE-CIN-20251114-002,HUB-CIN,DRV-01029,VEH-0025,2025-11-14,47,0,completed
RTE-CHI-20251119-001,HUB-CHI,DRV-01047,VEH-0014,2025-11-19,35,0,completed
RTE-IND-20251009-001,HUB-IND,DRV-01042,VEH-0010,2025-10-09,64,0,completed
RTE-DET-20251209-001,HUB-DET,DRV-01022,VEH-0029,2025-12-09,31,3,partial
RTE-CMH-20250620-003,HUB-CMH,DRV-01036,VEH-0028,2025-06-20,31,0,completed
RTE-DET-20251218-002,HUB-DET,DRV-01014,VEH-0029,2025-12-18,64,0,completed
RTE-CHI-20251223-002,HUB-CHI,DRV-01047,VEH-0037,2025-12-23,54,0,completed
RTE-CIN-20250917-003,HUB-CIN,DRV-01027,VEH-0018,2025-09-17,63,0,completed
RTE-CHI-20250520-002,HUB-CHI,DRV-01035,VEH-0037,2025-05-20,19,0,completed
RTE-CIN-20250805-002,HUB-CIN,DRV-01029,VEH-0018,2025-08-05,58,0,completed
RTE-DET-20250826-002,HUB-DET,DRV-01046,VEH-0024,2025-08-26,34,0,completed
RTE-CIN-20251125-002,HUB-CIN,DRV-01023,VEH-0020,2025-11-25,62,0,completed
RTE-DET-20250129-001,HUB-DET,DRV-01037,VEH-0029,2025-01-29,24,0,completed
RTE-DET-20250425-001,HUB-DET,DRV-01022,VEH-0029,2025-04-25,61,0,completed
RTE-IND-20250313-002,HUB-IND,DRV-01188,VEH-0008,2025-03-13,44,0,completed
RTE-CMH-20251016-001,HUB-CMH,DRV-01036,VEH-0003,2025-10-16,42,0,completed
RTE-DET-20251215-002,HUB-DET,DRV-01037,VEH-0024,2025-12-15,19,0,completed
RTE-DET-20251218-003,HUB-DET,DRV-01014,VEH-0024,2025-12-18,56,1,completed
RTE-CMH-20251107-002,HUB-CMH,DRV-01016,VEH-0031,2025-11-07,57,0,completed
RTE-CHI-20250918-001,HUB-CHI,DRV-01012,VEH-0002,2025-09-18,48,0,completed
RTE-CHI-20250411-002,HUB-CHI,DRV-01017,VEH-0002,2025-04-11,27,0,completed
RTE-IND-20250903-002,HUB-IND,DRV-01032,VEH-0009,2025-09-03,45,0,completed
RTE-IND-20250331-003,HUB-IND,DRV-01033,VEH-0008,2025-03-31,53,3,completed
RTE-IND-20251023-004,HUB-IND,DRV-01024,VEH-0008,2025-10-23,59,0,completed
RTE-IND-20251021-004,HUB-IND,DRV-01045,VEH-0010,2025-10-21,20,0,completed
RTE-CIN-20250224-001,HUB-CIN,DRV-01008,VEH-0027,2025-02-24,47,0,completed
RTE-IND-20250218-002,HUB-IND,DRV-01045,VEH-0010,2025-02-18,55,0,completed
RTE-CHI-20250212-003,HUB-CHI,DRV-01005,VEH-0006,2025-02-12,32,0,completed
RTE-IND-20250131-001,HUB-IND,DRV-01045,VEH-0013,2025-01-31,61,0,completed
RTE-IND-20251024-002,HUB-IND,DRV-01031,VEH-0009,2025-10-24,54,0,completed
RTE-CHI-20250529-004,HUB-CHI,DRV-01048,VEH-0006,2025-05-29,64,0,completed
RTE-IND-20251213-001,HUB-IND,DRV-01031,VEH-0016,2025-12-13,50,2,completed
RTE-CHI-20250903-001,HUB-CHI,DRV-01017,VEH-0019,2025-09-03,21,0,completed
RTE-CHI-20250105-001,HUB-CHI,DRV-01047,VEH-0040,2025-01-05,26,0,completed
RTE-DET-20250210-002,HUB-DET,DRV-01037,VEH-0022,2025-02-10,22,0,completed
RTE-CMH-20250703-001,HUB-CMH,DRV-01044,VEH-0028,2025-07-03,40,0,completed
RTE-DET-20250806-007,HUB-DET,DRV-01037,VEH-0030,2025-08-06,27,0,completed
RTE-IND-20251202-002,HUB-IND,DRV-01032,VEH-0017,2025-12-02,47,5,partial
RTE-DET-20251229-002,HUB-DET,DRV-01037,VEH-0022,2025-12-29,64,0,completed
RTE-CMH-20250518-001,HUB-CMH,DRV-01043,VEH-0007,2025-05-18,51,0,completed
RTE-CHI-20250815-004,HUB-CHI,DRV-01048,VEH-0040,2025-08-15,48,0,completed
RTE-DET-20251003-002,HUB-DET,DRV-01037,VEH-0011,2025-10-03,21,0,completed
RTE-DET-20250815-002,HUB-DET,DRV-01046,VEH-0022,2025-08-15,56,0,completed
RTE-DET-20251114-001,HUB-DET,DRV-01021,VEH-0022,2025-11-14,65,6,partial
RTE-CMH-20250423-001,HUB-CMH,DRV-01039,VEH-0038,2025-04-23,21,0,completed
RTE-CMH-20250527-002,HUB-CMH,DRV-01015,VEH-0003,2025-05-27,63,0,completed
RTE-CIN-20250824-001,HUB-CIN,DRV-01003,VEH-0020,2025-08-24,56,0,completed
RTE-CHI-20251219-003,HUB-CHI,DRV-01047,VEH-0002,2025-12-19,29,0,completed
RTE-CIN-20250813-002,HUB-CIN,DRV-01003,VEH-0025,2025-08-13,57,0,completed
RTE-IND-20250703-001,HUB-IND,DRV-01006,VEH-0008,2025-07-03,55,0,completed
RTE-CMH-20250418-001,HUB-CMH,DRV-01039,VEH-0003,2025-04-18,19,0,completed
RTE-DET-20250709-003,HUB-DET,DRV-01022,VEH-0022,2025-07-09,23,0,completed
RTE-CMH-20250902-003,HUB-CMH,DRV-01040,VEH-0001,2025-09-02,64,0,completed
RTE-DET-20250203-002,HUB-DET,DRV-01021,VEH-0030,2025-02-03,30,4,partial
RTE-DET-20250115-002,HUB-DET,DRV-01014,VEH-0011,2025-01-15,29,0,completed
RTE-DET-20251228-002,HUB-DET,DRV-01014,VEH-0029,2025-12-28,31,5,partial
RTE-CMH-20251121-001,HUB-CMH,DRV-01009,VEH-0001,2025-11-21,24,0,completed
RTE-CIN-20250529-001,HUB-CIN,DRV-01008,VEH-0026,2025-05-29,28,3,partial
RTE-CHI-20250322-001,HUB-CHI,DRV-01017,VEH-0002,2025-03-22,18,0,completed
RTE-CIN-20250417-003,HUB-CIN,DRV-01026,VEH-0025,2025-04-17,35,0,completed
RTE-DET-20251031-001,HUB-DET,DRV-01022,VEH-0011,2025-10-31,28,0,completed
RTE-CMH-20250610-001,HUB-CMH,DRV-01015,VEH-0012,2025-06-10,39,0,completed
RTE-IND-20250122-002,HUB-IND,DRV-01188,VEH-0008,2025-01-22,22,0,completed
RTE-CMH-20251231-002,HUB-CMH,DRV-01043,VEH-0001,2025-12-31,37,0,completed
RTE-IND-20250212-001,HUB-IND,DRV-01032,VEH-0008,2025-02-12,63,3,partial
RTE-DET-20251118-002,HUB-DET,DRV-01004,VEH-0022,2025-11-18,48,0,completed
RTE-IND-20250408-006,HUB-IND,DRV-01188,VEH-0013,2025-04-08,56,0,completed
RTE-IND-20250126-001,HUB-IND,DRV-01042,VEH-0013,2025-01-26,27,3,completed
RTE-CHI-20250520-003,HUB-CHI,DRV-01011,VEH-0014,2025-05-20,43,0,completed
RTE-DET-20250130-002,HUB-DET,DRV-01037,VEH-0024,2025-01-30,60,0,completed
RTE-DET-20250226-002,HUB-DET,DRV-01021,VEH-0024,2025-02-26,24,0,completed
RTE-CMH-20251013-003,HUB-CMH,DRV-01018,VEH-0001,2025-10-13,41,0,completed
RTE-CIN-20250111-001,HUB-CIN,DRV-01027,VEH-0032,2025-01-11,39,0,completed
RTE-CMH-20250908-001,HUB-CMH,DRV-01030,VEH-0007,2025-09-08,43,0,completed
RTE-DET-20251008-002,HUB-DET,DRV-01021,VEH-0011,2025-10-08,34,0,completed
RTE-CMH-20250529-002,HUB-CMH,DRV-01049,VEH-0021,2025-05-29,35,0,completed
RTE-IND-20251116-001,HUB-IND,DRV-01031,VEH-0017,2025-11-16,43,0,completed
RTE-CMH-20251119-001,HUB-CMH,DRV-01030,VEH-0038,2025-11-19,21,0,completed
RTE-CMH-20250123-002,HUB-CMH,DRV-01016,VEH-0003,2025-01-23,32,0,completed
RTE-DET-20250401-002,HUB-DET,DRV-01037,VEH-0024,2025-04-01,57,0,completed
RTE-CIN-20250730-002,HUB-CIN,DRV-01038,VEH-0027,2025-07-30,25,0,completed
RTE-DET-20250103-002,HUB-DET,DRV-01022,VEH-0030,2025-01-03,23,0,completed
RTE-CMH-20250106-003,HUB-CMH,DRV-01018,VEH-0038,2025-01-06,22,0,completed
RTE-DET-20250423-003,HUB-DET,DRV-01021,VEH-0030,2025-04-23,48,0,completed
RTE-DET-20251130-003,HUB-DET,DRV-01022,VEH-0011,2025-11-30,61,3,completed
RTE-IND-20250824-001,HUB-IND,DRV-01006,VEH-0008,2025-08-24,49,0,completed
RTE-DET-20250211-002,HUB-DET,DRV-01021,VEH-0011,2025-02-11,63,0,completed
RTE-DET-20250818-002,HUB-DET,DRV-01037,VEH-0024,2025-08-18,29,0,completed
RTE-IND-20250708-003,HUB-IND,DRV-01188,VEH-0013,2025-07-08,24,0,completed
RTE-DET-20250808-002,HUB-DET,DRV-01022,VEH-0011,2025-08-08,45,0,completed
RTE-CHI-20251106-003,HUB-CHI,DRV-01011,VEH-0006,2025-11-06,37,0,completed
RTE-CIN-20250106-001,HUB-CIN,DRV-01008,VEH-0018,2025-01-06,41,2,partial
RTE-CHI-20250424-004,HUB-CHI,DRV-01035,VEH-0040,2025-04-24,35,0,completed
RTE-CIN-20250128-001,HUB-CIN,DRV-01038,VEH-0027,2025-01-28,24,1,completed
RTE-IND-20251027-003,HUB-IND,DRV-01033,VEH-0017,2025-10-27,47,0,completed
RTE-CIN-20251001-001,HUB-CIN,DRV-01002,VEH-0018,2025-10-01,29,0,completed
RTE-IND-20250326-002,HUB-IND,DRV-01045,VEH-0023,2025-03-26,26,1,completed
RTE-CIN-20250108-003,HUB-CIN,DRV-01029,VEH-0018,2025-01-08,27,0,completed
RTE-CMH-20251203-002,HUB-CMH,DRV-01043,VEH-0003,2025-12-03,43,0,completed
RTE-CMH-20250328-001,HUB-CMH,DRV-01040,VEH-0031,2025-03-28,63,0,completed
RTE-IND-20250710-001,HUB-IND,DRV-01042,VEH-0016,2025-07-10,24,0,completed
RTE-DET-20250713-002,HUB-DET,DRV-01046,VEH-0029,2025-07-13,27,0,completed
RTE-IND-20250727-002,HUB-IND,DRV-01045,VEH-0023,2025-07-27,65,0,completed
RTE-CHI-20250128-002,HUB-CHI,DRV-01020,VEH-0006,2025-01-28,42,0,completed
RTE-CHI-20250407-003,HUB-CHI,DRV-01005,VEH-0005,2025-04-07,29,0,completed
RTE-IND-20250522-002,HUB-IND,DRV-01006,VEH-0023,2025-05-22,53,0,completed
RTE-CIN-20250813-003,HUB-CIN,DRV-01027,VEH-0036,2025-08-13,31,0,completed
RTE-DET-20251129-001,HUB-DET,DRV-01004,VEH-0030,2025-11-29,30,0,completed
RTE-CMH-20250528-002,HUB-CMH,DRV-01043,VEH-0001,2025-05-28,21,0,completed
RTE-DET-20250812-002,HUB-DET,DRV-01021,VEH-0030,2025-08-12,36,0,completed
RTE-CIN-20250504-001,HUB-CIN,DRV-01019,VEH-0018,2025-05-04,18,0,completed
RTE-DET-20250610-002,HUB-DET,DRV-01004,VEH-0030,2025-06-10,56,0,completed
RTE-DET-20251118-003,HUB-DET,DRV-01004,VEH-0029,2025-11-18,35,0,completed
RTE-CHI-20251216-001,HUB-CHI,DRV-01047,VEH-0019,2025-12-16,57,0,completed
RTE-IND-20250526-002,HUB-IND,DRV-01188,VEH-0016,2025-05-26,21,0,completed
RTE-CIN-20250611-001,HUB-CIN,DRV-01019,VEH-0018,2025-06-11,34,0,completed
RTE-DET-20250306-002,HUB-DET,DRV-01046,VEH-0030,2025-03-06,54,2,completed
RTE-CMH-20250708-001,HUB-CMH,DRV-01013,VEH-0001,2025-07-08,61,0,completed
RTE-CMH-20251119-002,HUB-CMH,DRV-01049,VEH-0003,2025-11-19,57,0,completed
RTE-DET-20250617-002,HUB-DET,DRV-01021,VEH-0024,2025-06-17,48,0,completed
RTE-CIN-20250101-001,HUB-CIN,DRV-01023,VEH-0020,2025-01-01,49,4,partial
RTE-CIN-20250326-002,HUB-CIN,DRV-01025,VEH-0036,2025-03-26,18,0,completed
RTE-IND-20250626-002,HUB-IND,DRV-01032,VEH-0009,2025-06-26,18,0,completed
RTE-CIN-20250313-001,HUB-CIN,DRV-01025,VEH-0018,2025-03-13,38,0,completed
RTE-CMH-20250129-001,HUB-CMH,DRV-01013,VEH-0028,2025-01-29,28,1,completed
RTE-CIN-20250813-004,HUB-CIN,DRV-01029,VEH-0026,2025-08-13,61,0,completed
RTE-CMH-20250626-001,HUB-CMH,DRV-01040,VEH-0028,2025-06-26,25,0,completed
RTE-CMH-20251115-001,HUB-CMH,DRV-01049,VEH-0038,2025-11-15,58,5,partial
RTE-IND-20250217-001,HUB-IND,DRV-01024,VEH-0009,2025-02-17,19,0,completed
RTE-DET-20250102-002,HUB-DET,DRV-01021,VEH-0011,2025-01-02,35,0,completed
RTE-CMH-20250711-003,HUB-CMH,DRV-01016,VEH-0031,2025-07-11,55,0,completed
RTE-DET-20250320-003,HUB-DET,DRV-01022,VEH-0030,2025-03-20,27,0,completed
RTE-CIN-20250715-001,HUB-CIN,DRV-01034,VEH-0027,2025-07-15,34,0,completed
RTE-DET-20250919-001,HUB-DET,DRV-01037,VEH-0022,2025-09-19,20,0,completed
RTE-IND-20250319-001,HUB-IND,DRV-01031,VEH-0023,2025-03-19,31,0,completed
RTE-IND-20250712-001,HUB-IND,DRV-01045,VEH-0009,2025-07-12,44,0,completed
RTE-CMH-20250813-001,HUB-CMH,DRV-01010,VEH-0021,2025-08-13,25,0,completed
RTE-CIN-20250416-002,HUB-CIN,DRV-01023,VEH-0027,2025-04-16,23,0,completed
RTE-CIN-20250610-001,HUB-CIN,DRV-01003,VEH-0027,2025-06-10,32,0,completed
RTE-DET-20250408-001,HUB-DET,DRV-01021,VEH-0022,2025-04-08,45,0,completed
RTE-IND-20251203-003,HUB-IND,DRV-01042,VEH-0017,2025-12-03,56,0,completed
RTE-CIN-20250804-001,HUB-CIN,DRV-01003,VEH-0025,2025-08-04,20,0,completed
RTE-IND-20250225-001,HUB-IND,DRV-01045,VEH-0017,2025-02-25,32,0,completed
RTE-CIN-20250225-002,HUB-CIN,DRV-01027,VEH-0027,2025-02-25,53,0,completed
RTE-CHI-20250730-003,HUB-CHI,DRV-01012,VEH-0002,2025-07-30,26,0,completed
RTE-CHI-20250418-002,HUB-CHI,DRV-01012,VEH-0006,2025-04-18,24,0,completed
RTE-CMH-20250717-002,HUB-CMH,DRV-01043,VEH-0007,2025-07-17,38,3,partial
RTE-DET-20250320-004,HUB-DET,DRV-01004,VEH-0024,2025-03-20,18,2,completed
RTE-DET-20251007-002,HUB-DET,DRV-01022,VEH-0029,2025-10-07,50,0,completed
RTE-DET-20250121-001,HUB-DET,DRV-01046,VEH-0022,2025-01-21,42,2,completed
RTE-CIN-20250902-003,HUB-CIN,DRV-01034,VEH-0026,2025-09-02,45,0,completed
RTE-CMH-20250915-002,HUB-CMH,DRV-01016,VEH-0012,2025-09-15,49,0,completed
RTE-CIN-20250130-001,HUB-CIN,DRV-01029,VEH-0020,2025-01-30,30,1,completed
RTE-CMH-20250116-002,HUB-CMH,DRV-01036,VEH-0038,2025-01-16,28,4,partial
RTE-DET-20251218-004,HUB-DET,DRV-01021,VEH-0011,2025-12-18,51,0,completed
RTE-CHI-20250722-005,HUB-CHI,DRV-01007,VEH-0002,2025-07-22,54,0,completed
RTE-DET-20251117-002,HUB-DET,DRV-01014,VEH-0029,2025-11-17,47,0,completed
RTE-CHI-20251218-002,HUB-CHI,DRV-01048,VEH-0004,2025-12-18,45,0,completed
RTE-DET-20251021-003,HUB-DET,DRV-01004,VEH-0011,2025-10-21,42,0,completed
RTE-CIN-20250724-001,HUB-CIN,DRV-01038,VEH-0027,2025-07-24,22,0,completed
RTE-IND-20250325-001,HUB-IND,DRV-01031,VEH-0016,2025-03-25,61,0,completed
RTE-IND-20251120-002,HUB-IND,DRV-01024,VEH-0017,2025-11-20,57,0,completed
RTE-CIN-20250822-002,HUB-CIN,DRV-01027,VEH-0018,2025-08-22,31,0,completed
RTE-CMH-20251013-004,HUB-CMH,DRV-01030,VEH-0012,2025-10-13,34,0,completed
RTE-CIN-20250103-001,HUB-CIN,DRV-01029,VEH-0036,2025-01-03,40,0,completed
RTE-IND-20250513-001,HUB-IND,DRV-01188,VEH-0016,2025-05-13,54,2,partial
RTE-CHI-20251001-003,HUB-CHI,DRV-01012,VEH-0014,2025-10-01,44,0,completed
RTE-CIN-20250612-006,HUB-CIN,DRV-01026,VEH-0032,2025-06-12,47,0,completed
RTE-CHI-20251121-001,HUB-CHI,DRV-01035,VEH-0002,2025-11-21,29,1,partial
RTE-CMH-20250916-002,HUB-CMH,DRV-01018,VEH-0031,2025-09-16,65,0,completed
RTE-CMH-20250602-001,HUB-CMH,DRV-01016,VEH-0033,2025-06-02,58,0,completed
RTE-CMH-20250424-002,HUB-CMH,DRV-01030,VEH-0033,2025-04-24,64,0,completed
RTE-CHI-20251226-001,HUB-CHI,DRV-01047,VEH-0005,2025-12-26,59,0,completed
RTE-CHI-20251228-001,HUB-CHI,DRV-01047,VEH-0004,2025-12-28,26,0,completed
RTE-IND-20250211-001,HUB-IND,DRV-01042,VEH-0013,2025-02-11,52,0,completed
RTE-CHI-20250220-001,HUB-CHI,DRV-01047,VEH-0006,2025-02-20,63,2,partial
RTE-DET-20250303-002,HUB-DET,DRV-01046,VEH-0024,2025-03-03,42,0,completed
RTE-DET-20250519-001,HUB-DET,DRV-01037,VEH-0030,2025-05-19,35,0,completed
RTE-DET-20250226-003,HUB-DET,DRV-01037,VEH-0022,2025-02-26,46,1,completed
RTE-DET-20251112-001,HUB-DET,DRV-01022,VEH-0029,2025-11-12,26,3,partial
RTE-CIN-20250814-002,HUB-CIN,DRV-01023,VEH-0032,2025-08-14,43,0,completed
RTE-CMH-20250107-002,HUB-CMH,DRV-01016,VEH-0033,2025-01-07,46,4,partial
RTE-CIN-20251104-004,HUB-CIN,DRV-01041,VEH-0026,2025-11-04,50,0,completed
RTE-IND-20250807-001,HUB-IND,DRV-01031,VEH-0010,2025-08-07,39,0,completed
RTE-CHI-20250603-001,HUB-CHI,DRV-01017,VEH-0019,2025-06-03,53,0,completed
RTE-DET-20250725-001,HUB-DET,DRV-01014,VEH-0030,2025-07-25,29,0,completed
RTE-DET-20250129-002,HUB-DET,DRV-01014,VEH-0022,2025-01-29,63,0,completed
RTE-IND-20251112-002,HUB-IND,DRV-01006,VEH-0013,2025-11-12,60,3,partial
RTE-CMH-20250514-002,HUB-CMH,DRV-01013,VEH-0038,2025-05-14,28,0,completed
RTE-CIN-20250430-001,HUB-CIN,DRV-01026,VEH-0032,2025-04-30,52,0,completed
RTE-CIN-20250502-001,HUB-CIN,DRV-01008,VEH-0036,2025-05-02,30,0,completed
RTE-CIN-20251208-001,HUB-CIN,DRV-01029,VEH-0026,2025-12-08,26,6,partial
RTE-CIN-20250805-003,HUB-CIN,DRV-01041,VEH-0026,2025-08-05,29,0,completed
RTE-CMH-20250809-002,HUB-CMH,DRV-01013,VEH-0028,2025-08-09,43,0,completed
RTE-CIN-20250127-002,HUB-CIN,DRV-01023,VEH-0020,2025-01-27,49,0,completed
RTE-IND-20250210-001,HUB-IND,DRV-01031,VEH-0013,2025-02-10,27,0,completed
RTE-IND-20251117-001,HUB-IND,DRV-01006,VEH-0017,2025-11-17,43,6,partial
RTE-DET-20250808-003,HUB-DET,DRV-01021,VEH-0029,2025-08-08,58,0,completed
RTE-DET-20251027-001,HUB-DET,DRV-01004,VEH-0024,2025-10-27,56,0,completed
RTE-CMH-20251018-001,HUB-CMH,DRV-01001,VEH-0001,2025-10-18,56,2,completed
RTE-CHI-20250609-001,HUB-CHI,DRV-01005,VEH-0002,2025-06-09,24,0,completed
RTE-IND-20250923-001,HUB-IND,DRV-01045,VEH-0009,2025-09-23,59,0,completed
RTE-IND-20250909-001,HUB-IND,DRV-01031,VEH-0023,2025-09-09,18,0,completed
RTE-CHI-20250611-002,HUB-CHI,DRV-01011,VEH-0019,2025-06-11,60,0,completed
RTE-CIN-20251020-002,HUB-CIN,DRV-01027,VEH-0032,2025-10-20,30,1,completed
RTE-DET-20250730-002,HUB-DET,DRV-01021,VEH-0029,2025-07-30,54,0,completed
RTE-DET-20250124-001,HUB-DET,DRV-01004,VEH-0030,2025-01-24,61,0,completed
RTE-CMH-20250203-002,HUB-CMH,DRV-01044,VEH-0033,2025-02-03,23,3,completed
RTE-IND-20250317-003,HUB-IND,DRV-01006,VEH-0008,2025-03-17,44,0,completed
RTE-DET-20250317-001,HUB-DET,DRV-01022,VEH-0024,2025-03-17,33,0,completed
RTE-IND-20251022-005,HUB-IND,DRV-01045,VEH-0010,2025-10-22,26,0,completed
RTE-IND-20251211-002,HUB-IND,DRV-01006,VEH-0023,2025-12-11,38,0,completed
RTE-DET-20250526-002,HUB-DET,DRV-01022,VEH-0024,2025-05-26,23,2,completed
RTE-IND-20250918-002,HUB-IND,DRV-01042,VEH-0009,2025-09-18,63,0,completed
RTE-CIN-20251009-002,HUB-CIN,DRV-01041,VEH-0026,2025-10-09,39,0,completed
RTE-CIN-20251124-002,HUB-CIN,DRV-01027,VEH-0025,2025-11-24,54,0,completed
RTE-IND-20250205-003,HUB-IND,DRV-01042,VEH-0009,2025-02-05,51,0,completed
RTE-CHI-20250326-002,HUB-CHI,DRV-01005,VEH-0004,2025-03-26,43,0,completed
RTE-CHI-20250521-002,HUB-CHI,DRV-01005,VEH-0006,2025-05-21,58,0,completed
RTE-CIN-20250310-002,HUB-CIN,DRV-01027,VEH-0026,2025-03-10,63,0,completed
RTE-IND-20251126-002,HUB-IND,DRV-01032,VEH-0009,2025-11-26,63,0,completed
RTE-IND-20251031-001,HUB-IND,DRV-01042,VEH-0017,2025-10-31,47,0,completed
RTE-CMH-20250525-001,HUB-CMH,DRV-01015,VEH-0033,2025-05-25,47,0,completed
RTE-IND-20250721-002,HUB-IND,DRV-01188,VEH-0009,2025-07-21,65,0,completed
RTE-DET-20250106-001,HUB-DET,DRV-01022,VEH-0011,2025-01-06,19,5,partial
RTE-IND-20250530-001,HUB-IND,DRV-01031,VEH-0016,2025-05-30,50,0,completed
RTE-IND-20250714-002,HUB-IND,DRV-01031,VEH-0008,2025-07-14,26,0,completed
RTE-IND-20250805-003,HUB-IND,DRV-01042,VEH-0016,2025-08-05,48,0,completed
RTE-CHI-20250126-001,HUB-CHI,DRV-01017,VEH-0004,2025-01-26,18,0,completed
RTE-CIN-20251021-002,HUB-CIN,DRV-01003,VEH-0025,2025-10-21,51,0,completed
RTE-IND-20250428-003,HUB-IND,DRV-01042,VEH-0013,2025-04-28,40,0,completed
RTE-IND-20250425-002,HUB-IND,DRV-01032,VEH-0010,2025-04-25,35,2,partial
RTE-DET-20250921-002,HUB-DET,DRV-01046,VEH-0022,2025-09-21,22,0,completed
RTE-CIN-20250819-001,HUB-CIN,DRV-01041,VEH-0036,2025-08-19,59,0,completed
RTE-CIN-20250616-002,HUB-CIN,DRV-01002,VEH-0032,2025-06-16,48,0,completed
RTE-CMH-20251220-002,HUB-CMH,DRV-01010,VEH-0038,2025-12-20,28,1,partial
RTE-DET-20250404-001,HUB-DET,DRV-01021,VEH-0022,2025-04-04,24,0,completed
RTE-CMH-20250919-002,HUB-CMH,DRV-01016,VEH-0021,2025-09-19,34,0,completed
RTE-DET-20250422-001,HUB-DET,DRV-01046,VEH-0029,2025-04-22,21,0,completed
RTE-CMH-20250709-002,HUB-CMH,DRV-01028,VEH-0001,2025-07-09,57,0,completed
RTE-CMH-20251127-002,HUB-CMH,DRV-01039,VEH-0031,2025-11-27,26,0,completed
RTE-CHI-20250422-002,HUB-CHI,DRV-01047,VEH-0037,2025-04-22,29,0,completed
RTE-CHI-20251203-002,HUB-CHI,DRV-01011,VEH-0037,2025-12-03,39,0,completed
RTE-DET-20250102-003,HUB-DET,DRV-01037,VEH-0030,2025-01-02,21,4,partial
RTE-CHI-20251125-004,HUB-CHI,DRV-01047,VEH-0040,2025-11-25,49,0,completed
RTE-CHI-20250325-001,HUB-CHI,DRV-01035,VEH-0006,2025-03-25,42,0,completed
RTE-CIN-20250225-003,HUB-CIN,DRV-01023,VEH-0025,2025-02-25,35,6,partial
RTE-CHI-20251007-001,HUB-CHI,DRV-01048,VEH-0019,2025-10-07,46,0,completed
RTE-DET-20250326-003,HUB-DET,DRV-01014,VEH-0030,2025-03-26,19,2,completed
RTE-CIN-20251105-001,HUB-CIN,DRV-01025,VEH-0020,2025-11-05,48,0,completed
RTE-CIN-20250817-001,HUB-CIN,DRV-01041,VEH-0026,2025-08-17,24,0,completed
RTE-CHI-20250619-002,HUB-CHI,DRV-01012,VEH-0006,2025-06-19,22,0,completed
RTE-DET-20250602-001,HUB-DET,DRV-01021,VEH-0029,2025-06-02,22,0,completed
RTE-CMH-20250805-003,HUB-CMH,DRV-01044,VEH-0033,2025-08-05,42,0,completed
RTE-CMH-20250111-001,HUB-CMH,DRV-01010,VEH-0033,2025-01-11,51,0,completed
RTE-IND-20251016-001,HUB-IND,DRV-01188,VEH-0008,2025-10-16,18,0,completed
RTE-CHI-20250616-002,HUB-CHI,DRV-01048,VEH-0002,2025-06-16,59,0,completed
RTE-CMH-20250409-002,HUB-CMH,DRV-01036,VEH-0001,2025-04-09,39,0,completed
RTE-DET-20250911-002,HUB-DET,DRV-01037,VEH-0022,2025-09-11,28,0,completed
RTE-CIN-20250828-003,HUB-CIN,DRV-01038,VEH-0020,2025-08-28,63,0,completed
RTE-IND-20250912-001,HUB-IND,DRV-01045,VEH-0023,2025-09-12,29,0,completed
RTE-IND-20250901-001,HUB-IND,DRV-01032,VEH-0008,2025-09-01,22,0,completed
RTE-CHI-20250514-001,HUB-CHI,DRV-01048,VEH-0040,2025-05-14,26,0,completed
RTE-DET-20250114-002,HUB-DET,DRV-01021,VEH-0029,2025-01-14,56,1,completed
RTE-CIN-20251201-002,HUB-CIN,DRV-01023,VEH-0036,2025-12-01,25,0,completed
RTE-DET-20251017-002,HUB-DET,DRV-01046,VEH-0024,2025-10-17,38,0,completed
RTE-DET-20251022-001,HUB-DET,DRV-01014,VEH-0024,2025-10-22,60,0,completed
RTE-CMH-20250523-002,HUB-CMH,DRV-01036,VEH-0007,2025-05-23,49,0,completed
RTE-DET-20250701-002,HUB-DET,DRV-01014,VEH-0029,2025-07-01,51,0,completed
RTE-DET-20251128-001,HUB-DET,DRV-01004,VEH-0024,2025-11-28,61,5,partial
RTE-CHI-20250302-001,HUB-CHI,DRV-01007,VEH-0037,2025-03-02,46,0,completed
RTE-DET-20250110-001,HUB-DET,DRV-01021,VEH-0030,2025-01-10,24,6,partial
RTE-CMH-20250808-003,HUB-CMH,DRV-01036,VEH-0031,2025-08-08,43,0,completed
RTE-DET-20251218-005,HUB-DET,DRV-01004,VEH-0011,2025-12-18,64,0,completed
RTE-CHI-20250519-001,HUB-CHI,DRV-01017,VEH-0002,2025-05-19,23,1,completed
RTE-IND-20250710-002,HUB-IND,DRV-01188,VEH-0013,2025-07-10,62,0,completed
RTE-DET-20250709-004,HUB-DET,DRV-01046,VEH-0029,2025-07-09,41,0,completed
RTE-CHI-20250409-001,HUB-CHI,DRV-01047,VEH-0040,2025-04-09,37,1,completed
RTE-CMH-20251111-001,HUB-CMH,DRV-01043,VEH-0007,2025-11-11,33,5,partial
RTE-CHI-20250807-002,HUB-CHI,DRV-01007,VEH-0014,2025-08-07,62,0,completed
RTE-CMH-20250112-002,HUB-CMH,DRV-01044,VEH-0031,2025-01-12,39,4,partial
RTE-IND-20250107-002,HUB-IND,DRV-01032,VEH-0023,2025-01-07,36,5,partial
RTE-CIN-20250909-004,HUB-CIN,DRV-01003,VEH-0032,2025-09-09,44,0,completed
RTE-CMH-20250414-001,HUB-CMH,DRV-01049,VEH-0031,2025-04-14,25,0,completed
RTE-DET-20250129-003,HUB-DET,DRV-01004,VEH-0011,2025-01-29,45,0,completed
RTE-CIN-20250723-001,HUB-CIN,DRV-01002,VEH-0020,2025-07-23,45,0,completed
RTE-CMH-20251023-001,HUB-CMH,DRV-01015,VEH-0003,2025-10-23,25,0,completed
RTE-DET-20251021-004,HUB-DET,DRV-01022,VEH-0030,2025-10-21,45,0,completed
RTE-DET-20250526-003,HUB-DET,DRV-01022,VEH-0011,2025-05-26,54,0,completed
RTE-CMH-20250718-001,HUB-CMH,DRV-01030,VEH-0033,2025-07-18,35,0,completed
RTE-CHI-20250205-002,HUB-CHI,DRV-01011,VEH-0006,2025-02-05,19,0,completed
RTE-CIN-20250908-001,HUB-CIN,DRV-01029,VEH-0025,2025-09-08,63,0,completed
RTE-CIN-20251016-003,HUB-CIN,DRV-01029,VEH-0027,2025-10-16,27,0,completed
RTE-DET-20250421-002,HUB-DET,DRV-01021,VEH-0030,2025-04-21,43,0,completed
RTE-DET-20250809-001,HUB-DET,DRV-01021,VEH-0030,2025-08-09,29,0,completed
RTE-CMH-20250430-002,HUB-CMH,DRV-01044,VEH-0001,2025-04-30,54,0,completed
RTE-IND-20250203-002,HUB-IND,DRV-01033,VEH-0013,2025-02-03,39,0,completed
RTE-CMH-20250701-002,HUB-CMH,DRV-01009,VEH-0012,2025-07-01,31,0,completed
RTE-CMH-20250319-002,HUB-CMH,DRV-01009,VEH-0028,2025-03-19,42,0,completed
RTE-CMH-20250925-003,HUB-CMH,DRV-01015,VEH-0001,2025-09-25,52,0,completed
RTE-CHI-20251001-004,HUB-CHI,DRV-01017,VEH-0037,2025-10-01,37,0,completed
RTE-CMH-20251125-001,HUB-CMH,DRV-01039,VEH-0012,2025-11-25,46,3,completed
RTE-CHI-20250523-002,HUB-CHI,DRV-01012,VEH-0004,2025-05-23,41,0,completed
RTE-CHI-20250729-002,HUB-CHI,DRV-01047,VEH-0004,2025-07-29,32,0,completed
RTE-CIN-20251201-003,HUB-CIN,DRV-01003,VEH-0025,2025-12-01,24,0,completed
RTE-DET-20250208-001,HUB-DET,DRV-01037,VEH-0011,2025-02-08,19,4,partial
RTE-DET-20250605-001,HUB-DET,DRV-01046,VEH-0024,2025-06-05,36,0,completed
RTE-IND-20250131-002,HUB-IND,DRV-01024,VEH-0010,2025-01-31,24,0,completed
RTE-CIN-20250425-003,HUB-CIN,DRV-01023,VEH-0020,2025-04-25,49,0,completed
RTE-CMH-20250217-002,HUB-CMH,DRV-01036,VEH-0007,2025-02-17,45,0,completed
RTE-CIN-20251001-002,HUB-CIN,DRV-01002,VEH-0018,2025-10-01,57,0,completed
RTE-CMH-20250807-003,HUB-CMH,DRV-01039,VEH-0031,2025-08-07,51,2,completed
RTE-DET-20250211-003,HUB-DET,DRV-01046,VEH-0029,2025-02-11,64,0,completed
RTE-CHI-20250827-001,HUB-CHI,DRV-01017,VEH-0005,2025-08-27,18,0,completed
RTE-CMH-20250829-002,HUB-CMH,DRV-01030,VEH-0001,2025-08-29,39,0,completed
RTE-CIN-20250626-001,HUB-CIN,DRV-01008,VEH-0025,2025-06-26,61,3,partial
RTE-CIN-20250906-001,HUB-CIN,DRV-01041,VEH-0025,2025-09-06,62,0,completed
RTE-CMH-20250526-002,HUB-CMH,DRV-01001,VEH-0012,2025-05-26,21,0,completed
RTE-CMH-20250707-003,HUB-CMH,DRV-01040,VEH-0038,2025-07-07,44,2,completed
RTE-IND-20250319-002,HUB-IND,DRV-01033,VEH-0017,2025-03-19,47,0,completed
RTE-CMH-20251127-003,HUB-CMH,DRV-01036,VEH-0021,2025-11-27,55,0,completed
RTE-CIN-20250627-001,HUB-CIN,DRV-01019,VEH-0020,2025-06-27,41,3,completed
RTE-CHI-20250106-002,HUB-CHI,DRV-01035,VEH-0006,2025-01-06,31,5,partial
RTE-CIN-20250617-003,HUB-CIN,DRV-01023,VEH-0036,2025-06-17,61,0,completed
RTE-CHI-20250917-001,HUB-CHI,DRV-01012,VEH-0019,2025-09-17,65,0,completed
RTE-CIN-20250512-001,HUB-CIN,DRV-01008,VEH-0018,2025-05-12,33,0,completed
RTE-CMH-20250103-003,HUB-CMH,DRV-01009,VEH-0028,2025-01-03,59,0,completed
RTE-DET-20250902-005,HUB-DET,DRV-01037,VEH-0024,2025-09-02,24,0,completed
RTE-CMH-20250709-003,HUB-CMH,DRV-01013,VEH-0038,2025-07-09,41,0,completed
RTE-CHI-20250508-002,HUB-CHI,DRV-01012,VEH-0040,2025-05-08,41,1,partial
RTE-CMH-20250505-002,HUB-CMH,DRV-01028,VEH-0028,2025-05-05,28,0,completed
RTE-CHI-20250318-002,HUB-CHI,DRV-01011,VEH-0014,2025-03-18,33,0,completed
RTE-CIN-20250415-003,HUB-CIN,DRV-01025,VEH-0036,2025-04-15,65,0,completed
RTE-DET-20251022-002,HUB-DET,DRV-01021,VEH-0029,2025-10-22,28,0,completed
RTE-CHI-20250909-002,HUB-CHI,DRV-01012,VEH-0019,2025-09-09,19,3,completed
RTE-CIN-20250616-003,HUB-CIN,DRV-01002,VEH-0025,2025-06-16,51,0,completed
RTE-CMH-20250530-002,HUB-CMH,DRV-01028,VEH-0038,2025-05-30,28,0,completed
RTE-CIN-20250627-002,HUB-CIN,DRV-01027,VEH-0032,2025-06-27,29,0,completed
RTE-CMH-20250820-002,HUB-CMH,DRV-01043,VEH-0031,2025-08-20,28,0,completed
RTE-CIN-20250704-002,HUB-CIN,DRV-01027,VEH-0032,2025-07-04,31,0,completed
RTE-CMH-20250926-003,HUB-CMH,DRV-01016,VEH-0028,2025-09-26,52,0,completed
RTE-CMH-20250315-001,HUB-CMH,DRV-01018,VEH-0033,2025-03-15,41,0,completed
RTE-DET-20250412-001,HUB-DET,DRV-01046,VEH-0011,2025-04-12,31,0,completed
RTE-IND-20250218-003,HUB-IND,DRV-01188,VEH-0013,2025-02-18,39,0,completed
RTE-CIN-20251224-002,HUB-CIN,DRV-01029,VEH-0032,2025-12-24,61,0,completed
RTE-CIN-20250814-003,HUB-CIN,DRV-01034,VEH-0027,2025-08-14,48,1,partial
RTE-IND-20251220-001,HUB-IND,DRV-01032,VEH-0016,2025-12-20,29,0,completed
RTE-CHI-20250208-001,HUB-CHI,DRV-01012,VEH-0037,2025-02-08,39,0,completed
RTE-DET-20250706-001,HUB-DET,DRV-01022,VEH-0024,2025-07-06,36,0,completed
RTE-CHI-20250716-001,HUB-CHI,DRV-01011,VEH-0005,2025-07-16,18,0,completed
RTE-CHI-20251203-003,HUB-CHI,DRV-01017,VEH-0037,2025-12-03,34,0,completed
RTE-DET-20251218-006,HUB-DET,DRV-01004,VEH-0022,2025-12-18,51,1,completed
RTE-IND-20251103-001,HUB-IND,DRV-01042,VEH-0008,2025-11-03,20,0,completed
RTE-CIN-20251203-002,HUB-CIN,DRV-01019,VEH-0027,2025-12-03,64,2,completed
RTE-CIN-20250316-001,HUB-CIN,DRV-01041,VEH-0026,2025-03-16,18,0,completed
RTE-DET-20250711-001,HUB-DET,DRV-01004,VEH-0011,2025-07-11,33,0,completed
RTE-CMH-20250408-001,HUB-CMH,DRV-01016,VEH-0031,2025-04-08,56,0,completed
RTE-CHI-20251130-001,HUB-CHI,DRV-01020,VEH-0002,2025-11-30,61,0,completed
RTE-IND-20251111-002,HUB-IND,DRV-01024,VEH-0009,2025-11-11,31,5,partial
RTE-CIN-20251111-001,HUB-CIN,DRV-01038,VEH-0036,2025-11-11,18,0,completed
RTE-CIN-20251008-003,HUB-CIN,DRV-01029,VEH-0026,2025-10-08,19,0,completed
RTE-CMH-20250216-001,HUB-CMH,DRV-01028,VEH-0003,2025-02-16,36,0,completed
RTE-CHI-20250331-001,HUB-CHI,DRV-01035,VEH-0002,2025-03-31,33,0,completed
RTE-CIN-20250731-001,HUB-CIN,DRV-01002,VEH-0027,2025-07-31,59,0,completed
RTE-CIN-20251013-001,HUB-CIN,DRV-01023,VEH-0025,2025-10-13,35,0,completed
RTE-CHI-20250227-003,HUB-CHI,DRV-01011,VEH-0037,2025-02-27,63,0,completed
RTE-DET-20250911-003,HUB-DET,DRV-01014,VEH-0030,2025-09-11,32,0,completed
RTE-CIN-20250207-002,HUB-CIN,DRV-01003,VEH-0032,2025-02-07,50,3,completed
RTE-CHI-20250602-002,HUB-CHI,DRV-01005,VEH-0040,2025-06-02,54,0,completed
RTE-DET-20250618-001,HUB-DET,DRV-01037,VEH-0024,2025-06-18,29,0,completed
RTE-CIN-20250304-005,HUB-CIN,DRV-01002,VEH-0018,2025-03-04,51,0,completed
RTE-CIN-20250327-002,HUB-CIN,DRV-01003,VEH-0032,2025-03-27,62,0,completed
RTE-IND-20250717-002,HUB-IND,DRV-01188,VEH-0010,2025-07-17,42,1,completed
RTE-DET-20250206-002,HUB-DET,DRV-01037,VEH-0011,2025-02-06,46,0,completed
RTE-IND-20250109-004,HUB-IND,DRV-01031,VEH-0017,2025-01-09,33,0,completed
RTE-IND-20250910-001,HUB-IND,DRV-01024,VEH-0023,2025-09-10,23,0,completed
RTE-CMH-20251109-002,HUB-CMH,DRV-01018,VEH-0012,2025-11-09,19,0,completed
RTE-CHI-20250308-002,HUB-CHI,DRV-01035,VEH-0004,2025-03-08,53,0,completed
RTE-CHI-20250626-002,HUB-CHI,DRV-01007,VEH-0002,2025-06-26,19,0,completed
RTE-DET-20250205-002,HUB-DET,DRV-01037,VEH-0022,2025-02-05,38,4,partial
RTE-CHI-20250328-002,HUB-CHI,DRV-01012,VEH-0002,2025-03-28,22,0,completed
RTE-CMH-20250818-001,HUB-CMH,DRV-01010,VEH-0001,2025-08-18,54,0,completed
RTE-CMH-20251014-002,HUB-CMH,DRV-01044,VEH-0021,2025-10-14,18,2,completed
RTE-CMH-20250718-002,HUB-CMH,DRV-01044,VEH-0012,2025-07-18,43,2,completed
RTE-CHI-20250909-003,HUB-CHI,DRV-01005,VEH-0014,2025-09-09,41,3,completed
RTE-CMH-20251010-003,HUB-CMH,DRV-01018,VEH-0012,2025-10-10,62,0,completed
RTE-IND-20250416-003,HUB-IND,DRV-01006,VEH-0008,2025-04-16,43,0,completed
RTE-CHI-20250804-001,HUB-CHI,DRV-01020,VEH-0004,2025-08-04,20,0,completed
RTE-IND-20251023-005,HUB-IND,DRV-01045,VEH-0008,2025-10-23,49,0,completed
RTE-CMH-20250623-001,HUB-CMH,DRV-01013,VEH-0012,2025-06-23,60,0,completed
RTE-DET-20251030-003,HUB-DET,DRV-01022,VEH-0022,2025-10-30,21,0,completed
RTE-CHI-20251028-002,HUB-CHI,DRV-01017,VEH-0002,2025-10-28,48,0,completed
RTE-IND-20251123-001,HUB-IND,DRV-01045,VEH-0013,2025-11-23,39,5,partial
RTE-CHI-20250716-002,HUB-CHI,DRV-01048,VEH-0019,2025-07-16,48,0,completed
RTE-CIN-20250424-002,HUB-CIN,DRV-01003,VEH-0027,2025-04-24,38,0,completed
RTE-CMH-20250110-003,HUB-CMH,DRV-01001,VEH-0038,2025-01-10,37,2,partial
RTE-IND-20250217-002,HUB-IND,DRV-01045,VEH-0016,2025-02-17,33,0,completed
RTE-CMH-20250103-004,HUB-CMH,DRV-01013,VEH-0021,2025-01-03,58,0,completed
RTE-IND-20250709-002,HUB-IND,DRV-01033,VEH-0013,2025-07-09,65,0,completed
RTE-CMH-20250324-001,HUB-CMH,DRV-01009,VEH-0038,2025-03-24,24,0,completed
RTE-CMH-20251103-001,HUB-CMH,DRV-01010,VEH-0012,2025-11-03,28,4,canceled
RTE-CIN-20251008-004,HUB-CIN,DRV-01002,VEH-0026,2025-10-08,65,3,completed
RTE-CMH-20250907-001,HUB-CMH,DRV-01028,VEH-0028,2025-09-07,25,0,completed
RTE-CHI-20251024-005,HUB-CHI,DRV-01035,VEH-0040,2025-10-24,48,0,completed
RTE-DET-20250218-001,HUB-DET,DRV-01046,VEH-0022,2025-02-18,60,6,canceled
RTE-IND-20251118-002,HUB-IND,DRV-01032,VEH-0017,2025-11-18,56,0,completed
RTE-DET-20250627-002,HUB-DET,DRV-01037,VEH-0030,2025-06-27,58,0,completed
RTE-CMH-20250326-001,HUB-CMH,DRV-01010,VEH-0001,2025-03-26,34,0,completed
RTE-CMH-20251012-001,HUB-CMH,DRV-01049,VEH-0001,2025-10-12,32,0,completed
RTE-IND-20251211-003,HUB-IND,DRV-01032,VEH-0010,2025-12-11,49,0,completed
RTE-CHI-20250530-001,HUB-CHI,DRV-01047,VEH-0004,2025-05-30,61,0,completed
RTE-IND-20250813-001,HUB-IND,DRV-01042,VEH-0009,2025-08-13,22,0,completed
RTE-CMH-20250701-003,HUB-CMH,DRV-01030,VEH-0001,2025-07-01,21,0,completed
RTE-CMH-20251113-002,HUB-CMH,DRV-01018,VEH-0028,2025-11-13,37,0,completed
RTE-DET-20250611-002,HUB-DET,DRV-01021,VEH-0022,2025-06-11,46,0,completed
RTE-IND-20251031-002,HUB-IND,DRV-01032,VEH-0013,2025-10-31,58,3,completed
RTE-CHI-20250924-002,HUB-CHI,DRV-01017,VEH-0019,2025-09-24,21,0,completed
RTE-CMH-20250815-001,HUB-CMH,DRV-01010,VEH-0012,2025-08-15,44,2,completed
RTE-DET-20250131-003,HUB-DET,DRV-01004,VEH-0022,2025-01-31,29,0,completed
RTE-CMH-20250414-002,HUB-CMH,DRV-01013,VEH-0021,2025-04-14,65,2,completed
RTE-IND-20251022-006,HUB-IND,DRV-01033,VEH-0008,2025-10-22,49,0,completed
RTE-CHI-20250718-001,HUB-CHI,DRV-01047,VEH-0002,2025-07-18,40,0,completed
RTE-CIN-20250407-002,HUB-CIN,DRV-01019,VEH-0020,2025-04-07,57,0,completed
RTE-CMH-20251113-003,HUB-CMH,DRV-01001,VEH-0038,2025-11-13,28,0,completed
RTE-IND-20250805-004,HUB-IND,DRV-01045,VEH-0008,2025-08-05,26,0,completed
RTE-IND-20250715-003,HUB-IND,DRV-01045,VEH-0010,2025-07-15,64,0,completed
RTE-DET-20250903-001,HUB-DET,DRV-01021,VEH-0029,2025-09-03,53,0,completed
RTE-CHI-20250715-001,HUB-CHI,DRV-01020,VEH-0002,2025-07-15,53,0,completed
RTE-CMH-20250630-002,HUB-CMH,DRV-01040,VEH-0003,2025-06-30,59,0,completed
RTE-CHI-20250606-002,HUB-CHI,DRV-01011,VEH-0019,2025-06-06,47,0,completed
RTE-CMH-20250303-001,HUB-CMH,DRV-01010,VEH-0038,2025-03-03,40,0,completed
RTE-IND-20250224-003,HUB-IND,DRV-01032,VEH-0016,2025-02-24,61,0,completed
RTE-CMH-20250314-003,HUB-CMH,DRV-01013,VEH-0007,2025-03-14,61,0,completed
RTE-IND-20251005-001,HUB-IND,DRV-01024,VEH-0016,2025-10-05,25,0,completed
RTE-CIN-20251016-004,HUB-CIN,DRV-01002,VEH-0036,2025-10-16,40,0,completed
RTE-CIN-20250416-003,HUB-CIN,DRV-01002,VEH-0036,2025-04-16,39,0,completed
RTE-CIN-20250108-004,HUB-CIN,DRV-01019,VEH-0036,2025-01-08,21,5,partial
RTE-DET-20250223-001,HUB-DET,DRV-01022,VEH-0029,2025-02-23,55,6,partial
RTE-CMH-20251025-003,HUB-CMH,DRV-01040,VEH-0001,2025-10-25,39,2,partial
RTE-DET-20251024-004,HUB-DET,DRV-01004,VEH-0030,2025-10-24,40,0,completed
RTE-IND-20250531-003,HUB-IND,DRV-01042,VEH-0017,2025-05-31,35,2,completed
RTE-CHI-20250301-001,HUB-CHI,DRV-01048,VEH-0040,2025-03-01,45,0,completed
RTE-IND-20251010-002,HUB-IND,DRV-01032,VEH-0008,2025-10-10,62,0,completed
RTE-IND-20250612-001,HUB-IND,DRV-01045,VEH-0013,2025-06-12,45,0,completed
RTE-DET-20251103-002,HUB-DET,DRV-01037,VEH-0022,2025-11-03,54,0,completed
RTE-CHI-20250729-003,HUB-CHI,DRV-01011,VEH-0040,2025-07-29,31,0,completed
RTE-CHI-20250516-001,HUB-CHI,DRV-01047,VEH-0002,2025-05-16,30,0,completed
RTE-CIN-20251121-002,HUB-CIN,DRV-01003,VEH-0027,2025-11-21,60,0,completed
RTE-DET-20250617-003,HUB-DET,DRV-01022,VEH-0024,2025-06-17,61,0,completed
RTE-IND-20250225-002,HUB-IND,DRV-01024,VEH-0017,2025-02-25,32,1,partial
RTE-CIN-20250723-002,HUB-CIN,DRV-01038,VEH-0036,2025-07-23,32,0,completed
RTE-CIN-20251023-003,HUB-CIN,DRV-01027,VEH-0026,2025-10-23,62,0,completed
RTE-DET-20251125-002,HUB-DET,DRV-01004,VEH-0024,2025-11-25,64,0,completed
RTE-DET-20250502-001,HUB-DET,DRV-01046,VEH-0022,2025-05-02,46,0,completed
RTE-CHI-20251205-001,HUB-CHI,DRV-01047,VEH-0006,2025-12-05,52,2,partial
RTE-CHI-20250927-001,HUB-CHI,DRV-01017,VEH-0004,2025-09-27,30,0,completed
RTE-DET-20251212-002,HUB-DET,DRV-01046,VEH-0011,2025-12-12,45,0,completed
RTE-CMH-20250203-003,HUB-CMH,DRV-01040,VEH-0021,2025-02-03,47,0,completed
RTE-IND-20250415-001,HUB-IND,DRV-01188,VEH-0016,2025-04-15,48,0,completed
RTE-IND-20250428-004,HUB-IND,DRV-01033,VEH-0008,2025-04-28,35,0,completed
RTE-DET-20250615-001,HUB-DET,DRV-01021,VEH-0029,2025-06-15,30,1,partial
RTE-CHI-20251031-003,HUB-CHI,DRV-01035,VEH-0037,2025-10-31,32,0,completed
RTE-CMH-20250110-004,HUB-CMH,DRV-01030,VEH-0038,2025-01-10,56,5,partial
RTE-IND-20250305-001,HUB-IND,DRV-01042,VEH-0013,2025-03-05,50,0,completed
RTE-CMH-20250929-001,HUB-CMH,DRV-01049,VEH-0021,2025-09-29,22,0,completed
RTE-CMH-20251114-001,HUB-CMH,DRV-01043,VEH-0007,2025-11-14,36,4,partial
RTE-CHI-20250828-001,HUB-CHI,DRV-01017,VEH-0037,2025-08-28,20,0,completed
RTE-DET-20251007-003,HUB-DET,DRV-01014,VEH-0029,2025-10-07,30,3,completed
RTE-CIN-20250217-002,HUB-CIN,DRV-01003,VEH-0020,2025-02-17,46,0,completed
RTE-CIN-20250319-003,HUB-CIN,DRV-01041,VEH-0020,2025-03-19,51,0,completed
RTE-CIN-20250102-002,HUB-CIN,DRV-01041,VEH-0020,2025-01-02,35,0,completed
RTE-CMH-20251202-001,HUB-CMH,DRV-01018,VEH-0021,2025-12-02,49,0,completed
RTE-CHI-20250902-003,HUB-CHI,DRV-01048,VEH-0037,2025-09-02,53,0,completed
RTE-CHI-20250415-002,HUB-CHI,DRV-01047,VEH-0005,2025-04-15,62,0,completed
RTE-CIN-20250907-002,HUB-CIN,DRV-01003,VEH-0027,2025-09-07,22,0,completed
RTE-CIN-20250417-004,HUB-CIN,DRV-01008,VEH-0025,2025-04-17,62,0,completed
RTE-CMH-20250508-001,HUB-CMH,DRV-01049,VEH-0007,2025-05-08,23,0,completed
RTE-CHI-20250127-002,HUB-CHI,DRV-01012,VEH-0014,2025-01-27,22,0,completed
RTE-DET-20250831-001,HUB-DET,DRV-01022,VEH-0011,2025-08-31,27,0,completed
RTE-DET-20250108-004,HUB-DET,DRV-01014,VEH-0029,2025-01-08,62,0,completed
RTE-CIN-20250929-001,HUB-CIN,DRV-01003,VEH-0018,2025-09-29,39,0,completed
RTE-CIN-20250508-002,HUB-CIN,DRV-01003,VEH-0026,2025-05-08,48,0,completed
RTE-CHI-20251209-004,HUB-CHI,DRV-01047,VEH-0006,2025-12-09,56,0,completed
RTE-CIN-20250618-002,HUB-CIN,DRV-01019,VEH-0036,2025-06-18,21,0,completed
RTE-CHI-20250321-001,HUB-CHI,DRV-01047,VEH-0004,2025-03-21,35,0,completed
RTE-CHI-20250612-001,HUB-CHI,DRV-01035,VEH-0005,2025-06-12,33,0,completed
RTE-CMH-20250331-001,HUB-CMH,DRV-01028,VEH-0007,2025-03-31,58,0,completed
RTE-DET-20250919-002,HUB-DET,DRV-01004,VEH-0011,2025-09-19,39,0,completed
RTE-CHI-20251211-003,HUB-CHI,DRV-01012,VEH-0002,2025-12-11,62,0,completed
RTE-CMH-20251010-004,HUB-CMH,DRV-01009,VEH-0021,2025-10-10,42,0,completed
RTE-IND-20250213-001,HUB-IND,DRV-01024,VEH-0023,2025-02-13,27,0,completed
RTE-IND-20250101-002,HUB-IND,DRV-01033,VEH-0013,2025-01-01,24,0,completed
RTE-CHI-20251015-002,HUB-CHI,DRV-01035,VEH-0005,2025-10-15,36,0,completed
RTE-CIN-20250818-004,HUB-CIN,DRV-01038,VEH-0027,2025-08-18,45,0,completed
RTE-CHI-20250903-002,HUB-CHI,DRV-01011,VEH-0040,2025-09-03,47,0,completed
RTE-DET-20250113-002,HUB-DET,DRV-01014,VEH-0030,2025-01-13,59,0,completed
RTE-CMH-20251124-002,HUB-CMH,DRV-01040,VEH-0012,2025-11-24,44,0,completed
RTE-DET-20250704-003,HUB-DET,DRV-01021,VEH-0011,2025-07-04,62,0,completed
RTE-IND-20251008-002,HUB-IND,DRV-01032,VEH-0013,2025-10-08,43,0,completed
RTE-CHI-20250505-001,HUB-CHI,DRV-01047,VEH-0019,2025-05-05,44,0,completed
RTE-IND-20250917-001,HUB-IND,DRV-01042,VEH-0009,2025-09-17,39,0,completed
RTE-DET-20250904-001,HUB-DET,DRV-01037,VEH-0024,2025-09-04,54,0,completed
RTE-CIN-20250623-001,HUB-CIN,DRV-01019,VEH-0026,2025-06-23,22,0,completed
RTE-CIN-20251215-001,HUB-CIN,DRV-01041,VEH-0020,2025-12-15,46,5,partial
RTE-CHI-20250327-003,HUB-CHI,DRV-01035,VEH-0002,2025-03-27,36,0,completed
RTE-IND-20250404-001,HUB-IND,DRV-01045,VEH-0013,2025-04-04,58,1,partial
RTE-CHI-20250922-001,HUB-CHI,DRV-01020,VEH-0004,2025-09-22,43,0,completed
RTE-CHI-20250102-001,HUB-CHI,DRV-01047,VEH-0037,2025-01-02,31,0,completed
RTE-IND-20251029-001,HUB-IND,DRV-01006,VEH-0009,2025-10-29,50,0,completed
RTE-IND-20250116-001,HUB-IND,DRV-01032,VEH-0013,2025-01-16,34,2,completed
RTE-CMH-20251009-002,HUB-CMH,DRV-01030,VEH-0031,2025-10-09,38,0,completed
RTE-CMH-20250303-002,HUB-CMH,DRV-01030,VEH-0031,2025-03-03,24,0,completed
RTE-DET-20251031-002,HUB-DET,DRV-01004,VEH-0029,2025-10-31,64,0,completed
RTE-CIN-20250416-004,HUB-CIN,DRV-01019,VEH-0032,2025-04-16,23,0,completed
RTE-DET-20250327-003,HUB-DET,DRV-01021,VEH-0030,2025-03-27,36,0,completed
RTE-CMH-20250122-003,HUB-CMH,DRV-01049,VEH-0031,2025-01-22,41,0,completed
RTE-CIN-20250604-001,HUB-CIN,DRV-01026,VEH-0020,2025-06-04,58,0,completed
RTE-CMH-20250206-001,HUB-CMH,DRV-01039,VEH-0033,2025-02-06,60,0,completed
RTE-IND-20250102-002,HUB-IND,DRV-01045,VEH-0008,2025-01-02,39,0,completed
RTE-CHI-20250903-003,HUB-CHI,DRV-01048,VEH-0014,2025-09-03,25,2,completed
RTE-DET-20250115-003,HUB-DET,DRV-01022,VEH-0011,2025-01-15,44,0,completed
RTE-CMH-20251212-001,HUB-CMH,DRV-01039,VEH-0028,2025-12-12,30,0,completed
RTE-DET-20250814-003,HUB-DET,DRV-01022,VEH-0011,2025-08-14,62,0,completed
RTE-IND-20250530-002,HUB-IND,DRV-01045,VEH-0016,2025-05-30,47,0,completed
RTE-DET-20251220-001,HUB-DET,DRV-01037,VEH-0029,2025-12-20,39,0,completed
RTE-DET-20250109-002,HUB-DET,DRV-01037,VEH-0022,2025-01-09,35,0,completed
RTE-DET-20250403-002,HUB-DET,DRV-01004,VEH-0024,2025-04-03,30,0,completed
RTE-CIN-20250926-002,HUB-CIN,DRV-01008,VEH-0036,2025-09-26,58,0,completed
RTE-CIN-20250811-002,HUB-CIN,DRV-01026,VEH-0026,2025-08-11,64,3,partial
RTE-CMH-20251217-001,HUB-CMH,DRV-01030,VEH-0033,2025-12-17,38,0,completed
RTE-CMH-20250529-003,HUB-CMH,DRV-01013,VEH-0031,2025-05-29,32,0,completed
RTE-CMH-20250620-004,HUB-CMH,DRV-01010,VEH-0031,2025-06-20,25,0,completed
RTE-CIN-20250504-002,HUB-CIN,DRV-01002,VEH-0036,2025-05-04,28,0,completed
RTE-CHI-20251107-003,HUB-CHI,DRV-01005,VEH-0014,2025-11-07,36,1,partial
RTE-CHI-20250213-001,HUB-CHI,DRV-01017,VEH-0019,2025-02-13,39,0,completed
RTE-CIN-20251107-002,HUB-CIN,DRV-01034,VEH-0018,2025-11-07,20,0,completed
RTE-DET-20250625-001,HUB-DET,DRV-01022,VEH-0030,2025-06-25,49,0,completed
RTE-CMH-20250508-002,HUB-CMH,DRV-01018,VEH-0012,2025-05-08,44,0,completed
RTE-DET-20250927-001,HUB-DET,DRV-01046,VEH-0011,2025-09-27,59,0,completed
RTE-CMH-20250225-003,HUB-CMH,DRV-01015,VEH-0003,2025-02-25,33,0,completed
RTE-DET-20250822-002,HUB-DET,DRV-01022,VEH-0029,2025-08-22,56,0,completed
RTE-CHI-20251024-006,HUB-CHI,DRV-01011,VEH-0005,2025-10-24,35,0,completed
RTE-DET-20250716-001,HUB-DET,DRV-01014,VEH-0029,2025-07-16,23,0,completed
RTE-CIN-20250820-001,HUB-CIN,DRV-01003,VEH-0036,2025-08-20,26,3,completed
RTE-CMH-20250516-002,HUB-CMH,DRV-01049,VEH-0007,2025-05-16,52,0,completed
RTE-IND-20251219-004,HUB-IND,DRV-01033,VEH-0009,2025-12-19,53,0,completed
RTE-DET-20251029-001,HUB-DET,DRV-01022,VEH-0030,2025-10-29,35,0,completed
RTE-DET-20250501-001,HUB-DET,DRV-01022,VEH-0029,2025-05-01,35,0,completed
RTE-DET-20250924-001,HUB-DET,DRV-01037,VEH-0030,2025-09-24,55,0,completed
RTE-CIN-20250903-003,HUB-CIN,DRV-01026,VEH-0020,2025-09-03,54,0,completed
RTE-CMH-20250602-002,HUB-CMH,DRV-01030,VEH-0012,2025-06-02,38,0,completed
RTE-IND-20250128-001,HUB-IND,DRV-01033,VEH-0010,2025-01-28,47,4,partial
RTE-IND-20250312-001,HUB-IND,DRV-01033,VEH-0010,2025-03-12,39,0,completed
RTE-CIN-20250903-004,HUB-CIN,DRV-01026,VEH-0018,2025-09-03,21,0,completed
RTE-IND-20250901-002,HUB-IND,DRV-01006,VEH-0013,2025-09-01,38,0,completed
RTE-CHI-20251111-002,HUB-CHI,DRV-01007,VEH-0014,2025-11-11,42,0,completed
RTE-CIN-20250328-003,HUB-CIN,DRV-01002,VEH-0020,2025-03-28,38,0,completed
RTE-CIN-20251103-003,HUB-CIN,DRV-01041,VEH-0018,2025-11-03,61,0,completed
RTE-IND-20251014-004,HUB-IND,DRV-01188,VEH-0013,2025-10-14,47,3,completed
RTE-CMH-20250116-003,HUB-CMH,DRV-01013,VEH-0012,2025-01-16,56,0,completed
RTE-CIN-20250820-002,HUB-CIN,DRV-01027,VEH-0032,2025-08-20,37,0,completed
RTE-CHI-20250721-002,HUB-CHI,DRV-01007,VEH-0040,2025-07-21,48,2,completed
RTE-DET-20250728-002,HUB-DET,DRV-01046,VEH-0030,2025-07-28,44,1,partial
RTE-DET-20251015-002,HUB-DET,DRV-01014,VEH-0030,2025-10-15,25,0,completed
RTE-CHI-20250729-004,HUB-CHI,DRV-01017,VEH-0037,2025-07-29,37,2,completed
RTE-IND-20250707-002,HUB-IND,DRV-01188,VEH-0013,2025-07-07,19,0,completed
RTE-CHI-20250518-001,HUB-CHI,DRV-01017,VEH-0019,2025-05-18,36,1,partial
RTE-CHI-20250714-002,HUB-CHI,DRV-01005,VEH-0002,2025-07-14,22,0,completed
RTE-CIN-20250929-002,HUB-CIN,DRV-01019,VEH-0025,2025-09-29,50,0,completed
RTE-CIN-20250105-002,HUB-CIN,DRV-01008,VEH-0036,2025-01-05,19,0,completed
RTE-IND-20250717-003,HUB-IND,DRV-01006,VEH-0010,2025-07-17,58,0,completed
RTE-DET-20250926-001,HUB-DET,DRV-01037,VEH-0029,2025-09-26,56,1,partial
RTE-CHI-20250422-003,HUB-CHI,DRV-01007,VEH-0019,2025-04-22,26,0,completed
RTE-IND-20250108-002,HUB-IND,DRV-01024,VEH-0010,2025-01-08,58,0,completed
RTE-CHI-20251222-001,HUB-CHI,DRV-01047,VEH-0037,2025-12-22,51,0,completed
RTE-CHI-20250217-001,HUB-CHI,DRV-01047,VEH-0040,2025-02-17,64,0,completed
RTE-CHI-20251020-001,HUB-CHI,DRV-01012,VEH-0006,2025-10-20,33,0,completed
RTE-CIN-20250812-002,HUB-CIN,DRV-01023,VEH-0020,2025-08-12,19,2,completed
RTE-CHI-20251209-005,HUB-CHI,DRV-01020,VEH-0002,2025-12-09,64,0,completed
RTE-CMH-20250203-004,HUB-CMH,DRV-01013,VEH-0003,2025-02-03,52,6,partial
RTE-CHI-20250907-001,HUB-CHI,DRV-01035,VEH-0019,2025-09-07,26,0,completed
RTE-DET-20251121-001,HUB-DET,DRV-01021,VEH-0024,2025-11-21,36,0,completed
RTE-CMH-20251204-001,HUB-CMH,DRV-01013,VEH-0038,2025-12-04,35,0,completed
RTE-DET-20250730-003,HUB-DET,DRV-01046,VEH-0022,2025-07-30,45,0,completed
RTE-CMH-20251212-002,HUB-CMH,DRV-01009,VEH-0038,2025-12-12,57,5,partial
RTE-IND-20250228-001,HUB-IND,DRV-01032,VEH-0023,2025-02-28,39,0,completed
RTE-IND-20250623-001,HUB-IND,DRV-01031,VEH-0010,2025-06-23,58,0,completed
RTE-DET-20250930-002,HUB-DET,DRV-01046,VEH-0011,2025-09-30,49,0,completed
RTE-CMH-20250919-003,HUB-CMH,DRV-01044,VEH-0012,2025-09-19,50,0,completed
RTE-DET-20251231-002,HUB-DET,DRV-01021,VEH-0011,2025-12-31,33,0,completed
RTE-CMH-20250512-002,HUB-CMH,DRV-01028,VEH-0021,2025-05-12,57,3,completed
RTE-CIN-20250711-001,HUB-CIN,DRV-01008,VEH-0032,2025-07-11,34,2,partial
RTE-IND-20250611-003,HUB-IND,DRV-01045,VEH-0017,2025-06-11,40,1,completed
RTE-DET-20251127-001,HUB-DET,DRV-01004,VEH-0011,2025-11-27,57,0,completed
RTE-DET-20250628-001,HUB-DET,DRV-01014,VEH-0029,2025-06-28,27,0,completed
RTE-CHI-20250101-001,HUB-CHI,DRV-01007,VEH-0019,2025-01-01,52,3,completed
RTE-IND-20251102-001,HUB-IND,DRV-01031,VEH-0016,2025-11-02,19,0,completed
RTE-CHI-20250326-003,HUB-CHI,DRV-01007,VEH-0019,2025-03-26,21,0,completed
RTE-DET-20251014-001,HUB-DET,DRV-01014,VEH-0011,2025-10-14,39,0,completed
RTE-CHI-20250120-002,HUB-CHI,DRV-01017,VEH-0006,2025-01-20,29,0,completed
RTE-CHI-20250323-001,HUB-CHI,DRV-01005,VEH-0019,2025-03-23,61,0,completed
RTE-IND-20251230-001,HUB-IND,DRV-01042,VEH-0017,2025-12-30,42,0,completed
RTE-IND-20250916-001,HUB-IND,DRV-01188,VEH-0010,2025-09-16,42,0,completed
RTE-CIN-20250815-002,HUB-CIN,DRV-01041,VEH-0020,2025-08-15,32,0,completed
RTE-CIN-20251105-002,HUB-CIN,DRV-01023,VEH-0020,2025-11-05,22,6,partial
RTE-DET-20250630-004,HUB-DET,DRV-01037,VEH-0029,2025-06-30,51,0,completed
RTE-CMH-20250929-002,HUB-CMH,DRV-01039,VEH-0028,2025-09-29,48,0,completed
RTE-CHI-20250918-002,HUB-CHI,DRV-01047,VEH-0006,2025-09-18,18,0,completed
RTE-CIN-20250206-001,HUB-CIN,DRV-01034,VEH-0027,2025-02-06,45,0,completed
RTE-CIN-20251120-001,HUB-CIN,DRV-01038,VEH-0027,2025-11-20,36,0,completed
RTE-DET-20250110-002,HUB-DET,DRV-01021,VEH-0024,2025-01-10,44,3,partial
RTE-CHI-20250102-002,HUB-CHI,DRV-01011,VEH-0040,2025-01-02,24,0,completed
RTE-CIN-20251124-003,HUB-CIN,DRV-01027,VEH-0025,2025-11-24,51,0,completed
RTE-CMH-20250618-001,HUB-CMH,DRV-01043,VEH-0038,2025-06-18,20,0,completed
RTE-CMH-20251206-001,HUB-CMH,DRV-01015,VEH-0031,2025-12-06,55,0,completed
RTE-IND-20250825-001,HUB-IND,DRV-01032,VEH-0016,2025-08-25,19,0,completed
RTE-CIN-20250513-002,HUB-CIN,DRV-01023,VEH-0026,2025-05-13,49,0,completed
RTE-CMH-20250327-002,HUB-CMH,DRV-01010,VEH-0021,2025-03-27,58,0,completed
RTE-CHI-20250902-004,HUB-CHI,DRV-01007,VEH-0040,2025-09-02,23,0,completed
RTE-CIN-20251201-004,HUB-CIN,DRV-01041,VEH-0032,2025-12-01,18,2,completed
RTE-DET-20250411-001,HUB-DET,DRV-01022,VEH-0022,2025-04-11,57,0,completed
RTE-CIN-20250722-002,HUB-CIN,DRV-01038,VEH-0025,2025-07-22,26,0,completed
RTE-DET-20250212-002,HUB-DET,DRV-01022,VEH-0029,2025-02-12,35,0,completed
RTE-DET-20250115-004,HUB-DET,DRV-01046,VEH-0030,2025-01-15,32,0,completed
RTE-IND-20250815-002,HUB-IND,DRV-01045,VEH-0010,2025-08-15,26,0,completed
RTE-CMH-20251229-001,HUB-CMH,DRV-01030,VEH-0012,2025-12-29,24,0,completed
RTE-CMH-20250409-003,HUB-CMH,DRV-01039,VEH-0001,2025-04-09,22,0,completed
RTE-CIN-20250210-001,HUB-CIN,DRV-01019,VEH-0020,2025-02-10,23,0,completed
RTE-CMH-20251019-001,HUB-CMH,DRV-01044,VEH-0033,2025-10-19,36,3,completed
RTE-IND-20250713-001,HUB-IND,DRV-01032,VEH-0008,2025-07-13,53,0,completed
RTE-DET-20250723-003,HUB-DET,DRV-01014,VEH-0022,2025-07-23,26,0,completed
RTE-DET-20250603-001,HUB-DET,DRV-01046,VEH-0024,2025-06-03,35,0,completed
RTE-DET-20250120-001,HUB-DET,DRV-01004,VEH-0029,2025-01-20,21,0,completed
RTE-CHI-20251126-002,HUB-CHI,DRV-01047,VEH-0040,2025-11-26,51,0,completed
RTE-CHI-20251113-002,HUB-CHI,DRV-01007,VEH-0014,2025-11-13,25,0,completed
RTE-CMH-20250121-002,HUB-CMH,DRV-01028,VEH-0007,2025-01-21,56,6,partial
RTE-CIN-20251114-003,HUB-CIN,DRV-01041,VEH-0018,2025-11-14,64,1,completed
RTE-DET-20250626-002,HUB-DET,DRV-01021,VEH-0029,2025-06-26,58,0,completed
RTE-IND-20250808-004,HUB-IND,DRV-01042,VEH-0013,2025-08-08,41,0,completed
RTE-CHI-20250111-001,HUB-CHI,DRV-01035,VEH-0040,2025-01-11,64,0,completed
RTE-IND-20251029-002,HUB-IND,DRV-01188,VEH-0016,2025-10-29,23,0,completed
RTE-CIN-20250111-002,HUB-CIN,DRV-01041,VEH-0027,2025-01-11,55,0,completed
RTE-DET-20250422-002,HUB-DET,DRV-01037,VEH-0024,2025-04-22,52,0,completed
RTE-IND-20250725-003,HUB-IND,DRV-01031,VEH-0009,2025-07-25,20,0,completed
RTE-IND-20250528-001,HUB-IND,DRV-01032,VEH-0009,2025-05-28,34,0,completed
RTE-IND-20250113-003,HUB-IND,DRV-01031,VEH-0008,2025-01-13,47,0,completed
RTE-CMH-20250102-005,HUB-CMH,DRV-01010,VEH-0031,2025-01-02,47,0,completed
RTE-DET-20250515-001,HUB-DET,DRV-01021,VEH-0022,2025-05-15,63,0,completed
RTE-IND-20250811-001,HUB-IND,DRV-01024,VEH-0013,2025-08-11,31,0,completed
RTE-CMH-20250624-001,HUB-CMH,DRV-01009,VEH-0033,2025-06-24,27,0,completed
RTE-CHI-20251121-002,HUB-CHI,DRV-01005,VEH-0006,2025-11-21,40,0,completed
RTE-DET-20250331-003,HUB-DET,DRV-01014,VEH-0022,2025-03-31,19,0,completed
RTE-IND-20250128-002,HUB-IND,DRV-01006,VEH-0016,2025-01-28,62,0,completed
RTE-CMH-20250808-004,HUB-CMH,DRV-01009,VEH-0007,2025-08-08,41,0,completed
RTE-IND-20250604-002,HUB-IND,DRV-01032,VEH-0008,2025-06-04,43,0,completed
RTE-DET-20251215-003,HUB-DET,DRV-01022,VEH-0022,2025-12-15,23,4,partial
RTE-CIN-20250101-002,HUB-CIN,DRV-01029,VEH-0018,2025-01-01,60,0,completed
RTE-DET-20250801-004,HUB-DET,DRV-01014,VEH-0024,2025-08-01,26,1,partial
RTE-CHI-20250905-002,HUB-CHI,DRV-01047,VEH-0004,2025-09-05,22,1,partial
RTE-DET-20251001-001,HUB-DET,DRV-01037,VEH-0029,2025-10-01,35,0,completed
RTE-IND-20250831-001,HUB-IND,DRV-01033,VEH-0013,2025-08-31,53,0,completed
RTE-DET-20250409-002,HUB-DET,DRV-01021,VEH-0022,2025-04-09,39,0,completed
RTE-CIN-20250714-001,HUB-CIN,DRV-01034,VEH-0036,2025-07-14,54,0,completed
RTE-DET-20250909-001,HUB-DET,DRV-01014,VEH-0030,2025-09-09,41,3,partial
RTE-CHI-20250324-003,HUB-CHI,DRV-01047,VEH-0002,2025-03-24,24,0,completed
RTE-CIN-20250109-001,HUB-CIN,DRV-01025,VEH-0032,2025-01-09,59,0,completed
RTE-CMH-20251127-004,HUB-CMH,DRV-01016,VEH-0003,2025-11-27,57,0,completed
RTE-CHI-20250714-003,HUB-CHI,DRV-01011,VEH-0006,2025-07-14,21,0,completed
RTE-CHI-20250907-002,HUB-CHI,DRV-01020,VEH-0037,2025-09-07,22,0,completed
RTE-CIN-20251125-003,HUB-CIN,DRV-01041,VEH-0025,2025-11-25,61,0,completed
RTE-CHI-20250428-001,HUB-CHI,DRV-01048,VEH-0014,2025-04-28,23,0,completed
RTE-CIN-20251216-002,HUB-CIN,DRV-01038,VEH-0036,2025-12-16,19,0,completed
RTE-CIN-20251008-005,HUB-CIN,DRV-01003,VEH-0025,2025-10-08,64,0,completed
RTE-DET-20250729-003,HUB-DET,DRV-01004,VEH-0022,2025-07-29,19,0,completed
RTE-CIN-20251022-003,HUB-CIN,DRV-01002,VEH-0025,2025-10-22,23,0,completed
RTE-IND-20250421-001,HUB-IND,DRV-01032,VEH-0010,2025-04-21,54,0,completed
RTE-IND-20250508-001,HUB-IND,DRV-01045,VEH-0016,2025-05-08,21,0,completed
RTE-DET-20250925-003,HUB-DET,DRV-01022,VEH-0030,2025-09-25,58,0,completed
RTE-IND-20250508-002,HUB-IND,DRV-01188,VEH-0009,2025-05-08,36,0,completed
RTE-CMH-20250514-003,HUB-CMH,DRV-01040,VEH-0031,2025-05-14,47,0,completed
RTE-CIN-20250218-001,HUB-CIN,DRV-01027,VEH-0032,2025-02-18,36,5,partial
RTE-CHI-20251105-002,HUB-CHI,DRV-01011,VEH-0037,2025-11-05,51,3,completed
RTE-CIN-20250113-001,HUB-CIN,DRV-01041,VEH-0032,2025-01-13,29,0,completed
RTE-CHI-20251211-004,HUB-CHI,DRV-01048,VEH-0002,2025-12-11,53,3,completed
RTE-DET-20250321-002,HUB-DET,DRV-01014,VEH-0029,2025-03-21,48,0,completed
RTE-CMH-20250425-002,HUB-CMH,DRV-01044,VEH-0007,2025-04-25,39,0,completed
RTE-DET-20251014-002,HUB-DET,DRV-01022,VEH-0029,2025-10-14,32,0,completed
RTE-CMH-20250512-003,HUB-CMH,DRV-01036,VEH-0033,2025-05-12,65,0,completed
RTE-DET-20250828-002,HUB-DET,DRV-01021,VEH-0022,2025-08-28,26,0,completed
RTE-CMH-20250619-002,HUB-CMH,DRV-01018,VEH-0007,2025-06-19,22,0,completed
RTE-DET-20250206-003,HUB-DET,DRV-01004,VEH-0022,2025-02-06,41,0,completed
RTE-IND-20250602-001,HUB-IND,DRV-01033,VEH-0017,2025-06-02,47,3,partial
RTE-DET-20250701-003,HUB-DET,DRV-01021,VEH-0024,2025-07-01,63,0,completed
RTE-DET-20250123-001,HUB-DET,DRV-01022,VEH-0029,2025-01-23,37,0,completed
RTE-IND-20250923-002,HUB-IND,DRV-01024,VEH-0009,2025-09-23,52,0,completed
RTE-CMH-20250812-001,HUB-CMH,DRV-01028,VEH-0038,2025-08-12,33,0,completed
RTE-IND-20251107-002,HUB-IND,DRV-01031,VEH-0017,2025-11-07,26,0,completed
RTE-CMH-20250718-003,HUB-CMH,DRV-01039,VEH-0012,2025-07-18,41,0,completed
RTE-IND-20250806-001,HUB-IND,DRV-01033,VEH-0013,2025-08-06,24,0,completed
RTE-CMH-20250220-001,HUB-CMH,DRV-01039,VEH-0003,2025-02-20,20,0,completed
RTE-DET-20250530-002,HUB-DET,DRV-01014,VEH-0030,2025-05-30,59,0,completed
RTE-CHI-20250210-002,HUB-CHI,DRV-01048,VEH-0006,2025-02-10,38,0,completed
RTE-CMH-20251230-003,HUB-CMH,DRV-01039,VEH-0003,2025-12-30,26,0,completed
RTE-CHI-20250207-002,HUB-CHI,DRV-01047,VEH-0040,2025-02-07,62,3,completed
RTE-CHI-20250914-001,HUB-CHI,DRV-01005,VEH-0004,2025-09-14,61,0,completed
RTE-DET-20250519-002,HUB-DET,DRV-01037,VEH-0024,2025-05-19,18,0,completed
RTE-CHI-20250102-003,HUB-CHI,DRV-01005,VEH-0005,2025-01-02,28,0,completed
RTE-DET-20250123-002,HUB-DET,DRV-01021,VEH-0011,2025-01-23,56,0,completed
RTE-CIN-20251222-001,HUB-CIN,DRV-01019,VEH-0026,2025-12-22,44,2,partial
RTE-IND-20251124-001,HUB-IND,DRV-01188,VEH-0009,2025-11-24,51,2,completed
RTE-IND-20250717-004,HUB-IND,DRV-01045,VEH-0009,2025-07-17,44,1,completed
RTE-CMH-20250114-001,HUB-CMH,DRV-01044,VEH-0038,2025-01-14,53,0,completed
RTE-CMH-20250101-002,HUB-CMH,DRV-01016,VEH-0012,2025-01-01,47,0,completed
RTE-DET-20251007-004,HUB-DET,DRV-01037,VEH-0029,2025-10-07,58,0,completed
RTE-CHI-20251202-003,HUB-CHI,DRV-01005,VEH-0006,2025-12-02,18,0,completed
RTE-CIN-20250201-001,HUB-CIN,DRV-01003,VEH-0036,2025-02-01,45,0,completed
RTE-CHI-20250329-001,HUB-CHI,DRV-01047,VEH-0037,2025-03-29,59,0,completed
RTE-IND-20250227-001,HUB-IND,DRV-01033,VEH-0008,2025-02-27,40,0,completed
RTE-CMH-20251223-004,HUB-CMH,DRV-01036,VEH-0038,2025-12-23,21,0,completed
RTE-DET-20251214-002,HUB-DET,DRV-01046,VEH-0022,2025-12-14,57,0,completed
RTE-CIN-20251222-002,HUB-CIN,DRV-01023,VEH-0036,2025-12-22,27,0,completed
RTE-CHI-20250729-005,HUB-CHI,DRV-01020,VEH-0006,2025-07-29,37,0,completed
RTE-CHI-20251227-001,HUB-CHI,DRV-01048,VEH-0040,2025-12-27,59,0,completed
RTE-IND-20251112-003,HUB-IND,DRV-01042,VEH-0016,2025-11-12,23,2,partial
RTE-CHI-20250428-002,HUB-CHI,DRV-01020,VEH-0019,2025-04-28,51,0,completed
RTE-CHI-20250822-002,HUB-CHI,DRV-01048,VEH-0006,2025-08-22,34,0,completed
RTE-CIN-20250421-002,HUB-CIN,DRV-01034,VEH-0018,2025-04-21,45,3,completed
RTE-CIN-20250614-002,HUB-CIN,DRV-01027,VEH-0025,2025-06-14,31,3,completed
RTE-CMH-20250729-002,HUB-CMH,DRV-01015,VEH-0001,2025-07-29,61,0,completed
RTE-DET-20250808-004,HUB-DET,DRV-01037,VEH-0024,2025-08-08,58,0,completed
RTE-CIN-20250826-001,HUB-CIN,DRV-01029,VEH-0027,2025-08-26,61,0,completed
RTE-IND-20250219-002,HUB-IND,DRV-01042,VEH-0023,2025-02-19,34,0,completed
RTE-CMH-20250211-001,HUB-CMH,DRV-01030,VEH-0003,2025-02-11,48,0,completed
RTE-IND-20250922-001,HUB-IND,DRV-01188,VEH-0010,2025-09-22,55,0,completed
RTE-CIN-20250123-002,HUB-CIN,DRV-01008,VEH-0026,2025-01-23,29,0,completed
RTE-DET-20250922-001,HUB-DET,DRV-01021,VEH-0030,2025-09-22,19,0,completed
RTE-CHI-20250910-001,HUB-CHI,DRV-01005,VEH-0002,2025-09-10,53,0,completed
RTE-IND-20250912-002,HUB-IND,DRV-01032,VEH-0023,2025-09-12,60,0,completed
RTE-CHI-20251218-003,HUB-CHI,DRV-01011,VEH-0019,2025-12-18,40,0,completed
RTE-IND-20251224-001,HUB-IND,DRV-01045,VEH-0016,2025-12-24,19,0,completed
RTE-IND-20251008-003,HUB-IND,DRV-01045,VEH-0023,2025-10-08,56,0,completed
RTE-CMH-20250101-003,HUB-CMH,DRV-01016,VEH-0038,2025-01-01,25,2,completed
RTE-IND-20250320-003,HUB-IND,DRV-01031,VEH-0010,2025-03-20,57,0,completed
RTE-IND-20251216-004,HUB-IND,DRV-01188,VEH-0017,2025-12-16,20,3,completed
RTE-IND-20250313-003,HUB-IND,DRV-01033,VEH-0023,2025-03-13,45,2,partial
RTE-CIN-20250323-001,HUB-CIN,DRV-01027,VEH-0026,2025-03-23,36,0,completed
RTE-CMH-20250505-003,HUB-CMH,DRV-01039,VEH-0038,2025-05-05,31,0,completed
RTE-CMH-20251105-001,HUB-CMH,DRV-01036,VEH-0003,2025-11-05,61,6,partial
RTE-DET-20251125-003,HUB-DET,DRV-01021,VEH-0011,2025-11-25,50,3,partial
RTE-CMH-20250310-002,HUB-CMH,DRV-01039,VEH-0007,2025-03-10,28,0,completed
RTE-CIN-20250611-002,HUB-CIN,DRV-01027,VEH-0025,2025-06-11,47,0,completed
RTE-CHI-20250810-003,HUB-CHI,DRV-01048,VEH-0040,2025-08-10,42,0,completed
RTE-IND-20250819-001,HUB-IND,DRV-01042,VEH-0010,2025-08-19,26,0,completed
RTE-CIN-20250731-002,HUB-CIN,DRV-01025,VEH-0026,2025-07-31,52,0,completed
RTE-DET-20250807-002,HUB-DET,DRV-01021,VEH-0030,2025-08-07,48,0,completed
RTE-DET-20251203-001,HUB-DET,DRV-01021,VEH-0030,2025-12-03,48,1,completed
RTE-IND-20250331-004,HUB-IND,DRV-01042,VEH-0010,2025-03-31,43,0,completed
RTE-CHI-20250624-002,HUB-CHI,DRV-01012,VEH-0014,2025-06-24,46,0,completed
RTE-CIN-20250516-004,HUB-CIN,DRV-01023,VEH-0025,2025-05-16,47,1,partial
RTE-IND-20250609-003,HUB-IND,DRV-01006,VEH-0010,2025-06-09,60,0,completed
RTE-DET-20250419-001,HUB-DET,DRV-01004,VEH-0029,2025-04-19,56,0,completed
RTE-CIN-20250203-002,HUB-CIN,DRV-01003,VEH-0027,2025-02-03,43,0,completed
RTE-IND-20250814-002,HUB-IND,DRV-01042,VEH-0010,2025-08-14,54,0,completed
RTE-CIN-20250402-003,HUB-CIN,DRV-01029,VEH-0018,2025-04-02,60,0,completed
RTE-CHI-20251128-001,HUB-CHI,DRV-01017,VEH-0004,2025-11-28,57,0,completed
RTE-DET-20250824-001,HUB-DET,DRV-01046,VEH-0011,2025-08-24,23,0,completed
RTE-DET-20250225-001,HUB-DET,DRV-01022,VEH-0029,2025-02-25,36,0,completed
RTE-DET-20250410-002,HUB-DET,DRV-01004,VEH-0024,2025-04-10,52,0,completed
RTE-CIN-20250102-003,HUB-CIN,DRV-01029,VEH-0025,2025-01-02,56,1,partial
RTE-DET-20250425-002,HUB-DET,DRV-01037,VEH-0024,2025-04-25,48,0,completed
RTE-CHI-20251106-004,HUB-CHI,DRV-01017,VEH-0040,2025-11-06,42,0,completed
RTE-CIN-20250922-002,HUB-CIN,DRV-01034,VEH-0020,2025-09-22,63,0,completed
RTE-DET-20250211-004,HUB-DET,DRV-01046,VEH-0011,2025-02-11,62,0,completed
RTE-CIN-20250611-003,HUB-CIN,DRV-01038,VEH-0018,2025-06-11,52,0,completed
RTE-CIN-20250211-001,HUB-CIN,DRV-01026,VEH-0032,2025-02-11,38,1,partial
RTE-CMH-20250817-001,HUB-CMH,DRV-01039,VEH-0001,2025-08-17,38,0,completed
RTE-CHI-20250203-002,HUB-CHI,DRV-01035,VEH-0002,2025-02-03,41,4,partial
RTE-CIN-20250313-002,HUB-CIN,DRV-01023,VEH-0025,2025-03-13,57,0,completed
RTE-DET-20250815-003,HUB-DET,DRV-01037,VEH-0024,2025-08-15,41,0,completed
RTE-CHI-20250218-002,HUB-CHI,DRV-01035,VEH-0004,2025-02-18,32,5,partial
RTE-CMH-20250418-002,HUB-CMH,DRV-01043,VEH-0038,2025-04-18,62,0,completed
RTE-IND-20250501-004,HUB-IND,DRV-01042,VEH-0016,2025-05-01,63,0,completed
RTE-IND-20250401-001,HUB-IND,DRV-01006,VEH-0017,2025-04-01,29,0,completed
RTE-DET-20250613-004,HUB-DET,DRV-01004,VEH-0011,2025-06-13,42,0,completed
RTE-DET-20251225-002,HUB-DET,DRV-01021,VEH-0022,2025-12-25,39,3,completed
RTE-CHI-20250921-001,HUB-CHI,DRV-01011,VEH-0040,2025-09-21,62,1,completed
RTE-CMH-20250512-004,HUB-CMH,DRV-01010,VEH-0038,2025-05-12,65,2,completed
RTE-DET-20251120-001,HUB-DET,DRV-01022,VEH-0022,2025-11-20,36,2,completed
RTE-CMH-20250801-004,HUB-CMH,DRV-01010,VEH-0031,2025-08-01,31,0,completed
RTE-DET-20250707-002,HUB-DET,DRV-01021,VEH-0011,2025-07-07,63,0,completed
RTE-CIN-20250402-004,HUB-CIN,DRV-01029,VEH-0032,2025-04-02,49,1,completed
RTE-IND-20250218-004,HUB-IND,DRV-01024,VEH-0010,2025-02-18,61,0,completed
RTE-CMH-20250427-001,HUB-CMH,DRV-01028,VEH-0007,2025-04-27,59,0,completed
RTE-CIN-20250715-002,HUB-CIN,DRV-01025,VEH-0018,2025-07-15,34,0,completed
RTE-IND-20251204-004,HUB-IND,DRV-01042,VEH-0009,2025-12-04,42,2,partial
RTE-IND-20250506-001,HUB-IND,DRV-01033,VEH-0017,2025-05-06,48,0,completed
RTE-IND-20250328-004,HUB-IND,DRV-01006,VEH-0010,2025-03-28,64,0,completed
RTE-CMH-20250502-002,HUB-CMH,DRV-01043,VEH-0031,2025-05-02,22,0,completed
RTE-IND-20250103-002,HUB-IND,DRV-01042,VEH-0017,2025-01-03,51,0,completed
RTE-DET-20250311-001,HUB-DET,DRV-01021,VEH-0022,2025-03-11,30,0,completed
RTE-DET-20250917-001,HUB-DET,DRV-01004,VEH-0024,2025-09-17,44,0,completed
RTE-DET-20250703-001,HUB-DET,DRV-01014,VEH-0030,2025-07-03,41,0,completed
RTE-CIN-20250320-002,HUB-CIN,DRV-01023,VEH-0020,2025-03-20,57,0,completed
RTE-IND-20250813-002,HUB-IND,DRV-01045,VEH-0016,2025-08-13,53,2,partial
RTE-CHI-20250908-002,HUB-CHI,DRV-01012,VEH-0002,2025-09-08,47,0,completed
RTE-DET-20250306-003,HUB-DET,DRV-01046,VEH-0029,2025-03-06,18,0,completed
RTE-CMH-20250528-003,HUB-CMH,DRV-01015,VEH-0021,2025-05-28,47,0,completed
RTE-CMH-20250709-004,HUB-CMH,DRV-01009,VEH-0033,2025-07-09,38,2,partial
RTE-CMH-20251110-002,HUB-CMH,DRV-01039,VEH-0031,2025-11-10,38,0,completed
RTE-CIN-20250723-003,HUB-CIN,DRV-01027,VEH-0036,2025-07-23,65,0,completed
RTE-CHI-20250310-001,HUB-CHI,DRV-01012,VEH-0005,2025-03-10,36,0,completed
RTE-DET-20250223-002,HUB-DET,DRV-01037,VEH-0029,2025-02-23,24,0,completed
RTE-DET-20250507-003,HUB-DET,DRV-01014,VEH-0024,2025-05-07,55,3,partial
RTE-CHI-20250216-001,HUB-CHI,DRV-01005,VEH-0005,2025-02-16,53,0,completed
RTE-CHI-20250310-002,HUB-CHI,DRV-01012,VEH-0005,2025-03-10,53,0,completed
RTE-IND-20250303-001,HUB-IND,DRV-01006,VEH-0017,2025-03-03,26,0,completed
RTE-IND-20250618-001,HUB-IND,DRV-01031,VEH-0009,2025-06-18,34,0,completed
RTE-CHI-20250321-002,HUB-CHI,DRV-01017,VEH-0006,2025-03-21,19,0,completed
RTE-CMH-20251226-002,HUB-CMH,DRV-01001,VEH-0001,2025-12-26,24,4,partial
RTE-CHI-20251106-005,HUB-CHI,DRV-01048,VEH-0005,2025-11-06,34,0,completed
RTE-CMH-20250620-005,HUB-CMH,DRV-01039,VEH-0033,2025-06-20,54,1,completed
RTE-CIN-20250324-001,HUB-CIN,DRV-01025,VEH-0026,2025-03-24,25,0,completed
RTE-CHI-20250906-001,HUB-CHI,DRV-01017,VEH-0014,2025-09-06,44,0,completed
RTE-CIN-20251003-001,HUB-CIN,DRV-01027,VEH-0026,2025-10-03,55,0,completed
RTE-DET-20250421-003,HUB-DET,DRV-01004,VEH-0024,2025-04-21,18,0,completed
RTE-DET-20250101-003,HUB-DET,DRV-01004,VEH-0030,2025-01-01,21,0,completed
RTE-DET-20250502-002,HUB-DET,DRV-01004,VEH-0022,2025-05-02,49,0,completed
RTE-IND-20250304-002,HUB-IND,DRV-01045,VEH-0013,2025-03-04,64,0,completed
RTE-DET-20250205-003,HUB-DET,DRV-01046,VEH-0022,2025-02-05,45,2,completed
RTE-CIN-20251103-004,HUB-CIN,DRV-01034,VEH-0026,2025-11-03,63,0,completed
RTE-CHI-20250821-001,HUB-CHI,DRV-01048,VEH-0005,2025-08-21,62,0,completed
RTE-CHI-20250915-003,HUB-CHI,DRV-01007,VEH-0014,2025-09-15,45,0,completed
RTE-CIN-20250324-002,HUB-CIN,DRV-01019,VEH-0020,2025-03-24,51,0,completed
RTE-CHI-20250212-004,HUB-CHI,DRV-01048,VEH-0019,2025-02-12,29,0,completed
RTE-IND-20250422-002,HUB-IND,DRV-01006,VEH-0013,2025-04-22,27,0,completed
RTE-CIN-20250115-001,HUB-CIN,DRV-01041,VEH-0025,2025-01-15,20,0,completed
RTE-CMH-20251218-001,HUB-CMH,DRV-01015,VEH-0021,2025-12-18,22,3,partial
RTE-IND-20250321-004,HUB-IND,DRV-01042,VEH-0013,2025-03-21,46,0,completed
RTE-CIN-20250925-001,HUB-CIN,DRV-01019,VEH-0027,2025-09-25,63,0,completed
RTE-IND-20251224-002,HUB-IND,DRV-01006,VEH-0010,2025-12-24,44,0,completed
RTE-CIN-20251222-003,HUB-CIN,DRV-01041,VEH-0020,2025-12-22,30,0,completed
RTE-CHI-20250630-002,HUB-CHI,DRV-01020,VEH-0006,2025-06-30,31,0,completed
RTE-CMH-20250505-004,HUB-CMH,DRV-01036,VEH-0021,2025-05-05,39,0,completed
RTE-CIN-20250131-001,HUB-CIN,DRV-01041,VEH-0020,2025-01-31,40,0,completed
RTE-CHI-20250902-005,HUB-CHI,DRV-01012,VEH-0005,2025-09-02,65,0,completed
RTE-CMH-20250408-002,HUB-CMH,DRV-01001,VEH-0033,2025-04-08,18,0,completed
RTE-CIN-20250205-001,HUB-CIN,DRV-01026,VEH-0027,2025-02-05,37,0,completed
RTE-DET-20250602-002,HUB-DET,DRV-01046,VEH-0029,2025-06-02,36,0,completed
RTE-IND-20251119-001,HUB-IND,DRV-01031,VEH-0017,2025-11-19,57,5,partial
RTE-DET-20250707-003,HUB-DET,DRV-01021,VEH-0011,2025-07-07,53,0,completed
RTE-CIN-20250715-003,HUB-CIN,DRV-01008,VEH-0032,2025-07-15,26,0,completed
RTE-CMH-20251205-002,HUB-CMH,DRV-01040,VEH-0007,2025-12-05,39,0,completed
RTE-CMH-20250516-003,HUB-CMH,DRV-01043,VEH-0003,2025-05-16,65,0,completed
RTE-IND-20250708-004,HUB-IND,DRV-01045,VEH-0009,2025-07-08,59,0,completed
RTE-CHI-20250206-001,HUB-CHI,DRV-01035,VEH-0037,2025-02-06,46,0,completed
RTE-CIN-20251127-002,HUB-CIN,DRV-01002,VEH-0036,2025-11-27,59,0,completed
RTE-CMH-20250516-004,HUB-CMH,DRV-01040,VEH-0028,2025-05-16,54,0,completed
RTE-CMH-20250905-003,HUB-CMH,DRV-01013,VEH-0012,2025-09-05,45,0,completed
RTE-IND-20250329-001,HUB-IND,DRV-01032,VEH-0017,2025-03-29,27,2,completed
RTE-CMH-20250728-003,HUB-CMH,DRV-01015,VEH-0012,2025-07-28,37,0,completed
RTE-CHI-20251223-003,HUB-CHI,DRV-01047,VEH-0004,2025-12-23,40,6,partial
RTE-CMH-20250303-003,HUB-CMH,DRV-01036,VEH-0003,2025-03-03,39,0,completed
RTE-CIN-20250730-003,HUB-CIN,DRV-01019,VEH-0032,2025-07-30,19,0,completed
RTE-CHI-20250209-002,HUB-CHI,DRV-01011,VEH-0019,2025-02-09,28,0,completed
RTE-IND-20250725-004,HUB-IND,DRV-01188,VEH-0010,2025-07-25,46,0,completed
RTE-IND-20250715-004,HUB-IND,DRV-01033,VEH-0009,2025-07-15,50,0,completed
RTE-CMH-20250430-003,HUB-CMH,DRV-01028,VEH-0001,2025-04-30,47,0,completed
RTE-CMH-20250121-003,HUB-CMH,DRV-01040,VEH-0001,2025-01-21,24,3,completed
RTE-IND-20251107-003,HUB-IND,DRV-01031,VEH-0008,2025-11-07,25,0,completed
RTE-IND-20250904-002,HUB-IND,DRV-01006,VEH-0008,2025-09-04,35,0,completed
RTE-CMH-20250205-002,HUB-CMH,DRV-01039,VEH-0001,2025-02-05,46,2,partial
RTE-CHI-20250531-001,HUB-CHI,DRV-01005,VEH-0014,2025-05-31,54,0,completed
RTE-DET-20250109-003,HUB-DET,DRV-01021,VEH-0011,2025-01-09,34,1,completed
RTE-IND-20250121-001,HUB-IND,DRV-01032,VEH-0008,2025-01-21,19,0,completed
RTE-CMH-20250709-005,HUB-CMH,DRV-01013,VEH-0003,2025-07-09,41,0,completed
RTE-CMH-20250612-002,HUB-CMH,DRV-01018,VEH-0031,2025-06-12,18,0,completed
RTE-IND-20250816-001,HUB-IND,DRV-01024,VEH-0010,2025-08-16,25,0,completed
RTE-IND-20250206-001,HUB-IND,DRV-01045,VEH-0008,2025-02-06,54,0,completed
RTE-DET-20250517-001,HUB-DET,DRV-01022,VEH-0011,2025-05-17,61,0,completed
RTE-CHI-20250625-003,HUB-CHI,DRV-01048,VEH-0037,2025-06-25,25,2,completed
RTE-DET-20250210-003,HUB-DET,DRV-01014,VEH-0029,2025-02-10,24,3,partial
RTE-CMH-20250515-001,HUB-CMH,DRV-01001,VEH-0031,2025-05-15,24,0,completed
RTE-IND-20250804-002,HUB-IND,DRV-01006,VEH-0017,2025-08-04,34,0,completed
RTE-IND-20250612-002,HUB-IND,DRV-01032,VEH-0008,2025-06-12,62,1,completed
RTE-CIN-20250614-003,HUB-CIN,DRV-01038,VEH-0025,2025-06-14,38,0,completed
RTE-IND-20250401-002,HUB-IND,DRV-01006,VEH-0016,2025-04-01,51,0,completed
RTE-DET-20250118-001,HUB-DET,DRV-01046,VEH-0030,2025-01-18,26,2,partial
RTE-CMH-20250728-004,HUB-CMH,DRV-01009,VEH-0001,2025-07-28,55,0,completed
RTE-CIN-20251110-001,HUB-CIN,DRV-01019,VEH-0036,2025-11-10,22,0,completed
RTE-CMH-20251030-003,HUB-CMH,DRV-01043,VEH-0021,2025-10-30,21,3,partial
RTE-CMH-20250916-003,HUB-CMH,DRV-01010,VEH-0033,2025-09-16,63,0,completed
RTE-CHI-20251028-003,HUB-CHI,DRV-01011,VEH-0040,2025-10-28,37,0,completed
RTE-IND-20250621-001,HUB-IND,DRV-01031,VEH-0023,2025-06-21,40,0,completed
RTE-IND-20250409-003,HUB-IND,DRV-01042,VEH-0023,2025-04-09,20,0,completed
RTE-IND-20250807-002,HUB-IND,DRV-01031,VEH-0013,2025-08-07,33,0,completed
RTE-DET-20251230-001,HUB-DET,DRV-01046,VEH-0030,2025-12-30,43,0,completed
RTE-CIN-20250523-003,HUB-CIN,DRV-01003,VEH-0018,2025-05-23,20,0,completed
RTE-DET-20250311-002,HUB-DET,DRV-01014,VEH-0024,2025-03-11,30,2,completed
RTE-CIN-20250912-002,HUB-CIN,DRV-01029,VEH-0020,2025-09-12,60,0,completed
RTE-DET-20250106-002,HUB-DET,DRV-01004,VEH-0030,2025-01-06,62,0,completed
RTE-CMH-20250509-003,HUB-CMH,DRV-01030,VEH-0012,2025-05-09,58,0,completed
RTE-CHI-20251222-002,HUB-CHI,DRV-01012,VEH-0004,2025-12-22,40,0,completed
RTE-CMH-20250402-001,HUB-CMH,DRV-01030,VEH-0007,2025-04-02,60,0,completed
RTE-DET-20251230-002,HUB-DET,DRV-01046,VEH-0022,2025-12-30,19,2,completed
RTE-CMH-20250616-001,HUB-CMH,DRV-01039,VEH-0007,2025-06-16,42,0,completed
RTE-CMH-20250725-002,HUB-CMH,DRV-01049,VEH-0038,2025-07-25,44,0,completed
RTE-CMH-20250805-004,HUB-CMH,DRV-01009,VEH-0001,2025-08-05,53,0,completed
RTE-CHI-20251211-005,HUB-CHI,DRV-01005,VEH-0005,2025-12-11,60,0,completed
RTE-DET-20250902-006,HUB-DET,DRV-01022,VEH-0022,2025-09-02,44,3,completed
RTE-CHI-20250416-002,HUB-CHI,DRV-01020,VEH-0002,2025-04-16,43,0,completed
RTE-DET-20250910-003,HUB-DET,DRV-01004,VEH-0024,2025-09-10,40,3,completed
RTE-CIN-20250128-002,HUB-CIN,DRV-01019,VEH-0018,2025-01-28,44,0,completed
RTE-CIN-20251221-001,HUB-CIN,DRV-01002,VEH-0025,2025-12-21,41,0,completed
RTE-CMH-20250528-004,HUB-CMH,DRV-01044,VEH-0007,2025-05-28,34,0,completed
RTE-DET-20250203-003,HUB-DET,DRV-01004,VEH-0024,2025-02-03,18,0,completed
RTE-CIN-20251027-003,HUB-CIN,DRV-01002,VEH-0026,2025-10-27,43,1,partial
RTE-CMH-20250916-004,HUB-CMH,DRV-01040,VEH-0021,2025-09-16,57,0,completed
RTE-DET-20250418-001,HUB-DET,DRV-01022,VEH-0030,2025-04-18,34,0,completed
RTE-CHI-20250502-001,HUB-CHI,DRV-01007,VEH-0040,2025-05-02,46,0,completed
RTE-CMH-20251223-005,HUB-CMH,DRV-01009,VEH-0033,2025-12-23,45,0,completed
RTE-CMH-20250710-002,HUB-CMH,DRV-01040,VEH-0001,2025-07-10,35,0,completed
RTE-IND-20250910-002,HUB-IND,DRV-01032,VEH-0017,2025-09-10,24,0,completed
RTE-CHI-20251207-001,HUB-CHI,DRV-01020,VEH-0002,2025-12-07,63,0,completed
RTE-DET-20251014-003,HUB-DET,DRV-01004,VEH-0022,2025-10-14,55,2,completed
RTE-DET-20250704-004,HUB-DET,DRV-01022,VEH-0024,2025-07-04,31,0,completed
RTE-CMH-20250616-002,HUB-CMH,DRV-01049,VEH-0028,2025-06-16,33,0,completed
RTE-DET-20251224-002,HUB-DET,DRV-01021,VEH-0022,2025-12-24,56,0,completed
RTE-CMH-20250912-005,HUB-CMH,DRV-01030,VEH-0003,2025-09-12,28,3,completed
RTE-CHI-20250114-002,HUB-CHI,DRV-01047,VEH-0004,2025-01-14,18,2,partial
RTE-CIN-20250103-002,HUB-CIN,DRV-01008,VEH-0036,2025-01-03,33,1,partial
RTE-CIN-20251217-002,HUB-CIN,DRV-01002,VEH-0027,2025-12-17,47,0,completed
RTE-CMH-20250701-004,HUB-CMH,DRV-01049,VEH-0031,2025-07-01,43,1,completed
RTE-IND-20250722-004,HUB-IND,DRV-01033,VEH-0010,2025-07-22,56,1,partial
RTE-DET-20250528-001,HUB-DET,DRV-01046,VEH-0011,2025-05-28,45,0,completed
RTE-CHI-20250314-001,HUB-CHI,DRV-01011,VEH-0040,2025-03-14,62,0,completed
RTE-CMH-20250518-002,HUB-CMH,DRV-01010,VEH-0031,2025-05-18,19,0,completed
RTE-CIN-20250403-001,HUB-CIN,DRV-01038,VEH-0025,2025-04-03,44,0,completed
RTE-CIN-20250619-002,HUB-CIN,DRV-01008,VEH-0018,2025-06-19,63,0,completed
RTE-DET-20250612-003,HUB-DET,DRV-01037,VEH-0030,2025-06-12,43,0,completed
RTE-CHI-20250422-004,HUB-CHI,DRV-01047,VEH-0014,2025-04-22,40,0,completed
RTE-CMH-20251107-003,HUB-CMH,DRV-01030,VEH-0001,2025-11-07,29,3,completed
RTE-CMH-20250730-001,HUB-CMH,DRV-01043,VEH-0021,2025-07-30,37,0,completed
RTE-DET-20250425-003,HUB-DET,DRV-01014,VEH-0029,2025-04-25,59,0,completed
RTE-CMH-20251114-002,HUB-CMH,DRV-01030,VEH-0028,2025-11-14,46,0,completed
RTE-CIN-20250828-004,HUB-CIN,DRV-01023,VEH-0026,2025-08-28,43,0,completed
RTE-IND-20250422-003,HUB-IND,DRV-01031,VEH-0017,2025-04-22,54,1,completed
RTE-CHI-20251031-004,HUB-CHI,DRV-01047,VEH-0019,2025-10-31,28,0,completed
RTE-CMH-20251204-002,HUB-CMH,DRV-01016,VEH-0003,2025-12-04,28,4,partial
RTE-CIN-20250103-003,HUB-CIN,DRV-01034,VEH-0026,2025-01-03,20,4,canceled
RTE-IND-20250807-003,HUB-IND,DRV-01188,VEH-0016,2025-08-07,61,0,completed
RTE-DET-20250709-005,HUB-DET,DRV-01021,VEH-0030,2025-07-09,26,0,completed
RTE-CIN-20250422-004,HUB-CIN,DRV-01025,VEH-0025,2025-04-22,62,0,completed
RTE-IND-20250122-003,HUB-IND,DRV-01033,VEH-0017,2025-01-22,39,2,partial
RTE-DET-20251009-001,HUB-DET,DRV-01014,VEH-0030,2025-10-09,30,0,completed
RTE-DET-20250713-003,HUB-DET,DRV-01037,VEH-0011,2025-07-13,51,0,completed
RTE-IND-20250512-002,HUB-IND,DRV-01045,VEH-0008,2025-05-12,26,0,completed
RTE-CHI-20250727-001,HUB-CHI,DRV-01011,VEH-0006,2025-07-27,22,0,completed
RTE-CMH-20250414-003,HUB-CMH,DRV-01028,VEH-0001,2025-04-14,47,0,completed
RTE-CIN-20250530-001,HUB-CIN,DRV-01041,VEH-0026,2025-05-30,51,0,completed
RTE-CHI-20251123-001,HUB-CHI,DRV-01017,VEH-0019,2025-11-23,22,5,partial
RTE-IND-20251127-001,HUB-IND,DRV-01042,VEH-0010,2025-11-27,23,0,completed
RTE-CIN-20250413-001,HUB-CIN,DRV-01029,VEH-0018,2025-04-13,37,0,completed
RTE-IND-20251229-001,HUB-IND,DRV-01031,VEH-0010,2025-12-29,19,0,completed
RTE-CMH-20250310-003,HUB-CMH,DRV-01044,VEH-0012,2025-03-10,56,0,completed
RTE-CMH-20251211-002,HUB-CMH,DRV-01039,VEH-0001,2025-12-11,46,0,completed
RTE-IND-20250620-002,HUB-IND,DRV-01006,VEH-0008,2025-06-20,38,0,completed
RTE-DET-20250613-005,HUB-DET,DRV-01046,VEH-0029,2025-06-13,63,1,completed
RTE-CHI-20250820-001,HUB-CHI,DRV-01012,VEH-0037,2025-08-20,22,0,completed
RTE-IND-20250213-002,HUB-IND,DRV-01024,VEH-0023,2025-02-13,45,0,completed
RTE-CIN-20250318-001,HUB-CIN,DRV-01025,VEH-0026,2025-03-18,44,0,completed
RTE-IND-20251125-002,HUB-IND,DRV-01031,VEH-0017,2025-11-25,34,0,completed
RTE-CMH-20250625-002,HUB-CMH,DRV-01028,VEH-0038,2025-06-25,28,0,completed
RTE-IND-20251215-002,HUB-IND,DRV-01188,VEH-0013,2025-12-15,30,4,partial
RTE-IND-20250910-003,HUB-IND,DRV-01024,VEH-0016,2025-09-10,42,0,completed
RTE-CMH-20250131-002,HUB-CMH,DRV-01044,VEH-0007,2025-01-31,38,0,completed
RTE-CHI-20250919-003,HUB-CHI,DRV-01020,VEH-0037,2025-09-19,26,0,completed
RTE-CIN-20250508-003,HUB-CIN,DRV-01027,VEH-0026,2025-05-08,48,0,completed
RTE-CMH-20250514-004,HUB-CMH,DRV-01010,VEH-0012,2025-05-14,37,0,completed
RTE-IND-20250830-001,HUB-IND,DRV-01042,VEH-0008,2025-08-30,30,0,completed
RTE-CMH-20251204-003,HUB-CMH,DRV-01043,VEH-0007,2025-12-04,52,0,completed
RTE-DET-20250325-002,HUB-DET,DRV-01021,VEH-0029,2025-03-25,39,0,completed
RTE-DET-20250425-004,HUB-DET,DRV-01022,VEH-0024,2025-04-25,42,0,completed
RTE-IND-20250709-003,HUB-IND,DRV-01042,VEH-0017,2025-07-09,34,2,completed
RTE-CIN-20250919-001,HUB-CIN,DRV-01019,VEH-0027,2025-09-19,46,0,completed
RTE-IND-20250703-002,HUB-IND,DRV-01032,VEH-0013,2025-07-03,60,0,completed
RTE-CHI-20250328-003,HUB-CHI,DRV-01005,VEH-0014,2025-03-28,46,2,partial
RTE-DET-20250911-004,HUB-DET,DRV-01021,VEH-0030,2025-09-11,63,0,completed
RTE-CMH-20251229-002,HUB-CMH,DRV-01009,VEH-0038,2025-12-29,64,0,completed
RTE-CIN-20250717-003,HUB-CIN,DRV-01008,VEH-0036,2025-07-17,46,1,completed
RTE-CHI-20250619-003,HUB-CHI,DRV-01048,VEH-0040,2025-06-19,22,0,completed
RTE-CIN-20250630-002,HUB-CIN,DRV-01019,VEH-0025,2025-06-30,59,0,completed
RTE-CIN-20250309-001,HUB-CIN,DRV-01041,VEH-0032,2025-03-09,47,0,completed
RTE-IND-20250609-004,HUB-IND,DRV-01031,VEH-0023,2025-06-09,35,3,partial
RTE-CIN-20250513-003,HUB-CIN,DRV-01002,VEH-0025,2025-05-13,62,0,completed
RTE-DET-20250926-002,HUB-DET,DRV-01046,VEH-0030,2025-09-26,63,0,completed
RTE-DET-20251004-001,HUB-DET,DRV-01014,VEH-0024,2025-10-04,60,0,completed
RTE-IND-20250326-003,HUB-IND,DRV-01188,VEH-0023,2025-03-26,47,2,completed
RTE-CHI-20250822-003,HUB-CHI,DRV-01047,VEH-0004,2025-08-22,39,0,completed
RTE-DET-20250304-001,HUB-DET,DRV-01014,VEH-0011,2025-03-04,65,0,completed
RTE-CMH-20250713-001,HUB-CMH,DRV-01013,VEH-0038,2025-07-13,64,0,completed
RTE-CHI-20251224-002,HUB-CHI,DRV-01007,VEH-0004,2025-12-24,43,0,completed
RTE-DET-20250303-003,HUB-DET,DRV-01014,VEH-0024,2025-03-03,65,0,completed
RTE-CIN-20250723-004,HUB-CIN,DRV-01041,VEH-0027,2025-07-23,51,0,completed
RTE-DET-20251126-001,HUB-DET,DRV-01022,VEH-0029,2025-11-26,29,0,completed
RTE-IND-20250403-002,HUB-IND,DRV-01188,VEH-0016,2025-04-03,58,0,completed
RTE-IND-20250306-001,HUB-IND,DRV-01188,VEH-0013,2025-03-06,59,0,completed
RTE-DET-20251010-003,HUB-DET,DRV-01022,VEH-0011,2025-10-10,61,0,completed
RTE-CMH-20250720-001,HUB-CMH,DRV-01039,VEH-0021,2025-07-20,51,0,completed
RTE-DET-20250703-002,HUB-DET,DRV-01037,VEH-0022,2025-07-03,39,0,completed
RTE-CHI-20250709-001,HUB-CHI,DRV-01012,VEH-0019,2025-07-09,27,0,completed
RTE-CMH-20250129-002,HUB-CMH,DRV-01043,VEH-0012,2025-01-29,36,0,completed
RTE-DET-20250425-005,HUB-DET,DRV-01014,VEH-0024,2025-04-25,39,0,completed
RTE-DET-20250527-001,HUB-DET,DRV-01004,VEH-0011,2025-05-27,40,0,completed
RTE-CHI-20250923-001,HUB-CHI,DRV-01011,VEH-0004,2025-09-23,53,0,completed
RTE-IND-20251017-002,HUB-IND,DRV-01024,VEH-0013,2025-10-17,23,0,completed
RTE-DET-20250101-004,HUB-DET,DRV-01004,VEH-0029,2025-01-01,47,0,completed
RTE-CIN-20250807-001,HUB-CIN,DRV-01019,VEH-0036,2025-08-07,25,0,completed
RTE-IND-20250720-001,HUB-IND,DRV-01042,VEH-0009,2025-07-20,53,0,completed
RTE-IND-20250724-001,HUB-IND,DRV-01031,VEH-0010,2025-07-24,38,0,completed
RTE-IND-20250425-003,HUB-IND,DRV-01032,VEH-0009,2025-04-25,62,0,completed
RTE-CMH-20250331-002,HUB-CMH,DRV-01001,VEH-0003,2025-03-31,28,0,completed
RTE-DET-20250603-002,HUB-DET,DRV-01022,VEH-0024,2025-06-03,56,3,completed
RTE-IND-20251106-001,HUB-IND,DRV-01188,VEH-0013,2025-11-06,20,6,partial
RTE-IND-20250101-003,HUB-IND,DRV-01045,VEH-0016,2025-01-01,60,0,completed
RTE-CIN-20250709-001,HUB-CIN,DRV-01019,VEH-0020,2025-07-09,20,2,partial
RTE-IND-20250421-002,HUB-IND,DRV-01033,VEH-0010,2025-04-21,42,0,completed
RTE-DET-20250409-003,HUB-DET,DRV-01022,VEH-0030,2025-04-09,50,0,completed
RTE-DET-20250428-002,HUB-DET,DRV-01037,VEH-0029,2025-04-28,33,0,completed
RTE-IND-20250603-002,HUB-IND,DRV-01033,VEH-0016,2025-06-03,50,0,completed
RTE-DET-20250116-003,HUB-DET,DRV-01014,VEH-0022,2025-01-16,44,0,completed
RTE-CIN-20250409-001,HUB-CIN,DRV-01008,VEH-0032,2025-04-09,19,0,completed
RTE-CMH-20251230-004,HUB-CMH,DRV-01015,VEH-0007,2025-12-30,55,5,partial
RTE-CMH-20250313-003,HUB-CMH,DRV-01009,VEH-0007,2025-03-13,35,0,completed
RTE-IND-20251119-002,HUB-IND,DRV-01006,VEH-0013,2025-11-19,56,0,completed
RTE-CMH-20251005-001,HUB-CMH,DRV-01036,VEH-0012,2025-10-05,50,0,completed
RTE-CHI-20250110-003,HUB-CHI,DRV-01048,VEH-0005,2025-01-10,64,0,completed
RTE-CHI-20250916-002,HUB-CHI,DRV-01005,VEH-0004,2025-09-16,41,0,completed
RTE-IND-20251208-001,HUB-IND,DRV-01042,VEH-0010,2025-12-08,49,0,completed
RTE-DET-20250210-004,HUB-DET,DRV-01037,VEH-0011,2025-02-10,64,0,completed
RTE-CIN-20250718-002,HUB-CIN,DRV-01002,VEH-0020,2025-07-18,20,0,completed
RTE-CMH-20250116-004,HUB-CMH,DRV-01044,VEH-0028,2025-01-16,61,0,completed
RTE-DET-20250519-003,HUB-DET,DRV-01037,VEH-0011,2025-05-19,23,0,completed
RTE-CHI-20250521-003,HUB-CHI,DRV-01012,VEH-0037,2025-05-21,18,0,completed
RTE-IND-20250910-004,HUB-IND,DRV-01032,VEH-0009,2025-09-10,24,0,completed
RTE-CMH-20250225-004,HUB-CMH,DRV-01049,VEH-0028,2025-02-25,35,0,completed
RTE-CIN-20251114-004,HUB-CIN,DRV-01008,VEH-0027,2025-11-14,23,0,completed
RTE-CIN-20250225-004,HUB-CIN,DRV-01026,VEH-0036,2025-02-25,57,0,completed
RTE-CHI-20250204-002,HUB-CHI,DRV-01035,VEH-0014,2025-02-04,22,0,completed
RTE-CIN-20251225-001,HUB-CIN,DRV-01008,VEH-0018,2025-12-25,41,0,completed
RTE-CIN-20250604-002,HUB-CIN,DRV-01038,VEH-0020,2025-06-04,43,3,partial
RTE-CMH-20250924-002,HUB-CMH,DRV-01009,VEH-0003,2025-09-24,39,0,completed
RTE-CHI-20251205-002,HUB-CHI,DRV-01035,VEH-0002,2025-12-05,57,0,completed
RTE-CIN-20250418-001,HUB-CIN,DRV-01023,VEH-0025,2025-04-18,58,0,completed
RTE-IND-20250411-002,HUB-IND,DRV-01188,VEH-0009,2025-04-11,26,3,completed
RTE-CMH-20251119-003,HUB-CMH,DRV-01016,VEH-0012,2025-11-19,29,0,completed
RTE-DET-20250626-003,HUB-DET,DRV-01046,VEH-0022,2025-06-26,37,0,completed
RTE-CIN-20251015-001,HUB-CIN,DRV-01041,VEH-0036,2025-10-15,53,0,completed
RTE-CIN-20251219-002,HUB-CIN,DRV-01002,VEH-0036,2025-12-19,37,0,completed
RTE-CMH-20250911-002,HUB-CMH,DRV-01015,VEH-0031,2025-09-11,35,0,completed
RTE-IND-20251225-002,HUB-IND,DRV-01042,VEH-0010,2025-12-25,24,0,completed
RTE-CHI-20251019-001,HUB-CHI,DRV-01017,VEH-0002,2025-10-19,39,0,completed
RTE-IND-20251123-002,HUB-IND,DRV-01024,VEH-0008,2025-11-23,58,0,completed
RTE-CHI-20250709-002,HUB-CHI,DRV-01007,VEH-0002,2025-07-09,33,0,completed
RTE-CMH-20251024-002,HUB-CMH,DRV-01040,VEH-0031,2025-10-24,43,0,completed
RTE-CMH-20251218-002,HUB-CMH,DRV-01036,VEH-0028,2025-12-18,27,5,canceled
RTE-CIN-20250620-002,HUB-CIN,DRV-01026,VEH-0027,2025-06-20,63,3,partial
RTE-IND-20251107-004,HUB-IND,DRV-01031,VEH-0016,2025-11-07,18,5,partial
RTE-CIN-20250929-003,HUB-CIN,DRV-01008,VEH-0025,2025-09-29,52,0,completed
RTE-DET-20250616-002,HUB-DET,DRV-01037,VEH-0022,2025-06-16,56,0,completed
RTE-CMH-20251006-002,HUB-CMH,DRV-01013,VEH-0033,2025-10-06,19,0,completed
RTE-CHI-20250212-005,HUB-CHI,DRV-01005,VEH-0019,2025-02-12,53,0,completed
RTE-CIN-20250729-002,HUB-CIN,DRV-01038,VEH-0032,2025-07-29,37,0,completed
RTE-CMH-20250416-003,HUB-CMH,DRV-01028,VEH-0021,2025-04-16,51,0,completed
RTE-CMH-20251010-005,HUB-CMH,DRV-01043,VEH-0012,2025-10-10,34,0,completed
RTE-IND-20251031-003,HUB-IND,DRV-01024,VEH-0010,2025-10-31,18,0,completed
RTE-CIN-20250206-002,HUB-CIN,DRV-01003,VEH-0020,2025-02-06,63,0,completed
RTE-CMH-20250717-003,HUB-CMH,DRV-01028,VEH-0001,2025-07-17,18,2,completed
RTE-IND-20250703-003,HUB-IND,DRV-01024,VEH-0017,2025-07-03,65,0,completed
RTE-IND-20250409-004,HUB-IND,DRV-01024,VEH-0008,2025-04-09,64,0,completed
RTE-IND-20250612-003,HUB-IND,DRV-01032,VEH-0017,2025-06-12,54,0,completed
RTE-DET-20250615-002,HUB-DET,DRV-01004,VEH-0024,2025-06-15,35,1,partial
RTE-CIN-20251221-002,HUB-CIN,DRV-01029,VEH-0026,2025-12-21,21,1,partial
RTE-CHI-20251205-003,HUB-CHI,DRV-01007,VEH-0019,2025-12-05,27,0,completed
RTE-DET-20250225-002,HUB-DET,DRV-01022,VEH-0011,2025-02-25,25,3,completed
RTE-CHI-20250430-001,HUB-CHI,DRV-01017,VEH-0002,2025-04-30,56,0,completed
RTE-CHI-20250625-004,HUB-CHI,DRV-01035,VEH-0004,2025-06-25,26,0,completed
RTE-CIN-20250731-003,HUB-CIN,DRV-01023,VEH-0027,2025-07-31,23,0,completed
RTE-CHI-20251230-003,HUB-CHI,DRV-01012,VEH-0002,2025-12-30,25,0,completed
RTE-DET-20251024-005,HUB-DET,DRV-01021,VEH-0024,2025-10-24,58,0,completed
RTE-CHI-20250506-001,HUB-CHI,DRV-01012,VEH-0006,2025-05-06,42,0,completed
RTE-IND-20250220-002,HUB-IND,DRV-01032,VEH-0010,2025-02-20,36,0,completed
RTE-CHI-20250328-004,HUB-CHI,DRV-01048,VEH-0002,2025-03-28,65,0,completed
RTE-IND-20250129-001,HUB-IND,DRV-01032,VEH-0016,2025-01-29,61,0,completed
RTE-CMH-20251020-001,HUB-CMH,DRV-01016,VEH-0028,2025-10-20,18,0,completed
RTE-CHI-20250519-002,HUB-CHI,DRV-01048,VEH-0004,2025-05-19,45,0,completed
RTE-CHI-20250723-003,HUB-CHI,DRV-01020,VEH-0040,2025-07-23,49,0,completed
RTE-CIN-20250114-001,HUB-CIN,DRV-01027,VEH-0020,2025-01-14,47,1,partial
RTE-CIN-20250710-001,HUB-CIN,DRV-01003,VEH-0025,2025-07-10,65,0,completed
RTE-CIN-20251021-003,HUB-CIN,DRV-01041,VEH-0036,2025-10-21,65,0,completed
RTE-IND-20250711-001,HUB-IND,DRV-01042,VEH-0008,2025-07-11,53,0,completed
RTE-IND-20250702-001,HUB-IND,DRV-01031,VEH-0016,2025-07-02,45,0,completed
RTE-IND-20251117-002,HUB-IND,DRV-01031,VEH-0009,2025-11-17,24,0,completed
RTE-CIN-20250307-002,HUB-CIN,DRV-01023,VEH-0020,2025-03-07,34,0,completed
RTE-CHI-20250903-004,HUB-CHI,DRV-01048,VEH-0002,2025-09-03,60,0,completed
RTE-CIN-20250321-002,HUB-CIN,DRV-01003,VEH-0032,2025-03-21,47,0,completed
RTE-IND-20250716-001,HUB-IND,DRV-01024,VEH-0017,2025-07-16,59,0,completed
RTE-CHI-20250515-001,HUB-CHI,DRV-01005,VEH-0014,2025-05-15,58,0,completed
RTE-CIN-20250909-005,HUB-CIN,DRV-01003,VEH-0020,2025-09-09,24,0,completed
RTE-CHI-20250714-004,HUB-CHI,DRV-01020,VEH-0006,2025-07-14,21,0,completed
RTE-IND-20250312-002,HUB-IND,DRV-01024,VEH-0009,2025-03-12,19,1,completed
RTE-DET-20251125-004,HUB-DET,DRV-01037,VEH-0011,2025-11-25,41,0,completed
RTE-CHI-20251112-002,HUB-CHI,DRV-01011,VEH-0040,2025-11-12,48,6,partial
RTE-IND-20250128-003,HUB-IND,DRV-01188,VEH-0013,2025-01-28,57,0,completed
RTE-DET-20250923-002,HUB-DET,DRV-01046,VEH-0022,2025-09-23,40,0,completed
RTE-DET-20251030-004,HUB-DET,DRV-01046,VEH-0024,2025-10-30,22,2,completed
RTE-DET-20250818-003,HUB-DET,DRV-01021,VEH-0030,2025-08-18,57,0,completed
RTE-DET-20250327-004,HUB-DET,DRV-01046,VEH-0029,2025-03-27,30,0,completed
RTE-CIN-20250730-004,HUB-CIN,DRV-01002,VEH-0018,2025-07-30,46,0,completed
RTE-CIN-20250224-002,HUB-CIN,DRV-01023,VEH-0026,2025-02-24,38,3,partial
RTE-CMH-20250307-002,HUB-CMH,DRV-01009,VEH-0003,2025-03-07,27,0,completed
RTE-CMH-20250905-004,HUB-CMH,DRV-01040,VEH-0021,2025-09-05,27,0,completed
RTE-IND-20251225-003,HUB-IND,DRV-01032,VEH-0009,2025-12-25,59,0,completed
RTE-CHI-20250312-001,HUB-CHI,DRV-01048,VEH-0004,2025-03-12,37,0,completed
RTE-DET-20250227-001,HUB-DET,DRV-01004,VEH-0029,2025-02-27,43,0,completed
RTE-DET-20251115-002,HUB-DET,DRV-01021,VEH-0024,2025-11-15,44,0,completed
RTE-DET-20250121-002,HUB-DET,DRV-01004,VEH-0011,2025-01-21,56,0,completed
RTE-IND-20251024-003,HUB-IND,DRV-01024,VEH-0023,2025-10-24,25,0,completed
RTE-CIN-20250910-001,HUB-CIN,DRV-01027,VEH-0020,2025-09-10,33,0,completed
RTE-DET-20250411-002,HUB-DET,DRV-01004,VEH-0024,2025-04-11,59,0,completed
RTE-DET-20250922-002,HUB-DET,DRV-01004,VEH-0022,2025-09-22,43,0,completed
RTE-DET-20250418-002,HUB-DET,DRV-01014,VEH-0024,2025-04-18,39,0,completed
RTE-IND-20251003-001,HUB-IND,DRV-01045,VEH-0017,2025-10-03,55,0,completed
RTE-DET-20251010-004,HUB-DET,DRV-01021,VEH-0011,2025-10-10,51,0,completed
RTE-DET-20250702-001,HUB-DET,DRV-01046,VEH-0011,2025-07-02,22,0,completed
RTE-CIN-20250912-003,HUB-CIN,DRV-01023,VEH-0032,2025-09-12,37,0,completed
RTE-CHI-20250131-001,HUB-CHI,DRV-01047,VEH-0014,2025-01-31,50,0,completed
RTE-DET-20250429-002,HUB-DET,DRV-01037,VEH-0022,2025-04-29,43,0,completed
RTE-IND-20250127-003,HUB-IND,DRV-01033,VEH-0016,2025-01-27,43,0,completed
RTE-CIN-20251003-002,HUB-CIN,DRV-01003,VEH-0026,2025-10-03,22,0,completed
RTE-DET-20250908-002,HUB-DET,DRV-01046,VEH-0022,2025-09-08,36,0,completed
RTE-IND-20250826-002,HUB-IND,DRV-01045,VEH-0013,2025-08-26,51,0,completed
RTE-CHI-20250711-002,HUB-CHI,DRV-01047,VEH-0006,2025-07-11,62,0,completed
RTE-CMH-20251125-002,HUB-CMH,DRV-01039,VEH-0038,2025-11-25,51,4,partial
RTE-CMH-20250526-003,HUB-CMH,DRV-01044,VEH-0012,2025-05-26,39,0,completed
RTE-IND-20251121-002,HUB-IND,DRV-01042,VEH-0017,2025-11-21,46,0,completed
RTE-DET-20251123-002,HUB-DET,DRV-01037,VEH-0011,2025-11-23,48,0,completed
RTE-CMH-20251125-003,HUB-CMH,DRV-01044,VEH-0021,2025-11-25,58,0,completed
RTE-CMH-20250622-001,HUB-CMH,DRV-01001,VEH-0003,2025-06-22,49,0,completed
RTE-CMH-20250515-002,HUB-CMH,DRV-01010,VEH-0033,2025-05-15,29,0,completed
RTE-CHI-20251028-004,HUB-CHI,DRV-01007,VEH-0005,2025-10-28,54,0,completed
RTE-DET-20250702-002,HUB-DET,DRV-01022,VEH-0022,2025-07-02,34,2,completed
RTE-CHI-20251127-001,HUB-CHI,DRV-01020,VEH-0004,2025-11-27,49,0,completed
RTE-CIN-20251121-003,HUB-CIN,DRV-01025,VEH-0026,2025-11-21,38,6,partial
RTE-IND-20250321-005,HUB-IND,DRV-01032,VEH-0013,2025-03-21,37,0,completed
RTE-CHI-20250311-002,HUB-CHI,DRV-01005,VEH-0005,2025-03-11,26,1,completed
RTE-CIN-20250530-002,HUB-CIN,DRV-01026,VEH-0018,2025-05-30,47,0,completed
RTE-CHI-20250624-003,HUB-CHI,DRV-01005,VEH-0004,2025-06-24,64,0,completed
RTE-DET-20250825-001,HUB-DET,DRV-01004,VEH-0030,2025-08-25,44,0,completed
RTE-DET-20250429-003,HUB-DET,DRV-01014,VEH-0024,2025-04-29,20,1,partial
RTE-IND-20250302-001,HUB-IND,DRV-01045,VEH-0017,2025-03-02,57,0,completed
RTE-CMH-20250402-002,HUB-CMH,DRV-01016,VEH-0001,2025-04-02,45,0,completed
RTE-DET-20250122-001,HUB-DET,DRV-01037,VEH-0029,2025-01-22,58,6,partial
RTE-CIN-20250621-001,HUB-CIN,DRV-01023,VEH-0025,2025-06-21,60,0,completed
RTE-DET-20250422-003,HUB-DET,DRV-01021,VEH-0030,2025-04-22,34,3,completed
RTE-CHI-20250118-001,HUB-CHI,DRV-01005,VEH-0037,2025-01-18,49,0,completed
RTE-CHI-20250730-004,HUB-CHI,DRV-01012,VEH-0005,2025-07-30,24,0,completed
RTE-DET-20250303-004,HUB-DET,DRV-01021,VEH-0011,2025-03-03,56,0,completed
RTE-CHI-20251030-001,HUB-CHI,DRV-01035,VEH-0002,2025-10-30,39,0,completed
RTE-CHI-20250701-002,HUB-CHI,DRV-01007,VEH-0014,2025-07-01,61,0,completed
RTE-CHI-20250519-003,HUB-CHI,DRV-01011,VEH-0002,2025-05-19,49,0,completed
RTE-CHI-20250527-002,HUB-CHI,DRV-01007,VEH-0002,2025-05-27,47,0,completed
RTE-CHI-20250326-004,HUB-CHI,DRV-01048,VEH-0040,2025-03-26,34,0,completed
RTE-CIN-20251102-001,HUB-CIN,DRV-01034,VEH-0020,2025-11-02,64,0,completed
RTE-CMH-20250723-003,HUB-CMH,DRV-01009,VEH-0033,2025-07-23,43,0,completed
RTE-CIN-20251208-002,HUB-CIN,DRV-01027,VEH-0020,2025-12-08,50,0,completed
RTE-CMH-20250922-001,HUB-CMH,DRV-01009,VEH-0003,2025-09-22,22,0,completed
RTE-IND-20250117-001,HUB-IND,DRV-01031,VEH-0017,2025-01-17,55,2,completed
RTE-CHI-20250706-002,HUB-CHI,DRV-01011,VEH-0006,2025-07-06,47,0,completed
RTE-IND-20250123-003,HUB-IND,DRV-01033,VEH-0023,2025-01-23,51,0,completed
RTE-CHI-20250723-004,HUB-CHI,DRV-01011,VEH-0014,2025-07-23,35,0,completed
RTE-DET-20250509-002,HUB-DET,DRV-01004,VEH-0024,2025-05-09,25,0,completed
RTE-DET-20250328-001,HUB-DET,DRV-01004,VEH-0029,2025-03-28,64,0,completed
RTE-IND-20250616-001,HUB-IND,DRV-01031,VEH-0013,2025-06-16,55,0,completed
RTE-CIN-20251204-001,HUB-CIN,DRV-01034,VEH-0026,2025-12-04,21,3,partial
RTE-CIN-20250209-001,HUB-CIN,DRV-01041,VEH-0036,2025-02-09,20,6,partial
RTE-IND-20251109-001,HUB-IND,DRV-01033,VEH-0010,2025-11-09,23,0,completed
RTE-IND-20250123-004,HUB-IND,DRV-01032,VEH-0013,2025-01-23,47,0,completed
RTE-CIN-20250327-003,HUB-CIN,DRV-01038,VEH-0026,2025-03-27,47,0,completed
RTE-IND-20250117-002,HUB-IND,DRV-01006,VEH-0009,2025-01-17,38,0,completed
RTE-CHI-20250328-005,HUB-CHI,DRV-01047,VEH-0005,2025-03-28,35,0,completed
RTE-DET-20250518-002,HUB-DET,DRV-01004,VEH-0024,2025-05-18,52,0,completed
RTE-CMH-20250702-001,HUB-CMH,DRV-01009,VEH-0001,2025-07-02,43,0,completed
RTE-CHI-20250721-003,HUB-CHI,DRV-01011,VEH-0005,2025-07-21,61,0,completed
RTE-CMH-20251106-003,HUB-CMH,DRV-01043,VEH-0003,2025-11-06,22,0,completed
RTE-IND-20250918-003,HUB-IND,DRV-01024,VEH-0009,2025-09-18,40,0,completed
RTE-CIN-20250402-005,HUB-CIN,DRV-01003,VEH-0026,2025-04-02,56,0,completed
RTE-CHI-20250313-003,HUB-CHI,DRV-01011,VEH-0005,2025-03-13,40,0,completed
RTE-CMH-20250512-005,HUB-CMH,DRV-01030,VEH-0033,2025-05-12,39,0,completed
RTE-DET-20250902-007,HUB-DET,DRV-01004,VEH-0029,2025-09-02,43,0,completed
RTE-IND-20251209-003,HUB-IND,DRV-01042,VEH-0023,2025-12-09,51,0,completed
RTE-CHI-20250924-003,HUB-CHI,DRV-01035,VEH-0037,2025-09-24,18,0,completed
RTE-CHI-20251014-002,HUB-CHI,DRV-01012,VEH-0014,2025-10-14,21,0,completed
RTE-DET-20250410-003,HUB-DET,DRV-01037,VEH-0022,2025-04-10,43,0,completed
RTE-IND-20250227-002,HUB-IND,DRV-01031,VEH-0023,2025-02-27,42,0,completed
RTE-CMH-20250923-001,HUB-CMH,DRV-01030,VEH-0001,2025-09-23,48,0,completed
RTE-CMH-20250127-003,HUB-CMH,DRV-01001,VEH-0007,2025-01-27,27,0,completed
RTE-DET-20250414-002,HUB-DET,DRV-01046,VEH-0011,2025-04-14,35,0,completed
RTE-CIN-20250103-004,HUB-CIN,DRV-01008,VEH-0027,2025-01-03,20,2,completed
RTE-IND-20250214-002,HUB-IND,DRV-01031,VEH-0017,2025-02-14,25,4,partial
RTE-DET-20250401-003,HUB-DET,DRV-01037,VEH-0022,2025-04-01,55,0,completed
RTE-CIN-20250523-004,HUB-CIN,DRV-01025,VEH-0025,2025-05-23,28,0,completed
RTE-CHI-20250802-001,HUB-CHI,DRV-01012,VEH-0006,2025-08-02,43,0,completed
RTE-CHI-20250919-004,HUB-CHI,DRV-01011,VEH-0014,2025-09-19,19,0,completed
RTE-CIN-20250331-001,HUB-CIN,DRV-01003,VEH-0036,2025-03-31,57,0,completed
RTE-CIN-20251110-002,HUB-CIN,DRV-01003,VEH-0032,2025-11-10,60,0,completed
RTE-CIN-20250114-002,HUB-CIN,DRV-01029,VEH-0036,2025-01-14,19,0,completed
RTE-CMH-20251015-001,HUB-CMH,DRV-01015,VEH-0001,2025-10-15,57,0,completed
RTE-CHI-20250721-004,HUB-CHI,DRV-01047,VEH-0005,2025-07-21,35,0,completed
RTE-CHI-20250618-002,HUB-CHI,DRV-01011,VEH-0040,2025-06-18,41,0,completed
RTE-DET-20250311-003,HUB-DET,DRV-01022,VEH-0022,2025-03-11,26,0,completed
RTE-DET-20251230-003,HUB-DET,DRV-01014,VEH-0022,2025-12-30,27,3,partial
RTE-CHI-20250502-002,HUB-CHI,DRV-01020,VEH-0002,2025-05-02,24,0,completed
RTE-CHI-20251024-007,HUB-CHI,DRV-01011,VEH-0040,2025-10-24,34,0,completed
RTE-DET-20250213-002,HUB-DET,DRV-01021,VEH-0011,2025-02-13,45,4,partial
RTE-IND-20250601-001,HUB-IND,DRV-01024,VEH-0009,2025-06-01,30,0,completed
RTE-CMH-20250807-004,HUB-CMH,DRV-01040,VEH-0028,2025-08-07,47,0,completed
RTE-CIN-20250318-002,HUB-CIN,DRV-01026,VEH-0026,2025-03-18,65,0,completed
RTE-CMH-20250903-001,HUB-CMH,DRV-01039,VEH-0003,2025-09-03,50,1,partial
RTE-CHI-20250821-002,HUB-CHI,DRV-01012,VEH-0004,2025-08-21,55,0,completed
RTE-IND-20251003-002,HUB-IND,DRV-01045,VEH-0010,2025-10-03,41,0,completed
RTE-CHI-20250730-005,HUB-CHI,DRV-01035,VEH-0019,2025-07-30,22,0,completed
RTE-DET-20250823-001,HUB-DET,DRV-01046,VEH-0024,2025-08-23,40,0,completed
RTE-CIN-20250731-004,HUB-CIN,DRV-01027,VEH-0026,2025-07-31,21,0,completed
RTE-CHI-20250312-002,HUB-CHI,DRV-01035,VEH-0014,2025-03-12,37,0,completed
RTE-IND-20251021-005,HUB-IND,DRV-01024,VEH-0023,2025-10-21,36,0,completed
RTE-CMH-20251208-002,HUB-CMH,DRV-01040,VEH-0021,2025-12-08,30,0,completed
RTE-CHI-20250509-002,HUB-CHI,DRV-01017,VEH-0004,2025-05-09,44,0,completed
RTE-DET-20250828-003,HUB-DET,DRV-01021,VEH-0024,2025-08-28,27,0,completed
RTE-CHI-20250220-002,HUB-CHI,DRV-01017,VEH-0005,2025-02-20,59,6,partial
RTE-CHI-20250903-005,HUB-CHI,DRV-01048,VEH-0004,2025-09-03,60,0,completed
RTE-CIN-20251216-003,HUB-CIN,DRV-01002,VEH-0020,2025-12-16,34,0,completed
RTE-CMH-20250221-002,HUB-CMH,DRV-01039,VEH-0007,2025-02-21,55,0,completed
RTE-IND-20251014-005,HUB-IND,DRV-01006,VEH-0016,2025-10-14,65,0,completed
RTE-DET-20250328-002,HUB-DET,DRV-01004,VEH-0011,2025-03-28,37,0,completed
RTE-IND-20250422-004,HUB-IND,DRV-01045,VEH-0017,2025-04-22,30,0,completed
RTE-IND-20251229-002,HUB-IND,DRV-01032,VEH-0008,2025-12-29,62,0,completed
RTE-CMH-20251120-001,HUB-CMH,DRV-01049,VEH-0031,2025-11-20,32,0,completed
RTE-IND-20250411-003,HUB-IND,DRV-01033,VEH-0013,2025-04-11,58,2,partial
RTE-CIN-20251124-004,HUB-CIN,DRV-01008,VEH-0025,2025-11-24,37,4,partial
RTE-CHI-20250314-002,HUB-CHI,DRV-01005,VEH-0037,2025-03-14,52,0,completed
RTE-CIN-20251127-003,HUB-CIN,DRV-01041,VEH-0025,2025-11-27,39,0,completed
RTE-CMH-20251219-001,HUB-CMH,DRV-01010,VEH-0038,2025-12-19,37,0,completed
RTE-CMH-20251218-003,HUB-CMH,DRV-01043,VEH-0038,2025-12-18,23,0,completed
RTE-IND-20250401-003,HUB-IND,DRV-01033,VEH-0016,2025-04-01,56,0,completed
RTE-IND-20250604-003,HUB-IND,DRV-01032,VEH-0017,2025-06-04,44,0,completed
RTE-DET-20250922-003,HUB-DET,DRV-01004,VEH-0022,2025-09-22,44,0,completed
RTE-DET-20250529-001,HUB-DET,DRV-01004,VEH-0029,2025-05-29,24,0,completed
RTE-IND-20250106-001,HUB-IND,DRV-01033,VEH-0009,2025-01-06,32,0,completed
RTE-CHI-20251209-006,HUB-CHI,DRV-01035,VEH-0040,2025-12-09,23,6,partial
RTE-DET-20250103-003,HUB-DET,DRV-01037,VEH-0024,2025-01-03,33,0,completed
RTE-CMH-20250331-003,HUB-CMH,DRV-01028,VEH-0038,2025-03-31,56,0,completed
RTE-DET-20250101-005,HUB-DET,DRV-01037,VEH-0029,2025-01-01,26,0,completed
RTE-DET-20250807-003,HUB-DET,DRV-01014,VEH-0011,2025-08-07,35,2,completed
RTE-CMH-20250411-002,HUB-CMH,DRV-01036,VEH-0003,2025-04-11,59,0,completed
RTE-DET-20251120-002,HUB-DET,DRV-01021,VEH-0030,2025-11-20,42,0,completed
RTE-IND-20250909-002,HUB-IND,DRV-01006,VEH-0023,2025-09-09,25,0,completed
RTE-CHI-20250626-003,HUB-CHI,DRV-01007,VEH-0040,2025-06-26,39,0,completed
RTE-IND-20250101-004,HUB-IND,DRV-01045,VEH-0023,2025-01-01,24,0,completed
RTE-CIN-20250601-002,HUB-CIN,DRV-01041,VEH-0025,2025-06-01,21,0,completed
RTE-CHI-20250827-002,HUB-CHI,DRV-01035,VEH-0040,2025-08-27,39,0,completed
RTE-DET-20250814-004,HUB-DET,DRV-01037,VEH-0011,2025-08-14,55,0,completed
RTE-CHI-20250513-001,HUB-CHI,DRV-01020,VEH-0002,2025-05-13,57,0,completed
RTE-DET-20250411-003,HUB-DET,DRV-01046,VEH-0011,2025-04-11,31,0,completed
RTE-IND-20251127-002,HUB-IND,DRV-01031,VEH-0016,2025-11-27,51,1,partial
RTE-CIN-20250318-003,HUB-CIN,DRV-01034,VEH-0026,2025-03-18,49,0,completed
RTE-CIN-20250703-002,HUB-CIN,DRV-01041,VEH-0032,2025-07-03,60,0,completed
RTE-CMH-20251024-003,HUB-CMH,DRV-01044,VEH-0033,2025-10-24,47,0,completed
RTE-CIN-20250720-001,HUB-CIN,DRV-01008,VEH-0020,2025-07-20,39,0,completed
RTE-IND-20251224-003,HUB-IND,DRV-01032,VEH-0013,2025-12-24,62,0,completed
RTE-DET-20250804-003,HUB-DET,DRV-01014,VEH-0030,2025-08-04,49,2,partial
RTE-IND-20250812-001,HUB-IND,DRV-01032,VEH-0017,2025-08-12,39,0,completed
RTE-IND-20250620-003,HUB-IND,DRV-01032,VEH-0016,2025-06-20,35,0,completed
RTE-CHI-20251203-004,HUB-CHI,DRV-01017,VEH-0037,2025-12-03,33,0,completed
RTE-CHI-20250825-001,HUB-CHI,DRV-01048,VEH-0019,2025-08-25,38,0,completed
RTE-CMH-20250522-001,HUB-CMH,DRV-01028,VEH-0012,2025-05-22,62,0,completed
RTE-IND-20251112-004,HUB-IND,DRV-01032,VEH-0008,2025-11-12,37,0,completed
RTE-IND-20250323-001,HUB-IND,DRV-01033,VEH-0010,2025-03-23,64,0,completed
RTE-CIN-20250117-001,HUB-CIN,DRV-01026,VEH-0026,2025-01-17,42,2,completed
RTE-DET-20250704-005,HUB-DET,DRV-01021,VEH-0011,2025-07-04,37,2,completed
RTE-DET-20251209-002,HUB-DET,DRV-01046,VEH-0029,2025-12-09,19,3,partial
RTE-CMH-20250429-002,HUB-CMH,DRV-01028,VEH-0033,2025-04-29,54,0,completed
RTE-IND-20250908-002,HUB-IND,DRV-01024,VEH-0017,2025-09-08,59,1,completed
RTE-IND-20251202-003,HUB-IND,DRV-01024,VEH-0016,2025-12-02,36,2,partial
RTE-CMH-20250728-005,HUB-CMH,DRV-01016,VEH-0001,2025-07-28,35,0,completed
RTE-CHI-20250319-002,HUB-CHI,DRV-01005,VEH-0005,2025-03-19,38,3,completed
RTE-CMH-20250115-004,HUB-CMH,DRV-01010,VEH-0028,2025-01-15,20,6,partial
RTE-IND-20250814-003,HUB-IND,DRV-01188,VEH-0009,2025-08-14,57,0,completed
RTE-IND-20251229-003,HUB-IND,DRV-01042,VEH-0010,2025-12-29,26,5,partial
RTE-CMH-20251113-004,HUB-CMH,DRV-01015,VEH-0033,2025-11-13,40,0,completed
RTE-IND-20250530-003,HUB-IND,DRV-01045,VEH-0016,2025-05-30,36,0,completed
RTE-CHI-20250715-002,HUB-CHI,DRV-01012,VEH-0006,2025-07-15,33,0,completed
RTE-CIN-20251121-004,HUB-CIN,DRV-01029,VEH-0025,2025-11-21,64,0,completed
RTE-CMH-20250625-003,HUB-CMH,DRV-01036,VEH-0001,2025-06-25,31,0,completed
RTE-CHI-20251015-003,HUB-CHI,DRV-01005,VEH-0005,2025-10-15,36,1,completed
RTE-CIN-20250515-001,HUB-CIN,DRV-01002,VEH-0020,2025-05-15,41,0,completed
RTE-CHI-20251017-003,HUB-CHI,DRV-01017,VEH-0004,2025-10-17,49,0,completed
RTE-CHI-20251117-001,HUB-CHI,DRV-01012,VEH-0014,2025-11-17,63,0,completed
RTE-CMH-20250430-004,HUB-CMH,DRV-01043,VEH-0033,2025-04-30,25,0,completed
RTE-CMH-20250319-003,HUB-CMH,DRV-01039,VEH-0038,2025-03-19,28,2,partial
RTE-CHI-20250811-002,HUB-CHI,DRV-01011,VEH-0006,2025-08-11,22,0,completed
RTE-CMH-20250228-002,HUB-CMH,DRV-01039,VEH-0001,2025-02-28,52,0,completed
RTE-CIN-20250501-002,HUB-CIN,DRV-01029,VEH-0020,2025-05-01,43,0,completed
RTE-DET-20251215-004,HUB-DET,DRV-01004,VEH-0022,2025-12-15,60,0,completed
RTE-CIN-20250819-002,HUB-CIN,DRV-01025,VEH-0020,2025-08-19,40,0,completed
RTE-CMH-20250519-003,HUB-CMH,DRV-01049,VEH-0003,2025-05-19,56,0,completed
RTE-IND-20250407-002,HUB-IND,DRV-01033,VEH-0023,2025-04-07,46,0,completed
RTE-DET-20250925-004,HUB-DET,DRV-01014,VEH-0030,2025-09-25,54,0,completed
RTE-IND-20250325-002,HUB-IND,DRV-01006,VEH-0017,2025-03-25,28,0,completed
RTE-IND-20251226-002,HUB-IND,DRV-01031,VEH-0008,2025-12-26,32,6,partial
RTE-CIN-20250106-002,HUB-CIN,DRV-01002,VEH-0027,2025-01-06,59,2,partial
RTE-CHI-20250706-003,HUB-CHI,DRV-01048,VEH-0037,2025-07-06,57,0,completed
RTE-CHI-20250624-004,HUB-CHI,DRV-01007,VEH-0002,2025-06-24,42,0,completed
RTE-CHI-20250904-001,HUB-CHI,DRV-01012,VEH-0006,2025-09-04,51,0,completed
RTE-IND-20250716-002,HUB-IND,DRV-01032,VEH-0023,2025-07-16,36,0,completed
RTE-CHI-20250127-003,HUB-CHI,DRV-01017,VEH-0037,2025-01-27,43,0,completed
RTE-CHI-20251022-001,HUB-CHI,DRV-01012,VEH-0019,2025-10-22,53,0,completed
RTE-CHI-20250619-004,HUB-CHI,DRV-01005,VEH-0004,2025-06-19,18,0,completed
RTE-IND-20250227-003,HUB-IND,DRV-01033,VEH-0010,2025-02-27,37,0,completed
RTE-CMH-20250314-004,HUB-CMH,DRV-01028,VEH-0021,2025-03-14,21,0,completed
RTE-CMH-20250827-003,HUB-CMH,DRV-01013,VEH-0007,2025-08-27,28,3,completed
RTE-CIN-20250618-003,HUB-CIN,DRV-01034,VEH-0018,2025-06-18,26,0,completed
RTE-CIN-20250509-002,HUB-CIN,DRV-01029,VEH-0020,2025-05-09,54,1,completed
RTE-CHI-20250127-004,HUB-CHI,DRV-01047,VEH-0005,2025-01-27,50,0,completed
RTE-CHI-20250129-001,HUB-CHI,DRV-01047,VEH-0005,2025-01-29,56,0,completed
RTE-IND-20250818-002,HUB-IND,DRV-01042,VEH-0008,2025-08-18,27,0,completed
RTE-CMH-20250826-002,HUB-CMH,DRV-01039,VEH-0001,2025-08-26,49,0,completed
RTE-CHI-20250807-003,HUB-CHI,DRV-01012,VEH-0002,2025-08-07,29,0,completed
RTE-DET-20250808-005,HUB-DET,DRV-01037,VEH-0030,2025-08-08,57,0,completed
RTE-DET-20250326-004,HUB-DET,DRV-01021,VEH-0029,2025-03-26,28,1,completed
RTE-CIN-20250627-003,HUB-CIN,DRV-01008,VEH-0032,2025-06-27,57,0,completed
RTE-IND-20250723-001,HUB-IND,DRV-01045,VEH-0009,2025-07-23,22,0,completed
RTE-CIN-20250616-004,HUB-CIN,DRV-01002,VEH-0027,2025-06-16,64,0,completed
RTE-CMH-20250602-003,HUB-CMH,DRV-01043,VEH-0021,2025-06-02,49,0,completed
RTE-DET-20250417-002,HUB-DET,DRV-01022,VEH-0022,2025-04-17,46,0,completed
RTE-CHI-20251230-004,HUB-CHI,DRV-01020,VEH-0037,2025-12-30,36,0,completed
RTE-CIN-20250701-001,HUB-CIN,DRV-01026,VEH-0025,2025-07-01,49,0,completed
RTE-DET-20250912-003,HUB-DET,DRV-01046,VEH-0011,2025-09-12,38,0,completed
RTE-IND-20250728-001,HUB-IND,DRV-01006,VEH-0013,2025-07-28,47,0,completed
RTE-CMH-20250524-002,HUB-CMH,DRV-01009,VEH-0028,2025-05-24,55,0,completed
RTE-CIN-20250610-002,HUB-CIN,DRV-01008,VEH-0036,2025-06-10,39,0,completed
RTE-CMH-20250822-002,HUB-CMH,DRV-01015,VEH-0007,2025-08-22,45,0,completed
RTE-CMH-20250702-002,HUB-CMH,DRV-01044,VEH-0038,2025-07-02,21,0,completed
RTE-DET-20250603-003,HUB-DET,DRV-01022,VEH-0011,2025-06-03,62,0,completed
RTE-CHI-20251227-002,HUB-CHI,DRV-01048,VEH-0019,2025-12-27,20,0,completed
RTE-IND-20250826-003,HUB-IND,DRV-01006,VEH-0023,2025-08-26,58,0,completed
RTE-CIN-20250115-002,HUB-CIN,DRV-01008,VEH-0020,2025-01-15,39,2,partial
RTE-CIN-20250425-004,HUB-CIN,DRV-01002,VEH-0020,2025-04-25,55,0,completed
RTE-CHI-20250715-003,HUB-CHI,DRV-01047,VEH-0037,2025-07-15,33,0,completed
RTE-IND-20250219-003,HUB-IND,DRV-01188,VEH-0010,2025-02-19,55,0,completed
RTE-CMH-20251119-004,HUB-CMH,DRV-01016,VEH-0003,2025-11-19,26,0,completed
RTE-IND-20250618-002,HUB-IND,DRV-01042,VEH-0023,2025-06-18,53,0,completed
RTE-IND-20251007-001,HUB-IND,DRV-01032,VEH-0017,2025-10-07,32,0,completed
RTE-IND-20251205-001,HUB-IND,DRV-01024,VEH-0013,2025-12-05,55,0,completed
RTE-CIN-20250628-001,HUB-CIN,DRV-01041,VEH-0025,2025-06-28,27,0,completed
RTE-CMH-20250123-003,HUB-CMH,DRV-01030,VEH-0003,2025-01-23,49,0,completed
RTE-DET-20251022-003,HUB-DET,DRV-01014,VEH-0011,2025-10-22,25,3,completed
RTE-DET-20250418-003,HUB-DET,DRV-01004,VEH-0030,2025-04-18,52,0,completed
RTE-CMH-20250219-001,HUB-CMH,DRV-01016,VEH-0001,2025-02-19,36,0,completed
RTE-IND-20250820-002,HUB-IND,DRV-01006,VEH-0008,2025-08-20,63,0,completed
RTE-IND-20250909-003,HUB-IND,DRV-01032,VEH-0010,2025-09-09,61,0,completed
RTE-CIN-20250703-003,HUB-CIN,DRV-01041,VEH-0025,2025-07-03,28,3,completed
RTE-CIN-20250109-002,HUB-CIN,DRV-01023,VEH-0036,2025-01-09,23,0,completed
RTE-IND-20250728-002,HUB-IND,DRV-01033,VEH-0016,2025-07-28,20,0,completed
RTE-DET-20251008-003,HUB-DET,DRV-01014,VEH-0024,2025-10-08,39,2,completed
RTE-CMH-20250621-001,HUB-CMH,DRV-01036,VEH-0001,2025-06-21,54,0,completed
RTE-DET-20250709-006,HUB-DET,DRV-01022,VEH-0011,2025-07-09,46,0,completed
RTE-DET-20251024-006,HUB-DET,DRV-01046,VEH-0011,2025-10-24,61,0,completed
RTE-DET-20251210-002,HUB-DET,DRV-01037,VEH-0024,2025-12-10,25,3,partial
RTE-IND-20250329-002,HUB-IND,DRV-01032,VEH-0013,2025-03-29,56,0,completed
RTE-CIN-20250704-003,HUB-CIN,DRV-01025,VEH-0027,2025-07-04,28,0,completed
RTE-DET-20250309-001,HUB-DET,DRV-01037,VEH-0011,2025-03-09,41,0,completed
RTE-IND-20251211-004,HUB-IND,DRV-01006,VEH-0013,2025-12-11,19,0,completed
RTE-CHI-20251127-002,HUB-CHI,DRV-01047,VEH-0037,2025-11-27,25,2,partial
RTE-CMH-20250701-005,HUB-CMH,DRV-01039,VEH-0007,2025-07-01,19,0,completed
RTE-IND-20250513-002,HUB-IND,DRV-01045,VEH-0016,2025-05-13,25,0,completed
RTE-CHI-20250829-001,HUB-CHI,DRV-01017,VEH-0014,2025-08-29,30,0,completed
RTE-CIN-20250703-004,HUB-CIN,DRV-01029,VEH-0032,2025-07-03,64,0,completed
RTE-CIN-20251004-001,HUB-CIN,DRV-01027,VEH-0036,2025-10-04,18,0,completed
RTE-CMH-20250922-002,HUB-CMH,DRV-01039,VEH-0003,2025-09-22,25,0,completed
RTE-DET-20250430-001,HUB-DET,DRV-01037,VEH-0024,2025-04-30,60,0,completed
RTE-CHI-20250417-002,HUB-CHI,DRV-01007,VEH-0014,2025-04-17,33,0,completed
RTE-DET-20250211-005,HUB-DET,DRV-01004,VEH-0029,2025-02-11,24,5,partial
RTE-DET-20251105-001,HUB-DET,DRV-01014,VEH-0022,2025-11-05,65,0,completed
RTE-CMH-20251112-003,HUB-CMH,DRV-01044,VEH-0038,2025-11-12,64,6,canceled
RTE-CIN-20250330-001,HUB-CIN,DRV-01008,VEH-0020,2025-03-30,21,0,completed
RTE-IND-20250923-003,HUB-IND,DRV-01032,VEH-0023,2025-09-23,38,0,completed
RTE-CIN-20250909-006,HUB-CIN,DRV-01029,VEH-0018,2025-09-09,44,0,completed
RTE-IND-20251028-003,HUB-IND,DRV-01188,VEH-0008,2025-10-28,20,0,completed
RTE-IND-20250314-001,HUB-IND,DRV-01006,VEH-0008,2025-03-14,63,0,completed
RTE-CHI-20251120-001,HUB-CHI,DRV-01048,VEH-0014,2025-11-20,28,1,completed
RTE-CHI-20251201-002,HUB-CHI,DRV-01007,VEH-0006,2025-12-01,49,0,completed
RTE-CHI-20250522-001,HUB-CHI,DRV-01017,VEH-0002,2025-05-22,32,0,completed
RTE-IND-20250131-003,HUB-IND,DRV-01188,VEH-0016,2025-01-31,28,0,completed
RTE-CMH-20251124-003,HUB-CMH,DRV-01028,VEH-0012,2025-11-24,32,3,completed
RTE-DET-20250430-002,HUB-DET,DRV-01037,VEH-0022,2025-04-30,28,3,partial
RTE-CIN-20250321-003,HUB-CIN,DRV-01041,VEH-0026,2025-03-21,57,0,completed
RTE-IND-20250708-005,HUB-IND,DRV-01045,VEH-0009,2025-07-08,23,2,completed
RTE-DET-20250128-005,HUB-DET,DRV-01014,VEH-0011,2025-01-28,50,1,partial
RTE-DET-20251203-002,HUB-DET,DRV-01022,VEH-0024,2025-12-03,64,0,completed
RTE-CHI-20251022-002,HUB-CHI,DRV-01007,VEH-0006,2025-10-22,64,0,completed
RTE-CMH-20251121-002,HUB-CMH,DRV-01009,VEH-0012,2025-11-21,35,5,partial
RTE-CIN-20251219-003,HUB-CIN,DRV-01025,VEH-0018,2025-12-19,55,5,partial
RTE-CIN-20251027-004,HUB-CIN,DRV-01023,VEH-0025,2025-10-27,35,0,completed
RTE-IND-20250630-003,HUB-IND,DRV-01188,VEH-0023,2025-06-30,27,0,completed
RTE-IND-20250129-002,HUB-IND,DRV-01188,VEH-0010,2025-01-29,37,0,completed
RTE-DET-20250704-006,HUB-DET,DRV-01014,VEH-0030,2025-07-04,34,0,completed
RTE-DET-20250515-002,HUB-DET,DRV-01021,VEH-0011,2025-05-15,36,0,completed
RTE-DET-20250606-003,HUB-DET,DRV-01046,VEH-0024,2025-06-06,49,0,completed
RTE-IND-20250204-003,HUB-IND,DRV-01042,VEH-0009,2025-02-04,38,5,partial
RTE-DET-20251001-002,HUB-DET,DRV-01021,VEH-0029,2025-10-01,38,0,completed
RTE-CIN-20251014-002,HUB-CIN,DRV-01019,VEH-0018,2025-10-14,34,0,completed
RTE-DET-20250212-003,HUB-DET,DRV-01037,VEH-0024,2025-02-12,27,5,partial
RTE-CIN-20250812-003,HUB-CIN,DRV-01034,VEH-0026,2025-08-12,39,0,completed
RTE-CIN-20250423-001,HUB-CIN,DRV-01019,VEH-0026,2025-04-23,49,0,completed
RTE-DET-20250309-002,HUB-DET,DRV-01046,VEH-0011,2025-03-09,41,0,completed
RTE-CHI-20250319-003,HUB-CHI,DRV-01017,VEH-0004,2025-03-19,28,0,completed
RTE-CHI-20250101-002,HUB-CHI,DRV-01048,VEH-0006,2025-01-01,35,0,completed
RTE-CHI-20250312-003,HUB-CHI,DRV-01012,VEH-0040,2025-03-12,27,2,partial
RTE-DET-20251103-003,HUB-DET,DRV-01021,VEH-0022,2025-11-03,48,6,partial
RTE-CHI-20250808-001,HUB-CHI,DRV-01011,VEH-0006,2025-08-08,56,0,completed
RTE-CIN-20251106-002,HUB-CIN,DRV-01038,VEH-0032,2025-11-06,53,0,completed
RTE-CHI-20250822-004,HUB-CHI,DRV-01012,VEH-0019,2025-08-22,28,1,completed
RTE-CHI-20250929-001,HUB-CHI,DRV-01047,VEH-0019,2025-09-29,40,0,completed
RTE-CHI-20251007-002,HUB-CHI,DRV-01035,VEH-0006,2025-10-07,28,0,completed
RTE-CMH-20250709-006,HUB-CMH,DRV-01040,VEH-0001,2025-07-09,53,0,completed
RTE-CIN-20250917-004,HUB-CIN,DRV-01041,VEH-0032,2025-09-17,55,0,completed
RTE-CMH-20251230-005,HUB-CMH,DRV-01030,VEH-0003,2025-12-30,24,0,completed
RTE-CIN-20251105-003,HUB-CIN,DRV-01023,VEH-0020,2025-11-05,53,6,partial
RTE-CHI-20250527-003,HUB-CHI,DRV-01005,VEH-0037,2025-05-27,34,0,completed
RTE-CIN-20251203-003,HUB-CIN,DRV-01041,VEH-0032,2025-12-03,38,0,completed
RTE-CIN-20250526-001,HUB-CIN,DRV-01038,VEH-0026,2025-05-26,63,3,completed
RTE-CMH-20251117-002,HUB-CMH,DRV-01015,VEH-0001,2025-11-17,54,0,completed
RTE-CHI-20250421-001,HUB-CHI,DRV-01017,VEH-0005,2025-04-21,35,0,completed
RTE-CMH-20251117-003,HUB-CMH,DRV-01044,VEH-0001,2025-11-17,57,0,completed
RTE-DET-20251215-005,HUB-DET,DRV-01014,VEH-0011,2025-12-15,42,2,completed
RTE-DET-20250922-004,HUB-DET,DRV-01014,VEH-0024,2025-09-22,34,0,completed
RTE-CMH-20250503-001,HUB-CMH,DRV-01049,VEH-0033,2025-05-03,25,0,completed
RTE-CHI-20250212-006,HUB-CHI,DRV-01020,VEH-0040,2025-02-12,57,0,completed
RTE-DET-20251029-002,HUB-DET,DRV-01037,VEH-0011,2025-10-29,21,0,completed
RTE-CIN-20250227-001,HUB-CIN,DRV-01029,VEH-0036,2025-02-27,60,2,partial
RTE-CIN-20250529-002,HUB-CIN,DRV-01025,VEH-0020,2025-05-29,20,0,completed
RTE-CIN-20251020-003,HUB-CIN,DRV-01038,VEH-0036,2025-10-20,22,0,completed
RTE-CIN-20250216-001,HUB-CIN,DRV-01027,VEH-0026,2025-02-16,50,0,completed
RTE-DET-20250224-001,HUB-DET,DRV-01022,VEH-0024,2025-02-24,21,0,completed
RTE-CMH-20251001-002,HUB-CMH,DRV-01001,VEH-0028,2025-10-01,35,0,completed
RTE-DET-20250111-001,HUB-DET,DRV-01022,VEH-0029,2025-01-11,21,2,completed
RTE-CMH-20250113-002,HUB-CMH,DRV-01001,VEH-0012,2025-01-13,42,0,completed
RTE-IND-20251003-003,HUB-IND,DRV-01188,VEH-0023,2025-10-03,37,0,completed
RTE-CHI-20250901-004,HUB-CHI,DRV-01048,VEH-0014,2025-09-01,46,0,completed
RTE-CIN-20250216-002,HUB-CIN,DRV-01023,VEH-0036,2025-02-16,41,0,completed
RTE-CHI-20250718-002,HUB-CHI,DRV-01005,VEH-0005,2025-07-18,24,0,completed
RTE-DET-20250409-004,HUB-DET,DRV-01014,VEH-0029,2025-04-09,26,0,completed
RTE-CMH-20250227-001,HUB-CMH,DRV-01010,VEH-0038,2025-02-27,20,0,completed
RTE-CMH-20250416-004,HUB-CMH,DRV-01001,VEH-0007,2025-04-16,42,0,completed
RTE-CMH-20250814-001,HUB-CMH,DRV-01016,VEH-0001,2025-08-14,42,0,completed
RTE-IND-20251211-005,HUB-IND,DRV-01031,VEH-0017,2025-12-11,40,2,completed
RTE-IND-20250616-002,HUB-IND,DRV-01045,VEH-0010,2025-06-16,63,0,completed
RTE-DET-20250911-005,HUB-DET,DRV-01014,VEH-0011,2025-09-11,45,0,completed
RTE-IND-20250602-002,HUB-IND,DRV-01042,VEH-0016,2025-06-02,21,0,completed
RTE-CHI-20250623-001,HUB-CHI,DRV-01020,VEH-0014,2025-06-23,28,0,completed
RTE-DET-20250415-002,HUB-DET,DRV-01014,VEH-0024,2025-04-15,45,0,completed
RTE-CHI-20250716-003,HUB-CHI,DRV-01011,VEH-0037,2025-07-16,62,0,completed
RTE-DET-20250207-002,HUB-DET,DRV-01021,VEH-0029,2025-02-07,55,3,partial
RTE-CHI-20250621-001,HUB-CHI,DRV-01017,VEH-0005,2025-06-21,62,3,partial
RTE-CHI-20250514-002,HUB-CHI,DRV-01020,VEH-0014,2025-05-14,56,0,completed
RTE-DET-20250127-001,HUB-DET,DRV-01021,VEH-0022,2025-01-27,48,6,canceled
RTE-CHI-20250121-002,HUB-CHI,DRV-01017,VEH-0040,2025-01-21,32,4,partial
RTE-CHI-20250625-005,HUB-CHI,DRV-01020,VEH-0005,2025-06-25,23,3,partial
RTE-IND-20251216-005,HUB-IND,DRV-01033,VEH-0023,2025-12-16,29,1,completed
RTE-CHI-20251213-002,HUB-CHI,DRV-01047,VEH-0002,2025-12-13,63,0,completed
RTE-CMH-20251008-002,HUB-CMH,DRV-01030,VEH-0038,2025-10-08,33,0,completed
RTE-IND-20250709-004,HUB-IND,DRV-01032,VEH-0013,2025-07-09,34,0,completed
RTE-CIN-20251121-005,HUB-CIN,DRV-01027,VEH-0025,2025-11-21,57,0,completed
RTE-DET-20251017-003,HUB-DET,DRV-01021,VEH-0022,2025-10-17,40,0,completed
RTE-CIN-20250324-003,HUB-CIN,DRV-01038,VEH-0018,2025-03-24,64,0,completed
RTE-CHI-20250605-001,HUB-CHI,DRV-01035,VEH-0005,2025-06-05,48,0,completed
RTE-CIN-20250911-002,HUB-CIN,DRV-01025,VEH-0018,2025-09-11,62,0,completed
RTE-CIN-20250820-003,HUB-CIN,DRV-01038,VEH-0036,2025-08-20,45,0,completed
RTE-CHI-20250904-002,HUB-CHI,DRV-01020,VEH-0006,2025-09-04,21,0,completed
RTE-IND-20250224-004,HUB-IND,DRV-01006,VEH-0016,2025-02-24,43,0,completed
RTE-CIN-20250925-002,HUB-CIN,DRV-01023,VEH-0025,2025-09-25,24,3,partial
RTE-CHI-20251214-001,HUB-CHI,DRV-01017,VEH-0037,2025-12-14,48,6,partial
RTE-CIN-20251112-001,HUB-CIN,DRV-01008,VEH-0026,2025-11-12,39,4,partial
RTE-CHI-20250111-002,HUB-CHI,DRV-01020,VEH-0037,2025-01-11,30,5,partial
RTE-CHI-20250707-002,HUB-CHI,DRV-01011,VEH-0002,2025-07-07,54,0,completed
RTE-CMH-20251217-002,HUB-CMH,DRV-01009,VEH-0021,2025-12-17,37,0,completed
RTE-CMH-20250521-001,HUB-CMH,DRV-01036,VEH-0033,2025-05-21,28,0,completed
RTE-IND-20251203-004,HUB-IND,DRV-01024,VEH-0017,2025-12-03,21,4,partial
RTE-DET-20250108-005,HUB-DET,DRV-01037,VEH-0022,2025-01-08,27,0,completed
RTE-CIN-20250926-003,HUB-CIN,DRV-01023,VEH-0018,2025-09-26,22,0,completed
RTE-CMH-20250822-003,HUB-CMH,DRV-01044,VEH-0012,2025-08-22,20,0,completed
RTE-DET-20251113-002,HUB-DET,DRV-01004,VEH-0030,2025-11-13,34,0,completed
RTE-DET-20251010-005,HUB-DET,DRV-01022,VEH-0022,2025-10-10,48,0,completed
RTE-CHI-20250802-002,HUB-CHI,DRV-01047,VEH-0019,2025-08-02,57,0,completed
RTE-DET-20250109-004,HUB-DET,DRV-01046,VEH-0030,2025-01-09,59,0,completed
RTE-IND-20250829-001,HUB-IND,DRV-01006,VEH-0008,2025-08-29,56,0,completed
RTE-CMH-20250129-003,HUB-CMH,DRV-01030,VEH-0012,2025-01-29,26,0,completed
RTE-DET-20251212-003,HUB-DET,DRV-01022,VEH-0011,2025-12-12,52,1,completed
RTE-CHI-20250623-002,HUB-CHI,DRV-01047,VEH-0002,2025-06-23,18,0,completed
RTE-CHI-20250318-003,HUB-CHI,DRV-01011,VEH-0004,2025-03-18,28,0,completed
RTE-CHI-20251014-003,HUB-CHI,DRV-01005,VEH-0019,2025-10-14,24,0,completed
RTE-CIN-20250209-002,HUB-CIN,DRV-01003,VEH-0032,2025-02-09,42,0,completed
RTE-CMH-20250518-003,HUB-CMH,DRV-01001,VEH-0031,2025-05-18,47,0,completed
RTE-DET-20250923-003,HUB-DET,DRV-01004,VEH-0011,2025-09-23,25,0,completed
RTE-CMH-20250606-001,HUB-CMH,DRV-01009,VEH-0031,2025-06-06,32,0,completed
RTE-CHI-20251014-004,HUB-CHI,DRV-01011,VEH-0019,2025-10-14,25,0,completed
RTE-CHI-20250512-002,HUB-CHI,DRV-01020,VEH-0037,2025-05-12,25,0,completed
RTE-IND-20250321-006,HUB-IND,DRV-01033,VEH-0023,2025-03-21,37,0,completed
RTE-CMH-20250617-001,HUB-CMH,DRV-01010,VEH-0021,2025-06-17,65,0,completed
RTE-CIN-20250212-001,HUB-CIN,DRV-01038,VEH-0036,2025-02-12,27,0,completed
RTE-CIN-20250515-002,HUB-CIN,DRV-01002,VEH-0025,2025-05-15,62,0,completed
RTE-CIN-20250626-002,HUB-CIN,DRV-01025,VEH-0018,2025-06-26,28,0,completed
RTE-CHI-20250509-003,HUB-CHI,DRV-01035,VEH-0006,2025-05-09,33,0,completed
RTE-CHI-20250402-001,HUB-CHI,DRV-01007,VEH-0040,2025-04-02,58,0,completed
RTE-DET-20250915-001,HUB-DET,DRV-01022,VEH-0011,2025-09-15,61,0,completed
RTE-CMH-20250320-001,HUB-CMH,DRV-01010,VEH-0001,2025-03-20,43,1,partial
RTE-CMH-20250501-003,HUB-CMH,DRV-01043,VEH-0038,2025-05-01,44,0,completed
RTE-IND-20250825-002,HUB-IND,DRV-01033,VEH-0016,2025-08-25,28,0,completed
RTE-CIN-20250908-002,HUB-CIN,DRV-01002,VEH-0026,2025-09-08,30,0,completed
RTE-IND-20250123-005,HUB-IND,DRV-01045,VEH-0009,2025-01-23,20,0,completed
RTE-DET-20250717-002,HUB-DET,DRV-01022,VEH-0029,2025-07-17,45,0,completed
RTE-CIN-20250322-002,HUB-CIN,DRV-01026,VEH-0032,2025-03-22,37,0,completed
RTE-CMH-20251103-002,HUB-CMH,DRV-01049,VEH-0001,2025-11-03,34,0,completed
RTE-CMH-20250910-002,HUB-CMH,DRV-01018,VEH-0021,2025-09-10,56,0,completed
RTE-IND-20250512-003,HUB-IND,DRV-01033,VEH-0017,2025-05-12,37,0,completed
RTE-DET-20250626-004,HUB-DET,DRV-01022,VEH-0011,2025-06-26,33,0,completed
RTE-DET-20251121-002,HUB-DET,DRV-01004,VEH-0024,2025-11-21,30,4,partial
RTE-CIN-20250331-002,HUB-CIN,DRV-01027,VEH-0036,2025-03-31,31,0,completed
RTE-DET-20250330-001,HUB-DET,DRV-01022,VEH-0024,2025-03-30,34,0,completed
RTE-IND-20251001-001,HUB-IND,DRV-01031,VEH-0013,2025-10-01,37,0,completed
RTE-DET-20250529-002,HUB-DET,DRV-01046,VEH-0024,2025-05-29,39,0,completed
RTE-CMH-20251128-003,HUB-CMH,DRV-01013,VEH-0001,2025-11-28,64,6,partial
RTE-CHI-20250603-002,HUB-CHI,DRV-01035,VEH-0037,2025-06-03,38,0,completed
RTE-IND-20251016-002,HUB-IND,DRV-01042,VEH-0009,2025-10-16,53,0,completed
RTE-CHI-20250330-001,HUB-CHI,DRV-01011,VEH-0006,2025-03-30,37,0,completed
RTE-CHI-20250620-001,HUB-CHI,DRV-01012,VEH-0019,2025-06-20,42,0,completed
RTE-CHI-20250324-004,HUB-CHI,DRV-01048,VEH-0037,2025-03-24,41,0,completed
RTE-IND-20251210-001,HUB-IND,DRV-01033,VEH-0016,2025-12-10,58,1,partial
RTE-CIN-20250424-003,HUB-CIN,DRV-01029,VEH-0018,2025-04-24,25,0,completed
RTE-CMH-20250723-004,HUB-CMH,DRV-01043,VEH-0003,2025-07-23,41,0,completed
RTE-CMH-20250904-001,HUB-CMH,DRV-01009,VEH-0021,2025-09-04,23,0,completed
RTE-IND-20250210-002,HUB-IND,DRV-01024,VEH-0017,2025-02-10,42,0,completed
RTE-CIN-20250505-001,HUB-CIN,DRV-01023,VEH-0020,2025-05-05,53,2,completed
RTE-CMH-20251023-002,HUB-CMH,DRV-01018,VEH-0012,2025-10-23,56,0,completed
RTE-DET-20250708-001,HUB-DET,DRV-01046,VEH-0030,2025-07-08,26,0,completed
RTE-CMH-20250709-007,HUB-CMH,DRV-01001,VEH-0038,2025-07-09,23,3,completed
RTE-IND-20250516-003,HUB-IND,DRV-01032,VEH-0008,2025-05-16,20,0,completed
RTE-DET-20250108-006,HUB-DET,DRV-01021,VEH-0029,2025-01-08,54,4,partial
RTE-CHI-20251118-002,HUB-CHI,DRV-01048,VEH-0002,2025-11-18,58,0,completed
RTE-CHI-20250715-004,HUB-CHI,DRV-01011,VEH-0037,2025-07-15,46,0,completed
RTE-CMH-20250221-003,HUB-CMH,DRV-01015,VEH-0012,2025-02-21,23,0,completed
RTE-CMH-20250901-002,HUB-CMH,DRV-01015,VEH-0003,2025-09-01,35,0,completed
RTE-CHI-20250530-002,HUB-CHI,DRV-01012,VEH-0002,2025-05-30,42,0,completed
RTE-DET-20250512-001,HUB-DET,DRV-01004,VEH-0024,2025-05-12,30,0,completed
RTE-CIN-20250414-001,HUB-CIN,DRV-01041,VEH-0018,2025-04-14,44,0,completed
RTE-CHI-20251229-001,HUB-CHI,DRV-01048,VEH-0019,2025-12-29,37,0,completed
RTE-CIN-20250702-001,HUB-CIN,DRV-01023,VEH-0032,2025-07-02,48,0,completed
RTE-CIN-20251013-002,HUB-CIN,DRV-01023,VEH-0026,2025-10-13,39,0,completed
RTE-CIN-20250918-002,HUB-CIN,DRV-01027,VEH-0036,2025-09-18,28,0,completed
RTE-CIN-20250620-003,HUB-CIN,DRV-01027,VEH-0027,2025-06-20,53,0,completed
RTE-CHI-20251006-001,HUB-CHI,DRV-01011,VEH-0014,2025-10-06,39,0,completed
RTE-CHI-20251130-002,HUB-CHI,DRV-01007,VEH-0002,2025-11-30,18,6,partial
RTE-CMH-20250724-002,HUB-CMH,DRV-01009,VEH-0033,2025-07-24,46,0,completed
RTE-CMH-20251017-001,HUB-CMH,DRV-01040,VEH-0028,2025-10-17,46,0,completed
RTE-DET-20251007-005,HUB-DET,DRV-01022,VEH-0022,2025-10-07,65,0,completed
RTE-CHI-20250401-001,HUB-CHI,DRV-01012,VEH-0019,2025-04-01,33,0,completed
RTE-CHI-20251210-001,HUB-CHI,DRV-01020,VEH-0019,2025-12-10,30,0,completed
RTE-CHI-20251204-002,HUB-CHI,DRV-01020,VEH-0037,2025-12-04,62,4,partial
RTE-CMH-20250422-002,HUB-CMH,DRV-01010,VEH-0028,2025-04-22,28,0,completed
RTE-DET-20250929-003,HUB-DET,DRV-01004,VEH-0011,2025-09-29,32,0,completed
RTE-CHI-20250502-003,HUB-CHI,DRV-01020,VEH-0006,2025-05-02,44,0,completed
RTE-CHI-20250531-002,HUB-CHI,DRV-01007,VEH-0019,2025-05-31,23,0,completed
RTE-IND-20251024-004,HUB-IND,DRV-01033,VEH-0009,2025-10-24,53,0,completed
RTE-DET-20251008-004,HUB-DET,DRV-01004,VEH-0029,2025-10-08,22,0,completed
RTE-CIN-20251217-003,HUB-CIN,DRV-01019,VEH-0025,2025-12-17,62,0,completed
RTE-CIN-20251215-002,HUB-CIN,DRV-01003,VEH-0018,2025-12-15,40,0,completed
RTE-CIN-20250523-005,HUB-CIN,DRV-01008,VEH-0025,2025-05-23,45,0,completed
RTE-CHI-20250905-003,HUB-CHI,DRV-01035,VEH-0014,2025-09-05,30,0,completed
RTE-CMH-20250414-004,HUB-CMH,DRV-01018,VEH-0003,2025-04-14,27,3,partial
RTE-DET-20251009-002,HUB-DET,DRV-01046,VEH-0030,2025-10-09,60,0,completed
RTE-CIN-20250901-002,HUB-CIN,DRV-01023,VEH-0020,2025-09-01,60,0,completed
RTE-IND-20250904-003,HUB-IND,DRV-01024,VEH-0010,2025-09-04,32,0,completed
RTE-CHI-20250814-003,HUB-CHI,DRV-01005,VEH-0040,2025-08-14,65,0,completed
RTE-DET-20250119-001,HUB-DET,DRV-01037,VEH-0030,2025-01-19,24,0,completed
RTE-CHI-20251125-005,HUB-CHI,DRV-01048,VEH-0019,2025-11-25,65,0,completed
RTE-CIN-20250618-004,HUB-CIN,DRV-01023,VEH-0025,2025-06-18,23,0,completed
RTE-CHI-20251020-002,HUB-CHI,DRV-01012,VEH-0004,2025-10-20,23,2,partial
RTE-CIN-20251229-001,HUB-CIN,DRV-01025,VEH-0025,2025-12-29,19,6,partial
RTE-CIN-20250220-001,HUB-CIN,DRV-01002,VEH-0026,2025-02-20,63,0,completed
RTE-CHI-20250106-003,HUB-CHI,DRV-01035,VEH-0006,2025-01-06,28,3,partial
RTE-IND-20251009-002,HUB-IND,DRV-01031,VEH-0009,2025-10-09,56,0,completed
RTE-IND-20250807-004,HUB-IND,DRV-01045,VEH-0008,2025-08-07,30,0,completed
RTE-CHI-20250201-001,HUB-CHI,DRV-01048,VEH-0040,2025-02-01,23,0,completed
RTE-CIN-20250529-003,HUB-CIN,DRV-01023,VEH-0032,2025-05-29,38,0,completed
RTE-CHI-20250607-003,HUB-CHI,DRV-01005,VEH-0002,2025-06-07,47,0,completed
RTE-DET-20250622-001,HUB-DET,DRV-01046,VEH-0029,2025-06-22,48,0,completed
RTE-IND-20250304-003,HUB-IND,DRV-01045,VEH-0023,2025-03-04,65,0,completed
RTE-CMH-20250627-005,HUB-CMH,DRV-01030,VEH-0012,2025-06-27,24,0,completed
RTE-IND-20250413-001,HUB-IND,DRV-01032,VEH-0023,2025-04-13,33,0,completed
RTE-CMH-20250411-003,HUB-CMH,DRV-01016,VEH-0033,2025-04-11,65,0,completed
RTE-CIN-20251219-004,HUB-CIN,DRV-01026,VEH-0026,2025-12-19,21,0,completed
RTE-CHI-20250130-002,HUB-CHI,DRV-01020,VEH-0002,2025-01-30,47,0,completed
RTE-DET-20250715-001,HUB-DET,DRV-01022,VEH-0011,2025-07-15,42,0,completed
RTE-IND-20251211-006,HUB-IND,DRV-01006,VEH-0016,2025-12-11,41,0,completed
RTE-CMH-20250807-005,HUB-CMH,DRV-01001,VEH-0031,2025-08-07,50,0,completed
RTE-IND-20250710-003,HUB-IND,DRV-01032,VEH-0009,2025-07-10,42,0,completed
RTE-IND-20250224-005,HUB-IND,DRV-01024,VEH-0009,2025-02-24,61,6,partial
RTE-CHI-20250514-003,HUB-CHI,DRV-01035,VEH-0014,2025-05-14,50,0,completed
RTE-CIN-20250612-007,HUB-CIN,DRV-01026,VEH-0018,2025-06-12,18,1,completed
RTE-CHI-20251218-004,HUB-CHI,DRV-01005,VEH-0040,2025-12-18,24,0,completed
RTE-CIN-20250421-003,HUB-CIN,DRV-01029,VEH-0018,2025-04-21,55,0,completed
RTE-CHI-20251125-006,HUB-CHI,DRV-01047,VEH-0004,2025-11-25,54,5,partial
RTE-CIN-20250423-002,HUB-CIN,DRV-01003,VEH-0027,2025-04-23,52,0,completed
RTE-CHI-20251106-006,HUB-CHI,DRV-01007,VEH-0037,2025-11-06,39,5,canceled
RTE-IND-20250827-001,HUB-IND,DRV-01188,VEH-0013,2025-08-27,65,3,completed
RTE-DET-20250924-002,HUB-DET,DRV-01046,VEH-0029,2025-09-24,61,0,completed
RTE-CHI-20250306-002,HUB-CHI,DRV-01035,VEH-0005,2025-03-06,37,0,completed
RTE-IND-20250214-003,HUB-IND,DRV-01031,VEH-0017,2025-02-14,51,0,completed
RTE-CIN-20250328-004,HUB-CIN,DRV-01003,VEH-0036,2025-03-28,43,0,completed
RTE-CMH-20250622-002,HUB-CMH,DRV-01028,VEH-0033,2025-06-22,30,1,partial
RTE-CIN-20250824-002,HUB-CIN,DRV-01019,VEH-0018,2025-08-24,33,0,completed
RTE-DET-20250908-003,HUB-DET,DRV-01014,VEH-0024,2025-09-08,39,0,completed
RTE-DET-20250909-002,HUB-DET,DRV-01046,VEH-0024,2025-09-09,22,3,partial
RTE-IND-20250806-002,HUB-IND,DRV-01024,VEH-0013,2025-08-06,31,0,completed
RTE-CHI-20250822-005,HUB-CHI,DRV-01047,VEH-0004,2025-08-22,39,0,completed
RTE-IND-20250410-001,HUB-IND,DRV-01024,VEH-0009,2025-04-10,39,1,completed
RTE-DET-20250107-003,HUB-DET,DRV-01021,VEH-0030,2025-01-07,44,0,completed
RTE-DET-20250916-001,HUB-DET,DRV-01021,VEH-0029,2025-09-16,37,0,completed
RTE-IND-20250611-004,HUB-IND,DRV-01033,VEH-0016,2025-06-11,27,0,completed
RTE-CHI-20250908-003,HUB-CHI,DRV-01048,VEH-0005,2025-09-08,24,0,completed
RTE-IND-20250618-003,HUB-IND,DRV-01188,VEH-0013,2025-06-18,35,0,completed
RTE-IND-20250203-003,HUB-IND,DRV-01024,VEH-0009,2025-02-03,37,0,completed
RTE-IND-20250714-003,HUB-IND,DRV-01006,VEH-0016,2025-07-14,63,0,completed
RTE-CIN-20251114-005,HUB-CIN,DRV-01026,VEH-0032,2025-11-14,65,4,partial
RTE-CMH-20250909-001,HUB-CMH,DRV-01013,VEH-0021,2025-09-09,23,0,completed
RTE-CHI-20250923-002,HUB-CHI,DRV-01017,VEH-0004,2025-09-23,19,0,completed
RTE-CHI-20250823-001,HUB-CHI,DRV-01047,VEH-0037,2025-08-23,42,0,completed
RTE-CMH-20250322-001,HUB-CMH,DRV-01049,VEH-0031,2025-03-22,49,0,completed
RTE-CIN-20250501-003,HUB-CIN,DRV-01019,VEH-0020,2025-05-01,42,0,completed
RTE-DET-20251215-006,HUB-DET,DRV-01022,VEH-0024,2025-12-15,37,0,completed
RTE-CIN-20250118-003,HUB-CIN,DRV-01023,VEH-0020,2025-01-18,55,0,completed
RTE-CMH-20250304-001,HUB-CMH,DRV-01030,VEH-0007,2025-03-04,63,1,completed
RTE-CMH-20250521-002,HUB-CMH,DRV-01036,VEH-0012,2025-05-21,39,0,completed
RTE-CHI-20250919-005,HUB-CHI,DRV-01047,VEH-0004,2025-09-19,49,0,completed
RTE-CMH-20250311-002,HUB-CMH,DRV-01013,VEH-0003,2025-03-11,60,2,completed
RTE-IND-20250812-002,HUB-IND,DRV-01024,VEH-0023,2025-08-12,50,0,completed
RTE-CIN-20250901-003,HUB-CIN,DRV-01029,VEH-0026,2025-09-01,63,0,completed
RTE-CIN-20251009-003,HUB-CIN,DRV-01023,VEH-0025,2025-10-09,50,0,completed
RTE-CIN-20250909-007,HUB-CIN,DRV-01041,VEH-0025,2025-09-09,47,0,completed
RTE-CMH-20250902-004,HUB-CMH,DRV-01009,VEH-0021,2025-09-02,56,3,partial
RTE-CMH-20251110-003,HUB-CMH,DRV-01049,VEH-0031,2025-11-10,55,0,completed
RTE-CHI-20250401-002,HUB-CHI,DRV-01020,VEH-0004,2025-04-01,19,0,completed
RTE-CHI-20251129-001,HUB-CHI,DRV-01011,VEH-0040,2025-11-29,60,0,completed
RTE-DET-20250723-004,HUB-DET,DRV-01037,VEH-0029,2025-07-23,52,0,completed
RTE-CIN-20251107-003,HUB-CIN,DRV-01029,VEH-0025,2025-11-07,27,2,completed
RTE-IND-20250717-005,HUB-IND,DRV-01006,VEH-0017,2025-07-17,32,0,completed
RTE-CHI-20250612-002,HUB-CHI,DRV-01017,VEH-0004,2025-06-12,24,0,completed
RTE-CMH-20250328-002,HUB-CMH,DRV-01040,VEH-0033,2025-03-28,44,0,completed
RTE-CHI-20250218-003,HUB-CHI,DRV-01012,VEH-0019,2025-02-18,29,0,completed
RTE-DET-20250901-001,HUB-DET,DRV-01004,VEH-0022,2025-09-01,63,0,completed
RTE-CMH-20251219-002,HUB-CMH,DRV-01001,VEH-0038,2025-12-19,35,0,completed
RTE-CIN-20251120-002,HUB-CIN,DRV-01008,VEH-0036,2025-11-20,63,0,completed
RTE-IND-20250128-004,HUB-IND,DRV-01042,VEH-0009,2025-01-28,51,0,completed
RTE-CHI-20250205-003,HUB-CHI,DRV-01047,VEH-0037,2025-02-05,49,0,completed
RTE-CHI-20250228-002,HUB-CHI,DRV-01020,VEH-0014,2025-02-28,58,0,completed
RTE-IND-20250204-004,HUB-IND,DRV-01032,VEH-0023,2025-02-04,25,0,completed
RTE-CIN-20250412-001,HUB-CIN,DRV-01038,VEH-0020,2025-04-12,61,0,completed
RTE-CIN-20251013-003,HUB-CIN,DRV-01034,VEH-0032,2025-10-13,41,0,completed
RTE-CHI-20250203-003,HUB-CHI,DRV-01005,VEH-0002,2025-02-03,51,0,completed
RTE-CMH-20251023-003,HUB-CMH,DRV-01015,VEH-0001,2025-10-23,19,0,completed
RTE-DET-20250421-004,HUB-DET,DRV-01046,VEH-0024,2025-04-21,29,0,completed
RTE-CHI-20250909-004,HUB-CHI,DRV-01012,VEH-0004,2025-09-09,31,0,completed
RTE-CHI-20251121-003,HUB-CHI,DRV-01017,VEH-0004,2025-11-21,36,0,completed
RTE-CMH-20250814-002,HUB-CMH,DRV-01043,VEH-0038,2025-08-14,54,0,completed
RTE-CHI-20250721-005,HUB-CHI,DRV-01007,VEH-0040,2025-07-21,48,0,completed
RTE-IND-20251204-005,HUB-IND,DRV-01031,VEH-0017,2025-12-04,57,1,partial
RTE-CHI-20250911-003,HUB-CHI,DRV-01047,VEH-0014,2025-09-11,52,0,completed
RTE-IND-20250211-002,HUB-IND,DRV-01024,VEH-0013,2025-02-11,39,0,completed
RTE-CIN-20250909-008,HUB-CIN,DRV-01026,VEH-0020,2025-09-09,23,0,completed
RTE-CMH-20250521-003,HUB-CMH,DRV-01039,VEH-0021,2025-05-21,55,0,completed
RTE-CIN-20250211-002,HUB-CIN,DRV-01026,VEH-0032,2025-02-11,59,0,completed
RTE-CMH-20250613-003,HUB-CMH,DRV-01036,VEH-0031,2025-06-13,43,0,completed
RTE-IND-20250217-003,HUB-IND,DRV-01042,VEH-0013,2025-02-17,21,0,completed
RTE-CIN-20250612-008,HUB-CIN,DRV-01041,VEH-0026,2025-06-12,50,0,completed
RTE-DET-20250710-001,HUB-DET,DRV-01022,VEH-0011,2025-07-10,61,0,completed
RTE-CMH-20250826-003,HUB-CMH,DRV-01010,VEH-0003,2025-08-26,54,0,completed
RTE-CIN-20250410-002,HUB-CIN,DRV-01003,VEH-0026,2025-04-10,42,0,completed
RTE-CMH-20250902-005,HUB-CMH,DRV-01039,VEH-0033,2025-09-02,58,1,completed
RTE-CIN-20250813-005,HUB-CIN,DRV-01026,VEH-0036,2025-08-13,28,0,completed
RTE-IND-20250606-002,HUB-IND,DRV-01031,VEH-0013,2025-06-06,50,0,completed
RTE-CHI-20250529-005,HUB-CHI,DRV-01005,VEH-0002,2025-05-29,32,0,completed
RTE-CIN-20250912-004,HUB-CIN,DRV-01038,VEH-0036,2025-09-12,20,0,completed
RTE-DET-20250527-002,HUB-DET,DRV-01021,VEH-0030,2025-05-27,37,0,completed
RTE-CIN-20250214-001,HUB-CIN,DRV-01026,VEH-0027,2025-02-14,59,0,completed
RTE-CIN-20250605-003,HUB-CIN,DRV-01038,VEH-0027,2025-06-05,49,0,completed
RTE-CHI-20251105-003,HUB-CHI,DRV-01011,VEH-0002,2025-11-05,31,0,completed
RTE-CHI-20250314-003,HUB-CHI,DRV-01035,VEH-0037,2025-03-14,50,0,completed
RTE-CHI-20251128-002,HUB-CHI,DRV-01047,VEH-0019,2025-11-28,41,0,completed
RTE-CIN-20250909-009,HUB-CIN,DRV-01025,VEH-0036,2025-09-09,36,0,completed
RTE-IND-20250717-006,HUB-IND,DRV-01032,VEH-0008,2025-07-17,55,0,completed
RTE-CIN-20250110-001,HUB-CIN,DRV-01003,VEH-0020,2025-01-10,26,3,partial
RTE-CMH-20250709-008,HUB-CMH,DRV-01015,VEH-0003,2025-07-09,26,0,completed
RTE-IND-20250721-003,HUB-IND,DRV-01032,VEH-0017,2025-07-21,41,0,completed
RTE-CIN-20250102-004,HUB-CIN,DRV-01023,VEH-0036,2025-01-02,38,0,completed
RTE-DET-20251128-002,HUB-DET,DRV-01014,VEH-0011,2025-11-28,36,0,completed
RTE-DET-20250319-002,HUB-DET,DRV-01022,VEH-0022,2025-03-19,27,0,completed
RTE-CMH-20250808-005,HUB-CMH,DRV-01013,VEH-0038,2025-08-08,27,0,completed
RTE-CMH-20250915-003,HUB-CMH,DRV-01028,VEH-0003,2025-09-15,21,2,completed
RTE-IND-20250808-005,HUB-IND,DRV-01024,VEH-0017,2025-08-08,47,0,completed
RTE-CHI-20251105-004,HUB-CHI,DRV-01012,VEH-0006,2025-11-05,33,0,completed
RTE-CIN-20250411-001,HUB-CIN,DRV-01027,VEH-0036,2025-04-11,45,0,completed
RTE-CIN-20250418-002,HUB-CIN,DRV-01041,VEH-0036,2025-04-18,43,0,completed
RTE-CHI-20250929-002,HUB-CHI,DRV-01020,VEH-0004,2025-09-29,46,0,completed
RTE-CIN-20250811-003,HUB-CIN,DRV-01003,VEH-0026,2025-08-11,40,0,completed
RTE-CHI-20250314-004,HUB-CHI,DRV-01020,VEH-0002,2025-03-14,49,0,completed
RTE-CIN-20251230-002,HUB-CIN,DRV-01019,VEH-0026,2025-12-30,52,0,completed
RTE-IND-20250430-002,HUB-IND,DRV-01031,VEH-0008,2025-04-30,55,0,completed
RTE-DET-20250113-003,HUB-DET,DRV-01037,VEH-0024,2025-01-13,56,0,completed
RTE-CHI-20251208-002,HUB-CHI,DRV-01012,VEH-0014,2025-12-08,29,0,completed
RTE-IND-20251112-005,HUB-IND,DRV-01006,VEH-0016,2025-11-12,43,0,completed
RTE-DET-20250320-005,HUB-DET,DRV-01046,VEH-0029,2025-03-20,29,0,completed
RTE-DET-20250129-004,HUB-DET,DRV-01022,VEH-0029,2025-01-29,47,0,completed
RTE-CIN-20250816-001,HUB-CIN,DRV-01026,VEH-0026,2025-08-16,60,0,completed
RTE-CIN-20251226-002,HUB-CIN,DRV-01027,VEH-0018,2025-12-26,52,0,completed
RTE-DET-20250516-002,HUB-DET,DRV-01037,VEH-0030,2025-05-16,54,0,completed
RTE-IND-20250117-003,HUB-IND,DRV-01032,VEH-0017,2025-01-17,49,6,partial
RTE-CHI-20250512-003,HUB-CHI,DRV-01035,VEH-0004,2025-05-12,21,0,completed
RTE-IND-20251002-003,HUB-IND,DRV-01024,VEH-0016,2025-10-02,52,0,completed
RTE-CMH-20250721-002,HUB-CMH,DRV-01013,VEH-0007,2025-07-21,55,0,completed
RTE-CHI-20250724-001,HUB-CHI,DRV-01020,VEH-0040,2025-07-24,29,0,completed
RTE-CIN-20250726-002,HUB-CIN,DRV-01029,VEH-0025,2025-07-26,48,0,completed
RTE-CIN-20250723-005,HUB-CIN,DRV-01025,VEH-0018,2025-07-23,18,0,completed
RTE-IND-20251011-002,HUB-IND,DRV-01032,VEH-0016,2025-10-11,59,0,completed
RTE-CIN-20250701-002,HUB-CIN,DRV-01002,VEH-0018,2025-07-01,55,0,completed
RTE-CIN-20251029-001,HUB-CIN,DRV-01026,VEH-0026,2025-10-29,61,0,completed
RTE-IND-20251224-004,HUB-IND,DRV-01042,VEH-0017,2025-12-24,19,0,completed
RTE-IND-20250203-004,HUB-IND,DRV-01006,VEH-0010,2025-02-03,50,0,completed
RTE-IND-20250425-004,HUB-IND,DRV-01188,VEH-0010,2025-04-25,35,0,completed
RTE-IND-20250527-002,HUB-IND,DRV-01032,VEH-0013,2025-05-27,36,0,completed
RTE-CIN-20251021-004,HUB-CIN,DRV-01038,VEH-0026,2025-10-21,47,0,completed
RTE-CHI-20250324-005,HUB-CHI,DRV-01035,VEH-0014,2025-03-24,42,0,completed
RTE-IND-20250213-003,HUB-IND,DRV-01032,VEH-0009,2025-02-13,20,4,partial
RTE-CMH-20250824-001,HUB-CMH,DRV-01044,VEH-0033,2025-08-24,44,0,completed
RTE-DET-20251110-002,HUB-DET,DRV-01046,VEH-0029,2025-11-10,62,0,completed
RTE-CMH-20251003-002,HUB-CMH,DRV-01049,VEH-0028,2025-10-03,24,0,completed
RTE-DET-20250504-001,HUB-DET,DRV-01046,VEH-0030,2025-05-04,61,2,completed
RTE-CHI-20250206-002,HUB-CHI,DRV-01005,VEH-0040,2025-02-06,39,0,completed
RTE-CMH-20250128-001,HUB-CMH,DRV-01018,VEH-0003,2025-01-28,40,0,completed
RTE-CIN-20250627-004,HUB-CIN,DRV-01019,VEH-0036,2025-06-27,55,0,completed
RTE-IND-20250322-002,HUB-IND,DRV-01033,VEH-0010,2025-03-22,40,0,completed
RTE-CHI-20250623-003,HUB-CHI,DRV-01012,VEH-0005,2025-06-23,26,3,partial
RTE-IND-20251111-003,HUB-IND,DRV-01033,VEH-0023,2025-11-11,23,5,partial
RTE-CMH-20251202-002,HUB-CMH,DRV-01049,VEH-0033,2025-12-02,43,0,completed
RTE-CHI-20250127-005,HUB-CHI,DRV-01048,VEH-0004,2025-01-27,38,0,completed
RTE-CIN-20250617-004,HUB-CIN,DRV-01002,VEH-0026,2025-06-17,18,0,completed
RTE-DET-20251204-002,HUB-DET,DRV-01037,VEH-0024,2025-12-04,63,4,partial
RTE-DET-20250417-003,HUB-DET,DRV-01004,VEH-0011,2025-04-17,26,0,completed
RTE-CMH-20251227-001,HUB-CMH,DRV-01009,VEH-0033,2025-12-27,30,0,completed
RTE-DET-20251218-007,HUB-DET,DRV-01037,VEH-0030,2025-12-18,32,0,completed
RTE-CHI-20250610-001,HUB-CHI,DRV-01048,VEH-0040,2025-06-10,51,0,completed
RTE-DET-20251025-001,HUB-DET,DRV-01014,VEH-0030,2025-10-25,54,0,completed
RTE-CMH-20250501-004,HUB-CMH,DRV-01043,VEH-0007,2025-05-01,53,0,completed
RTE-CHI-20250704-002,HUB-CHI,DRV-01007,VEH-0019,2025-07-04,21,0,completed
RTE-CIN-20250127-003,HUB-CIN,DRV-01019,VEH-0032,2025-01-27,24,0,completed
RTE-DET-20250318-001,HUB-DET,DRV-01004,VEH-0024,2025-03-18,62,0,completed
RTE-CIN-20250701-003,HUB-CIN,DRV-01034,VEH-0026,2025-07-01,38,0,completed
RTE-CMH-20251010-006,HUB-CMH,DRV-01030,VEH-0021,2025-10-10,35,0,completed
RTE-CIN-20251101-001,HUB-CIN,DRV-01026,VEH-0025,2025-11-01,37,0,completed
RTE-DET-20251115-003,HUB-DET,DRV-01046,VEH-0011,2025-11-15,61,0,completed
RTE-CIN-20250606-002,HUB-CIN,DRV-01027,VEH-0018,2025-06-06,39,0,completed
RTE-CHI-20250320-001,HUB-CHI,DRV-01005,VEH-0002,2025-03-20,41,0,completed
RTE-IND-20250720-002,HUB-IND,DRV-01006,VEH-0023,2025-07-20,24,0,completed
RTE-CHI-20251211-006,HUB-CHI,DRV-01020,VEH-0002,2025-12-11,44,0,completed
RTE-DET-20250711-002,HUB-DET,DRV-01022,VEH-0011,2025-07-11,41,2,partial
RTE-IND-20250919-003,HUB-IND,DRV-01042,VEH-0017,2025-09-19,47,0,completed
RTE-CHI-20251022-003,HUB-CHI,DRV-01047,VEH-0006,2025-10-22,55,3,completed
RTE-CIN-20250319-004,HUB-CIN,DRV-01034,VEH-0018,2025-03-19,63,0,completed
RTE-CMH-20250320-002,HUB-CMH,DRV-01040,VEH-0031,2025-03-20,19,0,completed
RTE-CHI-20250114-003,HUB-CHI,DRV-01047,VEH-0037,2025-01-14,35,0,completed
RTE-CHI-20251212-001,HUB-CHI,DRV-01011,VEH-0004,2025-12-12,24,6,partial
RTE-CHI-20250802-003,HUB-CHI,DRV-01012,VEH-0040,2025-08-02,46,0,completed
RTE-CIN-20251120-003,HUB-CIN,DRV-01003,VEH-0036,2025-11-20,32,0,completed
RTE-CMH-20250508-003,HUB-CMH,DRV-01036,VEH-0038,2025-05-08,33,2,completed
RTE-CHI-20250325-002,HUB-CHI,DRV-01047,VEH-0002,2025-03-25,31,0,completed
RTE-CHI-20250422-005,HUB-CHI,DRV-01011,VEH-0040,2025-04-22,34,0,completed
RTE-CIN-20250726-003,HUB-CIN,DRV-01026,VEH-0026,2025-07-26,52,3,partial
RTE-CIN-20250126-001,HUB-CIN,DRV-01034,VEH-0032,2025-01-26,40,0,completed
RTE-CHI-20251225-001,HUB-CHI,DRV-01048,VEH-0004,2025-12-25,38,0,completed
RTE-CMH-20250710-003,HUB-CMH,DRV-01049,VEH-0003,2025-07-10,38,0,completed
RTE-CIN-20251217-004,HUB-CIN,DRV-01041,VEH-0032,2025-12-17,39,0,completed
RTE-CIN-20250224-003,HUB-CIN,DRV-01038,VEH-0018,2025-02-24,48,0,completed
RTE-IND-20251231-001,HUB-IND,DRV-01024,VEH-0023,2025-12-31,36,0,completed
RTE-CMH-20250924-003,HUB-CMH,DRV-01016,VEH-0003,2025-09-24,36,0,completed
RTE-CMH-20250728-006,HUB-CMH,DRV-01049,VEH-0028,2025-07-28,34,0,completed
RTE-CMH-20250217-003,HUB-CMH,DRV-01001,VEH-0031,2025-02-17,41,0,completed
RTE-DET-20250314-002,HUB-DET,DRV-01022,VEH-0029,2025-03-14,52,0,completed
RTE-IND-20250529-003,HUB-IND,DRV-01042,VEH-0009,2025-05-29,58,0,completed
RTE-DET-20250423-004,HUB-DET,DRV-01022,VEH-0029,2025-04-23,45,0,completed
RTE-IND-20251114-002,HUB-IND,DRV-01006,VEH-0009,2025-11-14,60,3,partial
RTE-CMH-20251015-002,HUB-CMH,DRV-01044,VEH-0031,2025-10-15,29,0,completed
RTE-IND-20250808-006,HUB-IND,DRV-01033,VEH-0016,2025-08-08,59,3,completed
RTE-DET-20250609-002,HUB-DET,DRV-01014,VEH-0030,2025-06-09,51,0,completed
RTE-IND-20250422-005,HUB-IND,DRV-01006,VEH-0017,2025-04-22,41,0,completed
RTE-CMH-20250704-002,HUB-CMH,DRV-01039,VEH-0012,2025-07-04,22,0,completed
RTE-IND-20250411-004,HUB-IND,DRV-01045,VEH-0008,2025-04-11,24,0,completed
RTE-CHI-20250103-002,HUB-CHI,DRV-01047,VEH-0014,2025-01-03,48,3,completed
RTE-CHI-20251023-003,HUB-CHI,DRV-01047,VEH-0005,2025-10-23,65,0,completed
RTE-CMH-20251114-003,HUB-CMH,DRV-01028,VEH-0031,2025-11-14,22,0,completed
RTE-CIN-20250728-002,HUB-CIN,DRV-01008,VEH-0020,2025-07-28,40,0,completed
RTE-CIN-20250624-001,HUB-CIN,DRV-01023,VEH-0032,2025-06-24,30,0,completed
RTE-IND-20251121-003,HUB-IND,DRV-01188,VEH-0010,2025-11-21,18,0,completed
RTE-DET-20250115-005,HUB-DET,DRV-01014,VEH-0030,2025-01-15,48,6,partial
RTE-DET-20250624-003,HUB-DET,DRV-01022,VEH-0030,2025-06-24,54,0,completed
RTE-DET-20250129-005,HUB-DET,DRV-01004,VEH-0030,2025-01-29,33,0,completed
RTE-CHI-20250515-002,HUB-CHI,DRV-01020,VEH-0004,2025-05-15,23,0,completed
RTE-IND-20250620-004,HUB-IND,DRV-01024,VEH-0016,2025-06-20,60,0,completed
RTE-IND-20251008-004,HUB-IND,DRV-01006,VEH-0008,2025-10-08,45,0,completed
RTE-DET-20250214-002,HUB-DET,DRV-01004,VEH-0029,2025-02-14,34,0,completed
RTE-CHI-20250616-003,HUB-CHI,DRV-01012,VEH-0040,2025-06-16,62,0,completed
RTE-CMH-20250402-003,HUB-CMH,DRV-01009,VEH-0028,2025-04-02,42,0,completed
RTE-DET-20250522-001,HUB-DET,DRV-01046,VEH-0011,2025-05-22,42,0,completed
RTE-CMH-20250602-004,HUB-CMH,DRV-01016,VEH-0033,2025-06-02,32,0,completed
RTE-CIN-20250806-003,HUB-CIN,DRV-01023,VEH-0018,2025-08-06,64,0,completed
RTE-IND-20250414-001,HUB-IND,DRV-01024,VEH-0017,2025-04-14,49,0,completed
RTE-CIN-20250108-005,HUB-CIN,DRV-01002,VEH-0026,2025-01-08,25,0,completed
RTE-CMH-20250904-002,HUB-CMH,DRV-01039,VEH-0021,2025-09-04,40,3,completed
RTE-CIN-20250617-005,HUB-CIN,DRV-01019,VEH-0027,2025-06-17,49,0,completed
RTE-CIN-20250716-001,HUB-CIN,DRV-01002,VEH-0036,2025-07-16,47,0,completed
RTE-DET-20250721-002,HUB-DET,DRV-01046,VEH-0011,2025-07-21,51,2,completed
RTE-CIN-20250924-002,HUB-CIN,DRV-01003,VEH-0026,2025-09-24,52,0,completed
RTE-DET-20250313-002,HUB-DET,DRV-01046,VEH-0022,2025-03-13,30,0,completed
RTE-CIN-20250112-001,HUB-CIN,DRV-01002,VEH-0026,2025-01-12,19,0,completed
RTE-IND-20250717-007,HUB-IND,DRV-01033,VEH-0010,2025-07-17,18,0,completed
RTE-CMH-20251210-001,HUB-CMH,DRV-01015,VEH-0028,2025-12-10,63,0,completed
RTE-CIN-20251212-001,HUB-CIN,DRV-01034,VEH-0018,2025-12-12,50,5,partial
RTE-DET-20250401-004,HUB-DET,DRV-01046,VEH-0029,2025-04-01,33,0,completed
RTE-DET-20250313-003,HUB-DET,DRV-01014,VEH-0022,2025-03-13,31,0,completed
RTE-DET-20250424-002,HUB-DET,DRV-01037,VEH-0024,2025-04-24,21,0,completed
RTE-CHI-20250417-003,HUB-CHI,DRV-01035,VEH-0002,2025-04-17,39,0,completed
RTE-DET-20250514-002,HUB-DET,DRV-01014,VEH-0024,2025-05-14,31,0,completed
RTE-CHI-20250314-005,HUB-CHI,DRV-01035,VEH-0019,2025-03-14,34,0,completed
RTE-IND-20250127-004,HUB-IND,DRV-01032,VEH-0016,2025-01-27,47,0,completed
RTE-IND-20250606-003,HUB-IND,DRV-01024,VEH-0009,2025-06-06,61,0,completed
RTE-CIN-20251111-002,HUB-CIN,DRV-01026,VEH-0025,2025-11-11,27,0,completed
RTE-DET-20251121-003,HUB-DET,DRV-01004,VEH-0011,2025-11-21,57,0,completed
RTE-IND-20250828-001,HUB-IND,DRV-01006,VEH-0017,2025-08-28,38,3,partial
RTE-DET-20250228-002,HUB-DET,DRV-01021,VEH-0011,2025-02-28,22,0,completed
RTE-DET-20250215-001,HUB-DET,DRV-01021,VEH-0029,2025-02-15,37,0,completed
RTE-CHI-20251125-007,HUB-CHI,DRV-01020,VEH-0014,2025-11-25,29,0,completed
RTE-DET-20250122-002,HUB-DET,DRV-01014,VEH-0030,2025-01-22,59,0,completed
RTE-CHI-20250404-003,HUB-CHI,DRV-01012,VEH-0014,2025-04-04,31,0,completed
RTE-CIN-20250825-003,HUB-CIN,DRV-01034,VEH-0020,2025-08-25,52,0,completed
RTE-CIN-20250613-001,HUB-CIN,DRV-01023,VEH-0025,2025-06-13,53,0,completed
RTE-IND-20250321-007,HUB-IND,DRV-01024,VEH-0017,2025-03-21,48,0,completed
RTE-IND-20250723-002,HUB-IND,DRV-01042,VEH-0008,2025-07-23,28,0,completed
RTE-IND-20251113-001,HUB-IND,DRV-01045,VEH-0009,2025-11-13,52,4,partial
RTE-DET-20250627-003,HUB-DET,DRV-01004,VEH-0022,2025-06-27,23,0,completed
RTE-CHI-20250210-003,HUB-CHI,DRV-01011,VEH-0004,2025-02-10,33,6,canceled
RTE-IND-20250910-005,HUB-IND,DRV-01032,VEH-0017,2025-09-10,61,0,completed
RTE-CMH-20250402-004,HUB-CMH,DRV-01015,VEH-0021,2025-04-02,65,0,completed
RTE-DET-20250619-002,HUB-DET,DRV-01021,VEH-0030,2025-06-19,50,0,completed
RTE-CHI-20251118-003,HUB-CHI,DRV-01035,VEH-0006,2025-11-18,53,0,completed
RTE-CHI-20250527-004,HUB-CHI,DRV-01005,VEH-0006,2025-05-27,39,0,completed
RTE-CHI-20250623-004,HUB-CHI,DRV-01007,VEH-0019,2025-06-23,22,0,completed
RTE-IND-20251215-003,HUB-IND,DRV-01045,VEH-0013,2025-12-15,19,0,completed
RTE-CIN-20250810-001,HUB-CIN,DRV-01038,VEH-0027,2025-08-10,63,0,completed
RTE-IND-20250319-003,HUB-IND,DRV-01188,VEH-0008,2025-03-19,40,0,completed
RTE-CMH-20250124-001,HUB-CMH,DRV-01001,VEH-0012,2025-01-24,19,1,partial
RTE-CIN-20250418-003,HUB-CIN,DRV-01025,VEH-0025,2025-04-18,24,0,completed
RTE-CHI-20250425-002,HUB-CHI,DRV-01012,VEH-0005,2025-04-25,53,0,completed
RTE-CMH-20250513-001,HUB-CMH,DRV-01015,VEH-0007,2025-05-13,28,0,completed
RTE-CHI-20250429-002,HUB-CHI,DRV-01035,VEH-0005,2025-04-29,25,0,completed
RTE-CHI-20250613-001,HUB-CHI,DRV-01047,VEH-0004,2025-06-13,39,0,completed
RTE-DET-20251113-003,HUB-DET,DRV-01022,VEH-0030,2025-11-13,46,0,completed
RTE-CMH-20250914-001,HUB-CMH,DRV-01039,VEH-0003,2025-09-14,58,0,completed
RTE-CMH-20251107-004,HUB-CMH,DRV-01013,VEH-0007,2025-11-07,45,0,completed
RTE-DET-20250331-004,HUB-DET,DRV-01014,VEH-0024,2025-03-31,40,0,completed
RTE-CIN-20250801-002,HUB-CIN,DRV-01038,VEH-0018,2025-08-01,31,0,completed
RTE-CIN-20250718-003,HUB-CIN,DRV-01041,VEH-0020,2025-07-18,23,2,completed
RTE-CHI-20250401-003,HUB-CHI,DRV-01048,VEH-0004,2025-04-01,40,0,completed
RTE-CHI-20250623-005,HUB-CHI,DRV-01047,VEH-0040,2025-06-23,45,0,completed
RTE-DET-20250324-001,HUB-DET,DRV-01004,VEH-0022,2025-03-24,31,0,completed
RTE-CMH-20250526-004,HUB-CMH,DRV-01039,VEH-0012,2025-05-26,18,0,completed
RTE-CIN-20251112-002,HUB-CIN,DRV-01026,VEH-0027,2025-11-12,56,0,completed
RTE-IND-20251104-003,HUB-IND,DRV-01006,VEH-0013,2025-11-04,62,0,completed
RTE-CIN-20250911-003,HUB-CIN,DRV-01026,VEH-0027,2025-09-11,54,0,completed
RTE-CIN-20250422-005,HUB-CIN,DRV-01003,VEH-0027,2025-04-22,59,0,completed
RTE-CIN-20251118-002,HUB-CIN,DRV-01023,VEH-0027,2025-11-18,61,0,completed
RTE-CMH-20250501-005,HUB-CMH,DRV-01036,VEH-0001,2025-05-01,20,0,completed
RTE-DET-20250227-002,HUB-DET,DRV-01021,VEH-0030,2025-02-27,43,0,completed
RTE-CHI-20250820-002,HUB-CHI,DRV-01020,VEH-0006,2025-08-20,30,0,completed
RTE-CIN-20250916-001,HUB-CIN,DRV-01034,VEH-0026,2025-09-16,44,0,completed
RTE-IND-20250930-002,HUB-IND,DRV-01033,VEH-0009,2025-09-30,22,1,partial
RTE-DET-20250131-004,HUB-DET,DRV-01021,VEH-0011,2025-01-31,37,0,completed
RTE-CHI-20250510-001,HUB-CHI,DRV-01035,VEH-0019,2025-05-10,61,0,completed
RTE-IND-20250624-002,HUB-IND,DRV-01188,VEH-0013,2025-06-24,22,0,completed
RTE-CMH-20250415-001,HUB-CMH,DRV-01039,VEH-0007,2025-04-15,47,0,completed
RTE-CMH-20250801-005,HUB-CMH,DRV-01030,VEH-0038,2025-08-01,55,0,completed
RTE-DET-20251008-005,HUB-DET,DRV-01037,VEH-0029,2025-10-08,56,0,completed
RTE-CIN-20250619-003,HUB-CIN,DRV-01023,VEH-0020,2025-06-19,34,0,completed
RTE-CMH-20250407-003,HUB-CMH,DRV-01015,VEH-0021,2025-04-07,39,0,completed
RTE-CHI-20250221-002,HUB-CHI,DRV-01020,VEH-0037,2025-02-21,20,0,completed
RTE-CMH-20251126-001,HUB-CMH,DRV-01043,VEH-0038,2025-11-26,24,0,completed
RTE-IND-20251216-006,HUB-IND,DRV-01006,VEH-0017,2025-12-16,54,0,completed
RTE-CIN-20251113-002,HUB-CIN,DRV-01003,VEH-0025,2025-11-13,25,0,completed
RTE-CMH-20250604-001,HUB-CMH,DRV-01015,VEH-0001,2025-06-04,40,0,completed
RTE-IND-20251013-001,HUB-IND,DRV-01006,VEH-0017,2025-10-13,23,0,completed
RTE-IND-20251212-002,HUB-IND,DRV-01188,VEH-0017,2025-12-12,35,0,completed
RTE-DET-20251104-001,HUB-DET,DRV-01014,VEH-0029,2025-11-04,34,2,completed
RTE-IND-20250730-001,HUB-IND,DRV-01188,VEH-0009,2025-07-30,38,0,completed
RTE-CHI-20251219-004,HUB-CHI,DRV-01011,VEH-0014,2025-12-19,39,6,partial
RTE-CHI-20250529-006,HUB-CHI,DRV-01017,VEH-0002,2025-05-29,52,0,completed
RTE-IND-20250821-001,HUB-IND,DRV-01033,VEH-0009,2025-08-21,41,0,completed
RTE-DET-20251020-002,HUB-DET,DRV-01037,VEH-0024,2025-10-20,58,0,completed
RTE-CMH-20250401-003,HUB-CMH,DRV-01036,VEH-0003,2025-04-01,53,0,completed
RTE-DET-20250607-001,HUB-DET,DRV-01022,VEH-0011,2025-06-07,34,0,completed
RTE-CMH-20251002-002,HUB-CMH,DRV-01036,VEH-0033,2025-10-02,18,0,completed
RTE-DET-20251108-001,HUB-DET,DRV-01037,VEH-0011,2025-11-08,56,0,completed
RTE-IND-20250507-002,HUB-IND,DRV-01024,VEH-0023,2025-05-07,61,0,completed
RTE-CHI-20250624-005,HUB-CHI,DRV-01012,VEH-0004,2025-06-24,46,3,partial
RTE-CHI-20250415-003,HUB-CHI,DRV-01047,VEH-0040,2025-04-15,18,0,completed
RTE-IND-20250127-005,HUB-IND,DRV-01032,VEH-0013,2025-01-27,48,0,completed
RTE-DET-20251009-003,HUB-DET,DRV-01014,VEH-0024,2025-10-09,30,0,completed
RTE-CHI-20250910-002,HUB-CHI,DRV-01005,VEH-0004,2025-09-10,38,0,completed
RTE-CHI-20250413-001,HUB-CHI,DRV-01020,VEH-0037,2025-04-13,54,0,completed
RTE-IND-20250801-001,HUB-IND,DRV-01188,VEH-0023,2025-08-01,34,0,completed
RTE-CHI-20250204-003,HUB-CHI,DRV-01012,VEH-0004,2025-02-04,24,0,completed
RTE-IND-20251004-002,HUB-IND,DRV-01031,VEH-0009,2025-10-04,44,0,completed
RTE-CHI-20250604-001,HUB-CHI,DRV-01005,VEH-0002,2025-06-04,31,0,completed
RTE-IND-20251201-002,HUB-IND,DRV-01024,VEH-0009,2025-12-01,22,0,completed
RTE-IND-20250715-005,HUB-IND,DRV-01032,VEH-0023,2025-07-15,63,0,completed
RTE-CMH-20250912-006,HUB-CMH,DRV-01013,VEH-0031,2025-09-12,37,0,completed
RTE-IND-20250212-002,HUB-IND,DRV-01042,VEH-0009,2025-02-12,29,0,completed
RTE-CHI-20251124-002,HUB-CHI,DRV-01012,VEH-0005,2025-11-24,38,0,completed
RTE-CIN-20250614-004,HUB-CIN,DRV-01027,VEH-0036,2025-06-14,57,0,completed
RTE-IND-20251231-002,HUB-IND,DRV-01045,VEH-0010,2025-12-31,46,0,completed
RTE-CHI-20251009-002,HUB-CHI,DRV-01012,VEH-0019,2025-10-09,29,0,completed
RTE-DET-20251216-002,HUB-DET,DRV-01021,VEH-0011,2025-12-16,45,2,completed
RTE-CMH-20251221-001,HUB-CMH,DRV-01016,VEH-0021,2025-12-21,20,3,partial
RTE-CHI-20250915-004,HUB-CHI,DRV-01005,VEH-0040,2025-09-15,39,2,completed
RTE-CMH-20250912-007,HUB-CMH,DRV-01013,VEH-0021,2025-09-12,54,0,completed
RTE-IND-20250222-001,HUB-IND,DRV-01031,VEH-0013,2025-02-22,56,0,completed
RTE-DET-20250413-001,HUB-DET,DRV-01021,VEH-0022,2025-04-13,47,0,completed
RTE-CHI-20250207-003,HUB-CHI,DRV-01035,VEH-0014,2025-02-07,61,3,completed
RTE-DET-20251128-003,HUB-DET,DRV-01037,VEH-0029,2025-11-28,48,0,completed
RTE-CMH-20250410-002,HUB-CMH,DRV-01049,VEH-0003,2025-04-10,62,0,completed
RTE-CHI-20250423-002,HUB-CHI,DRV-01047,VEH-0005,2025-04-23,24,0,completed
RTE-CHI-20250101-003,HUB-CHI,DRV-01035,VEH-0040,2025-01-01,25,0,completed
RTE-CMH-20250717-004,HUB-CMH,DRV-01015,VEH-0021,2025-07-17,57,3,completed
RTE-IND-20250607-001,HUB-IND,DRV-01045,VEH-0008,2025-06-07,44,0,completed
RTE-CIN-20250417-005,HUB-CIN,DRV-01023,VEH-0027,2025-04-17,38,0,completed
RTE-DET-20250318-002,HUB-DET,DRV-01004,VEH-0029,2025-03-18,50,0,completed
RTE-DET-20250322-002,HUB-DET,DRV-01037,VEH-0024,2025-03-22,63,0,completed
RTE-CMH-20250607-002,HUB-CMH,DRV-01036,VEH-0031,2025-06-07,42,2,partial
RTE-CHI-20251114-002,HUB-CHI,DRV-01011,VEH-0019,2025-11-14,46,0,completed
RTE-CIN-20250124-002,HUB-CIN,DRV-01029,VEH-0025,2025-01-24,20,0,completed
RTE-CHI-20250108-001,HUB-CHI,DRV-01005,VEH-0006,2025-01-08,36,0,completed
RTE-CMH-20250905-005,HUB-CMH,DRV-01009,VEH-0007,2025-09-05,21,0,completed
RTE-CIN-20250430-002,HUB-CIN,DRV-01038,VEH-0036,2025-04-30,41,0,completed
RTE-CMH-20250619-003,HUB-CMH,DRV-01040,VEH-0007,2025-06-19,55,0,completed
RTE-CHI-20250317-002,HUB-CHI,DRV-01005,VEH-0006,2025-03-17,33,0,completed
RTE-CIN-20250425-005,HUB-CIN,DRV-01029,VEH-0027,2025-04-25,61,0,completed
RTE-CMH-20250224-001,HUB-CMH,DRV-01013,VEH-0033,2025-02-24,65,0,completed
RTE-CIN-20250505-002,HUB-CIN,DRV-01038,VEH-0026,2025-05-05,56,0,completed
RTE-DET-20251010-006,HUB-DET,DRV-01022,VEH-0029,2025-10-10,52,0,completed
RTE-DET-20250506-001,HUB-DET,DRV-01004,VEH-0030,2025-05-06,63,0,completed
RTE-DET-20250716-002,HUB-DET,DRV-01021,VEH-0011,2025-07-16,37,0,completed
RTE-CIN-20250514-001,HUB-CIN,DRV-01026,VEH-0025,2025-05-14,47,0,completed
RTE-DET-20250113-004,HUB-DET,DRV-01014,VEH-0011,2025-01-13,42,0,completed
RTE-IND-20251013-002,HUB-IND,DRV-01024,VEH-0016,2025-10-13,50,0,completed
RTE-CMH-20250314-005,HUB-CMH,DRV-01010,VEH-0038,2025-03-14,23,1,partial
RTE-IND-20250923-004,HUB-IND,DRV-01032,VEH-0017,2025-09-23,31,0,completed
RTE-CMH-20250529-004,HUB-CMH,DRV-01036,VEH-0038,2025-05-29,25,0,completed
RTE-DET-20250208-002,HUB-DET,DRV-01037,VEH-0029,2025-02-08,33,0,completed
RTE-DET-20250101-006,HUB-DET,DRV-01021,VEH-0030,2025-01-01,39,3,completed
RTE-CHI-20251030-002,HUB-CHI,DRV-01048,VEH-0002,2025-10-30,27,0,completed
RTE-IND-20250524-001,HUB-IND,DRV-01024,VEH-0023,2025-05-24,44,2,completed
RTE-DET-20251217-001,HUB-DET,DRV-01014,VEH-0024,2025-12-17,21,0,completed
RTE-CMH-20250927-001,HUB-CMH,DRV-01049,VEH-0031,2025-09-27,32,0,completed
RTE-CMH-20250917-001,HUB-CMH,DRV-01013,VEH-0033,2025-09-17,18,0,completed
RTE-DET-20250613-006,HUB-DET,DRV-01046,VEH-0024,2025-06-13,22,2,completed
RTE-IND-20250304-004,HUB-IND,DRV-01031,VEH-0010,2025-03-04,52,0,completed
RTE-CIN-20250910-002,HUB-CIN,DRV-01003,VEH-0036,2025-09-10,25,0,completed
RTE-DET-20250523-002,HUB-DET,DRV-01022,VEH-0030,2025-05-23,35,0,completed
RTE-CHI-20250224-002,HUB-CHI,DRV-01011,VEH-0002,2025-02-24,24,0,completed
RTE-CIN-20250402-006,HUB-CIN,DRV-01038,VEH-0018,2025-04-02,39,0,completed
RTE-IND-20251212-003,HUB-IND,DRV-01024,VEH-0023,2025-12-12,24,0,completed
RTE-CMH-20250303-004,HUB-CMH,DRV-01009,VEH-0021,2025-03-03,42,1,partial
RTE-CHI-20250709-003,HUB-CHI,DRV-01020,VEH-0037,2025-07-09,50,0,completed
RTE-CMH-20251031-001,HUB-CMH,DRV-01009,VEH-0021,2025-10-31,21,0,completed
RTE-CHI-20250313-004,HUB-CHI,DRV-01020,VEH-0037,2025-03-13,32,0,completed
RTE-DET-20250724-002,HUB-DET,DRV-01022,VEH-0029,2025-07-24,21,0,completed
RTE-DET-20250218-002,HUB-DET,DRV-01037,VEH-0030,2025-02-18,29,0,completed
RTE-CIN-20251121-006,HUB-CIN,DRV-01029,VEH-0025,2025-11-21,47,0,completed
RTE-DET-20251218-008,HUB-DET,DRV-01004,VEH-0030,2025-12-18,22,0,completed
RTE-CIN-20250412-002,HUB-CIN,DRV-01019,VEH-0025,2025-04-12,49,0,completed
RTE-IND-20250816-002,HUB-IND,DRV-01024,VEH-0008,2025-08-16,59,0,completed
RTE-CIN-20250101-003,HUB-CIN,DRV-01002,VEH-0020,2025-01-01,51,1,completed
RTE-CIN-20250602-002,HUB-CIN,DRV-01008,VEH-0025,2025-06-02,58,0,completed
RTE-IND-20250217-004,HUB-IND,DRV-01032,VEH-0008,2025-02-17,35,0,completed
RTE-CIN-20250826-002,HUB-CIN,DRV-01038,VEH-0027,2025-08-26,36,0,completed
RTE-CIN-20250617-006,HUB-CIN,DRV-01026,VEH-0020,2025-06-17,37,0,completed
RTE-CMH-20250109-002,HUB-CMH,DRV-01049,VEH-0003,2025-01-09,55,0,completed
RTE-CIN-20250927-001,HUB-CIN,DRV-01019,VEH-0020,2025-09-27,35,0,completed
RTE-IND-20251113-002,HUB-IND,DRV-01024,VEH-0017,2025-11-13,23,1,completed
RTE-DET-20250815-004,HUB-DET,DRV-01022,VEH-0011,2025-08-15,48,3,partial
RTE-DET-20250718-001,HUB-DET,DRV-01037,VEH-0024,2025-07-18,44,0,completed
RTE-CMH-20250311-003,HUB-CMH,DRV-01049,VEH-0038,2025-03-11,49,0,completed
RTE-CMH-20250608-002,HUB-CMH,DRV-01030,VEH-0003,2025-06-08,52,0,completed
RTE-CIN-20250721-002,HUB-CIN,DRV-01008,VEH-0020,2025-07-21,35,0,completed
RTE-CMH-20250512-006,HUB-CMH,DRV-01016,VEH-0028,2025-05-12,46,0,completed
RTE-CHI-20250825-002,HUB-CHI,DRV-01007,VEH-0006,2025-08-25,54,0,completed
RTE-DET-20250411-004,HUB-DET,DRV-01014,VEH-0011,2025-04-11,63,0,completed
RTE-IND-20251205-002,HUB-IND,DRV-01033,VEH-0008,2025-12-05,48,0,completed
RTE-CMH-20250322-002,HUB-CMH,DRV-01049,VEH-0001,2025-03-22,22,0,completed
RTE-DET-20251224-003,HUB-DET,DRV-01022,VEH-0030,2025-12-24,42,4,partial
RTE-CIN-20251224-003,HUB-CIN,DRV-01025,VEH-0036,2025-12-24,53,0,completed
RTE-CIN-20250627-005,HUB-CIN,DRV-01023,VEH-0032,2025-06-27,64,0,completed
RTE-CMH-20251202-003,HUB-CMH,DRV-01043,VEH-0021,2025-12-02,48,3,partial
RTE-CHI-20250215-001,HUB-CHI,DRV-01035,VEH-0019,2025-02-15,42,0,completed
RTE-IND-20250716-003,HUB-IND,DRV-01024,VEH-0017,2025-07-16,45,0,completed
RTE-IND-20250218-005,HUB-IND,DRV-01188,VEH-0023,2025-02-18,25,0,completed
RTE-CMH-20250911-003,HUB-CMH,DRV-01009,VEH-0038,2025-09-11,62,0,completed
RTE-CHI-20250927-002,HUB-CHI,DRV-01020,VEH-0037,2025-09-27,49,0,completed
RTE-DET-20250406-002,HUB-DET,DRV-01014,VEH-0024,2025-04-06,64,0,completed
RTE-IND-20250312-003,HUB-IND,DRV-01188,VEH-0013,2025-03-12,23,0,completed
RTE-CHI-20251231-003,HUB-CHI,DRV-01012,VEH-0019,2025-12-31,56,0,completed
RTE-CMH-20251002-003,HUB-CMH,DRV-01044,VEH-0038,2025-10-02,44,2,partial
RTE-CIN-20251209-002,HUB-CIN,DRV-01041,VEH-0020,2025-12-09,18,0,completed
RTE-IND-20250415-002,HUB-IND,DRV-01031,VEH-0009,2025-04-15,55,0,completed
RTE-CIN-20251207-001,HUB-CIN,DRV-01025,VEH-0020,2025-12-07,26,0,completed
RTE-CMH-20250305-003,HUB-CMH,DRV-01009,VEH-0012,2025-03-05,32,0,completed
RTE-CIN-20251006-001,HUB-CIN,DRV-01019,VEH-0018,2025-10-06,54,1,completed
RTE-DET-20250908-004,HUB-DET,DRV-01021,VEH-0030,2025-09-08,37,0,completed
RTE-CIN-20251203-004,HUB-CIN,DRV-01038,VEH-0036,2025-12-03,19,3,completed
RTE-DET-20250623-002,HUB-DET,DRV-01021,VEH-0011,2025-06-23,27,0,completed
RTE-CIN-20250819-003,HUB-CIN,DRV-01027,VEH-0018,2025-08-19,61,0,completed
RTE-CMH-20251103-003,HUB-CMH,DRV-01036,VEH-0028,2025-11-03,57,6,canceled
RTE-CIN-20251105-004,HUB-CIN,DRV-01002,VEH-0025,2025-11-05,43,5,partial
RTE-CMH-20251101-001,HUB-CMH,DRV-01030,VEH-0012,2025-11-01,51,0,completed
RTE-DET-20250310-001,HUB-DET,DRV-01037,VEH-0029,2025-03-10,23,0,completed
RTE-DET-20250410-004,HUB-DET,DRV-01022,VEH-0029,2025-04-10,22,0,completed
RTE-DET-20251230-004,HUB-DET,DRV-01021,VEH-0022,2025-12-30,56,0,completed
RTE-CIN-20251215-003,HUB-CIN,DRV-01041,VEH-0025,2025-12-15,61,0,completed
RTE-DET-20251219-002,HUB-DET,DRV-01037,VEH-0011,2025-12-19,40,0,completed
RTE-CIN-20251229-002,HUB-CIN,DRV-01038,VEH-0027,2025-12-29,47,0,completed
RTE-CMH-20251006-003,HUB-CMH,DRV-01039,VEH-0021,2025-10-06,24,0,completed
RTE-IND-20250513-003,HUB-IND,DRV-01031,VEH-0023,2025-05-13,46,0,completed
RTE-CIN-20250120-001,HUB-CIN,DRV-01027,VEH-0025,2025-01-20,39,4,partial
RTE-CIN-20250601-003,HUB-CIN,DRV-01003,VEH-0027,2025-06-01,65,0,completed
RTE-CIN-20251002-001,HUB-CIN,DRV-01038,VEH-0036,2025-10-02,42,0,completed
RTE-IND-20251030-003,HUB-IND,DRV-01006,VEH-0008,2025-10-30,32,0,completed
RTE-CIN-20250227-002,HUB-CIN,DRV-01019,VEH-0027,2025-02-27,47,3,partial
RTE-IND-20250211-003,HUB-IND,DRV-01031,VEH-0008,2025-02-11,24,5,partial
RTE-IND-20251003-004,HUB-IND,DRV-01032,VEH-0016,2025-10-03,65,0,completed
RTE-CMH-20251206-002,HUB-CMH,DRV-01049,VEH-0021,2025-12-06,19,2,completed
RTE-DET-20250930-003,HUB-DET,DRV-01046,VEH-0022,2025-09-30,40,0,completed
RTE-CHI-20250106-004,HUB-CHI,DRV-01017,VEH-0019,2025-01-06,36,6,partial
RTE-CHI-20250508-003,HUB-CHI,DRV-01007,VEH-0002,2025-05-08,56,0,completed
RTE-DET-20251104-002,HUB-DET,DRV-01037,VEH-0029,2025-11-04,24,0,completed
RTE-CIN-20250102-005,HUB-CIN,DRV-01034,VEH-0018,2025-01-02,62,0,completed
RTE-CIN-20251020-004,HUB-CIN,DRV-01038,VEH-0032,2025-10-20,59,0,completed
RTE-IND-20250914-001,HUB-IND,DRV-01045,VEH-0013,2025-09-14,44,1,completed
RTE-CMH-20250710-004,HUB-CMH,DRV-01009,VEH-0001,2025-07-10,31,0,completed
RTE-IND-20250325-003,HUB-IND,DRV-01188,VEH-0017,2025-03-25,43,0,completed
RTE-CIN-20250130-002,HUB-CIN,DRV-01002,VEH-0020,2025-01-30,51,4,partial
RTE-IND-20251030-004,HUB-IND,DRV-01042,VEH-0008,2025-10-30,19,0,completed
RTE-IND-20250512-004,HUB-IND,DRV-01033,VEH-0008,2025-05-12,40,0,completed
RTE-CHI-20250715-005,HUB-CHI,DRV-01005,VEH-0019,2025-07-15,64,0,completed
RTE-CHI-20250811-003,HUB-CHI,DRV-01011,VEH-0002,2025-08-11,28,0,completed
RTE-CIN-20250613-002,HUB-CIN,DRV-01034,VEH-0020,2025-06-13,53,0,completed
RTE-CMH-20251225-002,HUB-CMH,DRV-01016,VEH-0012,2025-12-25,47,6,partial
RTE-DET-20250902-008,HUB-DET,DRV-01046,VEH-0011,2025-09-02,60,0,completed
RTE-CHI-20250103-003,HUB-CHI,DRV-01011,VEH-0014,2025-01-03,51,0,completed
RTE-CHI-20250409-002,HUB-CHI,DRV-01012,VEH-0040,2025-04-09,48,0,completed
RTE-DET-20250804-004,HUB-DET,DRV-01022,VEH-0030,2025-08-04,35,0,completed
RTE-CIN-20250718-004,HUB-CIN,DRV-01025,VEH-0020,2025-07-18,29,0,completed
RTE-DET-20250321-003,HUB-DET,DRV-01046,VEH-0030,2025-03-21,56,0,completed
RTE-CMH-20251009-003,HUB-CMH,DRV-01049,VEH-0033,2025-10-09,46,0,completed
RTE-IND-20251121-004,HUB-IND,DRV-01045,VEH-0023,2025-11-21,40,0,completed
RTE-CIN-20251213-001,HUB-CIN,DRV-01025,VEH-0026,2025-12-13,37,0,completed
RTE-CIN-20251223-003,HUB-CIN,DRV-01008,VEH-0025,2025-12-23,26,0,completed
RTE-CHI-20251003-001,HUB-CHI,DRV-01048,VEH-0019,2025-10-03,23,0,completed
RTE-DET-20250924-003,HUB-DET,DRV-01014,VEH-0024,2025-09-24,24,2,completed
RTE-CHI-20250721-006,HUB-CHI,DRV-01017,VEH-0004,2025-07-21,35,0,completed
RTE-DET-20250902-009,HUB-DET,DRV-01022,VEH-0024,2025-09-02,46,0,completed
RTE-CIN-20250411-002,HUB-CIN,DRV-01027,VEH-0032,2025-04-11,64,1,completed
RTE-CIN-20250926-004,HUB-CIN,DRV-01027,VEH-0036,2025-09-26,29,0,completed
RTE-CMH-20251019-002,HUB-CMH,DRV-01044,VEH-0031,2025-10-19,60,0,completed
RTE-DET-20250925-005,HUB-DET,DRV-01022,VEH-0024,2025-09-25,64,0,completed
RTE-CMH-20251226-003,HUB-CMH,DRV-01039,VEH-0028,2025-12-26,48,0,completed
RTE-DET-20250315-001,HUB-DET,DRV-01014,VEH-0024,2025-03-15,44,0,completed
RTE-DET-20250930-004,HUB-DET,DRV-01021,VEH-0011,2025-09-30,40,0,completed
RTE-CHI-20250206-003,HUB-CHI,DRV-01048,VEH-0005,2025-02-06,58,0,completed
RTE-DET-20251125-005,HUB-DET,DRV-01037,VEH-0011,2025-11-25,52,0,completed
RTE-IND-20250807-005,HUB-IND,DRV-01024,VEH-0017,2025-08-07,34,0,completed
RTE-CMH-20250729-003,HUB-CMH,DRV-01043,VEH-0003,2025-07-29,49,3,completed
RTE-CIN-20250502-002,HUB-CIN,DRV-01026,VEH-0026,2025-05-02,20,3,completed
RTE-CHI-20251221-001,HUB-CHI,DRV-01035,VEH-0014,2025-12-21,22,0,completed
RTE-DET-20250515-003,HUB-DET,DRV-01021,VEH-0024,2025-05-15,27,0,completed
RTE-IND-20251104-004,HUB-IND,DRV-01188,VEH-0016,2025-11-04,46,0,completed
RTE-IND-20250411-005,HUB-IND,DRV-01024,VEH-0013,2025-04-11,52,0,completed
RTE-CHI-20250103-004,HUB-CHI,DRV-01011,VEH-0040,2025-01-03,63,2,partial
RTE-CIN-20250523-006,HUB-CIN,DRV-01029,VEH-0018,2025-05-23,20,0,completed
RTE-IND-20251001-002,HUB-IND,DRV-01188,VEH-0017,2025-10-01,38,0,completed
RTE-IND-20250620-005,HUB-IND,DRV-01188,VEH-0017,2025-06-20,49,0,completed
RTE-CHI-20251218-005,HUB-CHI,DRV-01011,VEH-0005,2025-12-18,32,0,completed
RTE-CHI-20250204-004,HUB-CHI,DRV-01011,VEH-0004,2025-02-04,53,0,completed
RTE-CHI-20251121-004,HUB-CHI,DRV-01035,VEH-0037,2025-11-21,55,0,completed
RTE-CIN-20250515-003,HUB-CIN,DRV-01029,VEH-0020,2025-05-15,40,0,completed
RTE-CMH-20251125-004,HUB-CMH,DRV-01030,VEH-0021,2025-11-25,42,0,completed
RTE-CHI-20250912-001,HUB-CHI,DRV-01011,VEH-0040,2025-09-12,38,0,completed
RTE-CHI-20251128-003,HUB-CHI,DRV-01047,VEH-0002,2025-11-28,58,3,completed
RTE-CMH-20251111-002,HUB-CMH,DRV-01036,VEH-0001,2025-11-11,42,0,completed
RTE-CIN-20250115-003,HUB-CIN,DRV-01023,VEH-0026,2025-01-15,51,1,partial
RTE-DET-20250317-002,HUB-DET,DRV-01021,VEH-0029,2025-03-17,64,0,completed
RTE-CIN-20250915-004,HUB-CIN,DRV-01034,VEH-0027,2025-09-15,53,0,completed
RTE-DET-20250603-004,HUB-DET,DRV-01014,VEH-0011,2025-06-03,27,0,completed
RTE-IND-20251217-004,HUB-IND,DRV-01031,VEH-0017,2025-12-17,20,0,completed
RTE-CHI-20251027-001,HUB-CHI,DRV-01005,VEH-0004,2025-10-27,61,1,completed
RTE-IND-20250207-001,HUB-IND,DRV-01024,VEH-0009,2025-02-07,59,0,completed
RTE-CMH-20250701-006,HUB-CMH,DRV-01013,VEH-0031,2025-07-01,50,0,completed
RTE-IND-20250616-003,HUB-IND,DRV-01024,VEH-0017,2025-06-16,42,0,completed
RTE-CHI-20250326-005,HUB-CHI,DRV-01047,VEH-0002,2025-03-26,18,0,completed
RTE-DET-20250820-001,HUB-DET,DRV-01022,VEH-0024,2025-08-20,22,0,completed
RTE-CHI-20250124-002,HUB-CHI,DRV-01011,VEH-0005,2025-01-24,64,0,completed
RTE-CHI-20250901-005,HUB-CHI,DRV-01017,VEH-0040,2025-09-01,50,0,completed
RTE-IND-20250828-002,HUB-IND,DRV-01033,VEH-0013,2025-08-28,35,0,completed
RTE-CMH-20250423-002,HUB-CMH,DRV-01043,VEH-0001,2025-04-23,31,0,completed
RTE-CIN-20250429-004,HUB-CIN,DRV-01038,VEH-0036,2025-04-29,40,0,completed
RTE-DET-20250505-002,HUB-DET,DRV-01046,VEH-0029,2025-05-05,48,0,completed
RTE-CIN-20250702-002,HUB-CIN,DRV-01025,VEH-0027,2025-07-02,29,2,partial
RTE-IND-20250523-003,HUB-IND,DRV-01045,VEH-0016,2025-05-23,27,0,completed
RTE-CMH-20250416-005,HUB-CMH,DRV-01049,VEH-0007,2025-04-16,61,0,completed
RTE-CHI-20250210-004,HUB-CHI,DRV-01020,VEH-0019,2025-02-10,50,0,completed
RTE-CHI-20250924-004,HUB-CHI,DRV-01011,VEH-0006,2025-09-24,19,0,completed
RTE-IND-20250303-002,HUB-IND,DRV-01024,VEH-0009,2025-03-03,39,0,completed
RTE-DET-20250130-003,HUB-DET,DRV-01022,VEH-0030,2025-01-30,63,0,completed
RTE-CHI-20251130-003,HUB-CHI,DRV-01017,VEH-0014,2025-11-30,63,0,completed
RTE-DET-20250603-005,HUB-DET,DRV-01021,VEH-0030,2025-06-03,46,1,partial
RTE-DET-20250711-003,HUB-DET,DRV-01037,VEH-0029,2025-07-11,31,0,completed
RTE-CHI-20250122-003,HUB-CHI,DRV-01017,VEH-0005,2025-01-22,42,0,completed
RTE-CIN-20250612-009,HUB-CIN,DRV-01041,VEH-0036,2025-06-12,45,0,completed
RTE-IND-20251020-001,HUB-IND,DRV-01045,VEH-0016,2025-10-20,36,0,completed
RTE-CMH-20250420-001,HUB-CMH,DRV-01043,VEH-0001,2025-04-20,30,0,completed
RTE-DET-20250915-002,HUB-DET,DRV-01014,VEH-0029,2025-09-15,30,0,completed
RTE-DET-20251222-002,HUB-DET,DRV-01021,VEH-0011,2025-12-22,29,0,completed
RTE-CIN-20250206-003,HUB-CIN,DRV-01008,VEH-0026,2025-02-06,37,6,partial
RTE-CIN-20250501-004,HUB-CIN,DRV-01027,VEH-0036,2025-05-01,28,0,completed
RTE-CIN-20250922-003,HUB-CIN,DRV-01002,VEH-0026,2025-09-22,33,0,completed
RTE-IND-20250801-002,HUB-IND,DRV-01188,VEH-0008,2025-08-01,42,0,completed
RTE-CIN-20250610-003,HUB-CIN,DRV-01041,VEH-0027,2025-06-10,18,0,completed
RTE-CMH-20251216-001,HUB-CMH,DRV-01036,VEH-0031,2025-12-16,60,0,completed
RTE-CHI-20251205-004,HUB-CHI,DRV-01020,VEH-0037,2025-12-05,27,3,partial
RTE-CIN-20250209-003,HUB-CIN,DRV-01027,VEH-0018,2025-02-09,61,1,completed
RTE-CHI-20250313-005,HUB-CHI,DRV-01011,VEH-0002,2025-03-13,40,0,completed
RTE-CMH-20250327-003,HUB-CMH,DRV-01030,VEH-0012,2025-03-27,54,0,completed
RTE-CMH-20250716-002,HUB-CMH,DRV-01030,VEH-0038,2025-07-16,19,0,completed
RTE-CMH-20250716-003,HUB-CMH,DRV-01044,VEH-0033,2025-07-16,25,0,completed
RTE-CMH-20250108-002,HUB-CMH,DRV-01015,VEH-0033,2025-01-08,52,4,partial
RTE-CIN-20251017-003,HUB-CIN,DRV-01041,VEH-0018,2025-10-17,25,0,completed
RTE-CIN-20250409-002,HUB-CIN,DRV-01002,VEH-0036,2025-04-09,43,0,completed
RTE-DET-20250130-004,HUB-DET,DRV-01037,VEH-0030,2025-01-30,58,0,completed
RTE-CMH-20250808-006,HUB-CMH,DRV-01010,VEH-0033,2025-08-08,30,0,completed
RTE-IND-20251219-005,HUB-IND,DRV-01042,VEH-0008,2025-12-19,43,0,completed
RTE-CMH-20250826-004,HUB-CMH,DRV-01049,VEH-0028,2025-08-26,27,0,completed
RTE-CMH-20250521-004,HUB-CMH,DRV-01039,VEH-0031,2025-05-21,56,0,completed
RTE-DET-20251122-003,HUB-DET,DRV-01021,VEH-0029,2025-11-22,52,0,completed
RTE-DET-20250828-004,HUB-DET,DRV-01046,VEH-0024,2025-08-28,44,0,completed
RTE-IND-20250303-003,HUB-IND,DRV-01031,VEH-0017,2025-03-03,50,0,completed
RTE-CMH-20250109-003,HUB-CMH,DRV-01049,VEH-0001,2025-01-09,62,4,partial
RTE-CIN-20250818-005,HUB-CIN,DRV-01023,VEH-0026,2025-08-18,64,2,completed
RTE-CHI-20250402-002,HUB-CHI,DRV-01011,VEH-0005,2025-04-02,38,0,completed
RTE-DET-20250904-002,HUB-DET,DRV-01014,VEH-0022,2025-09-04,31,0,completed
RTE-DET-20251003-003,HUB-DET,DRV-01022,VEH-0011,2025-10-03,20,0,completed
RTE-CIN-20250304-006,HUB-CIN,DRV-01026,VEH-0020,2025-03-04,59,0,completed
RTE-CHI-20251117-002,HUB-CHI,DRV-01017,VEH-0004,2025-11-17,36,4,canceled
RTE-DET-20251125-006,HUB-DET,DRV-01014,VEH-0011,2025-11-25,38,0,completed
RTE-IND-20250627-001,HUB-IND,DRV-01006,VEH-0017,2025-06-27,19,0,completed
RTE-DET-20250709-007,HUB-DET,DRV-01021,VEH-0029,2025-07-09,39,3,completed
RTE-CHI-20250918-003,HUB-CHI,DRV-01048,VEH-0005,2025-09-18,30,0,completed
RTE-IND-20251207-002,HUB-IND,DRV-01033,VEH-0010,2025-12-07,42,0,completed
RTE-CIN-20251120-004,HUB-CIN,DRV-01003,VEH-0020,2025-11-20,50,0,completed
RTE-CIN-20250225-005,HUB-CIN,DRV-01023,VEH-0020,2025-02-25,57,4,partial
RTE-DET-20250203-004,HUB-DET,DRV-01022,VEH-0022,2025-02-03,32,0,completed
RTE-CMH-20250204-004,HUB-CMH,DRV-01018,VEH-0028,2025-02-04,30,0,completed
RTE-IND-20250627-002,HUB-IND,DRV-01188,VEH-0008,2025-06-27,29,0,completed
RTE-CMH-20250430-005,HUB-CMH,DRV-01039,VEH-0001,2025-04-30,52,0,completed
RTE-CHI-20250718-003,HUB-CHI,DRV-01047,VEH-0040,2025-07-18,38,0,completed
RTE-CIN-20251103-005,HUB-CIN,DRV-01041,VEH-0027,2025-11-03,65,6,partial
RTE-DET-20251112-002,HUB-DET,DRV-01004,VEH-0030,2025-11-12,41,0,completed
RTE-CMH-20250221-004,HUB-CMH,DRV-01044,VEH-0038,2025-02-21,29,0,completed
RTE-CMH-20250308-001,HUB-CMH,DRV-01028,VEH-0028,2025-03-08,50,0,completed
RTE-IND-20250423-001,HUB-IND,DRV-01032,VEH-0008,2025-04-23,55,0,completed
RTE-CHI-20250425-003,HUB-CHI,DRV-01035,VEH-0006,2025-04-25,25,0,completed
RTE-CHI-20251024-008,HUB-CHI,DRV-01048,VEH-0037,2025-10-24,55,3,completed
RTE-DET-20251204-003,HUB-DET,DRV-01021,VEH-0029,2025-12-04,52,0,completed
RTE-IND-20250509-003,HUB-IND,DRV-01033,VEH-0023,2025-05-09,55,0,completed
RTE-CHI-20250328-006,HUB-CHI,DRV-01005,VEH-0037,2025-03-28,54,0,completed
RTE-CHI-20251021-003,HUB-CHI,DRV-01020,VEH-0019,2025-10-21,51,0,completed
RTE-CMH-20250128-002,HUB-CMH,DRV-01013,VEH-0028,2025-01-28,52,6,partial
RTE-CHI-20251117-003,HUB-CHI,DRV-01017,VEH-0014,2025-11-17,57,1,completed
RTE-IND-20250628-001,HUB-IND,DRV-01032,VEH-0008,2025-06-28,56,0,completed
RTE-DET-20250325-003,HUB-DET,DRV-01022,VEH-0030,2025-03-25,31,0,completed
RTE-CIN-20250912-005,HUB-CIN,DRV-01038,VEH-0032,2025-09-12,30,0,completed
RTE-CMH-20251013-005,HUB-CMH,DRV-01018,VEH-0033,2025-10-13,23,0,completed
RTE-DET-20250909-003,HUB-DET,DRV-01046,VEH-0011,2025-09-09,25,2,completed
RTE-DET-20250128-006,HUB-DET,DRV-01014,VEH-0029,2025-01-28,22,0,completed
RTE-DET-20250613-007,HUB-DET,DRV-01021,VEH-0011,2025-06-13,48,0,completed
RTE-CIN-20250203-003,HUB-CIN,DRV-01023,VEH-0032,2025-02-03,51,1,completed
RTE-CMH-20250108-003,HUB-CMH,DRV-01013,VEH-0012,2025-01-08,21,0,completed
RTE-CHI-20251218-006,HUB-CHI,DRV-01007,VEH-0014,2025-12-18,53,0,completed
RTE-CMH-20250511-002,HUB-CMH,DRV-01009,VEH-0012,2025-05-11,59,0,completed
RTE-IND-20250225-003,HUB-IND,DRV-01024,VEH-0016,2025-02-25,27,0,completed
RTE-CHI-20250909-005,HUB-CHI,DRV-01017,VEH-0014,2025-09-09,33,0,completed
RTE-DET-20251230-005,HUB-DET,DRV-01021,VEH-0024,2025-12-30,42,6,canceled
RTE-CMH-20251021-002,HUB-CMH,DRV-01016,VEH-0038,2025-10-21,65,0,completed
RTE-DET-20250416-001,HUB-DET,DRV-01021,VEH-0030,2025-04-16,46,0,completed
RTE-CIN-20250123-003,HUB-CIN,DRV-01003,VEH-0025,2025-01-23,50,0,completed
RTE-CMH-20251219-003,HUB-CMH,DRV-01036,VEH-0007,2025-12-19,62,0,completed
RTE-CIN-20250108-006,HUB-CIN,DRV-01019,VEH-0020,2025-01-08,51,0,completed
RTE-CIN-20250304-007,HUB-CIN,DRV-01027,VEH-0027,2025-03-04,58,0,completed
RTE-CHI-20250206-004,HUB-CHI,DRV-01035,VEH-0037,2025-02-06,44,0,completed
RTE-CIN-20251021-005,HUB-CIN,DRV-01008,VEH-0032,2025-10-21,63,0,completed
RTE-CMH-20250820-003,HUB-CMH,DRV-01039,VEH-0038,2025-08-20,58,0,completed
RTE-DET-20250601-001,HUB-DET,DRV-01021,VEH-0030,2025-06-01,46,0,completed
RTE-CIN-20250613-003,HUB-CIN,DRV-01027,VEH-0026,2025-06-13,45,0,completed
RTE-CIN-20251117-002,HUB-CIN,DRV-01002,VEH-0018,2025-11-17,47,6,partial
RTE-CHI-20250926-003,HUB-CHI,DRV-01012,VEH-0006,2025-09-26,48,0,completed
RTE-CIN-20250425-006,HUB-CIN,DRV-01019,VEH-0025,2025-04-25,47,0,completed
RTE-DET-20251207-001,HUB-DET,DRV-01022,VEH-0030,2025-12-07,50,0,completed
RTE-IND-20251006-001,HUB-IND,DRV-01033,VEH-0023,2025-10-06,43,3,partial
RTE-CMH-20250321-001,HUB-CMH,DRV-01028,VEH-0012,2025-03-21,26,1,completed
RTE-CIN-20250620-004,HUB-CIN,DRV-01027,VEH-0032,2025-06-20,53,0,completed
RTE-CIN-20251118-003,HUB-CIN,DRV-01029,VEH-0018,2025-11-18,28,0,completed
RTE-CIN-20251213-002,HUB-CIN,DRV-01038,VEH-0036,2025-12-13,40,0,completed
RTE-CMH-20250422-003,HUB-CMH,DRV-01030,VEH-0038,2025-04-22,52,0,completed
RTE-CMH-20251217-003,HUB-CMH,DRV-01028,VEH-0003,2025-12-17,62,0,completed
RTE-DET-20250106-003,HUB-DET,DRV-01014,VEH-0022,2025-01-06,61,0,completed
RTE-IND-20250212-003,HUB-IND,DRV-01033,VEH-0009,2025-02-12,37,1,completed
RTE-IND-20250909-004,HUB-IND,DRV-01188,VEH-0008,2025-09-09,58,0,completed
RTE-CIN-20250527-001,HUB-CIN,DRV-01041,VEH-0026,2025-05-27,49,0,completed
RTE-DET-20251027-002,HUB-DET,DRV-01014,VEH-0024,2025-10-27,30,0,completed
RTE-IND-20250125-001,HUB-IND,DRV-01024,VEH-0013,2025-01-25,27,0,completed
RTE-DET-20251222-003,HUB-DET,DRV-01022,VEH-0022,2025-12-22,35,5,partial
RTE-DET-20251014-004,HUB-DET,DRV-01004,VEH-0011,2025-10-14,63,0,completed
RTE-IND-20250221-003,HUB-IND,DRV-01045,VEH-0013,2025-02-21,46,6,partial
RTE-CIN-20250620-005,HUB-CIN,DRV-01034,VEH-0036,2025-06-20,56,0,completed
RTE-DET-20250124-002,HUB-DET,DRV-01004,VEH-0030,2025-01-24,56,0,completed
RTE-CMH-20251209-002,HUB-CMH,DRV-01010,VEH-0007,2025-12-09,23,5,partial
RTE-CMH-20250723-005,HUB-CMH,DRV-01016,VEH-0001,2025-07-23,30,0,completed
RTE-CMH-20250717-005,HUB-CMH,DRV-01044,VEH-0003,2025-07-17,48,0,completed
RTE-DET-20250216-002,HUB-DET,DRV-01046,VEH-0024,2025-02-16,23,3,completed
RTE-CMH-20250617-002,HUB-CMH,DRV-01043,VEH-0007,2025-06-17,33,0,completed
RTE-IND-20250624-003,HUB-IND,DRV-01024,VEH-0013,2025-06-24,37,0,completed
RTE-IND-20250214-004,HUB-IND,DRV-01045,VEH-0013,2025-02-14,30,2,completed
RTE-CIN-20250430-003,HUB-CIN,DRV-01026,VEH-0032,2025-04-30,37,0,completed
RTE-CMH-20250620-006,HUB-CMH,DRV-01001,VEH-0033,2025-06-20,36,0,completed
RTE-CHI-20250616-004,HUB-CHI,DRV-01020,VEH-0002,2025-06-16,22,0,completed
RTE-DET-20250214-003,HUB-DET,DRV-01021,VEH-0022,2025-02-14,43,1,partial
RTE-DET-20250807-004,HUB-DET,DRV-01022,VEH-0030,2025-08-07,58,1,completed
RTE-CHI-20250608-001,HUB-CHI,DRV-01017,VEH-0014,2025-06-08,53,0,completed
RTE-CIN-20250521-003,HUB-CIN,DRV-01003,VEH-0032,2025-05-21,38,0,completed
RTE-CIN-20250113-002,HUB-CIN,DRV-01002,VEH-0032,2025-01-13,34,3,partial
RTE-IND-20250208-001,HUB-IND,DRV-01006,VEH-0013,2025-02-08,31,0,completed
RTE-IND-20251104-005,HUB-IND,DRV-01045,VEH-0010,2025-11-04,24,0,completed
RTE-CHI-20250415-004,HUB-CHI,DRV-01047,VEH-0004,2025-04-15,21,3,partial
RTE-DET-20250223-003,HUB-DET,DRV-01021,VEH-0022,2025-02-23,51,4,partial
RTE-CHI-20251022-004,HUB-CHI,DRV-01005,VEH-0019,2025-10-22,21,0,completed
RTE-DET-20250218-003,HUB-DET,DRV-01014,VEH-0022,2025-02-18,54,0,completed
RTE-CHI-20250319-004,HUB-CHI,DRV-01035,VEH-0005,2025-03-19,38,0,completed
RTE-CHI-20250423-003,HUB-CHI,DRV-01048,VEH-0037,2025-04-23,41,0,completed
RTE-CMH-20250303-005,HUB-CMH,DRV-01040,VEH-0007,2025-03-03,63,0,completed
RTE-CMH-20251021-003,HUB-CMH,DRV-01010,VEH-0038,2025-10-21,65,0,completed
RTE-DET-20250114-003,HUB-DET,DRV-01014,VEH-0022,2025-01-14,52,2,partial
RTE-CIN-20251202-001,HUB-CIN,DRV-01008,VEH-0025,2025-12-02,41,4,partial
RTE-DET-20250910-004,HUB-DET,DRV-01022,VEH-0011,2025-09-10,61,0,completed
RTE-CMH-20250812-002,HUB-CMH,DRV-01028,VEH-0003,2025-08-12,24,0,completed
RTE-CHI-20251110-004,HUB-CHI,DRV-01012,VEH-0006,2025-11-10,63,0,completed
RTE-CHI-20250304-001,HUB-CHI,DRV-01012,VEH-0019,2025-03-04,31,2,completed
RTE-DET-20251006-001,HUB-DET,DRV-01046,VEH-0022,2025-10-06,63,0,completed
RTE-CMH-20250701-007,HUB-CMH,DRV-01043,VEH-0021,2025-07-01,63,0,completed
RTE-DET-20250216-003,HUB-DET,DRV-01037,VEH-0022,2025-02-16,52,0,completed
RTE-CHI-20251003-002,HUB-CHI,DRV-01007,VEH-0005,2025-10-03,36,0,completed
RTE-CHI-20251008-001,HUB-CHI,DRV-01007,VEH-0037,2025-10-08,30,0,completed
RTE-DET-20251103-004,HUB-DET,DRV-01004,VEH-0022,2025-11-03,51,0,completed
RTE-IND-20251125-003,HUB-IND,DRV-01188,VEH-0009,2025-11-25,27,0,completed
RTE-CHI-20250325-003,HUB-CHI,DRV-01011,VEH-0005,2025-03-25,34,0,completed
RTE-DET-20251012-001,HUB-DET,DRV-01037,VEH-0011,2025-10-12,28,0,completed
RTE-CIN-20250311-002,HUB-CIN,DRV-01027,VEH-0036,2025-03-11,52,0,completed
RTE-CIN-20250627-006,HUB-CIN,DRV-01002,VEH-0025,2025-06-27,34,0,completed
RTE-CMH-20251223-006,HUB-CMH,DRV-01028,VEH-0031,2025-12-23,37,3,completed
RTE-DET-20250626-005,HUB-DET,DRV-01037,VEH-0024,2025-06-26,60,0,completed
RTE-IND-20250717-008,HUB-IND,DRV-01031,VEH-0023,2025-07-17,40,0,completed
RTE-CHI-20251024-009,HUB-CHI,DRV-01011,VEH-0014,2025-10-24,37,0,completed
RTE-IND-20250429-001,HUB-IND,DRV-01042,VEH-0008,2025-04-29,54,0,completed
RTE-IND-20250708-006,HUB-IND,DRV-01006,VEH-0023,2025-07-08,53,0,completed
RTE-DET-20251106-002,HUB-DET,DRV-01022,VEH-0024,2025-11-06,34,0,completed
RTE-CMH-20251006-004,HUB-CMH,DRV-01040,VEH-0028,2025-10-06,60,0,completed
RTE-DET-20250808-006,HUB-DET,DRV-01014,VEH-0024,2025-08-08,63,3,completed
RTE-CHI-20250603-003,HUB-CHI,DRV-01047,VEH-0040,2025-06-03,25,0,completed
RTE-CIN-20250527-002,HUB-CIN,DRV-01027,VEH-0020,2025-05-27,36,0,completed
RTE-CHI-20251027-002,HUB-CHI,DRV-01035,VEH-0004,2025-10-27,40,0,completed
RTE-CHI-20250923-003,HUB-CHI,DRV-01005,VEH-0019,2025-09-23,45,0,completed
RTE-CIN-20250127-004,HUB-CIN,DRV-01002,VEH-0027,2025-01-27,29,4,partial
RTE-CIN-20250103-005,HUB-CIN,DRV-01029,VEH-0027,2025-01-03,29,1,completed
RTE-CMH-20251117-004,HUB-CMH,DRV-01001,VEH-0021,2025-11-17,27,3,partial
RTE-CIN-20250909-010,HUB-CIN,DRV-01003,VEH-0020,2025-09-09,21,0,completed
RTE-CIN-20250908-003,HUB-CIN,DRV-01008,VEH-0027,2025-09-08,55,2,completed
RTE-CHI-20250108-002,HUB-CHI,DRV-01011,VEH-0040,2025-01-08,56,0,completed
RTE-IND-20250311-002,HUB-IND,DRV-01188,VEH-0016,2025-03-11,54,0,completed
RTE-IND-20251110-001,HUB-IND,DRV-01032,VEH-0009,2025-11-10,45,0,completed
RTE-CHI-20250429-003,HUB-CHI,DRV-01011,VEH-0014,2025-04-29,21,0,completed
RTE-CMH-20251125-005,HUB-CMH,DRV-01001,VEH-0012,2025-11-25,48,0,completed
RTE-CMH-20250627-006,HUB-CMH,DRV-01049,VEH-0031,2025-06-27,52,0,completed
RTE-CIN-20250917-005,HUB-CIN,DRV-01029,VEH-0036,2025-09-17,55,0,completed
RTE-CHI-20251022-005,HUB-CHI,DRV-01005,VEH-0019,2025-10-22,25,0,completed
RTE-CHI-20250213-002,HUB-CHI,DRV-01011,VEH-0037,2025-02-13,42,0,completed
RTE-CIN-20250112-002,HUB-CIN,DRV-01034,VEH-0032,2025-01-12,47,0,completed
RTE-CIN-20250529-004,HUB-CIN,DRV-01023,VEH-0018,2025-05-29,24,0,completed
RTE-IND-20250226-003,HUB-IND,DRV-01006,VEH-0009,2025-02-26,43,5,partial
RTE-DET-20250508-003,HUB-DET,DRV-01014,VEH-0024,2025-05-08,57,0,completed
RTE-CMH-20251206-003,HUB-CMH,DRV-01010,VEH-0028,2025-12-06,56,0,completed
RTE-IND-20250917-002,HUB-IND,DRV-01032,VEH-0010,2025-09-17,32,0,completed
RTE-DET-20251016-002,HUB-DET,DRV-01037,VEH-0029,2025-10-16,58,0,completed
RTE-CHI-20251203-005,HUB-CHI,DRV-01020,VEH-0019,2025-12-03,49,5,partial
RTE-DET-20251210-003,HUB-DET,DRV-01004,VEH-0011,2025-12-10,47,0,completed
RTE-CMH-20251104-001,HUB-CMH,DRV-01040,VEH-0001,2025-11-04,32,0,completed
RTE-DET-20250423-005,HUB-DET,DRV-01014,VEH-0024,2025-04-23,57,0,completed
RTE-DET-20251117-003,HUB-DET,DRV-01014,VEH-0022,2025-11-17,35,3,partial
RTE-IND-20250214-005,HUB-IND,DRV-01042,VEH-0016,2025-02-14,64,0,completed
RTE-DET-20251127-002,HUB-DET,DRV-01022,VEH-0022,2025-11-27,25,0,completed
RTE-CIN-20250424-004,HUB-CIN,DRV-01027,VEH-0018,2025-04-24,42,2,completed
RTE-CIN-20251223-004,HUB-CIN,DRV-01029,VEH-0027,2025-12-23,39,0,completed
RTE-CMH-20251102-001,HUB-CMH,DRV-01036,VEH-0007,2025-11-02,64,0,completed
RTE-CIN-20250616-005,HUB-CIN,DRV-01025,VEH-0018,2025-06-16,48,0,completed
RTE-DET-20250721-003,HUB-DET,DRV-01022,VEH-0024,2025-07-21,53,0,completed
RTE-CMH-20250425-003,HUB-CMH,DRV-01013,VEH-0033,2025-04-25,34,3,completed
RTE-CIN-20250217-003,HUB-CIN,DRV-01029,VEH-0018,2025-02-17,25,0,completed
RTE-DET-20250103-004,HUB-DET,DRV-01014,VEH-0030,2025-01-03,28,3,completed
RTE-IND-20250716-004,HUB-IND,DRV-01033,VEH-0016,2025-07-16,64,0,completed
RTE-CIN-20251208-003,HUB-CIN,DRV-01034,VEH-0032,2025-12-08,60,0,completed
RTE-CIN-20251125-004,HUB-CIN,DRV-01027,VEH-0027,2025-11-25,59,0,completed
RTE-CMH-20250616-003,HUB-CMH,DRV-01028,VEH-0003,2025-06-16,40,0,completed
RTE-CMH-20251013-006,HUB-CMH,DRV-01049,VEH-0012,2025-10-13,35,0,completed
RTE-CIN-20250512-002,HUB-CIN,DRV-01034,VEH-0020,2025-05-12,19,0,completed
RTE-CIN-20250526-002,HUB-CIN,DRV-01023,VEH-0018,2025-05-26,51,1,completed
RTE-DET-20250103-005,HUB-DET,DRV-01037,VEH-0024,2025-01-03,43,0,completed
RTE-CIN-20250217-004,HUB-CIN,DRV-01029,VEH-0032,2025-02-17,31,2,completed
RTE-CIN-20250829-005,HUB-CIN,DRV-01008,VEH-0026,2025-08-29,42,0,completed
RTE-CHI-20251225-002,HUB-CHI,DRV-01005,VEH-0040,2025-12-25,40,5,partial
RTE-CMH-20250922-003,HUB-CMH,DRV-01001,VEH-0031,2025-09-22,46,0,completed
RTE-CMH-20251022-001,HUB-CMH,DRV-01028,VEH-0031,2025-10-22,41,2,partial
RTE-CIN-20250114-003,HUB-CIN,DRV-01026,VEH-0025,2025-01-14,31,0,completed
RTE-CIN-20250529-005,HUB-CIN,DRV-01023,VEH-0025,2025-05-29,62,0,completed
RTE-CHI-20250930-001,HUB-CHI,DRV-01012,VEH-0004,2025-09-30,51,0,completed
RTE-DET-20250811-001,HUB-DET,DRV-01046,VEH-0024,2025-08-11,34,0,completed
RTE-IND-20250506-002,HUB-IND,DRV-01188,VEH-0016,2025-05-06,24,0,completed
RTE-CIN-20250730-005,HUB-CIN,DRV-01029,VEH-0027,2025-07-30,64,0,completed
RTE-CIN-20250829-006,HUB-CIN,DRV-01026,VEH-0032,2025-08-29,58,0,completed
RTE-CMH-20250401-004,HUB-CMH,DRV-01009,VEH-0033,2025-04-01,20,0,completed
RTE-CMH-20250422-004,HUB-CMH,DRV-01028,VEH-0038,2025-04-22,25,0,completed
RTE-CHI-20250805-001,HUB-CHI,DRV-01012,VEH-0005,2025-08-05,38,0,completed
RTE-CIN-20250929-004,HUB-CIN,DRV-01003,VEH-0018,2025-09-29,59,0,completed
RTE-DET-20250326-005,HUB-DET,DRV-01022,VEH-0029,2025-03-26,24,0,completed
RTE-CIN-20250218-002,HUB-CIN,DRV-01002,VEH-0026,2025-02-18,50,0,completed
RTE-CHI-20250609-002,HUB-CHI,DRV-01017,VEH-0037,2025-06-09,47,0,completed
RTE-CMH-20251225-003,HUB-CMH,DRV-01001,VEH-0021,2025-12-25,60,0,completed
RTE-CIN-20250626-003,HUB-CIN,DRV-01027,VEH-0026,2025-06-26,38,0,completed
RTE-IND-20250602-003,HUB-IND,DRV-01033,VEH-0023,2025-06-02,46,0,completed
RTE-CMH-20250630-003,HUB-CMH,DRV-01036,VEH-0031,2025-06-30,22,0,completed
RTE-CMH-20251112-004,HUB-CMH,DRV-01044,VEH-0003,2025-11-12,60,0,completed
RTE-CIN-20250115-004,HUB-CIN,DRV-01002,VEH-0025,2025-01-15,37,0,completed
RTE-IND-20250603-003,HUB-IND,DRV-01045,VEH-0009,2025-06-03,59,0,completed
RTE-CHI-20250711-003,HUB-CHI,DRV-01007,VEH-0037,2025-07-11,40,0,completed
RTE-DET-20251111-001,HUB-DET,DRV-01046,VEH-0022,2025-11-11,55,0,completed
RTE-CMH-20251211-003,HUB-CMH,DRV-01028,VEH-0031,2025-12-11,42,0,completed
RTE-IND-20250319-004,HUB-IND,DRV-01033,VEH-0009,2025-03-19,18,0,completed
RTE-DET-20251031-003,HUB-DET,DRV-01004,VEH-0029,2025-10-31,40,0,completed
RTE-CMH-20250203-005,HUB-CMH,DRV-01010,VEH-0021,2025-02-03,41,0,completed
RTE-DET-20250430-003,HUB-DET,DRV-01014,VEH-0024,2025-04-30,20,0,completed
RTE-CMH-20250919-004,HUB-CMH,DRV-01044,VEH-0003,2025-09-19,54,0,completed
RTE-CIN-20250416-005,HUB-CIN,DRV-01038,VEH-0020,2025-04-16,40,0,completed
RTE-DET-20250825-002,HUB-DET,DRV-01014,VEH-0029,2025-08-25,39,0,completed
RTE-CHI-20250204-005,HUB-CHI,DRV-01011,VEH-0037,2025-02-04,24,6,partial
RTE-DET-20250311-004,HUB-DET,DRV-01004,VEH-0011,2025-03-11,60,0,completed
RTE-CHI-20251010-002,HUB-CHI,DRV-01012,VEH-0006,2025-10-10,59,0,completed
RTE-CMH-20250130-001,HUB-CMH,DRV-01010,VEH-0028,2025-01-30,61,3,partial
RTE-DET-20250724-003,HUB-DET,DRV-01046,VEH-0024,2025-07-24,19,0,completed
RTE-CIN-20250218-003,HUB-CIN,DRV-01041,VEH-0036,2025-02-18,41,1,partial
RTE-DET-20250624-004,HUB-DET,DRV-01021,VEH-0030,2025-06-24,32,0,completed
RTE-CHI-20250801-002,HUB-CHI,DRV-01048,VEH-0040,2025-08-01,39,0,completed
RTE-CIN-20250224-004,HUB-CIN,DRV-01023,VEH-0027,2025-02-24,33,3,completed
RTE-IND-20250226-004,HUB-IND,DRV-01031,VEH-0023,2025-02-26,63,0,completed
RTE-DET-20251028-002,HUB-DET,DRV-01021,VEH-0024,2025-10-28,51,0,completed
RTE-CIN-20250410-003,HUB-CIN,DRV-01019,VEH-0032,2025-04-10,21,0,completed
RTE-CIN-20250811-004,HUB-CIN,DRV-01041,VEH-0036,2025-08-11,50,1,completed
RTE-CMH-20250321-002,HUB-CMH,DRV-01044,VEH-0028,2025-03-21,39,0,completed
RTE-CMH-20251211-004,HUB-CMH,DRV-01049,VEH-0007,2025-12-11,41,1,completed
RTE-CHI-20250408-001,HUB-CHI,DRV-01017,VEH-0002,2025-04-08,59,3,partial
RTE-IND-20251031-004,HUB-IND,DRV-01033,VEH-0017,2025-10-31,63,0,completed
RTE-DET-20250707-004,HUB-DET,DRV-01022,VEH-0029,2025-07-07,55,0,completed
RTE-DET-20250414-003,HUB-DET,DRV-01022,VEH-0011,2025-04-14,24,0,completed
RTE-CMH-20250311-004,HUB-CMH,DRV-01013,VEH-0021,2025-03-11,41,0,completed
RTE-IND-20250903-003,HUB-IND,DRV-01024,VEH-0017,2025-09-03,46,0,completed
RTE-CIN-20250626-004,HUB-CIN,DRV-01041,VEH-0020,2025-06-26,31,0,completed
RTE-CHI-20250125-001,HUB-CHI,DRV-01017,VEH-0005,2025-01-25,26,4,partial
RTE-IND-20250717-009,HUB-IND,DRV-01032,VEH-0009,2025-07-17,60,0,completed
RTE-IND-20251222-001,HUB-IND,DRV-01024,VEH-0023,2025-12-22,56,0,completed
RTE-CHI-20250820-003,HUB-CHI,DRV-01007,VEH-0004,2025-08-20,22,0,completed
RTE-CHI-20251111-003,HUB-CHI,DRV-01047,VEH-0002,2025-11-11,57,0,completed
RTE-CHI-20251024-010,HUB-CHI,DRV-01005,VEH-0037,2025-10-24,48,0,completed
RTE-CHI-20250512-004,HUB-CHI,DRV-01005,VEH-0004,2025-05-12,64,0,completed
RTE-CHI-20250913-001,HUB-CHI,DRV-01007,VEH-0002,2025-09-13,22,1,completed
RTE-IND-20251215-004,HUB-IND,DRV-01045,VEH-0008,2025-12-15,21,0,completed
RTE-IND-20250124-002,HUB-IND,DRV-01042,VEH-0023,2025-01-24,42,0,completed
RTE-DET-20251001-003,HUB-DET,DRV-01046,VEH-0024,2025-10-01,23,3,partial
RTE-CHI-20250703-002,HUB-CHI,DRV-01047,VEH-0005,2025-07-03,26,0,completed
RTE-CHI-20251228-002,HUB-CHI,DRV-01011,VEH-0002,2025-12-28,28,0,completed
RTE-CMH-20251006-005,HUB-CMH,DRV-01028,VEH-0031,2025-10-06,56,0,completed
RTE-DET-20251230-006,HUB-DET,DRV-01021,VEH-0029,2025-12-30,48,0,completed
RTE-IND-20250611-005,HUB-IND,DRV-01032,VEH-0016,2025-06-11,40,0,completed
RTE-CIN-20250326-003,HUB-CIN,DRV-01034,VEH-0018,2025-03-26,34,0,completed
RTE-CHI-20250207-004,HUB-CHI,DRV-01017,VEH-0019,2025-02-07,61,4,partial
RTE-CMH-20250203-006,HUB-CMH,DRV-01018,VEH-0001,2025-02-03,64,0,completed
RTE-CIN-20251214-001,HUB-CIN,DRV-01038,VEH-0018,2025-12-14,53,2,completed
RTE-CIN-20251121-007,HUB-CIN,DRV-01023,VEH-0025,2025-11-21,47,0,completed
RTE-IND-20251208-002,HUB-IND,DRV-01033,VEH-0016,2025-12-08,40,0,completed
RTE-CIN-20250722-003,HUB-CIN,DRV-01041,VEH-0025,2025-07-22,37,0,completed
RTE-IND-20250211-004,HUB-IND,DRV-01031,VEH-0008,2025-02-11,58,0,completed
RTE-CHI-20250114-201,HUB-CHI,DRV-01048,VEH-0004,2025-01-14,43,28,partial
RTE-CHI-20250115-201,HUB-CHI,DRV-01017,VEH-0002,2025-01-15,42,19,partial
RTE-CHI-20250116-201,HUB-CHI,DRV-01007,VEH-0005,2025-01-16,33,12,partial
RTE-CHI-20250114-202,HUB-CHI,DRV-01035,VEH-0037,2025-01-14,52,21,partial
RTE-CHI-20250115-202,HUB-CHI,DRV-01020,VEH-0004,2025-01-15,51,22,canceled
RTE-CHI-20250116-202,HUB-CHI,DRV-01011,VEH-0004,2025-01-16,56,21,partial
RTE-CHI-20250114-203,HUB-CHI,DRV-01017,VEH-0019,2025-01-14,32,15,partial
RTE-CHI-20250115-203,HUB-CHI,DRV-01005,VEH-0019,2025-01-15,60,21,canceled
RTE-CHI-20250116-203,HUB-CHI,DRV-01047,VEH-0006,2025-01-16,33,27,partial
RTE-CHI-20250114-204,HUB-CHI,DRV-01012,VEH-0002,2025-01-14,34,20,partial
RTE-CHI-20250115-204,HUB-CHI,DRV-01005,VEH-0019,2025-01-15,51,25,canceled
RTE-CHI-20250116-204,HUB-CHI,DRV-01047,VEH-0005,2025-01-16,56,27,partial
RTE-CHI-20250114-205,HUB-CHI,DRV-01020,VEH-0002,2025-01-14,45,26,canceled
RTE-CHI-20250115-205,HUB-CHI,DRV-01012,VEH-0002,2025-01-15,35,12,partial
RTE-CHI-20250116-205,HUB-CHI,DRV-01020,VEH-0006,2025-01-16,54,21,canceled
RTE-CHI-20250114-206,HUB-CHI,DRV-01020,VEH-0004,2025-01-14,33,23,partial
RTE-CHI-20250115-206,HUB-CHI,DRV-01035,VEH-0002,2025-01-15,49,13,partial
RTE-CHI-20250116-206,HUB-CHI,DRV-01007,VEH-0005,2025-01-16,49,27,partial
RTE-CHI-20250114-207,HUB-CHI,DRV-01017,VEH-0004,2025-01-14,59,12,canceled
RTE-CHI-20250115-207,HUB-CHI,DRV-01035,VEH-0014,2025-01-15,32,12,partial
RTE-CHI-20250116-207,HUB-CHI,DRV-01012,VEH-0002,2025-01-16,52,28,canceled
RTE-CHI-20250114-208,HUB-CHI,DRV-01007,VEH-0019,2025-01-14,45,20,partial
RTE-CHI-20250115-208,HUB-CHI,DRV-01007,VEH-0014,2025-01-15,55,27,canceled
RTE-CHI-20250116-208,HUB-CHI,DRV-01035,VEH-0014,2025-01-16,39,24,partial
RTE-CHI-20250203-201,HUB-CHI,DRV-01007,VEH-0019,2025-02-03,58,26,canceled
RTE-CHI-20250203-202,HUB-CHI,DRV-01011,VEH-0004,2025-02-03,34,16,canceled
RTE-IND-20250814-300,HUB-IND,DRV-01188,VEH-0008,2025-08-14,36,11,partial
RTE-IND-20250821-301,HUB-IND,DRV-01188,VEH-0008,2025-08-21,33,13,partial
RTE-IND-20250904-302,HUB-IND,DRV-01188,VEH-0008,2025-09-04,40,14,partial
RTE-CMH-20230101-001,HUB-CMH,DRV-01043,VEH-0031,2023-01-01,51,0,completed
RTE-CMH-20230101-002,HUB-CMH,DRV-01040,VEH-0003,2023-01-01,54,0,completed
RTE-DET-20230101-001,HUB-DET,DRV-01037,VEH-0024,2023-01-01,45,0,completed
RTE-CIN-20230101-001,HUB-CIN,DRV-01025,VEH-0026,2023-01-01,53,4,partial
RTE-CMH-20230102-001,HUB-CMH,DRV-01043,VEH-0041,2023-01-02,61,0,completed
RTE-CMH-20230102-002,HUB-CMH,DRV-01044,VEH-0035,2023-01-02,51,0,completed
RTE-CHI-20230102-001,HUB-CHI,DRV-01048,VEH-0019,2023-01-02,30,5,partial
RTE-CHI-20230102-002,HUB-CHI,DRV-01035,VEH-0019,2023-01-02,48,0,completed
RTE-CHI-20230102-003,HUB-CHI,DRV-01048,VEH-0002,2023-01-02,55,0,completed
RTE-IND-20230102-001,HUB-IND,DRV-01031,VEH-0034,2023-01-02,57,3,completed
RTE-IND-20230102-002,HUB-IND,DRV-01032,VEH-0008,2023-01-02,42,0,completed
RTE-DET-20230102-001,HUB-DET,DRV-01037,VEH-0044,2023-01-02,60,0,completed
RTE-DET-20230102-002,HUB-DET,DRV-01021,VEH-0024,2023-01-02,31,4,completed
RTE-DET-20230102-003,HUB-DET,DRV-01046,VEH-0022,2023-01-02,41,0,completed
RTE-DET-20230102-005,HUB-DET,DRV-01014,VEH-0022,2023-01-02,51,0,completed
RTE-CIN-20230102-001,HUB-CIN,DRV-01025,VEH-0025,2023-01-02,59,0,completed
RTE-CIN-20230102-002,HUB-CIN,DRV-01008,VEH-0036,2023-01-02,52,0,completed
RTE-CIN-20230102-003,HUB-CIN,DRV-01002,VEH-0032,2023-01-02,49,0,completed
RTE-CIN-20230102-004,HUB-CIN,DRV-01019,VEH-0026,2023-01-02,52,0,completed
RTE-CIN-20230102-005,HUB-CIN,DRV-01034,VEH-0036,2023-01-02,49,5,completed
RTE-CMH-20230103-001,HUB-CMH,DRV-01010,VEH-0003,2023-01-03,18,0,completed
RTE-CMH-20230103-002,HUB-CMH,DRV-01043,VEH-0041,2023-01-03,42,0,completed
RTE-CMH-20230103-003,HUB-CMH,DRV-01189,VEH-0038,2023-01-03,64,0,completed
RTE-CHI-20230103-001,HUB-CHI,DRV-01007,VEH-0042,2023-01-03,63,5,completed
RTE-CHI-20230103-002,HUB-CHI,DRV-01012,VEH-0019,2023-01-03,49,0,completed
RTE-CHI-20230103-003,HUB-CHI,DRV-01017,VEH-0006,2023-01-03,20,0,completed
RTE-IND-20230103-001,HUB-IND,DRV-01045,VEH-0017,2023-01-03,55,0,completed
RTE-CIN-20230103-001,HUB-CIN,DRV-01008,VEH-0027,2023-01-03,45,0,completed
RTE-CIN-20230103-002,HUB-CIN,DRV-01034,VEH-0032,2023-01-03,30,0,completed
RTE-CIN-20230103-003,HUB-CIN,DRV-01019,VEH-0032,2023-01-03,44,0,partial
RTE-CIN-20230103-004,HUB-CIN,DRV-01025,VEH-0032,2023-01-03,58,5,partial
RTE-CMH-20230104-001,HUB-CMH,DRV-01015,VEH-0031,2023-01-04,42,6,completed
RTE-CHI-20230104-001,HUB-CHI,DRV-01047,VEH-0037,2023-01-04,26,5,completed
RTE-CHI-20230104-002,HUB-CHI,DRV-01035,VEH-0019,2023-01-04,50,0,completed
RTE-CHI-20230104-003,HUB-CHI,DRV-01005,VEH-0006,2023-01-04,24,0,completed
RTE-IND-20230104-001,HUB-IND,DRV-01024,VEH-0013,2023-01-04,20,0,completed
RTE-IND-20230104-003,HUB-IND,DRV-01032,VEH-0009,2023-01-04,22,0,partial
RTE-IND-20230104-004,HUB-IND,DRV-01031,VEH-0023,2023-01-04,39,0,partial
RTE-DET-20230104-001,HUB-DET,DRV-01014,VEH-0024,2023-01-04,65,5,partial
RTE-DET-20230104-002,HUB-DET,DRV-01021,VEH-0044,2023-01-04,57,0,completed
RTE-DET-20230104-003,HUB-DET,DRV-01046,VEH-0044,2023-01-04,61,1,completed
RTE-CIN-20230104-002,HUB-CIN,DRV-01019,VEH-0026,2023-01-04,53,0,partial
RTE-CIN-20230104-003,HUB-CIN,DRV-01034,VEH-0036,2023-01-04,51,0,completed
RTE-CMH-20230105-001,HUB-CMH,DRV-01015,VEH-0021,2023-01-05,19,0,completed
RTE-CMH-20230105-002,HUB-CMH,DRV-01016,VEH-0021,2023-01-05,41,0,completed
RTE-CMH-20230105-003,HUB-CMH,DRV-01028,VEH-0031,2023-01-05,29,0,completed
RTE-CHI-20230105-001,HUB-CHI,DRV-01005,VEH-0019,2023-01-05,48,4,completed
RTE-CHI-20230105-002,HUB-CHI,DRV-01007,VEH-0019,2023-01-05,45,0,partial
RTE-CHI-20230105-004,HUB-CHI,DRV-01005,VEH-0002,2023-01-05,39,0,completed
RTE-CHI-20230105-005,HUB-CHI,DRV-01007,VEH-0037,2023-01-05,28,1,completed
RTE-CHI-20230105-006,HUB-CHI,DRV-01035,VEH-0042,2023-01-05,26,5,completed
RTE-CHI-20230105-007,HUB-CHI,DRV-01005,VEH-0042,2023-01-05,45,0,completed
RTE-IND-20230105-002,HUB-IND,DRV-01031,VEH-0016,2023-01-05,34,0,completed
RTE-IND-20230105-003,HUB-IND,DRV-01033,VEH-0023,2023-01-05,59,0,completed
RTE-IND-20230105-004,HUB-IND,DRV-01033,VEH-0013,2023-01-05,25,0,completed
RTE-DET-20230105-001,HUB-DET,DRV-01021,VEH-0044,2023-01-05,25,0,completed
RTE-DET-20230105-002,HUB-DET,DRV-01014,VEH-0022,2023-01-05,46,0,completed
RTE-DET-20230105-003,HUB-DET,DRV-01037,VEH-0022,2023-01-05,52,5,completed
RTE-CIN-20230105-001,HUB-CIN,DRV-01034,VEH-0026,2023-01-05,45,1,completed
RTE-CIN-20230105-002,HUB-CIN,DRV-01019,VEH-0020,2023-01-05,65,0,partial
RTE-CIN-20230105-003,HUB-CIN,DRV-01008,VEH-0036,2023-01-05,18,0,completed
RTE-CMH-20230106-001,HUB-CMH,DRV-01189,VEH-0021,2023-01-06,19,6,completed
RTE-CMH-20230106-002,HUB-CMH,DRV-01015,VEH-0021,2023-01-06,33,0,completed
RTE-CMH-20230106-003,HUB-CMH,DRV-01189,VEH-0033,2023-01-06,51,0,completed
RTE-CHI-20230106-001,HUB-CHI,DRV-01048,VEH-0005,2023-01-06,21,0,completed
RTE-IND-20230106-001,HUB-IND,DRV-01031,VEH-0023,2023-01-06,40,0,completed
RTE-IND-20230106-002,HUB-IND,DRV-01031,VEH-0017,2023-01-06,24,0,completed
RTE-IND-20230106-003,HUB-IND,DRV-01032,VEH-0043,2023-01-06,36,0,completed
RTE-DET-20230106-001,HUB-DET,DRV-01037,VEH-0024,2023-01-06,40,0,completed
RTE-CMH-20230107-001,HUB-CMH,DRV-01010,VEH-0031,2023-01-07,24,5,completed
RTE-CMH-20230108-001,HUB-CMH,DRV-01040,VEH-0038,2023-01-08,30,0,completed
RTE-CHI-20230108-001,HUB-CHI,DRV-01035,VEH-0042,2023-01-08,56,0,completed
RTE-CHI-20230108-002,HUB-CHI,DRV-01012,VEH-0019,2023-01-08,61,0,completed
RTE-IND-20230108-001,HUB-IND,DRV-01188,VEH-0023,2023-01-08,32,6,completed
RTE-CMH-20230109-001,HUB-CMH,DRV-01028,VEH-0031,2023-01-09,20,0,completed
RTE-CMH-20230109-002,HUB-CMH,DRV-01009,VEH-0003,2023-01-09,62,0,completed
RTE-CMH-20230109-003,HUB-CMH,DRV-01036,VEH-0003,2023-01-09,62,0,completed
RTE-CMH-20230109-004,HUB-CMH,DRV-01009,VEH-0001,2023-01-09,62,0,completed
RTE-CHI-20230109-001,HUB-CHI,DRV-01005,VEH-0037,2023-01-09,18,0,completed
RTE-CHI-20230109-002,HUB-CHI,DRV-01012,VEH-0006,2023-01-09,39,0,completed
RTE-DET-20230109-001,HUB-DET,DRV-01037,VEH-0029,2023-01-09,40,4,completed
RTE-DET-20230109-002,HUB-DET,DRV-01014,VEH-0022,2023-01-09,38,6,partial
RTE-DET-20230109-003,HUB-DET,DRV-01014,VEH-0044,2023-01-09,28,6,completed
RTE-CIN-20230109-001,HUB-CIN,DRV-01008,VEH-0027,2023-01-09,51,0,completed
RTE-CIN-20230109-002,HUB-CIN,DRV-01027,VEH-0036,2023-01-09,43,0,completed
RTE-CMH-20230110-001,HUB-CMH,DRV-01010,VEH-0041,2023-01-10,64,0,completed
RTE-CMH-20230110-002,HUB-CMH,DRV-01189,VEH-0021,2023-01-10,28,0,completed
RTE-CHI-20230110-001,HUB-CHI,DRV-01035,VEH-0019,2023-01-10,26,0,completed
RTE-IND-20230110-001,HUB-IND,DRV-01188,VEH-0034,2023-01-10,32,0,completed
RTE-IND-20230110-002,HUB-IND,DRV-01042,VEH-0034,2023-01-10,55,0,completed
RTE-IND-20230110-003,HUB-IND,DRV-01042,VEH-0009,2023-01-10,53,0,completed
RTE-DET-20230110-001,HUB-DET,DRV-01046,VEH-0022,2023-01-10,60,6,completed
RTE-DET-20230110-002,HUB-DET,DRV-01037,VEH-0029,2023-01-10,38,0,partial
RTE-DET-20230110-003,HUB-DET,DRV-01037,VEH-0044,2023-01-10,21,0,completed
RTE-CMH-20230111-001,HUB-CMH,DRV-01040,VEH-0031,2023-01-11,29,0,completed
RTE-CMH-20230111-002,HUB-CMH,DRV-01189,VEH-0001,2023-01-11,52,0,completed
RTE-CMH-20230111-003,HUB-CMH,DRV-01028,VEH-0007,2023-01-11,48,0,completed
RTE-CMH-20230111-004,HUB-CMH,DRV-01028,VEH-0028,2023-01-11,46,0,completed
RTE-CHI-20230111-001,HUB-CHI,DRV-01035,VEH-0019,2023-01-11,42,6,partial
RTE-CHI-20230111-002,HUB-CHI,DRV-01007,VEH-0042,2023-01-11,44,0,completed
RTE-IND-20230111-001,HUB-IND,DRV-01188,VEH-0023,2023-01-11,36,0,completed
RTE-IND-20230111-002,HUB-IND,DRV-01024,VEH-0008,2023-01-11,28,0,completed
RTE-IND-20230111-003,HUB-IND,DRV-01042,VEH-0023,2023-01-11,63,0,completed
RTE-IND-20230111-004,HUB-IND,DRV-01033,VEH-0013,2023-01-11,58,0,completed
RTE-DET-20230111-002,HUB-DET,DRV-01037,VEH-0029,2023-01-11,36,0,completed
RTE-DET-20230111-003,HUB-DET,DRV-01014,VEH-0024,2023-01-11,19,0,completed
RTE-DET-20230111-004,HUB-DET,DRV-01021,VEH-0022,2023-01-11,57,2,completed
RTE-DET-20230111-005,HUB-DET,DRV-01046,VEH-0022,2023-01-11,20,0,canceled
RTE-CIN-20230111-001,HUB-CIN,DRV-01008,VEH-0027,2023-01-11,25,6,completed
RTE-CIN-20230111-002,HUB-CIN,DRV-01019,VEH-0018,2023-01-11,43,0,completed
RTE-CHI-20230112-001,HUB-CHI,DRV-01017,VEH-0015,2023-01-12,36,0,completed
RTE-CHI-20230112-002,HUB-CHI,DRV-01007,VEH-0002,2023-01-12,41,0,completed
RTE-CHI-20230112-003,HUB-CHI,DRV-01012,VEH-0019,2023-01-12,23,0,completed
RTE-IND-20230112-001,HUB-IND,DRV-01042,VEH-0034,2023-01-12,21,0,completed
RTE-IND-20230112-003,HUB-IND,DRV-01024,VEH-0016,2023-01-12,25,4,completed
RTE-DET-20230112-001,HUB-DET,DRV-01046,VEH-0022,2023-01-12,30,0,completed
RTE-DET-20230112-002,HUB-DET,DRV-01021,VEH-0044,2023-01-12,49,0,completed
RTE-DET-20230112-003,HUB-DET,DRV-01014,VEH-0044,2023-01-12,48,4,completed
RTE-DET-20230112-004,HUB-DET,DRV-01014,VEH-0029,2023-01-12,40,0,completed
RTE-DET-20230112-005,HUB-DET,DRV-01046,VEH-0024,2023-01-12,28,0,completed
RTE-CIN-20230112-002,HUB-CIN,DRV-01002,VEH-0026,2023-01-12,18,5,completed
RTE-CIN-20230112-003,HUB-CIN,DRV-01019,VEH-0032,2023-01-12,33,6,completed
RTE-CIN-20230112-004,HUB-CIN,DRV-01027,VEH-0018,2023-01-12,26,0,completed
RTE-CIN-20230112-005,HUB-CIN,DRV-01034,VEH-0036,2023-01-12,18,0,completed
RTE-CMH-20230113-001,HUB-CMH,DRV-01009,VEH-0038,2023-01-13,34,0,completed
RTE-CHI-20230113-001,HUB-CHI,DRV-01048,VEH-0019,2023-01-13,45,0,completed
RTE-CHI-20230113-002,HUB-CHI,DRV-01017,VEH-0004,2023-01-13,54,0,completed
RTE-IND-20230113-001,HUB-IND,DRV-01188,VEH-0009,2023-01-13,28,0,completed
RTE-IND-20230113-002,HUB-IND,DRV-01024,VEH-0008,2023-01-13,32,0,partial
RTE-IND-20230113-003,HUB-IND,DRV-01032,VEH-0016,2023-01-13,55,0,completed
RTE-DET-20230113-001,HUB-DET,DRV-01046,VEH-0024,2023-01-13,57,1,completed
RTE-CIN-20230113-001,HUB-CIN,DRV-01027,VEH-0036,2023-01-13,50,0,completed
RTE-CIN-20230113-003,HUB-CIN,DRV-01008,VEH-0025,2023-01-13,25,0,completed
RTE-CIN-20230113-004,HUB-CIN,DRV-01008,VEH-0018,2023-01-13,24,0,completed
RTE-CIN-20230113-005,HUB-CIN,DRV-01025,VEH-0026,2023-01-13,54,1,completed
RTE-CIN-20230113-006,HUB-CIN,DRV-01027,VEH-0020,2023-01-13,59,0,completed
RTE-DET-20230114-001,HUB-DET,DRV-01037,VEH-0044,2023-01-14,38,0,completed
RTE-CMH-20230115-001,HUB-CMH,DRV-01049,VEH-0041,2023-01-15,27,0,completed
RTE-CHI-20230115-001,HUB-CHI,DRV-01047,VEH-0015,2023-01-15,23,0,completed
RTE-CHI-20230115-002,HUB-CHI,DRV-01035,VEH-0015,2023-01-15,60,5,completed
RTE-CHI-20230115-003,HUB-CHI,DRV-01012,VEH-0015,2023-01-15,30,0,completed
RTE-IND-20230115-001,HUB-IND,DRV-01024,VEH-0013,2023-01-15,19,0,completed
RTE-DET-20230115-001,HUB-DET,DRV-01046,VEH-0022,2023-01-15,25,0,completed
RTE-DET-20230115-002,HUB-DET,DRV-01021,VEH-0022,2023-01-15,54,0,completed
RTE-CIN-20230115-001,HUB-CIN,DRV-01034,VEH-0020,2023-01-15,44,6,completed
RTE-CIN-20230115-002,HUB-CIN,DRV-01034,VEH-0032,2023-01-15,50,0,partial
RTE-CMH-20230116-001,HUB-CMH,DRV-01001,VEH-0038,2023-01-16,38,0,completed
RTE-CMH-20230116-002,HUB-CMH,DRV-01049,VEH-0031,2023-01-16,60,0,completed
RTE-CHI-20230116-001,HUB-CHI,DRV-01048,VEH-0042,2023-01-16,47,0,completed
RTE-IND-20230116-001,HUB-IND,DRV-01045,VEH-0008,2023-01-16,22,0,completed
RTE-DET-20230116-001,HUB-DET,DRV-01037,VEH-0022,2023-01-16,52,0,partial
RTE-DET-20230116-002,HUB-DET,DRV-01037,VEH-0022,2023-01-16,49,0,completed
RTE-DET-20230116-003,HUB-DET,DRV-01046,VEH-0024,2023-01-16,29,4,completed
RTE-DET-20230116-004,HUB-DET,DRV-01021,VEH-0044,2023-01-16,22,0,completed
RTE-CIN-20230116-001,HUB-CIN,DRV-01025,VEH-0027,2023-01-16,61,0,completed
RTE-CIN-20230116-002,HUB-CIN,DRV-01027,VEH-0027,2023-01-16,62,0,completed
RTE-CMH-20230117-001,HUB-CMH,DRV-01043,VEH-0033,2023-01-17,64,0,partial
RTE-CMH-20230117-002,HUB-CMH,DRV-01049,VEH-0007,2023-01-17,40,0,completed
RTE-CMH-20230117-003,HUB-CMH,DRV-01040,VEH-0007,2023-01-17,33,0,completed
RTE-CHI-20230117-001,HUB-CHI,DRV-01005,VEH-0042,2023-01-17,55,0,completed
RTE-CHI-20230117-002,HUB-CHI,DRV-01012,VEH-0006,2023-01-17,36,2,completed
RTE-CHI-20230117-003,HUB-CHI,DRV-01007,VEH-0006,2023-01-17,62,0,completed
RTE-CHI-20230117-004,HUB-CHI,DRV-01017,VEH-0015,2023-01-17,42,0,completed
RTE-IND-20230117-002,HUB-IND,DRV-01045,VEH-0016,2023-01-17,61,0,completed
RTE-IND-20230117-003,HUB-IND,DRV-01031,VEH-0034,2023-01-17,32,0,completed
RTE-DET-20230117-001,HUB-DET,DRV-01021,VEH-0024,2023-01-17,33,4,partial
RTE-CIN-20230117-001,HUB-CIN,DRV-01027,VEH-0020,2023-01-17,48,0,partial
RTE-CIN-20230117-002,HUB-CIN,DRV-01008,VEH-0025,2023-01-17,43,0,completed
RTE-CIN-20230117-003,HUB-CIN,DRV-01034,VEH-0020,2023-01-17,40,1,completed
RTE-CMH-20230118-001,HUB-CMH,DRV-01028,VEH-0007,2023-01-18,55,0,completed
RTE-CMH-20230118-002,HUB-CMH,DRV-01028,VEH-0035,2023-01-18,63,0,completed
RTE-CMH-20230118-003,HUB-CMH,DRV-01010,VEH-0007,2023-01-18,42,0,completed
RTE-CMH-20230118-004,HUB-CMH,DRV-01009,VEH-0003,2023-01-18,35,0,completed
RTE-CMH-20230118-005,HUB-CMH,DRV-01016,VEH-0021,2023-01-18,65,0,completed
RTE-CMH-20230118-006,HUB-CMH,DRV-01010,VEH-0038,2023-01-18,34,0,completed
RTE-CHI-20230118-001,HUB-CHI,DRV-01047,VEH-0015,2023-01-18,37,0,completed
RTE-CHI-20230118-002,HUB-CHI,DRV-01007,VEH-0042,2023-01-18,26,4,completed
RTE-CHI-20230118-003,HUB-CHI,DRV-01047,VEH-0042,2023-01-18,31,0,completed
RTE-IND-20230118-001,HUB-IND,DRV-01042,VEH-0016,2023-01-18,31,2,partial
RTE-IND-20230118-002,HUB-IND,DRV-01045,VEH-0023,2023-01-18,21,6,partial
RTE-IND-20230118-003,HUB-IND,DRV-01032,VEH-0034,2023-01-18,54,4,completed
RTE-IND-20230118-004,HUB-IND,DRV-01188,VEH-0043,2023-01-18,43,0,completed
RTE-IND-20230118-005,HUB-IND,DRV-01188,VEH-0009,2023-01-18,42,0,completed
RTE-DET-20230118-001,HUB-DET,DRV-01046,VEH-0022,2023-01-18,21,6,partial
RTE-DET-20230118-002,HUB-DET,DRV-01021,VEH-0029,2023-01-18,62,0,completed
RTE-DET-20230118-003,HUB-DET,DRV-01021,VEH-0024,2023-01-18,65,2,completed
RTE-DET-20230118-004,HUB-DET,DRV-01021,VEH-0024,2023-01-18,34,0,partial
RTE-DET-20230118-005,HUB-DET,DRV-01046,VEH-0024,2023-01-18,34,0,completed
RTE-DET-20230118-006,HUB-DET,DRV-01037,VEH-0024,2023-01-18,60,0,completed
RTE-CIN-20230118-001,HUB-CIN,DRV-01027,VEH-0025,2023-01-18,40,6,completed
RTE-CIN-20230118-002,HUB-CIN,DRV-01019,VEH-0036,2023-01-18,31,0,completed
RTE-CMH-20230119-001,HUB-CMH,DRV-01039,VEH-0041,2023-01-19,49,0,completed
RTE-CHI-20230119-001,HUB-CHI,DRV-01017,VEH-0019,2023-01-19,19,0,completed
RTE-CHI-20230119-002,HUB-CHI,DRV-01005,VEH-0005,2023-01-19,42,0,completed
RTE-IND-20230119-001,HUB-IND,DRV-01045,VEH-0023,2023-01-19,24,6,completed
RTE-IND-20230119-002,HUB-IND,DRV-01032,VEH-0043,2023-01-19,52,0,completed
RTE-IND-20230119-003,HUB-IND,DRV-01042,VEH-0016,2023-01-19,54,0,completed
RTE-DET-20230119-001,HUB-DET,DRV-01021,VEH-0029,2023-01-19,46,0,completed
RTE-DET-20230119-002,HUB-DET,DRV-01046,VEH-0024,2023-01-19,54,0,completed
RTE-DET-20230119-003,HUB-DET,DRV-01021,VEH-0022,2023-01-19,44,0,completed
RTE-DET-20230119-004,HUB-DET,DRV-01046,VEH-0029,2023-01-19,39,0,completed
RTE-DET-20230119-005,HUB-DET,DRV-01037,VEH-0024,2023-01-19,64,0,completed
RTE-CIN-20230119-001,HUB-CIN,DRV-01008,VEH-0026,2023-01-19,23,0,partial
RTE-CIN-20230119-002,HUB-CIN,DRV-01027,VEH-0025,2023-01-19,52,0,completed
RTE-CIN-20230119-003,HUB-CIN,DRV-01027,VEH-0025,2023-01-19,36,6,partial
RTE-CIN-20230119-004,HUB-CIN,DRV-01034,VEH-0018,2023-01-19,37,0,completed
RTE-CMH-20230120-001,HUB-CMH,DRV-01040,VEH-0021,2023-01-20,22,4,completed
RTE-CMH-20230120-002,HUB-CMH,DRV-01001,VEH-0033,2023-01-20,45,0,completed
RTE-CMH-20230120-003,HUB-CMH,DRV-01028,VEH-0001,2023-01-20,21,0,completed
RTE-CHI-20230120-001,HUB-CHI,DRV-01048,VEH-0042,2023-01-20,56,0,completed
RTE-IND-20230120-001,HUB-IND,DRV-01045,VEH-0034,2023-01-20,44,1,completed
RTE-IND-20230120-002,HUB-IND,DRV-01033,VEH-0009,2023-01-20,58,0,completed
RTE-IND-20230120-003,HUB-IND,DRV-01024,VEH-0016,2023-01-20,52,0,completed
RTE-IND-20230120-004,HUB-IND,DRV-01045,VEH-0034,2023-01-20,37,0,completed
RTE-DET-20230120-001,HUB-DET,DRV-01021,VEH-0029,2023-01-20,45,0,completed
RTE-DET-20230120-002,HUB-DET,DRV-01037,VEH-0024,2023-01-20,45,0,partial
RTE-DET-20230120-003,HUB-DET,DRV-01046,VEH-0029,2023-01-20,52,0,completed
RTE-DET-20230120-005,HUB-DET,DRV-01021,VEH-0024,2023-01-20,51,0,completed
RTE-CIN-20230120-001,HUB-CIN,DRV-01034,VEH-0025,2023-01-20,19,0,completed
RTE-CIN-20230120-002,HUB-CIN,DRV-01025,VEH-0020,2023-01-20,19,0,completed
RTE-IND-20230122-001,HUB-IND,DRV-01032,VEH-0016,2023-01-22,50,0,completed
RTE-CMH-20230123-001,HUB-CMH,DRV-01043,VEH-0033,2023-01-23,37,0,completed
RTE-CHI-20230123-001,HUB-CHI,DRV-01017,VEH-0042,2023-01-23,27,0,completed
RTE-DET-20230123-001,HUB-DET,DRV-01021,VEH-0029,2023-01-23,29,0,completed
RTE-DET-20230123-002,HUB-DET,DRV-01046,VEH-0024,2023-01-23,18,0,completed
RTE-CIN-20230123-001,HUB-CIN,DRV-01025,VEH-0036,2023-01-23,38,0,completed
RTE-CIN-20230123-002,HUB-CIN,DRV-01041,VEH-0020,2023-01-23,54,0,partial
RTE-CIN-20230123-003,HUB-CIN,DRV-01002,VEH-0020,2023-01-23,51,0,completed
RTE-CIN-20230123-004,HUB-CIN,DRV-01019,VEH-0025,2023-01-23,59,0,completed
RTE-CMH-20230124-001,HUB-CMH,DRV-01049,VEH-0021,2023-01-24,40,0,completed
RTE-CHI-20230124-001,HUB-CHI,DRV-01048,VEH-0019,2023-01-24,21,0,completed
RTE-CHI-20230124-002,HUB-CHI,DRV-01017,VEH-0004,2023-01-24,27,0,partial
RTE-CHI-20230124-003,HUB-CHI,DRV-01035,VEH-0005,2023-01-24,39,0,completed
RTE-CHI-20230124-004,HUB-CHI,DRV-01005,VEH-0006,2023-01-24,45,0,completed
RTE-IND-20230124-001,HUB-IND,DRV-01045,VEH-0009,2023-01-24,27,0,completed
RTE-DET-20230124-001,HUB-DET,DRV-01014,VEH-0029,2023-01-24,57,0,completed
RTE-DET-20230124-003,HUB-DET,DRV-01021,VEH-0044,2023-01-24,63,0,completed
RTE-DET-20230124-004,HUB-DET,DRV-01037,VEH-0024,2023-01-24,48,0,partial
RTE-CIN-20230124-001,HUB-CIN,DRV-01019,VEH-0020,2023-01-24,51,0,completed
RTE-CIN-20230124-002,HUB-CIN,DRV-01034,VEH-0027,2023-01-24,42,6,completed
RTE-CIN-20230124-003,HUB-CIN,DRV-01041,VEH-0018,2023-01-24,39,0,completed
RTE-CMH-20230125-001,HUB-CMH,DRV-01010,VEH-0033,2023-01-25,31,0,completed
RTE-CMH-20230125-002,HUB-CMH,DRV-01044,VEH-0001,2023-01-25,48,1,completed
RTE-CMH-20230125-003,HUB-CMH,DRV-01010,VEH-0001,2023-01-25,61,0,completed
RTE-CMH-20230125-004,HUB-CMH,DRV-01001,VEH-0021,2023-01-25,39,0,partial
RTE-CMH-20230125-005,HUB-CMH,DRV-01015,VEH-0035,2023-01-25,52,0,completed
RTE-CHI-20230125-001,HUB-CHI,DRV-01012,VEH-0042,2023-01-25,19,0,completed
RTE-CHI-20230125-002,HUB-CHI,DRV-01012,VEH-0015,2023-01-25,37,0,completed
RTE-CHI-20230125-003,HUB-CHI,DRV-01017,VEH-0042,2023-01-25,49,0,completed
RTE-IND-20230125-001,HUB-IND,DRV-01032,VEH-0008,2023-01-25,28,0,completed
RTE-IND-20230125-002,HUB-IND,DRV-01042,VEH-0043,2023-01-25,56,0,completed
RTE-IND-20230125-003,HUB-IND,DRV-01188,VEH-0043,2023-01-25,33,0,completed
RTE-DET-20230125-001,HUB-DET,DRV-01046,VEH-0022,2023-01-25,31,0,completed
RTE-DET-20230125-002,HUB-DET,DRV-01014,VEH-0022,2023-01-25,38,0,completed
RTE-DET-20230125-003,HUB-DET,DRV-01037,VEH-0029,2023-01-25,51,0,completed
RTE-DET-20230125-004,HUB-DET,DRV-01014,VEH-0029,2023-01-25,35,4,completed
RTE-CIN-20230125-001,HUB-CIN,DRV-01041,VEH-0020,2023-01-25,63,0,completed
RTE-CIN-20230125-002,HUB-CIN,DRV-01034,VEH-0036,2023-01-25,37,0,completed
RTE-CIN-20230125-003,HUB-CIN,DRV-01025,VEH-0018,2023-01-25,34,4,completed
RTE-CIN-20230125-005,HUB-CIN,DRV-01027,VEH-0020,2023-01-25,29,0,completed
RTE-CIN-20230125-006,HUB-CIN,DRV-01027,VEH-0036,2023-01-25,54,0,completed
RTE-CMH-20230126-001,HUB-CMH,DRV-01016,VEH-0021,2023-01-26,55,0,completed
RTE-CMH-20230126-002,HUB-CMH,DRV-01049,VEH-0031,2023-01-26,43,0,completed
RTE-CMH-20230126-003,HUB-CMH,DRV-01043,VEH-0003,2023-01-26,25,0,completed
RTE-CMH-20230126-004,HUB-CMH,DRV-01189,VEH-0041,2023-01-26,56,0,completed
RTE-CHI-20230126-001,HUB-CHI,DRV-01012,VEH-0004,2023-01-26,20,0,completed
RTE-CHI-20230126-002,HUB-CHI,DRV-01048,VEH-0015,2023-01-26,51,0,completed
RTE-CHI-20230126-003,HUB-CHI,DRV-01035,VEH-0004,2023-01-26,50,0,completed
RTE-IND-20230126-001,HUB-IND,DRV-01045,VEH-0043,2023-01-26,25,0,partial
RTE-IND-20230126-002,HUB-IND,DRV-01024,VEH-0017,2023-01-26,60,0,completed
RTE-IND-20230126-003,HUB-IND,DRV-01045,VEH-0017,2023-01-26,35,0,completed
RTE-IND-20230126-004,HUB-IND,DRV-01045,VEH-0009,2023-01-26,24,0,completed
RTE-DET-20230126-001,HUB-DET,DRV-01046,VEH-0022,2023-01-26,62,4,completed
RTE-DET-20230126-002,HUB-DET,DRV-01014,VEH-0029,2023-01-26,24,0,completed
RTE-DET-20230126-003,HUB-DET,DRV-01037,VEH-0044,2023-01-26,52,0,completed
RTE-CIN-20230126-001,HUB-CIN,DRV-01025,VEH-0036,2023-01-26,45,0,partial
RTE-CIN-20230126-002,HUB-CIN,DRV-01019,VEH-0018,2023-01-26,37,0,partial
RTE-CIN-20230126-003,HUB-CIN,DRV-01027,VEH-0018,2023-01-26,23,0,completed
RTE-CMH-20230127-001,HUB-CMH,DRV-01040,VEH-0033,2023-01-27,35,0,completed
RTE-CMH-20230127-002,HUB-CMH,DRV-01043,VEH-0035,2023-01-27,51,0,completed
RTE-CHI-20230127-002,HUB-CHI,DRV-01047,VEH-0015,2023-01-27,62,0,partial
RTE-IND-20230127-001,HUB-IND,DRV-01031,VEH-0023,2023-01-27,43,2,completed
RTE-DET-20230127-001,HUB-DET,DRV-01021,VEH-0022,2023-01-27,39,4,completed
RTE-CIN-20230127-001,HUB-CIN,DRV-01034,VEH-0036,2023-01-27,46,0,completed
RTE-CIN-20230127-002,HUB-CIN,DRV-01027,VEH-0026,2023-01-27,39,0,completed
RTE-CHI-20230128-001,HUB-CHI,DRV-01005,VEH-0037,2023-01-28,26,0,completed
RTE-CHI-20230128-002,HUB-CHI,DRV-01005,VEH-0006,2023-01-28,61,0,completed
RTE-CMH-20230129-001,HUB-CMH,DRV-01015,VEH-0001,2023-01-29,30,2,completed
RTE-DET-20230129-001,HUB-DET,DRV-01046,VEH-0029,2023-01-29,29,0,partial
RTE-CIN-20230129-001,HUB-CIN,DRV-01025,VEH-0032,2023-01-29,19,0,completed
RTE-CMH-20230130-001,HUB-CMH,DRV-01001,VEH-0007,2023-01-30,59,0,completed
RTE-CMH-20230130-003,HUB-CMH,DRV-01189,VEH-0021,2023-01-30,64,0,completed
RTE-CMH-20230130-004,HUB-CMH,DRV-01036,VEH-0038,2023-01-30,41,0,completed
RTE-CHI-20230130-001,HUB-CHI,DRV-01035,VEH-0006,2023-01-30,49,0,completed
RTE-CHI-20230130-002,HUB-CHI,DRV-01047,VEH-0019,2023-01-30,56,0,completed
RTE-IND-20230130-001,HUB-IND,DRV-01188,VEH-0008,2023-01-30,38,0,completed
RTE-IND-20230130-002,HUB-IND,DRV-01042,VEH-0034,2023-01-30,21,0,completed
RTE-IND-20230130-003,HUB-IND,DRV-01188,VEH-0017,2023-01-30,65,3,completed
RTE-IND-20230130-004,HUB-IND,DRV-01042,VEH-0016,2023-01-30,63,6,completed
RTE-IND-20230130-005,HUB-IND,DRV-01042,VEH-0009,2023-01-30,48,0,completed
RTE-DET-20230130-001,HUB-DET,DRV-01046,VEH-0044,2023-01-30,60,0,completed
RTE-CIN-20230130-001,HUB-CIN,DRV-01041,VEH-0026,2023-01-30,64,0,completed
RTE-CIN-20230130-002,HUB-CIN,DRV-01025,VEH-0036,2023-01-30,54,2,completed
RTE-CIN-20230130-003,HUB-CIN,DRV-01034,VEH-0036,2023-01-30,49,0,completed
RTE-CMH-20230131-001,HUB-CMH,DRV-01013,VEH-0035,2023-01-31,30,0,completed
RTE-CMH-20230131-002,HUB-CMH,DRV-01044,VEH-0041,2023-01-31,35,0,partial
RTE-CHI-20230131-001,HUB-CHI,DRV-01005,VEH-0019,2023-01-31,24,0,completed
RTE-CHI-20230131-002,HUB-CHI,DRV-01017,VEH-0019,2023-01-31,22,0,completed
RTE-IND-20230131-001,HUB-IND,DRV-01032,VEH-0009,2023-01-31,62,0,completed
RTE-IND-20230131-002,HUB-IND,DRV-01024,VEH-0008,2023-01-31,34,0,partial
RTE-DET-20230131-001,HUB-DET,DRV-01037,VEH-0022,2023-01-31,48,0,completed
RTE-DET-20230131-002,HUB-DET,DRV-01037,VEH-0044,2023-01-31,41,0,completed
RTE-CIN-20230131-001,HUB-CIN,DRV-01025,VEH-0018,2023-01-31,23,0,completed
RTE-CIN-20230131-002,HUB-CIN,DRV-01008,VEH-0036,2023-01-31,44,0,completed
RTE-CIN-20230131-003,HUB-CIN,DRV-01034,VEH-0018,2023-01-31,19,0,completed
RTE-CMH-20230201-002,HUB-CMH,DRV-01015,VEH-0033,2023-02-01,22,0,completed
RTE-CMH-20230201-003,HUB-CMH,DRV-01010,VEH-0038,2023-02-01,58,0,completed
RTE-CMH-20230201-004,HUB-CMH,DRV-01044,VEH-0007,2023-02-01,19,0,completed
RTE-CHI-20230201-001,HUB-CHI,DRV-01017,VEH-0005,2023-02-01,59,0,completed
RTE-CHI-20230201-002,HUB-CHI,DRV-01005,VEH-0019,2023-02-01,58,0,completed
RTE-CHI-20230201-003,HUB-CHI,DRV-01048,VEH-0042,2023-02-01,21,0,completed
RTE-CHI-20230201-004,HUB-CHI,DRV-01005,VEH-0019,2023-02-01,30,1,completed
RTE-CHI-20230201-005,HUB-CHI,DRV-01005,VEH-0004,2023-02-01,61,0,completed
RTE-CHI-20230201-006,HUB-CHI,DRV-01005,VEH-0006,2023-02-01,30,5,completed
RTE-IND-20230201-001,HUB-IND,DRV-01031,VEH-0017,2023-02-01,22,4,completed
RTE-DET-20230201-001,HUB-DET,DRV-01014,VEH-0044,2023-02-01,55,0,completed
RTE-DET-20230201-002,HUB-DET,DRV-01021,VEH-0024,2023-02-01,60,0,completed
RTE-CIN-20230201-001,HUB-CIN,DRV-01041,VEH-0027,2023-02-01,33,0,completed
RTE-CIN-20230201-002,HUB-CIN,DRV-01027,VEH-0026,2023-02-01,53,0,completed
RTE-CMH-20230202-001,HUB-CMH,DRV-01001,VEH-0028,2023-02-02,61,0,completed
RTE-CHI-20230202-001,HUB-CHI,DRV-01035,VEH-0005,2023-02-02,24,0,completed
RTE-IND-20230202-001,HUB-IND,DRV-01024,VEH-0017,2023-02-02,22,0,completed
RTE-DET-20230202-001,HUB-DET,DRV-01021,VEH-0024,2023-02-02,22,5,completed
RTE-DET-20230202-002,HUB-DET,DRV-01046,VEH-0022,2023-02-02,18,0,completed
RTE-DET-20230202-003,HUB-DET,DRV-01046,VEH-0024,2023-02-02,56,0,completed
RTE-CIN-20230202-001,HUB-CIN,DRV-01025,VEH-0027,2023-02-02,35,0,completed
RTE-CIN-20230202-002,HUB-CIN,DRV-01008,VEH-0018,2023-02-02,35,0,completed
RTE-CMH-20230203-001,HUB-CMH,DRV-01010,VEH-0028,2023-02-03,23,0,partial
RTE-CHI-20230203-001,HUB-CHI,DRV-01047,VEH-0004,2023-02-03,37,6,completed
RTE-DET-20230203-001,HUB-DET,DRV-01037,VEH-0024,2023-02-03,61,5,completed
RTE-DET-20230203-002,HUB-DET,DRV-01014,VEH-0044,2023-02-03,55,0,partial
RTE-CIN-20230203-001,HUB-CIN,DRV-01019,VEH-0032,2023-02-03,41,3,completed
RTE-CHI-20230204-001,HUB-CHI,DRV-01005,VEH-0004,2023-02-04,41,0,completed
RTE-CHI-20230205-001,HUB-CHI,DRV-01035,VEH-0002,2023-02-05,53,6,canceled
RTE-CHI-20230205-002,HUB-CHI,DRV-01005,VEH-0005,2023-02-05,46,0,completed
RTE-CIN-20230205-001,HUB-CIN,DRV-01041,VEH-0025,2023-02-05,63,0,completed
RTE-CMH-20230206-001,HUB-CMH,DRV-01044,VEH-0031,2023-02-06,58,0,completed
RTE-CMH-20230206-002,HUB-CMH,DRV-01039,VEH-0021,2023-02-06,37,0,completed
RTE-CMH-20230206-004,HUB-CMH,DRV-01028,VEH-0028,2023-02-06,52,0,completed
RTE-CMH-20230206-005,HUB-CMH,DRV-01009,VEH-0041,2023-02-06,19,2,completed
RTE-CHI-20230206-001,HUB-CHI,DRV-01005,VEH-0019,2023-02-06,35,0,partial
RTE-IND-20230206-001,HUB-IND,DRV-01033,VEH-0016,2023-02-06,59,0,completed
RTE-DET-20230206-001,HUB-DET,DRV-01046,VEH-0024,2023-02-06,40,0,completed
RTE-CIN-20230206-001,HUB-CIN,DRV-01002,VEH-0032,2023-02-06,55,0,completed
RTE-DET-20230207-001,HUB-DET,DRV-01046,VEH-0029,2023-02-07,65,0,partial
RTE-DET-20230207-002,HUB-DET,DRV-01037,VEH-0029,2023-02-07,26,0,completed
RTE-DET-20230207-003,HUB-DET,DRV-01037,VEH-0022,2023-02-07,63,0,completed
RTE-CIN-20230207-001,HUB-CIN,DRV-01041,VEH-0027,2023-02-07,54,0,completed
RTE-CIN-20230207-002,HUB-CIN,DRV-01025,VEH-0020,2023-02-07,30,0,completed
RTE-CIN-20230207-003,HUB-CIN,DRV-01034,VEH-0036,2023-02-07,55,0,completed
RTE-CMH-20230208-001,HUB-CMH,DRV-01043,VEH-0003,2023-02-08,57,3,partial
RTE-CMH-20230208-002,HUB-CMH,DRV-01015,VEH-0003,2023-02-08,65,0,partial
RTE-CMH-20230208-003,HUB-CMH,DRV-01009,VEH-0038,2023-02-08,23,0,completed
RTE-CMH-20230208-004,HUB-CMH,DRV-01013,VEH-0035,2023-02-08,44,0,completed
RTE-CHI-20230208-001,HUB-CHI,DRV-01035,VEH-0005,2023-02-08,53,0,completed
RTE-CHI-20230208-002,HUB-CHI,DRV-01005,VEH-0002,2023-02-08,26,0,completed
RTE-CHI-20230208-003,HUB-CHI,DRV-01047,VEH-0002,2023-02-08,57,1,completed
RTE-IND-20230208-001,HUB-IND,DRV-01031,VEH-0043,2023-02-08,20,0,completed
RTE-IND-20230208-002,HUB-IND,DRV-01032,VEH-0034,2023-02-08,41,0,completed
RTE-IND-20230208-003,HUB-IND,DRV-01032,VEH-0034,2023-02-08,53,0,completed
RTE-DET-20230208-001,HUB-DET,DRV-01021,VEH-0022,2023-02-08,62,0,completed
RTE-CIN-20230208-002,HUB-CIN,DRV-01019,VEH-0027,2023-02-08,48,0,completed
RTE-CIN-20230208-003,HUB-CIN,DRV-01041,VEH-0027,2023-02-08,24,0,completed
RTE-CIN-20230208-004,HUB-CIN,DRV-01019,VEH-0026,2023-02-08,22,2,completed
RTE-CMH-20230209-001,HUB-CMH,DRV-01013,VEH-0031,2023-02-09,28,0,completed
RTE-CMH-20230209-002,HUB-CMH,DRV-01016,VEH-0031,2023-02-09,61,2,completed
RTE-CMH-20230209-003,HUB-CMH,DRV-01049,VEH-0001,2023-02-09,62,0,completed
RTE-CHI-20230209-001,HUB-CHI,DRV-01047,VEH-0004,2023-02-09,53,5,completed
RTE-IND-20230209-001,HUB-IND,DRV-01031,VEH-0008,2023-02-09,38,3,completed
RTE-IND-20230209-002,HUB-IND,DRV-01032,VEH-0016,2023-02-09,30,0,completed
RTE-IND-20230209-003,HUB-IND,DRV-01024,VEH-0009,2023-02-09,45,1,completed
RTE-IND-20230209-004,HUB-IND,DRV-01024,VEH-0017,2023-02-09,37,0,completed
RTE-DET-20230209-001,HUB-DET,DRV-01014,VEH-0044,2023-02-09,50,0,completed
RTE-DET-20230209-002,HUB-DET,DRV-01046,VEH-0044,2023-02-09,52,0,partial
RTE-DET-20230209-003,HUB-DET,DRV-01037,VEH-0029,2023-02-09,27,5,completed
RTE-DET-20230209-004,HUB-DET,DRV-01021,VEH-0022,2023-02-09,23,0,completed
RTE-DET-20230209-005,HUB-DET,DRV-01046,VEH-0044,2023-02-09,43,0,completed
RTE-CIN-20230209-001,HUB-CIN,DRV-01027,VEH-0032,2023-02-09,45,0,completed
RTE-CIN-20230209-002,HUB-CIN,DRV-01027,VEH-0032,2023-02-09,44,0,completed
RTE-CIN-20230209-003,HUB-CIN,DRV-01041,VEH-0018,2023-02-09,62,0,completed
RTE-CMH-20230210-001,HUB-CMH,DRV-01015,VEH-0001,2023-02-10,41,0,completed
RTE-CMH-20230210-002,HUB-CMH,DRV-01036,VEH-0033,2023-02-10,63,0,completed
RTE-IND-20230210-001,HUB-IND,DRV-01031,VEH-0023,2023-02-10,52,0,completed
RTE-IND-20230210-002,HUB-IND,DRV-01024,VEH-0034,2023-02-10,32,0,completed
RTE-IND-20230210-003,HUB-IND,DRV-01033,VEH-0013,2023-02-10,44,4,completed
RTE-IND-20230210-004,HUB-IND,DRV-01033,VEH-0009,2023-02-10,21,0,completed
RTE-DET-20230210-001,HUB-DET,DRV-01022,VEH-0044,2023-02-10,34,0,completed
RTE-CIN-20230210-001,HUB-CIN,DRV-01027,VEH-0026,2023-02-10,37,1,completed
RTE-CIN-20230210-002,HUB-CIN,DRV-01027,VEH-0026,2023-02-10,39,0,completed
RTE-CHI-20230211-001,HUB-CHI,DRV-01017,VEH-0004,2023-02-11,56,0,partial
RTE-CHI-20230211-002,HUB-CHI,DRV-01007,VEH-0015,2023-02-11,62,0,completed
RTE-IND-20230211-001,HUB-IND,DRV-01033,VEH-0034,2023-02-11,65,0,completed
RTE-DET-20230212-001,HUB-DET,DRV-01021,VEH-0024,2023-02-12,60,0,completed
RTE-CMH-20230213-001,HUB-CMH,DRV-01001,VEH-0021,2023-02-13,39,0,completed
RTE-CMH-20230213-002,HUB-CMH,DRV-01013,VEH-0031,2023-02-13,19,0,completed
RTE-CHI-20230213-001,HUB-CHI,DRV-01047,VEH-0042,2023-02-13,42,0,completed
RTE-CHI-20230213-002,HUB-CHI,DRV-01047,VEH-0019,2023-02-13,62,0,partial
RTE-CHI-20230213-003,HUB-CHI,DRV-01012,VEH-0002,2023-02-13,25,0,completed
RTE-CHI-20230213-004,HUB-CHI,DRV-01012,VEH-0006,2023-02-13,56,0,completed
RTE-IND-20230213-001,HUB-IND,DRV-01024,VEH-0009,2023-02-13,49,0,completed
RTE-IND-20230213-002,HUB-IND,DRV-01042,VEH-0043,2023-02-13,50,0,completed
RTE-IND-20230213-003,HUB-IND,DRV-01032,VEH-0016,2023-02-13,23,0,completed
RTE-IND-20230213-004,HUB-IND,DRV-01032,VEH-0016,2023-02-13,46,1,completed
RTE-DET-20230213-001,HUB-DET,DRV-01021,VEH-0022,2023-02-13,59,0,completed
RTE-DET-20230213-002,HUB-DET,DRV-01014,VEH-0024,2023-02-13,32,0,partial
RTE-CIN-20230213-001,HUB-CIN,DRV-01034,VEH-0036,2023-02-13,62,0,completed
RTE-CMH-20230214-001,HUB-CMH,DRV-01013,VEH-0007,2023-02-14,60,0,completed
RTE-CMH-20230214-002,HUB-CMH,DRV-01040,VEH-0001,2023-02-14,53,0,completed
RTE-CMH-20230214-003,HUB-CMH,DRV-01049,VEH-0035,2023-02-14,48,2,completed
RTE-CHI-20230214-001,HUB-CHI,DRV-01012,VEH-0005,2023-02-14,64,0,completed
RTE-CHI-20230214-002,HUB-CHI,DRV-01007,VEH-0019,2023-02-14,63,0,completed
RTE-CHI-20230214-003,HUB-CHI,DRV-01007,VEH-0015,2023-02-14,47,1,completed
RTE-CHI-20230214-004,HUB-CHI,DRV-01017,VEH-0002,2023-02-14,49,0,completed
RTE-CHI-20230214-006,HUB-CHI,DRV-01017,VEH-0015,2023-02-14,25,2,completed
RTE-CHI-20230214-007,HUB-CHI,DRV-01047,VEH-0015,2023-02-14,36,2,completed
RTE-IND-20230214-001,HUB-IND,DRV-01042,VEH-0008,2023-02-14,24,0,completed
RTE-IND-20230214-002,HUB-IND,DRV-01042,VEH-0034,2023-02-14,28,0,completed
RTE-IND-20230214-003,HUB-IND,DRV-01042,VEH-0016,2023-02-14,54,0,completed
RTE-CIN-20230214-001,HUB-CIN,DRV-01002,VEH-0020,2023-02-14,47,0,completed
RTE-CIN-20230214-002,HUB-CIN,DRV-01019,VEH-0018,2023-02-14,34,0,completed
RTE-CIN-20230214-003,HUB-CIN,DRV-01025,VEH-0032,2023-02-14,24,0,completed
RTE-CMH-20230215-001,HUB-CMH,DRV-01040,VEH-0031,2023-02-15,26,0,completed
RTE-CMH-20230215-002,HUB-CMH,DRV-01013,VEH-0001,2023-02-15,45,0,completed
RTE-CHI-20230215-001,HUB-CHI,DRV-01007,VEH-0037,2023-02-15,29,0,completed
RTE-CHI-20230215-002,HUB-CHI,DRV-01007,VEH-0006,2023-02-15,50,0,completed
RTE-CHI-20230215-003,HUB-CHI,DRV-01035,VEH-0042,2023-02-15,54,0,completed
RTE-IND-20230215-001,HUB-IND,DRV-01024,VEH-0013,2023-02-15,64,3,completed
RTE-IND-20230215-002,HUB-IND,DRV-01033,VEH-0034,2023-02-15,38,0,completed
RTE-IND-20230215-003,HUB-IND,DRV-01033,VEH-0034,2023-02-15,19,0,completed
RTE-DET-20230215-002,HUB-DET,DRV-01022,VEH-0024,2023-02-15,50,0,partial
RTE-CIN-20230215-001,HUB-CIN,DRV-01041,VEH-0036,2023-02-15,42,0,partial
RTE-CIN-20230215-002,HUB-CIN,DRV-01041,VEH-0036,2023-02-15,20,0,completed
RTE-CMH-20230216-001,HUB-CMH,DRV-01028,VEH-0021,2023-02-16,22,4,completed
RTE-CHI-20230216-001,HUB-CHI,DRV-01048,VEH-0006,2023-02-16,45,6,completed
RTE-CHI-20230216-002,HUB-CHI,DRV-01007,VEH-0037,2023-02-16,29,0,completed
RTE-CHI-20230216-003,HUB-CHI,DRV-01035,VEH-0015,2023-02-16,65,3,partial
RTE-CHI-20230216-004,HUB-CHI,DRV-01017,VEH-0019,2023-02-16,60,0,completed
RTE-IND-20230216-001,HUB-IND,DRV-01032,VEH-0023,2023-02-16,53,0,completed
RTE-IND-20230216-002,HUB-IND,DRV-01031,VEH-0034,2023-02-16,57,0,completed
RTE-IND-20230216-003,HUB-IND,DRV-01032,VEH-0043,2023-02-16,21,0,completed
RTE-IND-20230216-004,HUB-IND,DRV-01024,VEH-0008,2023-02-16,43,0,completed
RTE-DET-20230216-001,HUB-DET,DRV-01021,VEH-0044,2023-02-16,18,0,completed
RTE-CIN-20230216-001,HUB-CIN,DRV-01002,VEH-0018,2023-02-16,38,0,completed
RTE-CMH-20230217-001,HUB-CMH,DRV-01036,VEH-0035,2023-02-17,22,0,completed
RTE-CHI-20230217-001,HUB-CHI,DRV-01012,VEH-0042,2023-02-17,21,0,completed
RTE-CHI-20230217-002,HUB-CHI,DRV-01017,VEH-0004,2023-02-17,62,0,completed
RTE-CHI-20230217-003,HUB-CHI,DRV-01047,VEH-0005,2023-02-17,39,3,completed
RTE-IND-20230217-001,HUB-IND,DRV-01024,VEH-0043,2023-02-17,60,0,completed
RTE-IND-20230217-002,HUB-IND,DRV-01031,VEH-0043,2023-02-17,26,0,completed
RTE-DET-20230217-001,HUB-DET,DRV-01037,VEH-0022,2023-02-17,33,6,completed
RTE-DET-20230217-002,HUB-DET,DRV-01022,VEH-0029,2023-02-17,18,0,completed
RTE-DET-20230217-003,HUB-DET,DRV-01046,VEH-0044,2023-02-17,20,0,completed
RTE-DET-20230217-004,HUB-DET,DRV-01022,VEH-0044,2023-02-17,24,3,completed
RTE-CMH-20230218-001,HUB-CMH,DRV-01036,VEH-0033,2023-02-18,43,0,completed
RTE-CMH-20230218-002,HUB-CMH,DRV-01040,VEH-0035,2023-02-18,40,0,completed
RTE-IND-20230218-001,HUB-IND,DRV-01031,VEH-0009,2023-02-18,65,0,completed
RTE-CIN-20230218-001,HUB-CIN,DRV-01002,VEH-0027,2023-02-18,34,0,completed
RTE-CIN-20230218-002,HUB-CIN,DRV-01034,VEH-0036,2023-02-18,58,0,completed
RTE-CIN-20230218-003,HUB-CIN,DRV-01034,VEH-0018,2023-02-18,30,0,completed
RTE-CMH-20230219-002,HUB-CMH,DRV-01039,VEH-0038,2023-02-19,61,0,completed
RTE-CMH-20230219-003,HUB-CMH,DRV-01043,VEH-0038,2023-02-19,26,0,completed
RTE-IND-20230219-001,HUB-IND,DRV-01032,VEH-0043,2023-02-19,55,6,completed
RTE-DET-20230219-001,HUB-DET,DRV-01021,VEH-0044,2023-02-19,27,0,completed
RTE-DET-20230219-002,HUB-DET,DRV-01046,VEH-0044,2023-02-19,53,0,completed
RTE-CIN-20230219-001,HUB-CIN,DRV-01025,VEH-0020,2023-02-19,30,2,completed
RTE-CMH-20230220-001,HUB-CMH,DRV-01013,VEH-0028,2023-02-20,37,0,completed
RTE-CMH-20230220-002,HUB-CMH,DRV-01009,VEH-0033,2023-02-20,52,0,completed
RTE-CMH-20230220-003,HUB-CMH,DRV-01039,VEH-0035,2023-02-20,44,0,completed
RTE-CMH-20230220-004,HUB-CMH,DRV-01049,VEH-0007,2023-02-20,48,0,completed
RTE-CHI-20230220-002,HUB-CHI,DRV-01005,VEH-0004,2023-02-20,37,0,partial
RTE-CHI-20230220-003,HUB-CHI,DRV-01047,VEH-0006,2023-02-20,54,0,completed
RTE-IND-20230220-001,HUB-IND,DRV-01045,VEH-0013,2023-02-20,20,0,completed
RTE-DET-20230220-001,HUB-DET,DRV-01021,VEH-0022,2023-02-20,59,0,completed
RTE-CMH-20230221-001,HUB-CMH,DRV-01189,VEH-0003,2023-02-21,26,3,completed
RTE-CMH-20230221-002,HUB-CMH,DRV-01016,VEH-0021,2023-02-21,18,0,completed
RTE-CMH-20230221-003,HUB-CMH,DRV-01009,VEH-0041,2023-02-21,51,0,partial
RTE-CHI-20230221-001,HUB-CHI,DRV-01035,VEH-0019,2023-02-21,19,0,completed
RTE-IND-20230221-001,HUB-IND,DRV-01045,VEH-0008,2023-02-21,53,0,completed
RTE-IND-20230221-002,HUB-IND,DRV-01188,VEH-0008,2023-02-21,31,0,completed
RTE-DET-20230221-001,HUB-DET,DRV-01046,VEH-0029,2023-02-21,25,0,completed
RTE-DET-20230221-002,HUB-DET,DRV-01021,VEH-0022,2023-02-21,63,0,completed
RTE-DET-20230221-003,HUB-DET,DRV-01014,VEH-0029,2023-02-21,55,0,completed
RTE-CIN-20230221-001,HUB-CIN,DRV-01008,VEH-0026,2023-02-21,63,0,completed
RTE-CMH-20230222-001,HUB-CMH,DRV-01039,VEH-0007,2023-02-22,23,0,partial
RTE-CMH-20230222-002,HUB-CMH,DRV-01044,VEH-0035,2023-02-22,45,0,completed
RTE-CMH-20230222-003,HUB-CMH,DRV-01015,VEH-0038,2023-02-22,40,0,completed
RTE-CMH-20230222-004,HUB-CMH,DRV-01010,VEH-0003,2023-02-22,30,0,completed
RTE-CHI-20230222-001,HUB-CHI,DRV-01035,VEH-0004,2023-02-22,54,6,completed
RTE-CHI-20230222-002,HUB-CHI,DRV-01005,VEH-0004,2023-02-22,64,0,completed
RTE-IND-20230222-001,HUB-IND,DRV-01032,VEH-0034,2023-02-22,26,0,completed
RTE-IND-20230222-002,HUB-IND,DRV-01188,VEH-0017,2023-02-22,35,0,completed
RTE-IND-20230222-003,HUB-IND,DRV-01031,VEH-0013,2023-02-22,27,0,completed
RTE-DET-20230222-002,HUB-DET,DRV-01046,VEH-0044,2023-02-22,60,1,completed
RTE-DET-20230222-004,HUB-DET,DRV-01037,VEH-0044,2023-02-22,30,0,partial
RTE-DET-20230222-005,HUB-DET,DRV-01046,VEH-0022,2023-02-22,42,0,completed
RTE-DET-20230222-006,HUB-DET,DRV-01021,VEH-0024,2023-02-22,27,0,completed
RTE-CMH-20230223-001,HUB-CMH,DRV-01189,VEH-0041,2023-02-23,30,0,completed
RTE-CMH-20230223-002,HUB-CMH,DRV-01010,VEH-0007,2023-02-23,40,0,completed
RTE-CHI-20230223-002,HUB-CHI,DRV-01047,VEH-0037,2023-02-23,43,0,completed
RTE-IND-20230223-001,HUB-IND,DRV-01188,VEH-0016,2023-02-23,37,0,completed
RTE-IND-20230223-002,HUB-IND,DRV-01188,VEH-0016,2023-02-23,65,0,completed
RTE-DET-20230223-001,HUB-DET,DRV-01021,VEH-0022,2023-02-23,46,5,completed
RTE-CMH-20230224-001,HUB-CMH,DRV-01043,VEH-0031,2023-02-24,31,0,completed
RTE-CHI-20230224-001,HUB-CHI,DRV-01017,VEH-0002,2023-02-24,33,3,completed
RTE-CHI-20230224-002,HUB-CHI,DRV-01035,VEH-0002,2023-02-24,50,0,completed
RTE-IND-20230224-001,HUB-IND,DRV-01024,VEH-0013,2023-02-24,20,0,completed
RTE-IND-20230224-002,HUB-IND,DRV-01188,VEH-0034,2023-02-24,30,1,partial
RTE-IND-20230224-003,HUB-IND,DRV-01042,VEH-0013,2023-02-24,41,0,completed
RTE-IND-20230224-004,HUB-IND,DRV-01024,VEH-0023,2023-02-24,35,5,completed
RTE-DET-20230224-001,HUB-DET,DRV-01022,VEH-0029,2023-02-24,32,0,completed
RTE-DET-20230224-002,HUB-DET,DRV-01037,VEH-0044,2023-02-24,31,0,completed
RTE-CIN-20230224-001,HUB-CIN,DRV-01034,VEH-0026,2023-02-24,62,0,completed
RTE-CIN-20230224-002,HUB-CIN,DRV-01019,VEH-0025,2023-02-24,30,0,completed
RTE-CIN-20230224-003,HUB-CIN,DRV-01019,VEH-0036,2023-02-24,37,2,completed
RTE-CIN-20230224-004,HUB-CIN,DRV-01008,VEH-0036,2023-02-24,45,3,completed
RTE-DET-20230225-001,HUB-DET,DRV-01021,VEH-0044,2023-02-25,54,0,completed
RTE-CHI-20230226-001,HUB-CHI,DRV-01007,VEH-0004,2023-02-26,61,0,completed
RTE-DET-20230226-001,HUB-DET,DRV-01021,VEH-0029,2023-02-26,32,0,completed
RTE-CIN-20230226-001,HUB-CIN,DRV-01025,VEH-0025,2023-02-26,39,0,completed
RTE-CMH-20230227-001,HUB-CMH,DRV-01001,VEH-0001,2023-02-27,20,0,completed
RTE-CMH-20230227-002,HUB-CMH,DRV-01189,VEH-0038,2023-02-27,53,2,completed
RTE-CMH-20230227-003,HUB-CMH,DRV-01028,VEH-0031,2023-02-27,38,0,completed
RTE-CHI-20230227-001,HUB-CHI,DRV-01017,VEH-0037,2023-02-27,55,0,partial
RTE-CHI-20230227-002,HUB-CHI,DRV-01007,VEH-0037,2023-02-27,34,0,completed
RTE-CHI-20230227-003,HUB-CHI,DRV-01047,VEH-0002,2023-02-27,40,0,completed
RTE-CHI-20230227-004,HUB-CHI,DRV-01048,VEH-0037,2023-02-27,53,5,completed
RTE-IND-20230227-001,HUB-IND,DRV-01188,VEH-0034,2023-02-27,64,0,completed
RTE-IND-20230227-002,HUB-IND,DRV-01045,VEH-0017,2023-02-27,19,0,completed
RTE-DET-20230227-001,HUB-DET,DRV-01046,VEH-0029,2023-02-27,50,0,completed
RTE-CIN-20230227-001,HUB-CIN,DRV-01041,VEH-0032,2023-02-27,56,0,completed
RTE-CIN-20230227-003,HUB-CIN,DRV-01002,VEH-0032,2023-02-27,29,0,completed
RTE-CIN-20230227-004,HUB-CIN,DRV-01027,VEH-0036,2023-02-27,26,5,completed
RTE-CIN-20230227-005,HUB-CIN,DRV-01041,VEH-0020,2023-02-27,18,0,completed
RTE-CMH-20230228-001,HUB-CMH,DRV-01009,VEH-0035,2023-02-28,60,2,partial
RTE-CMH-20230228-002,HUB-CMH,DRV-01189,VEH-0033,2023-02-28,59,0,completed
RTE-IND-20230228-001,HUB-IND,DRV-01024,VEH-0016,2023-02-28,41,0,completed
RTE-DET-20230228-001,HUB-DET,DRV-01046,VEH-0029,2023-02-28,49,0,completed
RTE-DET-20230228-002,HUB-DET,DRV-01021,VEH-0022,2023-02-28,31,0,partial
RTE-CIN-20230228-001,HUB-CIN,DRV-01027,VEH-0027,2023-02-28,46,0,completed
RTE-CIN-20230228-002,HUB-CIN,DRV-01019,VEH-0018,2023-02-28,49,0,completed
RTE-CIN-20230228-003,HUB-CIN,DRV-01025,VEH-0027,2023-02-28,61,4,completed
RTE-CIN-20230228-004,HUB-CIN,DRV-01008,VEH-0018,2023-02-28,37,0,completed
RTE-CMH-20230301-001,HUB-CMH,DRV-01189,VEH-0021,2023-03-01,64,0,completed
RTE-CMH-20230301-002,HUB-CMH,DRV-01001,VEH-0001,2023-03-01,32,0,completed
RTE-CHI-20230301-001,HUB-CHI,DRV-01047,VEH-0015,2023-03-01,25,0,completed
RTE-CHI-20230301-002,HUB-CHI,DRV-01017,VEH-0006,2023-03-01,65,0,completed
RTE-CHI-20230301-003,HUB-CHI,DRV-01047,VEH-0037,2023-03-01,58,0,completed
RTE-CHI-20230301-004,HUB-CHI,DRV-01005,VEH-0042,2023-03-01,65,0,completed
RTE-IND-20230301-002,HUB-IND,DRV-01033,VEH-0008,2023-03-01,34,0,completed
RTE-IND-20230301-003,HUB-IND,DRV-01042,VEH-0009,2023-03-01,64,0,completed
RTE-DET-20230301-002,HUB-DET,DRV-01046,VEH-0022,2023-03-01,50,4,completed
RTE-DET-20230301-003,HUB-DET,DRV-01021,VEH-0029,2023-03-01,22,0,completed
RTE-CIN-20230301-001,HUB-CIN,DRV-01008,VEH-0027,2023-03-01,62,0,completed
RTE-CIN-20230301-002,HUB-CIN,DRV-01034,VEH-0020,2023-03-01,31,0,completed
RTE-CIN-20230301-003,HUB-CIN,DRV-01041,VEH-0027,2023-03-01,36,0,completed
RTE-CIN-20230301-004,HUB-CIN,DRV-01008,VEH-0036,2023-03-01,47,0,completed
RTE-CHI-20230302-001,HUB-CHI,DRV-01005,VEH-0037,2023-03-02,57,0,completed
RTE-CHI-20230302-002,HUB-CHI,DRV-01047,VEH-0005,2023-03-02,36,0,completed
RTE-CHI-20230302-003,HUB-CHI,DRV-01017,VEH-0015,2023-03-02,30,0,completed
RTE-IND-20230302-001,HUB-IND,DRV-01045,VEH-0034,2023-03-02,49,5,completed
RTE-IND-20230302-002,HUB-IND,DRV-01045,VEH-0008,2023-03-02,47,1,completed
RTE-IND-20230302-003,HUB-IND,DRV-01188,VEH-0013,2023-03-02,51,0,completed
RTE-IND-20230302-004,HUB-IND,DRV-01024,VEH-0013,2023-03-02,60,0,partial
RTE-IND-20230302-005,HUB-IND,DRV-01033,VEH-0009,2023-03-02,33,0,completed
RTE-DET-20230302-001,HUB-DET,DRV-01022,VEH-0024,2023-03-02,55,0,completed
RTE-DET-20230302-002,HUB-DET,DRV-01037,VEH-0024,2023-03-02,51,0,completed
RTE-DET-20230302-003,HUB-DET,DRV-01021,VEH-0024,2023-03-02,34,2,completed
RTE-DET-20230302-004,HUB-DET,DRV-01022,VEH-0029,2023-03-02,21,0,completed
RTE-DET-20230302-005,HUB-DET,DRV-01046,VEH-0029,2023-03-02,28,0,completed
RTE-CIN-20230302-001,HUB-CIN,DRV-01041,VEH-0020,2023-03-02,42,0,completed
RTE-CIN-20230302-003,HUB-CIN,DRV-01034,VEH-0026,2023-03-02,32,0,completed
RTE-CMH-20230303-001,HUB-CMH,DRV-01043,VEH-0031,2023-03-03,20,0,completed
RTE-CHI-20230303-001,HUB-CHI,DRV-01047,VEH-0006,2023-03-03,24,0,completed
RTE-CHI-20230303-002,HUB-CHI,DRV-01048,VEH-0006,2023-03-03,20,0,completed
RTE-IND-20230303-001,HUB-IND,DRV-01031,VEH-0043,2023-03-03,27,0,completed
RTE-DET-20230303-001,HUB-DET,DRV-01022,VEH-0044,2023-03-03,62,0,completed
RTE-DET-20230303-002,HUB-DET,DRV-01037,VEH-0044,2023-03-03,47,0,completed
RTE-CIN-20230303-001,HUB-CIN,DRV-01025,VEH-0032,2023-03-03,60,0,completed
RTE-CIN-20230303-003,HUB-CIN,DRV-01019,VEH-0036,2023-03-03,24,0,partial
RTE-CIN-20230304-001,HUB-CIN,DRV-01034,VEH-0036,2023-03-04,35,4,completed
RTE-CHI-20230305-001,HUB-CHI,DRV-01005,VEH-0002,2023-03-05,57,0,completed
RTE-DET-20230305-001,HUB-DET,DRV-01046,VEH-0024,2023-03-05,41,0,partial
RTE-CMH-20230306-001,HUB-CMH,DRV-01016,VEH-0021,2023-03-06,33,0,completed
RTE-CMH-20230306-002,HUB-CMH,DRV-01028,VEH-0035,2023-03-06,22,6,partial
RTE-CMH-20230306-003,HUB-CMH,DRV-01039,VEH-0021,2023-03-06,59,0,completed
RTE-CMH-20230306-004,HUB-CMH,DRV-01009,VEH-0031,2023-03-06,24,0,completed
RTE-CHI-20230306-002,HUB-CHI,DRV-01005,VEH-0002,2023-03-06,42,1,completed
RTE-IND-20230306-001,HUB-IND,DRV-01031,VEH-0034,2023-03-06,36,0,completed
RTE-IND-20230306-002,HUB-IND,DRV-01188,VEH-0034,2023-03-06,54,0,completed
RTE-DET-20230306-002,HUB-DET,DRV-01022,VEH-0022,2023-03-06,50,0,completed
RTE-CIN-20230306-001,HUB-CIN,DRV-01008,VEH-0026,2023-03-06,44,0,completed
RTE-CIN-20230306-002,HUB-CIN,DRV-01041,VEH-0020,2023-03-06,48,0,completed
RTE-CMH-20230307-001,HUB-CMH,DRV-01039,VEH-0028,2023-03-07,19,3,completed
RTE-CMH-20230307-002,HUB-CMH,DRV-01049,VEH-0038,2023-03-07,21,0,completed
RTE-CMH-20230307-003,HUB-CMH,DRV-01189,VEH-0031,2023-03-07,23,0,completed
RTE-CMH-20230307-004,HUB-CMH,DRV-01040,VEH-0038,2023-03-07,44,0,completed
RTE-CHI-20230307-001,HUB-CHI,DRV-01035,VEH-0005,2023-03-07,36,1,completed
RTE-DET-20230307-001,HUB-DET,DRV-01021,VEH-0044,2023-03-07,38,0,completed
RTE-DET-20230307-002,HUB-DET,DRV-01046,VEH-0044,2023-03-07,61,0,completed
RTE-CIN-20230307-001,HUB-CIN,DRV-01034,VEH-0036,2023-03-07,64,2,completed
RTE-CMH-20230308-001,HUB-CMH,DRV-01189,VEH-0007,2023-03-08,38,0,completed
RTE-CHI-20230308-001,HUB-CHI,DRV-01005,VEH-0004,2023-03-08,22,0,completed
RTE-CHI-20230308-002,HUB-CHI,DRV-01005,VEH-0015,2023-03-08,48,3,completed
RTE-CHI-20230308-003,HUB-CHI,DRV-01017,VEH-0042,2023-03-08,26,6,completed
RTE-CHI-20230308-004,HUB-CHI,DRV-01017,VEH-0019,2023-03-08,49,0,completed
RTE-CHI-20230308-005,HUB-CHI,DRV-01007,VEH-0004,2023-03-08,61,0,completed
RTE-CHI-20230308-006,HUB-CHI,DRV-01048,VEH-0005,2023-03-08,61,0,completed
RTE-CHI-20230308-007,HUB-CHI,DRV-01005,VEH-0005,2023-03-08,44,0,completed
RTE-IND-20230308-001,HUB-IND,DRV-01031,VEH-0034,2023-03-08,34,0,completed
RTE-DET-20230308-001,HUB-DET,DRV-01037,VEH-0024,2023-03-08,60,0,completed
RTE-DET-20230308-002,HUB-DET,DRV-01014,VEH-0024,2023-03-08,63,0,completed
RTE-CIN-20230308-001,HUB-CIN,DRV-01027,VEH-0018,2023-03-08,23,0,completed
RTE-CIN-20230308-002,HUB-CIN,DRV-01002,VEH-0036,2023-03-08,59,0,completed
RTE-CHI-20230309-001,HUB-CHI,DRV-01035,VEH-0004,2023-03-09,28,6,completed
RTE-IND-20230309-001,HUB-IND,DRV-01045,VEH-0008,2023-03-09,35,3,partial
RTE-DET-20230309-001,HUB-DET,DRV-01014,VEH-0044,2023-03-09,55,0,completed
RTE-DET-20230309-002,HUB-DET,DRV-01014,VEH-0022,2023-03-09,18,0,completed
RTE-DET-20230309-003,HUB-DET,DRV-01021,VEH-0024,2023-03-09,25,0,completed
RTE-DET-20230309-004,HUB-DET,DRV-01022,VEH-0022,2023-03-09,22,3,completed
RTE-CIN-20230309-001,HUB-CIN,DRV-01025,VEH-0032,2023-03-09,47,0,completed
RTE-CIN-20230309-002,HUB-CIN,DRV-01008,VEH-0020,2023-03-09,65,5,completed
RTE-CMH-20230310-002,HUB-CMH,DRV-01049,VEH-0028,2023-03-10,18,0,partial
RTE-CMH-20230310-003,HUB-CMH,DRV-01044,VEH-0031,2023-03-10,22,0,completed
RTE-CMH-20230310-004,HUB-CMH,DRV-01043,VEH-0003,2023-03-10,27,0,completed
RTE-CHI-20230310-001,HUB-CHI,DRV-01048,VEH-0019,2023-03-10,40,0,partial
RTE-CHI-20230310-002,HUB-CHI,DRV-01035,VEH-0042,2023-03-10,48,0,completed
RTE-CHI-20230310-003,HUB-CHI,DRV-01048,VEH-0015,2023-03-10,40,0,completed
RTE-IND-20230310-001,HUB-IND,DRV-01045,VEH-0009,2023-03-10,51,0,partial
RTE-IND-20230310-002,HUB-IND,DRV-01031,VEH-0017,2023-03-10,24,0,completed
RTE-IND-20230310-003,HUB-IND,DRV-01033,VEH-0034,2023-03-10,63,0,completed
RTE-DET-20230310-001,HUB-DET,DRV-01021,VEH-0029,2023-03-10,55,5,completed
RTE-DET-20230310-002,HUB-DET,DRV-01022,VEH-0044,2023-03-10,25,0,completed
RTE-CIN-20230310-001,HUB-CIN,DRV-01025,VEH-0036,2023-03-10,50,0,completed
RTE-DET-20230311-001,HUB-DET,DRV-01037,VEH-0024,2023-03-11,32,3,completed
RTE-CHI-20230312-001,HUB-CHI,DRV-01012,VEH-0037,2023-03-12,24,1,completed
RTE-CHI-20230312-002,HUB-CHI,DRV-01007,VEH-0006,2023-03-12,63,6,partial
RTE-IND-20230312-001,HUB-IND,DRV-01042,VEH-0009,2023-03-12,41,3,completed
RTE-DET-20230312-001,HUB-DET,DRV-01021,VEH-0029,2023-03-12,33,0,completed
RTE-CMH-20230313-001,HUB-CMH,DRV-01010,VEH-0038,2023-03-13,20,0,completed
RTE-CHI-20230313-001,HUB-CHI,DRV-01005,VEH-0004,2023-03-13,34,5,completed
RTE-IND-20230313-001,HUB-IND,DRV-01188,VEH-0043,2023-03-13,23,0,completed
RTE-IND-20230313-002,HUB-IND,DRV-01031,VEH-0009,2023-03-13,38,6,completed
RTE-IND-20230313-003,HUB-IND,DRV-01031,VEH-0043,2023-03-13,38,0,completed
RTE-DET-20230313-001,HUB-DET,DRV-01046,VEH-0022,2023-03-13,40,5,completed
RTE-CMH-20230314-001,HUB-CMH,DRV-01009,VEH-0031,2023-03-14,43,0,completed
RTE-CMH-20230314-002,HUB-CMH,DRV-01001,VEH-0007,2023-03-14,36,0,completed
RTE-CMH-20230314-003,HUB-CMH,DRV-01028,VEH-0003,2023-03-14,31,0,completed
RTE-CMH-20230314-004,HUB-CMH,DRV-01036,VEH-0038,2023-03-14,33,0,completed
RTE-CMH-20230314-005,HUB-CMH,DRV-01013,VEH-0033,2023-03-14,61,0,completed
RTE-CMH-20230314-006,HUB-CMH,DRV-01049,VEH-0031,2023-03-14,30,0,completed
RTE-CHI-20230314-001,HUB-CHI,DRV-01017,VEH-0006,2023-03-14,61,4,completed
RTE-IND-20230314-001,HUB-IND,DRV-01042,VEH-0023,2023-03-14,35,0,completed
RTE-IND-20230314-002,HUB-IND,DRV-01033,VEH-0017,2023-03-14,30,0,completed
RTE-IND-20230314-003,HUB-IND,DRV-01032,VEH-0016,2023-03-14,60,0,completed
RTE-DET-20230314-001,HUB-DET,DRV-01014,VEH-0044,2023-03-14,62,5,completed
RTE-DET-20230314-002,HUB-DET,DRV-01014,VEH-0029,2023-03-14,37,0,completed
RTE-DET-20230314-003,HUB-DET,DRV-01021,VEH-0024,2023-03-14,61,0,completed
RTE-CIN-20230314-001,HUB-CIN,DRV-01019,VEH-0032,2023-03-14,59,0,completed
RTE-CIN-20230314-002,HUB-CIN,DRV-01025,VEH-0036,2023-03-14,18,0,completed
RTE-CMH-20230315-001,HUB-CMH,DRV-01049,VEH-0041,2023-03-15,40,0,completed
RTE-CMH-20230315-002,HUB-CMH,DRV-01043,VEH-0033,2023-03-15,65,0,completed
RTE-CHI-20230315-001,HUB-CHI,DRV-01012,VEH-0019,2023-03-15,18,0,completed
RTE-CHI-20230315-002,HUB-CHI,DRV-01048,VEH-0042,2023-03-15,40,0,completed
RTE-CHI-20230315-003,HUB-CHI,DRV-01048,VEH-0002,2023-03-15,35,0,completed
RTE-CHI-20230315-004,HUB-CHI,DRV-01035,VEH-0002,2023-03-15,23,0,partial
RTE-DET-20230315-001,HUB-DET,DRV-01046,VEH-0022,2023-03-15,46,3,completed
RTE-DET-20230315-002,HUB-DET,DRV-01046,VEH-0024,2023-03-15,22,0,completed
RTE-DET-20230315-003,HUB-DET,DRV-01046,VEH-0044,2023-03-15,41,0,completed
RTE-DET-20230315-004,HUB-DET,DRV-01021,VEH-0022,2023-03-15,62,0,completed
RTE-CIN-20230315-001,HUB-CIN,DRV-01034,VEH-0026,2023-03-15,46,0,completed
RTE-CIN-20230315-002,HUB-CIN,DRV-01041,VEH-0036,2023-03-15,52,0,completed
RTE-CMH-20230316-001,HUB-CMH,DRV-01015,VEH-0003,2023-03-16,33,0,completed
RTE-CMH-20230316-002,HUB-CMH,DRV-01013,VEH-0035,2023-03-16,50,0,completed
RTE-CMH-20230316-003,HUB-CMH,DRV-01009,VEH-0033,2023-03-16,46,0,completed
RTE-CMH-20230316-004,HUB-CMH,DRV-01001,VEH-0031,2023-03-16,36,0,completed
RTE-CHI-20230316-001,HUB-CHI,DRV-01047,VEH-0002,2023-03-16,65,0,completed
RTE-CHI-20230316-002,HUB-CHI,DRV-01048,VEH-0002,2023-03-16,26,2,completed
RTE-CHI-20230316-003,HUB-CHI,DRV-01005,VEH-0005,2023-03-16,53,0,completed
RTE-IND-20230316-001,HUB-IND,DRV-01031,VEH-0013,2023-03-16,57,0,completed
RTE-IND-20230316-002,HUB-IND,DRV-01045,VEH-0017,2023-03-16,53,0,partial
RTE-IND-20230316-003,HUB-IND,DRV-01032,VEH-0023,2023-03-16,53,0,completed
RTE-IND-20230316-004,HUB-IND,DRV-01024,VEH-0017,2023-03-16,53,4,completed
RTE-DET-20230316-001,HUB-DET,DRV-01037,VEH-0022,2023-03-16,48,0,completed
RTE-DET-20230316-002,HUB-DET,DRV-01037,VEH-0044,2023-03-16,28,0,completed
RTE-DET-20230316-003,HUB-DET,DRV-01014,VEH-0029,2023-03-16,44,2,completed
RTE-DET-20230316-004,HUB-DET,DRV-01046,VEH-0022,2023-03-16,44,0,completed
RTE-CIN-20230316-001,HUB-CIN,DRV-01008,VEH-0018,2023-03-16,42,0,completed
RTE-CIN-20230316-002,HUB-CIN,DRV-01041,VEH-0018,2023-03-16,41,6,completed
RTE-CIN-20230316-003,HUB-CIN,DRV-01034,VEH-0032,2023-03-16,56,0,completed
RTE-CMH-20230317-001,HUB-CMH,DRV-01028,VEH-0001,2023-03-17,42,0,completed
RTE-CMH-20230317-002,HUB-CMH,DRV-01044,VEH-0031,2023-03-17,42,0,completed
RTE-CHI-20230317-001,HUB-CHI,DRV-01048,VEH-0019,2023-03-17,60,0,completed
RTE-CHI-20230317-002,HUB-CHI,DRV-01007,VEH-0004,2023-03-17,47,0,completed
RTE-CHI-20230317-003,HUB-CHI,DRV-01012,VEH-0004,2023-03-17,59,4,completed
RTE-IND-20230317-001,HUB-IND,DRV-01033,VEH-0017,2023-03-17,27,0,completed
RTE-DET-20230317-001,HUB-DET,DRV-01014,VEH-0022,2023-03-17,61,1,partial
RTE-CIN-20230317-001,HUB-CIN,DRV-01019,VEH-0020,2023-03-17,21,0,completed
RTE-CIN-20230317-002,HUB-CIN,DRV-01025,VEH-0032,2023-03-17,22,0,completed
RTE-CHI-20230318-001,HUB-CHI,DRV-01047,VEH-0005,2023-03-18,47,0,completed
RTE-CHI-20230319-001,HUB-CHI,DRV-01047,VEH-0006,2023-03-19,18,0,completed
RTE-IND-20230319-001,HUB-IND,DRV-01024,VEH-0023,2023-03-19,52,0,completed
RTE-DET-20230319-001,HUB-DET,DRV-01037,VEH-0022,2023-03-19,46,0,completed
RTE-CHI-20230320-001,HUB-CHI,DRV-01012,VEH-0042,2023-03-20,51,0,canceled
RTE-CHI-20230320-002,HUB-CHI,DRV-01035,VEH-0015,2023-03-20,37,0,completed
RTE-CHI-20230320-003,HUB-CHI,DRV-01007,VEH-0015,2023-03-20,63,0,completed
RTE-IND-20230320-001,HUB-IND,DRV-01045,VEH-0013,2023-03-20,40,6,completed
RTE-IND-20230320-002,HUB-IND,DRV-01024,VEH-0017,2023-03-20,29,0,completed
RTE-IND-20230320-003,HUB-IND,DRV-01032,VEH-0043,2023-03-20,65,0,partial
RTE-IND-20230320-004,HUB-IND,DRV-01045,VEH-0013,2023-03-20,36,0,completed
RTE-IND-20230320-005,HUB-IND,DRV-01031,VEH-0009,2023-03-20,27,0,partial
RTE-DET-20230320-001,HUB-DET,DRV-01021,VEH-0044,2023-03-20,33,6,completed
RTE-DET-20230320-002,HUB-DET,DRV-01021,VEH-0029,2023-03-20,43,1,completed
RTE-DET-20230320-003,HUB-DET,DRV-01021,VEH-0024,2023-03-20,28,0,completed
RTE-CIN-20230320-001,HUB-CIN,DRV-01041,VEH-0027,2023-03-20,27,0,completed
RTE-CIN-20230320-002,HUB-CIN,DRV-01025,VEH-0026,2023-03-20,32,4,completed
RTE-CIN-20230320-003,HUB-CIN,DRV-01019,VEH-0025,2023-03-20,59,0,completed
RTE-CIN-20230320-004,HUB-CIN,DRV-01025,VEH-0020,2023-03-20,21,0,completed
RTE-CIN-20230320-005,HUB-CIN,DRV-01019,VEH-0025,2023-03-20,60,0,completed
RTE-CMH-20230321-001,HUB-CMH,DRV-01036,VEH-0035,2023-03-21,20,0,completed
RTE-CHI-20230321-001,HUB-CHI,DRV-01007,VEH-0019,2023-03-21,19,0,completed
RTE-IND-20230321-001,HUB-IND,DRV-01045,VEH-0009,2023-03-21,60,0,completed
RTE-CIN-20230321-001,HUB-CIN,DRV-01041,VEH-0020,2023-03-21,48,0,completed
RTE-CIN-20230321-002,HUB-CIN,DRV-01025,VEH-0036,2023-03-21,55,0,completed
RTE-CMH-20230322-001,HUB-CMH,DRV-01043,VEH-0031,2023-03-22,47,0,completed
RTE-CHI-20230322-001,HUB-CHI,DRV-01007,VEH-0015,2023-03-22,60,0,completed
RTE-CHI-20230322-002,HUB-CHI,DRV-01047,VEH-0037,2023-03-22,47,0,completed
RTE-CHI-20230322-003,HUB-CHI,DRV-01007,VEH-0004,2023-03-22,56,2,completed
RTE-IND-20230322-001,HUB-IND,DRV-01032,VEH-0034,2023-03-22,26,0,completed
RTE-IND-20230322-002,HUB-IND,DRV-01032,VEH-0008,2023-03-22,53,2,completed
RTE-DET-20230322-001,HUB-DET,DRV-01022,VEH-0024,2023-03-22,22,0,completed
RTE-CIN-20230322-001,HUB-CIN,DRV-01019,VEH-0027,2023-03-22,62,0,completed
RTE-CIN-20230322-002,HUB-CIN,DRV-01025,VEH-0025,2023-03-22,18,0,completed
RTE-CIN-20230322-003,HUB-CIN,DRV-01027,VEH-0020,2023-03-22,24,0,partial
RTE-CIN-20230322-005,HUB-CIN,DRV-01002,VEH-0018,2023-03-22,43,0,completed
RTE-CIN-20230322-006,HUB-CIN,DRV-01034,VEH-0018,2023-03-22,57,0,completed
RTE-CMH-20230323-002,HUB-CMH,DRV-01016,VEH-0038,2023-03-23,44,0,completed
RTE-CMH-20230323-003,HUB-CMH,DRV-01043,VEH-0007,2023-03-23,40,1,completed
RTE-CHI-20230323-001,HUB-CHI,DRV-01190,VEH-0006,2023-03-23,48,3,completed
RTE-CHI-20230323-002,HUB-CHI,DRV-01005,VEH-0019,2023-03-23,38,0,partial
RTE-CHI-20230323-003,HUB-CHI,DRV-01007,VEH-0006,2023-03-23,42,0,completed
RTE-IND-20230323-001,HUB-IND,DRV-01033,VEH-0043,2023-03-23,19,0,completed
RTE-IND-20230323-002,HUB-IND,DRV-01042,VEH-0009,2023-03-23,45,0,completed
RTE-DET-20230323-001,HUB-DET,DRV-01014,VEH-0022,2023-03-23,18,0,completed
RTE-CIN-20230323-001,HUB-CIN,DRV-01025,VEH-0018,2023-03-23,48,0,completed
RTE-CIN-20230323-003,HUB-CIN,DRV-01019,VEH-0027,2023-03-23,25,0,partial
RTE-CMH-20230324-002,HUB-CMH,DRV-01028,VEH-0031,2023-03-24,34,0,completed
RTE-CMH-20230324-003,HUB-CMH,DRV-01015,VEH-0021,2023-03-24,43,0,completed
RTE-CHI-20230324-001,HUB-CHI,DRV-01005,VEH-0006,2023-03-24,46,6,completed
RTE-CHI-20230324-002,HUB-CHI,DRV-01005,VEH-0004,2023-03-24,62,0,completed
RTE-CHI-20230324-003,HUB-CHI,DRV-01048,VEH-0037,2023-03-24,27,0,canceled
RTE-CHI-20230324-005,HUB-CHI,DRV-01035,VEH-0037,2023-03-24,23,0,completed
RTE-CHI-20230324-006,HUB-CHI,DRV-01005,VEH-0037,2023-03-24,28,3,completed
RTE-CHI-20230324-007,HUB-CHI,DRV-01012,VEH-0037,2023-03-24,52,0,completed
RTE-IND-20230324-001,HUB-IND,DRV-01045,VEH-0017,2023-03-24,52,0,partial
RTE-DET-20230324-001,HUB-DET,DRV-01022,VEH-0022,2023-03-24,26,0,completed
RTE-CIN-20230324-001,HUB-CIN,DRV-01019,VEH-0032,2023-03-24,42,0,partial
RTE-CIN-20230324-002,HUB-CIN,DRV-01002,VEH-0027,2023-03-24,42,0,completed
RTE-CIN-20230324-003,HUB-CIN,DRV-01002,VEH-0026,2023-03-24,31,4,completed
RTE-CMH-20230325-001,HUB-CMH,DRV-01044,VEH-0001,2023-03-25,43,0,partial
RTE-CHI-20230325-001,HUB-CHI,DRV-01048,VEH-0037,2023-03-25,20,0,completed
RTE-CHI-20230325-002,HUB-CHI,DRV-01047,VEH-0015,2023-03-25,37,0,completed
RTE-IND-20230325-001,HUB-IND,DRV-01042,VEH-0034,2023-03-25,64,6,completed
RTE-CIN-20230325-001,HUB-CIN,DRV-01034,VEH-0025,2023-03-25,58,0,completed
RTE-CIN-20230325-002,HUB-CIN,DRV-01025,VEH-0025,2023-03-25,53,0,completed
RTE-CIN-20230325-003,HUB-CIN,DRV-01025,VEH-0020,2023-03-25,38,5,completed
RTE-CMH-20230326-001,HUB-CMH,DRV-01009,VEH-0007,2023-03-26,45,0,completed
RTE-CHI-20230326-001,HUB-CHI,DRV-01007,VEH-0037,2023-03-26,54,0,completed
RTE-DET-20230326-001,HUB-DET,DRV-01022,VEH-0022,2023-03-26,30,5,completed
RTE-CMH-20230327-001,HUB-CMH,DRV-01036,VEH-0028,2023-03-27,22,0,completed
RTE-CHI-20230327-001,HUB-CHI,DRV-01017,VEH-0002,2023-03-27,27,0,completed
RTE-IND-20230327-001,HUB-IND,DRV-01045,VEH-0023,2023-03-27,60,5,completed
RTE-IND-20230327-003,HUB-IND,DRV-01045,VEH-0013,2023-03-27,57,0,completed
RTE-IND-20230327-004,HUB-IND,DRV-01024,VEH-0016,2023-03-27,44,0,completed
RTE-IND-20230327-005,HUB-IND,DRV-01033,VEH-0017,2023-03-27,34,0,completed
RTE-DET-20230327-001,HUB-DET,DRV-01021,VEH-0024,2023-03-27,54,0,completed
RTE-DET-20230327-003,HUB-DET,DRV-01021,VEH-0024,2023-03-27,44,1,completed
RTE-DET-20230327-004,HUB-DET,DRV-01037,VEH-0029,2023-03-27,36,0,completed
RTE-CIN-20230327-001,HUB-CIN,DRV-01027,VEH-0027,2023-03-27,52,0,completed
RTE-CIN-20230327-002,HUB-CIN,DRV-01041,VEH-0025,2023-03-27,40,0,completed
RTE-IND-20230328-001,HUB-IND,DRV-01045,VEH-0016,2023-03-28,35,0,completed
RTE-IND-20230328-002,HUB-IND,DRV-01188,VEH-0009,2023-03-28,48,0,completed
RTE-DET-20230328-001,HUB-DET,DRV-01021,VEH-0022,2023-03-28,42,0,completed
RTE-CIN-20230328-001,HUB-CIN,DRV-01002,VEH-0026,2023-03-28,65,0,completed
RTE-CIN-20230328-002,HUB-CIN,DRV-01027,VEH-0026,2023-03-28,50,0,completed
RTE-CIN-20230328-003,HUB-CIN,DRV-01019,VEH-0032,2023-03-28,31,0,completed
RTE-CIN-20230328-004,HUB-CIN,DRV-01008,VEH-0027,2023-03-28,56,0,completed
RTE-CHI-20230329-001,HUB-CHI,DRV-01190,VEH-0006,2023-03-29,36,0,completed
RTE-IND-20230329-001,HUB-IND,DRV-01033,VEH-0043,2023-03-29,18,0,completed
RTE-DET-20230329-001,HUB-DET,DRV-01014,VEH-0024,2023-03-29,58,0,completed
RTE-DET-20230329-002,HUB-DET,DRV-01046,VEH-0029,2023-03-29,31,0,completed
RTE-DET-20230329-003,HUB-DET,DRV-01014,VEH-0024,2023-03-29,56,0,completed
RTE-CIN-20230329-001,HUB-CIN,DRV-01034,VEH-0020,2023-03-29,35,0,completed
RTE-CIN-20230329-002,HUB-CIN,DRV-01041,VEH-0020,2023-03-29,27,0,completed
RTE-CMH-20230330-001,HUB-CMH,DRV-01001,VEH-0038,2023-03-30,37,0,completed
RTE-CMH-20230330-002,HUB-CMH,DRV-01001,VEH-0033,2023-03-30,49,2,completed
RTE-CHI-20230330-001,HUB-CHI,DRV-01190,VEH-0004,2023-03-30,25,0,completed
RTE-CHI-20230330-002,HUB-CHI,DRV-01012,VEH-0005,2023-03-30,52,0,partial
RTE-DET-20230330-001,HUB-DET,DRV-01046,VEH-0024,2023-03-30,61,0,completed
RTE-DET-20230330-002,HUB-DET,DRV-01037,VEH-0022,2023-03-30,54,0,completed
RTE-DET-20230330-003,HUB-DET,DRV-01022,VEH-0044,2023-03-30,56,5,completed
RTE-CIN-20230330-001,HUB-CIN,DRV-01034,VEH-0020,2023-03-30,63,0,completed
RTE-CIN-20230330-002,HUB-CIN,DRV-01041,VEH-0026,2023-03-30,24,0,completed
RTE-CIN-20230330-003,HUB-CIN,DRV-01034,VEH-0032,2023-03-30,24,0,completed
RTE-CMH-20230331-001,HUB-CMH,DRV-01028,VEH-0028,2023-03-31,35,0,partial
RTE-DET-20230331-001,HUB-DET,DRV-01021,VEH-0044,2023-03-31,20,0,completed
RTE-DET-20230331-002,HUB-DET,DRV-01021,VEH-0024,2023-03-31,63,0,completed
RTE-DET-20230331-003,HUB-DET,DRV-01021,VEH-0044,2023-03-31,52,0,completed
RTE-CIN-20230331-001,HUB-CIN,DRV-01025,VEH-0032,2023-03-31,30,3,completed
RTE-CIN-20230331-002,HUB-CIN,DRV-01002,VEH-0027,2023-03-31,30,2,completed
RTE-CHI-20230401-001,HUB-CHI,DRV-01035,VEH-0004,2023-04-01,62,0,completed
RTE-CHI-20230402-001,HUB-CHI,DRV-01035,VEH-0004,2023-04-02,63,0,completed
RTE-CHI-20230402-002,HUB-CHI,DRV-01007,VEH-0037,2023-04-02,51,0,completed
RTE-IND-20230402-001,HUB-IND,DRV-01031,VEH-0023,2023-04-02,39,0,partial
RTE-DET-20230402-001,HUB-DET,DRV-01037,VEH-0029,2023-04-02,26,3,completed
RTE-CMH-20230403-001,HUB-CMH,DRV-01028,VEH-0001,2023-04-03,35,0,completed
RTE-CMH-20230403-002,HUB-CMH,DRV-01039,VEH-0041,2023-04-03,60,0,completed
RTE-CMH-20230403-003,HUB-CMH,DRV-01049,VEH-0041,2023-04-03,30,0,completed
RTE-CMH-20230403-004,HUB-CMH,DRV-01036,VEH-0003,2023-04-03,65,4,completed
RTE-CHI-20230403-001,HUB-CHI,DRV-01017,VEH-0004,2023-04-03,44,0,completed
RTE-CHI-20230403-002,HUB-CHI,DRV-01190,VEH-0015,2023-04-03,46,2,completed
RTE-IND-20230403-001,HUB-IND,DRV-01042,VEH-0013,2023-04-03,52,0,completed
RTE-IND-20230403-002,HUB-IND,DRV-01024,VEH-0008,2023-04-03,60,0,completed
RTE-IND-20230403-003,HUB-IND,DRV-01031,VEH-0009,2023-04-03,22,0,completed
RTE-IND-20230403-004,HUB-IND,DRV-01045,VEH-0008,2023-04-03,56,0,completed
RTE-IND-20230403-005,HUB-IND,DRV-01188,VEH-0017,2023-04-03,28,0,completed
RTE-IND-20230403-006,HUB-IND,DRV-01033,VEH-0016,2023-04-03,58,0,completed
RTE-DET-20230403-001,HUB-DET,DRV-01046,VEH-0044,2023-04-03,32,0,completed
RTE-DET-20230403-002,HUB-DET,DRV-01037,VEH-0029,2023-04-03,32,0,completed
RTE-CMH-20230404-001,HUB-CMH,DRV-01044,VEH-0033,2023-04-04,26,0,completed
RTE-CMH-20230404-002,HUB-CMH,DRV-01036,VEH-0038,2023-04-04,43,0,completed
RTE-CHI-20230404-001,HUB-CHI,DRV-01047,VEH-0019,2023-04-04,63,0,completed
RTE-IND-20230404-001,HUB-IND,DRV-01045,VEH-0017,2023-04-04,53,0,completed
RTE-IND-20230404-002,HUB-IND,DRV-01024,VEH-0016,2023-04-04,57,0,completed
RTE-DET-20230404-001,HUB-DET,DRV-01014,VEH-0022,2023-04-04,64,6,completed
RTE-DET-20230404-002,HUB-DET,DRV-01021,VEH-0022,2023-04-04,48,0,completed
RTE-DET-20230404-003,HUB-DET,DRV-01037,VEH-0044,2023-04-04,31,0,completed
RTE-CIN-20230404-001,HUB-CIN,DRV-01008,VEH-0025,2023-04-04,65,0,completed
RTE-CIN-20230404-002,HUB-CIN,DRV-01019,VEH-0036,2023-04-04,33,0,completed
RTE-CIN-20230404-003,HUB-CIN,DRV-01019,VEH-0020,2023-04-04,25,2,completed
RTE-CMH-20230405-001,HUB-CMH,DRV-01044,VEH-0028,2023-04-05,35,5,completed
RTE-CMH-20230405-002,HUB-CMH,DRV-01015,VEH-0007,2023-04-05,40,0,completed
RTE-CMH-20230405-003,HUB-CMH,DRV-01043,VEH-0035,2023-04-05,53,0,completed
RTE-CMH-20230405-004,HUB-CMH,DRV-01039,VEH-0033,2023-04-05,28,0,completed
RTE-CMH-20230405-005,HUB-CMH,DRV-01016,VEH-0007,2023-04-05,57,0,completed
RTE-CHI-20230405-001,HUB-CHI,DRV-01035,VEH-0002,2023-04-05,56,6,completed
RTE-CHI-20230405-002,HUB-CHI,DRV-01007,VEH-0006,2023-04-05,44,0,completed
RTE-IND-20230405-001,HUB-IND,DRV-01188,VEH-0009,2023-04-05,19,2,completed
RTE-IND-20230405-002,HUB-IND,DRV-01032,VEH-0016,2023-04-05,30,0,partial
RTE-IND-20230405-003,HUB-IND,DRV-01188,VEH-0016,2023-04-05,29,2,completed
RTE-IND-20230405-004,HUB-IND,DRV-01024,VEH-0016,2023-04-05,20,0,completed
RTE-IND-20230405-005,HUB-IND,DRV-01024,VEH-0043,2023-04-05,34,0,completed
RTE-DET-20230405-001,HUB-DET,DRV-01046,VEH-0022,2023-04-05,65,5,completed
RTE-DET-20230405-002,HUB-DET,DRV-01014,VEH-0024,2023-04-05,50,0,completed
RTE-DET-20230405-003,HUB-DET,DRV-01014,VEH-0044,2023-04-05,65,0,completed
RTE-CIN-20230405-001,HUB-CIN,DRV-01019,VEH-0026,2023-04-05,19,0,completed
RTE-CIN-20230405-002,HUB-CIN,DRV-01034,VEH-0025,2023-04-05,44,0,completed
RTE-CIN-20230405-003,HUB-CIN,DRV-01034,VEH-0032,2023-04-05,52,0,completed
RTE-CMH-20230406-001,HUB-CMH,DRV-01189,VEH-0033,2023-04-06,52,0,completed
RTE-CMH-20230406-002,HUB-CMH,DRV-01028,VEH-0021,2023-04-06,46,5,completed
RTE-CMH-20230406-003,HUB-CMH,DRV-01013,VEH-0035,2023-04-06,25,0,completed
RTE-CHI-20230406-001,HUB-CHI,DRV-01005,VEH-0015,2023-04-06,46,0,completed
RTE-IND-20230406-001,HUB-IND,DRV-01188,VEH-0016,2023-04-06,29,0,completed
RTE-IND-20230406-002,HUB-IND,DRV-01188,VEH-0034,2023-04-06,19,0,completed
RTE-IND-20230406-003,HUB-IND,DRV-01031,VEH-0043,2023-04-06,56,0,completed
RTE-DET-20230406-001,HUB-DET,DRV-01022,VEH-0044,2023-04-06,48,6,completed
RTE-DET-20230406-002,HUB-DET,DRV-01046,VEH-0022,2023-04-06,46,0,completed
RTE-DET-20230406-003,HUB-DET,DRV-01021,VEH-0044,2023-04-06,30,0,completed
RTE-CIN-20230406-001,HUB-CIN,DRV-01008,VEH-0036,2023-04-06,46,0,completed
RTE-CHI-20230407-001,HUB-CHI,DRV-01035,VEH-0005,2023-04-07,32,0,completed
RTE-IND-20230407-001,HUB-IND,DRV-01042,VEH-0009,2023-04-07,60,1,completed
RTE-IND-20230407-002,HUB-IND,DRV-01033,VEH-0013,2023-04-07,45,0,completed
RTE-CIN-20230407-001,HUB-CIN,DRV-01034,VEH-0027,2023-04-07,19,0,completed
RTE-CIN-20230407-002,HUB-CIN,DRV-01027,VEH-0025,2023-04-07,61,4,completed
RTE-DET-20230408-001,HUB-DET,DRV-01037,VEH-0029,2023-04-08,61,0,completed
RTE-DET-20230408-002,HUB-DET,DRV-01021,VEH-0022,2023-04-08,38,2,completed
RTE-CIN-20230408-001,HUB-CIN,DRV-01002,VEH-0018,2023-04-08,38,0,completed
RTE-IND-20230409-001,HUB-IND,DRV-01045,VEH-0016,2023-04-09,27,0,partial
RTE-DET-20230409-001,HUB-DET,DRV-01046,VEH-0024,2023-04-09,31,0,completed
RTE-DET-20230409-002,HUB-DET,DRV-01022,VEH-0022,2023-04-09,23,0,completed
RTE-CMH-20230410-001,HUB-CMH,DRV-01010,VEH-0041,2023-04-10,54,0,completed
RTE-CMH-20230410-002,HUB-CMH,DRV-01043,VEH-0041,2023-04-10,30,0,completed
RTE-CMH-20230410-003,HUB-CMH,DRV-01039,VEH-0007,2023-04-10,37,0,canceled
RTE-CMH-20230410-004,HUB-CMH,DRV-01015,VEH-0021,2023-04-10,19,0,completed
RTE-CHI-20230410-001,HUB-CHI,DRV-01048,VEH-0019,2023-04-10,58,5,completed
RTE-CHI-20230410-002,HUB-CHI,DRV-01017,VEH-0019,2023-04-10,34,0,completed
RTE-IND-20230410-001,HUB-IND,DRV-01031,VEH-0009,2023-04-10,35,0,completed
RTE-DET-20230410-001,HUB-DET,DRV-01022,VEH-0044,2023-04-10,35,0,completed
RTE-CIN-20230410-001,HUB-CIN,DRV-01008,VEH-0020,2023-04-10,38,0,completed
RTE-CMH-20230411-001,HUB-CMH,DRV-01015,VEH-0031,2023-04-11,46,0,completed
RTE-CMH-20230411-002,HUB-CMH,DRV-01049,VEH-0021,2023-04-11,33,0,completed
RTE-CHI-20230411-001,HUB-CHI,DRV-01035,VEH-0019,2023-04-11,61,5,completed
RTE-CHI-20230411-002,HUB-CHI,DRV-01007,VEH-0037,2023-04-11,29,0,partial
RTE-IND-20230411-001,HUB-IND,DRV-01188,VEH-0034,2023-04-11,28,0,completed
RTE-IND-20230411-002,HUB-IND,DRV-01188,VEH-0023,2023-04-11,31,0,completed
RTE-IND-20230411-003,HUB-IND,DRV-01024,VEH-0009,2023-04-11,59,0,completed
RTE-DET-20230411-001,HUB-DET,DRV-01022,VEH-0024,2023-04-11,30,5,completed
RTE-DET-20230411-002,HUB-DET,DRV-01037,VEH-0024,2023-04-11,37,0,completed
RTE-DET-20230411-003,HUB-DET,DRV-01022,VEH-0044,2023-04-11,32,0,completed
RTE-DET-20230411-004,HUB-DET,DRV-01046,VEH-0024,2023-04-11,40,1,completed
RTE-CIN-20230411-001,HUB-CIN,DRV-01019,VEH-0025,2023-04-11,44,0,completed
RTE-CIN-20230411-002,HUB-CIN,DRV-01027,VEH-0032,2023-04-11,48,4,partial
RTE-CIN-20230411-003,HUB-CIN,DRV-01025,VEH-0032,2023-04-11,35,0,completed
RTE-CMH-20230412-002,HUB-CMH,DRV-01028,VEH-0007,2023-04-12,22,0,completed
RTE-CMH-20230412-003,HUB-CMH,DRV-01036,VEH-0028,2023-04-12,42,0,completed
RTE-CMH-20230412-004,HUB-CMH,DRV-01189,VEH-0035,2023-04-12,36,0,completed
RTE-CMH-20230412-005,HUB-CMH,DRV-01015,VEH-0033,2023-04-12,26,0,completed
RTE-CMH-20230412-006,HUB-CMH,DRV-01036,VEH-0031,2023-04-12,18,0,completed
RTE-CMH-20230412-007,HUB-CMH,DRV-01028,VEH-0038,2023-04-12,57,0,completed
RTE-CHI-20230412-001,HUB-CHI,DRV-01007,VEH-0002,2023-04-12,60,0,completed
RTE-CHI-20230412-002,HUB-CHI,DRV-01007,VEH-0006,2023-04-12,36,0,completed
RTE-CHI-20230412-003,HUB-CHI,DRV-01048,VEH-0002,2023-04-12,31,0,completed
RTE-CHI-20230412-004,HUB-CHI,DRV-01035,VEH-0002,2023-04-12,19,0,completed
RTE-CHI-20230412-005,HUB-CHI,DRV-01047,VEH-0005,2023-04-12,64,0,completed
RTE-IND-20230412-001,HUB-IND,DRV-01188,VEH-0009,2023-04-12,48,0,completed
RTE-IND-20230412-002,HUB-IND,DRV-01024,VEH-0017,2023-04-12,27,0,completed
RTE-DET-20230412-001,HUB-DET,DRV-01022,VEH-0044,2023-04-12,50,0,completed
RTE-DET-20230412-003,HUB-DET,DRV-01046,VEH-0044,2023-04-12,57,4,completed
RTE-DET-20230412-004,HUB-DET,DRV-01014,VEH-0022,2023-04-12,31,0,completed
RTE-DET-20230412-005,HUB-DET,DRV-01046,VEH-0024,2023-04-12,38,5,completed
RTE-DET-20230412-006,HUB-DET,DRV-01021,VEH-0029,2023-04-12,64,0,partial
RTE-DET-20230412-007,HUB-DET,DRV-01022,VEH-0029,2023-04-12,28,0,completed
RTE-IND-20230413-001,HUB-IND,DRV-01031,VEH-0016,2023-04-13,29,0,completed
RTE-IND-20230413-002,HUB-IND,DRV-01032,VEH-0009,2023-04-13,28,0,completed
RTE-DET-20230413-001,HUB-DET,DRV-01022,VEH-0022,2023-04-13,35,1,completed
RTE-CIN-20230413-001,HUB-CIN,DRV-01025,VEH-0025,2023-04-13,49,0,completed
RTE-CMH-20230414-001,HUB-CMH,DRV-01039,VEH-0031,2023-04-14,42,0,completed
RTE-CMH-20230414-002,HUB-CMH,DRV-01044,VEH-0007,2023-04-14,34,0,completed
RTE-CMH-20230414-003,HUB-CMH,DRV-01043,VEH-0041,2023-04-14,19,0,completed
RTE-CMH-20230414-004,HUB-CMH,DRV-01010,VEH-0028,2023-04-14,22,0,completed
RTE-CMH-20230414-005,HUB-CMH,DRV-01044,VEH-0028,2023-04-14,26,0,completed
RTE-CHI-20230414-002,HUB-CHI,DRV-01005,VEH-0015,2023-04-14,24,0,partial
RTE-CHI-20230414-003,HUB-CHI,DRV-01005,VEH-0005,2023-04-14,21,0,completed
RTE-IND-20230414-001,HUB-IND,DRV-01032,VEH-0034,2023-04-14,25,0,completed
RTE-IND-20230414-002,HUB-IND,DRV-01033,VEH-0009,2023-04-14,35,5,completed
RTE-IND-20230414-003,HUB-IND,DRV-01045,VEH-0008,2023-04-14,58,0,completed
RTE-DET-20230414-001,HUB-DET,DRV-01037,VEH-0024,2023-04-14,37,3,completed
RTE-DET-20230414-004,HUB-DET,DRV-01021,VEH-0022,2023-04-14,50,0,completed
RTE-DET-20230414-005,HUB-DET,DRV-01021,VEH-0044,2023-04-14,60,0,partial
RTE-DET-20230414-006,HUB-DET,DRV-01037,VEH-0044,2023-04-14,62,0,completed
RTE-DET-20230414-007,HUB-DET,DRV-01022,VEH-0024,2023-04-14,22,0,completed
RTE-CIN-20230414-001,HUB-CIN,DRV-01008,VEH-0025,2023-04-14,56,0,completed
RTE-CIN-20230414-002,HUB-CIN,DRV-01027,VEH-0026,2023-04-14,52,0,completed
RTE-CIN-20230414-003,HUB-CIN,DRV-01025,VEH-0025,2023-04-14,18,0,completed
RTE-CMH-20230415-001,HUB-CMH,DRV-01040,VEH-0021,2023-04-15,21,0,completed
RTE-CHI-20230415-001,HUB-CHI,DRV-01017,VEH-0037,2023-04-15,51,0,completed
RTE-IND-20230415-001,HUB-IND,DRV-01045,VEH-0016,2023-04-15,26,3,completed
RTE-DET-20230415-001,HUB-DET,DRV-01046,VEH-0024,2023-04-15,42,0,completed
RTE-CHI-20230416-001,HUB-CHI,DRV-01190,VEH-0006,2023-04-16,65,0,completed
RTE-DET-20230416-001,HUB-DET,DRV-01046,VEH-0022,2023-04-16,46,0,completed
RTE-CIN-20230416-001,HUB-CIN,DRV-01019,VEH-0026,2023-04-16,45,0,completed
RTE-CMH-20230417-001,HUB-CMH,DRV-01013,VEH-0033,2023-04-17,26,0,completed
RTE-CMH-20230417-002,HUB-CMH,DRV-01039,VEH-0001,2023-04-17,33,5,completed
RTE-CHI-20230417-001,HUB-CHI,DRV-01047,VEH-0006,2023-04-17,47,0,completed
RTE-CHI-20230417-002,HUB-CHI,DRV-01190,VEH-0005,2023-04-17,46,0,completed
RTE-IND-20230417-001,HUB-IND,DRV-01032,VEH-0013,2023-04-17,49,0,completed
RTE-IND-20230417-002,HUB-IND,DRV-01045,VEH-0008,2023-04-17,24,0,completed
RTE-IND-20230417-003,HUB-IND,DRV-01042,VEH-0017,2023-04-17,57,0,completed
RTE-DET-20230417-001,HUB-DET,DRV-01014,VEH-0022,2023-04-17,58,0,completed
RTE-DET-20230417-002,HUB-DET,DRV-01046,VEH-0024,2023-04-17,36,0,completed
RTE-DET-20230417-003,HUB-DET,DRV-01014,VEH-0022,2023-04-17,54,0,completed
RTE-CIN-20230417-001,HUB-CIN,DRV-01008,VEH-0027,2023-04-17,37,0,partial
RTE-CIN-20230417-002,HUB-CIN,DRV-01002,VEH-0025,2023-04-17,28,0,completed
RTE-CHI-20230418-001,HUB-CHI,DRV-01012,VEH-0019,2023-04-18,24,0,completed
RTE-IND-20230418-001,HUB-IND,DRV-01033,VEH-0008,2023-04-18,31,0,completed
RTE-IND-20230418-002,HUB-IND,DRV-01024,VEH-0034,2023-04-18,27,0,completed
RTE-DET-20230418-001,HUB-DET,DRV-01014,VEH-0024,2023-04-18,21,0,completed
RTE-DET-20230418-002,HUB-DET,DRV-01021,VEH-0044,2023-04-18,22,0,completed
RTE-DET-20230418-003,HUB-DET,DRV-01046,VEH-0044,2023-04-18,57,0,partial
RTE-DET-20230418-004,HUB-DET,DRV-01021,VEH-0029,2023-04-18,29,1,completed
RTE-CIN-20230418-001,HUB-CIN,DRV-01027,VEH-0026,2023-04-18,50,2,completed
RTE-CMH-20230419-001,HUB-CMH,DRV-01043,VEH-0001,2023-04-19,30,0,completed
RTE-CMH-20230419-002,HUB-CMH,DRV-01009,VEH-0035,2023-04-19,29,0,completed
RTE-CMH-20230419-003,HUB-CMH,DRV-01001,VEH-0031,2023-04-19,42,0,completed
RTE-CHI-20230419-001,HUB-CHI,DRV-01048,VEH-0005,2023-04-19,65,0,completed
RTE-CHI-20230419-003,HUB-CHI,DRV-01035,VEH-0042,2023-04-19,52,0,completed
RTE-CHI-20230419-005,HUB-CHI,DRV-01012,VEH-0006,2023-04-19,52,2,completed
RTE-CHI-20230419-006,HUB-CHI,DRV-01007,VEH-0019,2023-04-19,32,0,partial
RTE-IND-20230419-001,HUB-IND,DRV-01031,VEH-0008,2023-04-19,38,5,completed
RTE-DET-20230419-001,HUB-DET,DRV-01021,VEH-0029,2023-04-19,23,2,completed
RTE-DET-20230419-002,HUB-DET,DRV-01022,VEH-0024,2023-04-19,35,6,partial
RTE-DET-20230419-003,HUB-DET,DRV-01021,VEH-0029,2023-04-19,52,0,completed
RTE-CIN-20230419-001,HUB-CIN,DRV-01041,VEH-0027,2023-04-19,63,0,completed
RTE-CIN-20230419-002,HUB-CIN,DRV-01041,VEH-0027,2023-04-19,58,0,completed
RTE-CMH-20230420-001,HUB-CMH,DRV-01028,VEH-0041,2023-04-20,43,0,completed
RTE-CMH-20230420-002,HUB-CMH,DRV-01040,VEH-0021,2023-04-20,33,3,partial
RTE-CMH-20230420-003,HUB-CMH,DRV-01043,VEH-0038,2023-04-20,24,0,completed
RTE-CHI-20230420-001,HUB-CHI,DRV-01190,VEH-0002,2023-04-20,40,0,completed
RTE-CHI-20230420-002,HUB-CHI,DRV-01035,VEH-0037,2023-04-20,56,0,completed
RTE-CHI-20230420-004,HUB-CHI,DRV-01017,VEH-0042,2023-04-20,61,6,completed
RTE-CHI-20230420-005,HUB-CHI,DRV-01048,VEH-0004,2023-04-20,23,0,completed
RTE-IND-20230420-001,HUB-IND,DRV-01024,VEH-0023,2023-04-20,61,0,completed
RTE-CMH-20230421-001,HUB-CMH,DRV-01044,VEH-0035,2023-04-21,65,0,completed
RTE-CHI-20230421-001,HUB-CHI,DRV-01047,VEH-0005,2023-04-21,22,0,completed
RTE-CHI-20230421-002,HUB-CHI,DRV-01017,VEH-0015,2023-04-21,65,5,completed
RTE-CHI-20230421-004,HUB-CHI,DRV-01047,VEH-0006,2023-04-21,51,0,completed
RTE-IND-20230421-001,HUB-IND,DRV-01033,VEH-0013,2023-04-21,59,0,completed
RTE-IND-20230421-002,HUB-IND,DRV-01024,VEH-0043,2023-04-21,59,0,completed
RTE-DET-20230421-001,HUB-DET,DRV-01046,VEH-0022,2023-04-21,65,0,completed
RTE-DET-20230421-002,HUB-DET,DRV-01046,VEH-0044,2023-04-21,30,0,partial
RTE-CIN-20230421-001,HUB-CIN,DRV-01034,VEH-0020,2023-04-21,52,0,completed
RTE-CMH-20230422-001,HUB-CMH,DRV-01043,VEH-0041,2023-04-22,48,0,completed
RTE-CMH-20230423-001,HUB-CMH,DRV-01044,VEH-0021,2023-04-23,56,0,completed
RTE-CMH-20230423-002,HUB-CMH,DRV-01036,VEH-0021,2023-04-23,56,0,completed
RTE-CHI-20230423-001,HUB-CHI,DRV-01047,VEH-0006,2023-04-23,48,6,partial
RTE-CHI-20230423-002,HUB-CHI,DRV-01047,VEH-0019,2023-04-23,33,3,completed
RTE-IND-20230423-001,HUB-IND,DRV-01042,VEH-0034,2023-04-23,58,5,completed
RTE-IND-20230423-002,HUB-IND,DRV-01045,VEH-0023,2023-04-23,60,0,completed
RTE-IND-20230423-003,HUB-IND,DRV-01045,VEH-0016,2023-04-23,31,0,completed
RTE-CIN-20230423-001,HUB-CIN,DRV-01025,VEH-0026,2023-04-23,20,0,partial
RTE-CMH-20230424-001,HUB-CMH,DRV-01015,VEH-0035,2023-04-24,37,0,partial
RTE-CMH-20230424-002,HUB-CMH,DRV-01036,VEH-0003,2023-04-24,60,0,completed
RTE-CMH-20230424-003,HUB-CMH,DRV-01040,VEH-0007,2023-04-24,30,0,completed
RTE-CHI-20230424-002,HUB-CHI,DRV-01017,VEH-0042,2023-04-24,63,0,completed
RTE-IND-20230424-001,HUB-IND,DRV-01031,VEH-0009,2023-04-24,18,0,completed
RTE-IND-20230424-003,HUB-IND,DRV-01033,VEH-0043,2023-04-24,19,0,completed
RTE-IND-20230424-004,HUB-IND,DRV-01045,VEH-0013,2023-04-24,22,0,completed
RTE-DET-20230424-001,HUB-DET,DRV-01021,VEH-0024,2023-04-24,53,0,completed
RTE-DET-20230424-002,HUB-DET,DRV-01021,VEH-0029,2023-04-24,47,0,completed
RTE-DET-20230424-003,HUB-DET,DRV-01014,VEH-0044,2023-04-24,62,0,completed
RTE-CIN-20230424-001,HUB-CIN,DRV-01025,VEH-0036,2023-04-24,24,4,completed
RTE-CIN-20230424-002,HUB-CIN,DRV-01027,VEH-0026,2023-04-24,40,0,completed
RTE-CIN-20230424-003,HUB-CIN,DRV-01041,VEH-0018,2023-04-24,26,0,completed
RTE-CMH-20230425-001,HUB-CMH,DRV-01189,VEH-0033,2023-04-25,18,6,partial
RTE-CMH-20230425-002,HUB-CMH,DRV-01043,VEH-0041,2023-04-25,48,0,completed
RTE-CHI-20230425-001,HUB-CHI,DRV-01007,VEH-0005,2023-04-25,25,0,completed
RTE-IND-20230425-001,HUB-IND,DRV-01024,VEH-0008,2023-04-25,56,0,completed
RTE-IND-20230425-002,HUB-IND,DRV-01031,VEH-0009,2023-04-25,31,0,completed
RTE-IND-20230425-003,HUB-IND,DRV-01033,VEH-0008,2023-04-25,47,4,completed
RTE-DET-20230425-001,HUB-DET,DRV-01014,VEH-0022,2023-04-25,29,0,completed
RTE-DET-20230425-002,HUB-DET,DRV-01021,VEH-0024,2023-04-25,56,0,completed
RTE-CIN-20230425-001,HUB-CIN,DRV-01034,VEH-0025,2023-04-25,38,0,completed
RTE-CIN-20230425-002,HUB-CIN,DRV-01019,VEH-0026,2023-04-25,46,2,completed
RTE-CMH-20230426-001,HUB-CMH,DRV-01039,VEH-0031,2023-04-26,36,0,completed
RTE-CMH-20230426-003,HUB-CMH,DRV-01043,VEH-0041,2023-04-26,42,0,completed
RTE-CMH-20230426-004,HUB-CMH,DRV-01044,VEH-0003,2023-04-26,38,0,completed
RTE-CHI-20230426-001,HUB-CHI,DRV-01048,VEH-0015,2023-04-26,32,3,completed
RTE-CHI-20230426-002,HUB-CHI,DRV-01005,VEH-0037,2023-04-26,40,0,completed
RTE-CHI-20230426-003,HUB-CHI,DRV-01012,VEH-0005,2023-04-26,47,0,completed
RTE-IND-20230426-001,HUB-IND,DRV-01042,VEH-0023,2023-04-26,20,0,completed
RTE-IND-20230426-002,HUB-IND,DRV-01042,VEH-0009,2023-04-26,52,0,completed
RTE-CIN-20230426-001,HUB-CIN,DRV-01002,VEH-0020,2023-04-26,50,0,completed
RTE-CIN-20230426-002,HUB-CIN,DRV-01041,VEH-0025,2023-04-26,40,0,partial
RTE-CIN-20230426-003,HUB-CIN,DRV-01034,VEH-0018,2023-04-26,65,0,completed
RTE-CIN-20230426-004,HUB-CIN,DRV-01002,VEH-0032,2023-04-26,19,0,partial
RTE-CMH-20230427-001,HUB-CMH,DRV-01049,VEH-0021,2023-04-27,64,0,completed
RTE-CMH-20230427-002,HUB-CMH,DRV-01009,VEH-0001,2023-04-27,47,2,completed
RTE-CMH-20230427-003,HUB-CMH,DRV-01016,VEH-0007,2023-04-27,54,6,completed
RTE-CHI-20230427-001,HUB-CHI,DRV-01035,VEH-0006,2023-04-27,55,0,completed
RTE-CHI-20230427-002,HUB-CHI,DRV-01005,VEH-0019,2023-04-27,26,4,completed
RTE-CHI-20230427-003,HUB-CHI,DRV-01005,VEH-0006,2023-04-27,29,0,completed
RTE-IND-20230427-001,HUB-IND,DRV-01045,VEH-0008,2023-04-27,30,0,completed
RTE-IND-20230427-002,HUB-IND,DRV-01042,VEH-0043,2023-04-27,65,0,completed
RTE-DET-20230427-001,HUB-DET,DRV-01014,VEH-0029,2023-04-27,20,1,completed
RTE-DET-20230427-002,HUB-DET,DRV-01014,VEH-0029,2023-04-27,47,0,completed
RTE-CIN-20230427-001,HUB-CIN,DRV-01025,VEH-0020,2023-04-27,55,0,completed
RTE-CIN-20230427-002,HUB-CIN,DRV-01027,VEH-0032,2023-04-27,33,0,completed
RTE-CMH-20230428-001,HUB-CMH,DRV-01001,VEH-0031,2023-04-28,56,0,completed
RTE-CMH-20230428-002,HUB-CMH,DRV-01015,VEH-0021,2023-04-28,61,0,completed
RTE-CMH-20230428-003,HUB-CMH,DRV-01016,VEH-0035,2023-04-28,33,0,completed
RTE-CMH-20230428-004,HUB-CMH,DRV-01049,VEH-0028,2023-04-28,39,0,completed
RTE-CMH-20230428-005,HUB-CMH,DRV-01043,VEH-0041,2023-04-28,38,0,completed
RTE-CHI-20230428-001,HUB-CHI,DRV-01012,VEH-0002,2023-04-28,46,0,completed
RTE-DET-20230428-001,HUB-DET,DRV-01021,VEH-0024,2023-04-28,19,0,partial
RTE-DET-20230428-002,HUB-DET,DRV-01046,VEH-0024,2023-04-28,20,0,completed
RTE-DET-20230428-003,HUB-DET,DRV-01037,VEH-0024,2023-04-28,47,0,completed
RTE-CIN-20230428-001,HUB-CIN,DRV-01002,VEH-0032,2023-04-28,26,0,completed
RTE-CIN-20230428-002,HUB-CIN,DRV-01034,VEH-0018,2023-04-28,46,0,completed
RTE-CIN-20230428-004,HUB-CIN,DRV-01041,VEH-0026,2023-04-28,63,6,completed
RTE-CHI-20230429-001,HUB-CHI,DRV-01047,VEH-0042,2023-04-29,49,0,completed
RTE-CHI-20230429-002,HUB-CHI,DRV-01047,VEH-0005,2023-04-29,18,3,completed
RTE-CHI-20230429-003,HUB-CHI,DRV-01048,VEH-0015,2023-04-29,47,0,completed
RTE-DET-20230429-001,HUB-DET,DRV-01022,VEH-0024,2023-04-29,63,0,completed
RTE-CMH-20230430-001,HUB-CMH,DRV-01001,VEH-0028,2023-04-30,44,0,partial
RTE-CMH-20230430-002,HUB-CMH,DRV-01015,VEH-0003,2023-04-30,53,0,completed
RTE-CHI-20230430-002,HUB-CHI,DRV-01047,VEH-0042,2023-04-30,28,0,completed
RTE-IND-20230430-001,HUB-IND,DRV-01042,VEH-0023,2023-04-30,32,0,partial
RTE-DET-20230430-001,HUB-DET,DRV-01014,VEH-0044,2023-04-30,61,2,completed
RTE-DET-20230430-002,HUB-DET,DRV-01037,VEH-0024,2023-04-30,45,0,completed
RTE-CIN-20230430-001,HUB-CIN,DRV-01008,VEH-0026,2023-04-30,36,0,completed
RTE-CMH-20230501-001,HUB-CMH,DRV-01040,VEH-0003,2023-05-01,28,0,completed
RTE-CHI-20230501-001,HUB-CHI,DRV-01007,VEH-0006,2023-05-01,43,0,completed
RTE-IND-20230501-001,HUB-IND,DRV-01033,VEH-0034,2023-05-01,56,0,completed
RTE-IND-20230501-002,HUB-IND,DRV-01032,VEH-0034,2023-05-01,29,0,completed
RTE-DET-20230501-001,HUB-DET,DRV-01021,VEH-0029,2023-05-01,25,3,completed
RTE-DET-20230501-002,HUB-DET,DRV-01021,VEH-0024,2023-05-01,27,0,completed
RTE-CMH-20230502-001,HUB-CMH,DRV-01009,VEH-0001,2023-05-02,61,0,completed
RTE-CMH-20230502-002,HUB-CMH,DRV-01036,VEH-0041,2023-05-02,62,0,partial
RTE-CHI-20230502-001,HUB-CHI,DRV-01012,VEH-0019,2023-05-02,42,0,completed
RTE-CHI-20230502-002,HUB-CHI,DRV-01048,VEH-0019,2023-05-02,47,0,completed
RTE-IND-20230502-001,HUB-IND,DRV-01024,VEH-0023,2023-05-02,44,0,completed
RTE-IND-20230502-002,HUB-IND,DRV-01032,VEH-0009,2023-05-02,30,0,completed
RTE-IND-20230502-003,HUB-IND,DRV-01032,VEH-0016,2023-05-02,21,0,completed
RTE-IND-20230502-004,HUB-IND,DRV-01031,VEH-0043,2023-05-02,32,0,completed
RTE-DET-20230502-001,HUB-DET,DRV-01021,VEH-0029,2023-05-02,33,0,completed
RTE-DET-20230502-002,HUB-DET,DRV-01046,VEH-0024,2023-05-02,31,0,completed
RTE-CIN-20230502-001,HUB-CIN,DRV-01041,VEH-0026,2023-05-02,37,0,completed
RTE-CMH-20230503-001,HUB-CMH,DRV-01009,VEH-0001,2023-05-03,50,0,partial
RTE-CHI-20230503-001,HUB-CHI,DRV-01035,VEH-0037,2023-05-03,33,0,completed
RTE-DET-20230503-001,HUB-DET,DRV-01014,VEH-0022,2023-05-03,33,0,completed
RTE-DET-20230503-002,HUB-DET,DRV-01022,VEH-0022,2023-05-03,61,0,completed
RTE-CIN-20230503-001,HUB-CIN,DRV-01025,VEH-0020,2023-05-03,43,0,completed
RTE-CMH-20230504-001,HUB-CMH,DRV-01040,VEH-0031,2023-05-04,29,0,completed
RTE-CMH-20230504-002,HUB-CMH,DRV-01016,VEH-0038,2023-05-04,43,0,completed
RTE-CMH-20230504-003,HUB-CMH,DRV-01043,VEH-0007,2023-05-04,33,0,completed
RTE-CHI-20230504-001,HUB-CHI,DRV-01017,VEH-0019,2023-05-04,19,1,completed
RTE-IND-20230504-001,HUB-IND,DRV-01033,VEH-0023,2023-05-04,55,2,completed
RTE-IND-20230504-002,HUB-IND,DRV-01033,VEH-0016,2023-05-04,19,0,completed
RTE-DET-20230504-001,HUB-DET,DRV-01037,VEH-0044,2023-05-04,64,2,completed
RTE-DET-20230504-002,HUB-DET,DRV-01021,VEH-0044,2023-05-04,35,5,completed
RTE-CIN-20230504-001,HUB-CIN,DRV-01025,VEH-0027,2023-05-04,30,0,completed
RTE-CIN-20230504-002,HUB-CIN,DRV-01002,VEH-0020,2023-05-04,30,0,completed
RTE-CMH-20230505-001,HUB-CMH,DRV-01039,VEH-0041,2023-05-05,18,0,completed
RTE-CHI-20230505-001,HUB-CHI,DRV-01007,VEH-0037,2023-05-05,30,3,completed
RTE-CHI-20230505-002,HUB-CHI,DRV-01047,VEH-0037,2023-05-05,65,0,completed
RTE-CHI-20230505-004,HUB-CHI,DRV-01005,VEH-0005,2023-05-05,48,0,completed
RTE-IND-20230505-001,HUB-IND,DRV-01032,VEH-0023,2023-05-05,37,0,completed
RTE-IND-20230505-002,HUB-IND,DRV-01188,VEH-0023,2023-05-05,30,0,completed
RTE-IND-20230505-003,HUB-IND,DRV-01031,VEH-0013,2023-05-05,27,0,completed
RTE-DET-20230505-001,HUB-DET,DRV-01021,VEH-0022,2023-05-05,56,4,partial
RTE-DET-20230505-002,HUB-DET,DRV-01046,VEH-0029,2023-05-05,39,0,completed
RTE-DET-20230505-003,HUB-DET,DRV-01021,VEH-0044,2023-05-05,44,0,completed
RTE-CIN-20230505-001,HUB-CIN,DRV-01019,VEH-0036,2023-05-05,32,0,completed
RTE-CIN-20230505-002,HUB-CIN,DRV-01034,VEH-0020,2023-05-05,47,1,completed
RTE-CMH-20230506-001,HUB-CMH,DRV-01010,VEH-0038,2023-05-06,46,1,completed
RTE-IND-20230506-001,HUB-IND,DRV-01188,VEH-0009,2023-05-06,33,4,completed
RTE-CHI-20230507-001,HUB-CHI,DRV-01190,VEH-0005,2023-05-07,43,0,completed
RTE-CHI-20230507-002,HUB-CHI,DRV-01048,VEH-0005,2023-05-07,38,0,completed
RTE-CIN-20230507-001,HUB-CIN,DRV-01002,VEH-0018,2023-05-07,56,0,completed
RTE-CMH-20230508-001,HUB-CMH,DRV-01009,VEH-0033,2023-05-08,54,0,completed
RTE-CMH-20230508-002,HUB-CMH,DRV-01043,VEH-0031,2023-05-08,43,0,partial
RTE-CMH-20230508-004,HUB-CMH,DRV-01049,VEH-0041,2023-05-08,40,0,completed
RTE-CHI-20230508-001,HUB-CHI,DRV-01017,VEH-0006,2023-05-08,22,0,completed
RTE-CHI-20230508-002,HUB-CHI,DRV-01012,VEH-0015,2023-05-08,65,2,completed
RTE-CHI-20230508-003,HUB-CHI,DRV-01007,VEH-0015,2023-05-08,65,0,completed
RTE-CHI-20230508-004,HUB-CHI,DRV-01005,VEH-0037,2023-05-08,18,0,completed
RTE-DET-20230508-001,HUB-DET,DRV-01037,VEH-0029,2023-05-08,21,0,completed
RTE-DET-20230508-002,HUB-DET,DRV-01022,VEH-0024,2023-05-08,61,0,completed
RTE-DET-20230508-003,HUB-DET,DRV-01046,VEH-0022,2023-05-08,58,0,completed
RTE-DET-20230508-004,HUB-DET,DRV-01021,VEH-0029,2023-05-08,36,0,completed
RTE-CIN-20230508-001,HUB-CIN,DRV-01025,VEH-0025,2023-05-08,61,0,completed
RTE-CIN-20230508-002,HUB-CIN,DRV-01027,VEH-0036,2023-05-08,28,0,partial
RTE-CMH-20230509-001,HUB-CMH,DRV-01189,VEH-0001,2023-05-09,27,0,completed
RTE-CMH-20230509-002,HUB-CMH,DRV-01040,VEH-0031,2023-05-09,23,0,completed
RTE-CHI-20230509-001,HUB-CHI,DRV-01035,VEH-0019,2023-05-09,44,0,completed
RTE-CHI-20230509-002,HUB-CHI,DRV-01012,VEH-0019,2023-05-09,19,0,completed
RTE-CHI-20230509-003,HUB-CHI,DRV-01047,VEH-0015,2023-05-09,59,0,completed
RTE-IND-20230509-001,HUB-IND,DRV-01031,VEH-0009,2023-05-09,57,6,completed
RTE-IND-20230509-002,HUB-IND,DRV-01045,VEH-0043,2023-05-09,51,0,partial
RTE-DET-20230509-001,HUB-DET,DRV-01014,VEH-0044,2023-05-09,18,0,completed
RTE-DET-20230509-002,HUB-DET,DRV-01014,VEH-0044,2023-05-09,24,0,completed
RTE-CIN-20230509-001,HUB-CIN,DRV-01041,VEH-0020,2023-05-09,26,0,partial
RTE-CIN-20230509-002,HUB-CIN,DRV-01041,VEH-0020,2023-05-09,26,0,canceled
RTE-CMH-20230510-001,HUB-CMH,DRV-01189,VEH-0007,2023-05-10,38,0,completed
RTE-CMH-20230510-002,HUB-CMH,DRV-01016,VEH-0001,2023-05-10,53,0,completed
RTE-CHI-20230510-002,HUB-CHI,DRV-01047,VEH-0015,2023-05-10,59,0,completed
RTE-IND-20230510-001,HUB-IND,DRV-01032,VEH-0016,2023-05-10,58,0,completed
RTE-DET-20230510-001,HUB-DET,DRV-01022,VEH-0044,2023-05-10,48,0,completed
RTE-CIN-20230510-001,HUB-CIN,DRV-01002,VEH-0026,2023-05-10,34,0,partial
RTE-CIN-20230510-002,HUB-CIN,DRV-01019,VEH-0036,2023-05-10,49,0,completed
RTE-CMH-20230511-001,HUB-CMH,DRV-01040,VEH-0028,2023-05-11,52,0,completed
RTE-CHI-20230511-001,HUB-CHI,DRV-01035,VEH-0042,2023-05-11,20,0,partial
RTE-CHI-20230511-002,HUB-CHI,DRV-01007,VEH-0042,2023-05-11,51,0,completed
RTE-IND-20230511-001,HUB-IND,DRV-01032,VEH-0008,2023-05-11,41,0,completed
RTE-IND-20230511-002,HUB-IND,DRV-01042,VEH-0013,2023-05-11,58,3,completed
RTE-IND-20230511-003,HUB-IND,DRV-01188,VEH-0013,2023-05-11,18,6,completed
RTE-IND-20230511-004,HUB-IND,DRV-01188,VEH-0009,2023-05-11,48,0,completed
RTE-DET-20230511-001,HUB-DET,DRV-01037,VEH-0044,2023-05-11,21,4,partial
RTE-DET-20230511-002,HUB-DET,DRV-01021,VEH-0044,2023-05-11,59,0,completed
RTE-CMH-20230512-001,HUB-CMH,DRV-01043,VEH-0038,2023-05-12,20,5,canceled
RTE-CMH-20230512-002,HUB-CMH,DRV-01040,VEH-0001,2023-05-12,65,0,completed
RTE-CMH-20230512-003,HUB-CMH,DRV-01043,VEH-0028,2023-05-12,57,0,completed
RTE-CHI-20230512-002,HUB-CHI,DRV-01012,VEH-0037,2023-05-12,30,4,completed
RTE-IND-20230512-001,HUB-IND,DRV-01024,VEH-0023,2023-05-12,25,0,completed
RTE-IND-20230512-002,HUB-IND,DRV-01188,VEH-0034,2023-05-12,33,0,completed
RTE-DET-20230512-001,HUB-DET,DRV-01046,VEH-0022,2023-05-12,44,0,completed
RTE-CIN-20230512-001,HUB-CIN,DRV-01019,VEH-0018,2023-05-12,62,4,completed
RTE-CHI-20230513-001,HUB-CHI,DRV-01190,VEH-0042,2023-05-13,23,0,completed
RTE-CHI-20230513-002,HUB-CHI,DRV-01035,VEH-0004,2023-05-13,57,2,completed
RTE-CHI-20230513-003,HUB-CHI,DRV-01012,VEH-0015,2023-05-13,51,0,completed
RTE-DET-20230513-001,HUB-DET,DRV-01046,VEH-0044,2023-05-13,48,0,partial
RTE-DET-20230513-002,HUB-DET,DRV-01037,VEH-0029,2023-05-13,52,0,completed
RTE-CIN-20230513-001,HUB-CIN,DRV-01025,VEH-0027,2023-05-13,33,0,completed
RTE-CIN-20230513-002,HUB-CIN,DRV-01008,VEH-0020,2023-05-13,28,0,completed
RTE-CIN-20230513-003,HUB-CIN,DRV-01002,VEH-0026,2023-05-13,55,4,completed
RTE-CMH-20230514-001,HUB-CMH,DRV-01015,VEH-0003,2023-05-14,50,3,partial
RTE-CMH-20230514-002,HUB-CMH,DRV-01043,VEH-0021,2023-05-14,57,6,completed
RTE-CMH-20230514-003,HUB-CMH,DRV-01015,VEH-0001,2023-05-14,28,0,completed
RTE-IND-20230514-001,HUB-IND,DRV-01042,VEH-0008,2023-05-14,60,4,completed
RTE-CIN-20230514-001,HUB-CIN,DRV-01019,VEH-0027,2023-05-14,57,3,completed
RTE-CMH-20230515-001,HUB-CMH,DRV-01189,VEH-0033,2023-05-15,61,0,partial
RTE-CMH-20230515-002,HUB-CMH,DRV-01016,VEH-0028,2023-05-15,64,0,completed
RTE-CHI-20230515-001,HUB-CHI,DRV-01048,VEH-0005,2023-05-15,52,0,completed
RTE-IND-20230515-001,HUB-IND,DRV-01042,VEH-0013,2023-05-15,52,0,completed
RTE-IND-20230515-002,HUB-IND,DRV-01024,VEH-0023,2023-05-15,52,0,partial
RTE-DET-20230515-001,HUB-DET,DRV-01021,VEH-0044,2023-05-15,24,0,completed
RTE-DET-20230515-002,HUB-DET,DRV-01022,VEH-0024,2023-05-15,20,0,completed
RTE-CIN-20230515-001,HUB-CIN,DRV-01025,VEH-0036,2023-05-15,63,0,completed
RTE-CIN-20230515-002,HUB-CIN,DRV-01027,VEH-0025,2023-05-15,37,6,completed
RTE-CIN-20230515-003,HUB-CIN,DRV-01019,VEH-0026,2023-05-15,45,0,completed
RTE-CMH-20230516-001,HUB-CMH,DRV-01189,VEH-0003,2023-05-16,48,0,completed
RTE-CHI-20230516-001,HUB-CHI,DRV-01048,VEH-0006,2023-05-16,51,0,completed
RTE-CHI-20230516-002,HUB-CHI,DRV-01007,VEH-0004,2023-05-16,45,0,completed
RTE-IND-20230516-001,HUB-IND,DRV-01024,VEH-0008,2023-05-16,64,0,completed
RTE-IND-20230516-002,HUB-IND,DRV-01045,VEH-0017,2023-05-16,20,2,partial
RTE-IND-20230516-003,HUB-IND,DRV-01031,VEH-0023,2023-05-16,29,0,completed
RTE-DET-20230516-001,HUB-DET,DRV-01037,VEH-0022,2023-05-16,57,6,completed
RTE-DET-20230516-002,HUB-DET,DRV-01037,VEH-0044,2023-05-16,25,0,completed
RTE-DET-20230516-003,HUB-DET,DRV-01022,VEH-0022,2023-05-16,35,0,completed
RTE-DET-20230516-004,HUB-DET,DRV-01046,VEH-0022,2023-05-16,32,0,completed
RTE-CIN-20230516-001,HUB-CIN,DRV-01041,VEH-0032,2023-05-16,27,0,completed
RTE-CIN-20230516-002,HUB-CIN,DRV-01034,VEH-0036,2023-05-16,44,6,partial
RTE-CMH-20230517-001,HUB-CMH,DRV-01010,VEH-0021,2023-05-17,42,0,completed
RTE-IND-20230517-001,HUB-IND,DRV-01032,VEH-0034,2023-05-17,46,1,completed
RTE-CIN-20230517-001,HUB-CIN,DRV-01008,VEH-0025,2023-05-17,63,0,completed
RTE-CIN-20230517-002,HUB-CIN,DRV-01041,VEH-0025,2023-05-17,45,0,completed
RTE-CMH-20230518-001,HUB-CMH,DRV-01016,VEH-0007,2023-05-18,53,6,completed
RTE-CMH-20230518-002,HUB-CMH,DRV-01043,VEH-0041,2023-05-18,54,1,completed
RTE-CHI-20230518-001,HUB-CHI,DRV-01035,VEH-0004,2023-05-18,57,0,completed
RTE-CHI-20230518-002,HUB-CHI,DRV-01012,VEH-0019,2023-05-18,26,2,completed
RTE-IND-20230518-001,HUB-IND,DRV-01188,VEH-0034,2023-05-18,51,0,completed
RTE-IND-20230518-002,HUB-IND,DRV-01045,VEH-0017,2023-05-18,46,3,completed
RTE-DET-20230518-002,HUB-DET,DRV-01014,VEH-0022,2023-05-18,33,0,completed
RTE-DET-20230518-003,HUB-DET,DRV-01046,VEH-0044,2023-05-18,62,6,completed
RTE-CMH-20230519-001,HUB-CMH,DRV-01009,VEH-0007,2023-05-19,26,0,completed
RTE-CMH-20230519-003,HUB-CMH,DRV-01039,VEH-0003,2023-05-19,56,0,completed
RTE-CMH-20230519-004,HUB-CMH,DRV-01010,VEH-0003,2023-05-19,23,0,completed
RTE-CHI-20230519-001,HUB-CHI,DRV-01047,VEH-0042,2023-05-19,48,0,completed
RTE-CHI-20230519-002,HUB-CHI,DRV-01017,VEH-0015,2023-05-19,54,0,completed
RTE-CHI-20230519-003,HUB-CHI,DRV-01007,VEH-0019,2023-05-19,20,0,completed
RTE-CHI-20230519-004,HUB-CHI,DRV-01005,VEH-0004,2023-05-19,51,0,completed
RTE-CHI-20230519-005,HUB-CHI,DRV-01190,VEH-0037,2023-05-19,31,1,completed
RTE-CHI-20230519-006,HUB-CHI,DRV-01012,VEH-0006,2023-05-19,39,0,completed
RTE-CHI-20230519-007,HUB-CHI,DRV-01048,VEH-0006,2023-05-19,62,0,completed
RTE-IND-20230519-001,HUB-IND,DRV-01024,VEH-0017,2023-05-19,18,0,partial
RTE-IND-20230519-002,HUB-IND,DRV-01042,VEH-0008,2023-05-19,56,3,completed
RTE-IND-20230519-003,HUB-IND,DRV-01024,VEH-0013,2023-05-19,32,4,completed
RTE-IND-20230519-004,HUB-IND,DRV-01042,VEH-0043,2023-05-19,40,0,completed
RTE-DET-20230519-001,HUB-DET,DRV-01037,VEH-0029,2023-05-19,28,0,completed
RTE-DET-20230519-002,HUB-DET,DRV-01021,VEH-0044,2023-05-19,22,0,completed
RTE-DET-20230519-003,HUB-DET,DRV-01037,VEH-0022,2023-05-19,42,0,completed
RTE-DET-20230519-004,HUB-DET,DRV-01014,VEH-0024,2023-05-19,28,0,completed
RTE-DET-20230519-006,HUB-DET,DRV-01021,VEH-0024,2023-05-19,20,0,completed
RTE-DET-20230519-007,HUB-DET,DRV-01021,VEH-0029,2023-05-19,47,0,completed
RTE-CIN-20230519-002,HUB-CIN,DRV-01034,VEH-0036,2023-05-19,58,0,completed
RTE-CIN-20230519-003,HUB-CIN,DRV-01025,VEH-0027,2023-05-19,19,0,completed
RTE-IND-20230521-001,HUB-IND,DRV-01033,VEH-0013,2023-05-21,55,0,partial
RTE-DET-20230521-001,HUB-DET,DRV-01037,VEH-0044,2023-05-21,29,0,completed
RTE-CIN-20230521-001,HUB-CIN,DRV-01034,VEH-0036,2023-05-21,55,0,completed
RTE-CIN-20230521-002,HUB-CIN,DRV-01002,VEH-0026,2023-05-21,52,0,completed
RTE-CMH-20230522-001,HUB-CMH,DRV-01044,VEH-0028,2023-05-22,51,4,completed
RTE-CHI-20230522-001,HUB-CHI,DRV-01048,VEH-0006,2023-05-22,44,0,completed
RTE-IND-20230522-001,HUB-IND,DRV-01033,VEH-0043,2023-05-22,41,5,completed
RTE-IND-20230522-002,HUB-IND,DRV-01032,VEH-0013,2023-05-22,59,0,partial
RTE-DET-20230522-001,HUB-DET,DRV-01046,VEH-0029,2023-05-22,33,0,completed
RTE-DET-20230522-002,HUB-DET,DRV-01021,VEH-0022,2023-05-22,50,3,completed
RTE-DET-20230522-003,HUB-DET,DRV-01046,VEH-0024,2023-05-22,55,0,completed
RTE-CIN-20230522-001,HUB-CIN,DRV-01008,VEH-0026,2023-05-22,62,3,completed
RTE-CIN-20230522-002,HUB-CIN,DRV-01034,VEH-0036,2023-05-22,27,0,completed
RTE-CIN-20230522-003,HUB-CIN,DRV-01002,VEH-0027,2023-05-22,37,4,completed
RTE-CMH-20230523-001,HUB-CMH,DRV-01043,VEH-0035,2023-05-23,32,0,completed
RTE-CMH-20230523-002,HUB-CMH,DRV-01043,VEH-0031,2023-05-23,42,0,completed
RTE-CMH-20230523-003,HUB-CMH,DRV-01001,VEH-0028,2023-05-23,55,0,completed
RTE-CMH-20230523-004,HUB-CMH,DRV-01049,VEH-0007,2023-05-23,36,0,completed
RTE-CHI-20230523-001,HUB-CHI,DRV-01035,VEH-0002,2023-05-23,65,0,completed
RTE-IND-20230523-001,HUB-IND,DRV-01031,VEH-0013,2023-05-23,46,0,completed
RTE-IND-20230523-002,HUB-IND,DRV-01032,VEH-0043,2023-05-23,55,0,completed
RTE-IND-20230523-003,HUB-IND,DRV-01033,VEH-0008,2023-05-23,38,0,completed
RTE-DET-20230523-001,HUB-DET,DRV-01046,VEH-0029,2023-05-23,25,6,completed
RTE-CIN-20230523-001,HUB-CIN,DRV-01034,VEH-0027,2023-05-23,50,1,completed
RTE-CIN-20230523-002,HUB-CIN,DRV-01027,VEH-0027,2023-05-23,43,0,completed
RTE-CIN-20230523-003,HUB-CIN,DRV-01019,VEH-0020,2023-05-23,41,0,completed
RTE-CIN-20230523-004,HUB-CIN,DRV-01025,VEH-0026,2023-05-23,51,0,completed
RTE-CMH-20230524-001,HUB-CMH,DRV-01044,VEH-0001,2023-05-24,34,2,completed
RTE-CMH-20230524-002,HUB-CMH,DRV-01010,VEH-0035,2023-05-24,34,0,partial
RTE-CHI-20230524-001,HUB-CHI,DRV-01005,VEH-0006,2023-05-24,41,0,completed
RTE-CHI-20230524-003,HUB-CHI,DRV-01005,VEH-0042,2023-05-24,58,6,completed
RTE-IND-20230524-001,HUB-IND,DRV-01032,VEH-0043,2023-05-24,65,0,completed
RTE-IND-20230524-002,HUB-IND,DRV-01033,VEH-0008,2023-05-24,65,0,completed
RTE-DET-20230524-001,HUB-DET,DRV-01014,VEH-0022,2023-05-24,40,0,completed
RTE-DET-20230524-002,HUB-DET,DRV-01046,VEH-0029,2023-05-24,25,0,completed
RTE-CIN-20230524-001,HUB-CIN,DRV-01034,VEH-0032,2023-05-24,43,0,completed
RTE-CIN-20230524-002,HUB-CIN,DRV-01041,VEH-0027,2023-05-24,61,0,completed
RTE-CIN-20230524-003,HUB-CIN,DRV-01041,VEH-0018,2023-05-24,34,0,completed
RTE-CMH-20230525-001,HUB-CMH,DRV-01044,VEH-0031,2023-05-25,52,0,completed
RTE-CMH-20230525-002,HUB-CMH,DRV-01016,VEH-0033,2023-05-25,62,0,completed
RTE-CHI-20230525-001,HUB-CHI,DRV-01005,VEH-0002,2023-05-25,30,2,completed
RTE-IND-20230525-001,HUB-IND,DRV-01045,VEH-0016,2023-05-25,62,3,partial
RTE-IND-20230525-002,HUB-IND,DRV-01045,VEH-0043,2023-05-25,35,0,partial
RTE-CIN-20230525-001,HUB-CIN,DRV-01034,VEH-0027,2023-05-25,19,3,completed
RTE-CIN-20230525-002,HUB-CIN,DRV-01027,VEH-0026,2023-05-25,57,0,completed
RTE-CMH-20230526-001,HUB-CMH,DRV-01016,VEH-0031,2023-05-26,41,0,completed
RTE-CMH-20230526-002,HUB-CMH,DRV-01015,VEH-0001,2023-05-26,57,0,completed
RTE-CHI-20230526-001,HUB-CHI,DRV-01005,VEH-0019,2023-05-26,59,0,completed
RTE-CHI-20230526-002,HUB-CHI,DRV-01190,VEH-0005,2023-05-26,20,0,completed
RTE-CHI-20230526-003,HUB-CHI,DRV-01047,VEH-0005,2023-05-26,34,0,partial
RTE-IND-20230526-001,HUB-IND,DRV-01031,VEH-0017,2023-05-26,47,0,completed
RTE-DET-20230526-001,HUB-DET,DRV-01046,VEH-0022,2023-05-26,35,0,completed
RTE-DET-20230526-002,HUB-DET,DRV-01021,VEH-0044,2023-05-26,60,0,completed
RTE-DET-20230526-003,HUB-DET,DRV-01037,VEH-0044,2023-05-26,64,4,completed
RTE-CIN-20230526-001,HUB-CIN,DRV-01019,VEH-0036,2023-05-26,65,0,completed
RTE-IND-20230527-001,HUB-IND,DRV-01042,VEH-0023,2023-05-27,36,0,partial
RTE-IND-20230528-001,HUB-IND,DRV-01031,VEH-0034,2023-05-28,61,0,completed
RTE-DET-20230528-001,HUB-DET,DRV-01014,VEH-0044,2023-05-28,51,0,completed
RTE-CIN-20230528-001,HUB-CIN,DRV-01041,VEH-0026,2023-05-28,45,0,completed
RTE-CIN-20230528-002,HUB-CIN,DRV-01027,VEH-0018,2023-05-28,50,0,completed
RTE-CMH-20230529-001,HUB-CMH,DRV-01189,VEH-0007,2023-05-29,57,1,partial
RTE-CMH-20230529-002,HUB-CMH,DRV-01036,VEH-0028,2023-05-29,63,0,partial
RTE-CHI-20230529-001,HUB-CHI,DRV-01012,VEH-0042,2023-05-29,19,1,completed
RTE-CHI-20230529-002,HUB-CHI,DRV-01005,VEH-0015,2023-05-29,20,0,completed
RTE-CHI-20230529-003,HUB-CHI,DRV-01047,VEH-0002,2023-05-29,35,0,completed
RTE-CHI-20230529-004,HUB-CHI,DRV-01017,VEH-0002,2023-05-29,24,0,completed
RTE-IND-20230529-001,HUB-IND,DRV-01188,VEH-0023,2023-05-29,37,0,completed
RTE-IND-20230529-002,HUB-IND,DRV-01188,VEH-0023,2023-05-29,62,0,completed
RTE-IND-20230529-003,HUB-IND,DRV-01045,VEH-0034,2023-05-29,59,6,completed
RTE-CIN-20230529-001,HUB-CIN,DRV-01019,VEH-0018,2023-05-29,36,0,completed
RTE-CMH-20230530-001,HUB-CMH,DRV-01009,VEH-0038,2023-05-30,62,0,partial
RTE-CMH-20230530-002,HUB-CMH,DRV-01010,VEH-0003,2023-05-30,50,0,completed
RTE-CMH-20230530-003,HUB-CMH,DRV-01010,VEH-0021,2023-05-30,51,0,completed
RTE-DET-20230530-001,HUB-DET,DRV-01046,VEH-0029,2023-05-30,23,0,completed
RTE-DET-20230530-002,HUB-DET,DRV-01014,VEH-0029,2023-05-30,26,0,completed
RTE-CIN-20230530-001,HUB-CIN,DRV-01025,VEH-0020,2023-05-30,54,0,partial
RTE-CIN-20230530-002,HUB-CIN,DRV-01002,VEH-0036,2023-05-30,23,0,completed
RTE-CMH-20230531-001,HUB-CMH,DRV-01189,VEH-0038,2023-05-31,55,2,completed
RTE-CMH-20230531-002,HUB-CMH,DRV-01016,VEH-0033,2023-05-31,40,0,partial
RTE-CMH-20230531-003,HUB-CMH,DRV-01039,VEH-0001,2023-05-31,27,0,completed
RTE-CMH-20230531-004,HUB-CMH,DRV-01028,VEH-0038,2023-05-31,42,0,partial
RTE-CHI-20230531-001,HUB-CHI,DRV-01035,VEH-0004,2023-05-31,58,0,completed
RTE-CHI-20230531-002,HUB-CHI,DRV-01190,VEH-0005,2023-05-31,36,0,completed
RTE-IND-20230531-002,HUB-IND,DRV-01024,VEH-0008,2023-05-31,21,0,partial
RTE-IND-20230531-003,HUB-IND,DRV-01045,VEH-0043,2023-05-31,58,0,completed
RTE-DET-20230531-004,HUB-DET,DRV-01046,VEH-0044,2023-05-31,41,0,completed
RTE-CIN-20230531-001,HUB-CIN,DRV-01008,VEH-0036,2023-05-31,62,2,completed
RTE-CMH-20230601-001,HUB-CMH,DRV-01049,VEH-0038,2023-06-01,37,0,completed
RTE-CMH-20230601-002,HUB-CMH,DRV-01009,VEH-0021,2023-06-01,48,0,partial
RTE-CHI-20230601-001,HUB-CHI,DRV-01007,VEH-0015,2023-06-01,43,0,completed
RTE-CHI-20230601-003,HUB-CHI,DRV-01048,VEH-0002,2023-06-01,43,6,completed
RTE-IND-20230601-001,HUB-IND,DRV-01024,VEH-0034,2023-06-01,27,0,partial
RTE-DET-20230601-001,HUB-DET,DRV-01037,VEH-0044,2023-06-01,64,0,completed
RTE-DET-20230601-002,HUB-DET,DRV-01022,VEH-0024,2023-06-01,56,0,completed
RTE-DET-20230601-003,HUB-DET,DRV-01014,VEH-0024,2023-06-01,24,0,completed
RTE-DET-20230601-005,HUB-DET,DRV-01022,VEH-0022,2023-06-01,46,0,completed
RTE-DET-20230601-006,HUB-DET,DRV-01037,VEH-0024,2023-06-01,41,0,completed
RTE-CMH-20230602-001,HUB-CMH,DRV-01043,VEH-0021,2023-06-02,53,6,completed
RTE-CHI-20230602-001,HUB-CHI,DRV-01017,VEH-0019,2023-06-02,27,1,completed
RTE-CHI-20230602-002,HUB-CHI,DRV-01035,VEH-0037,2023-06-02,39,0,completed
RTE-IND-20230602-001,HUB-IND,DRV-01031,VEH-0013,2023-06-02,55,0,completed
RTE-IND-20230602-002,HUB-IND,DRV-01033,VEH-0017,2023-06-02,62,6,completed
RTE-IND-20230602-003,HUB-IND,DRV-01031,VEH-0034,2023-06-02,59,0,completed
RTE-DET-20230602-001,HUB-DET,DRV-01022,VEH-0044,2023-06-02,41,0,completed
RTE-DET-20230602-002,HUB-DET,DRV-01046,VEH-0024,2023-06-02,18,3,completed
RTE-DET-20230602-004,HUB-DET,DRV-01037,VEH-0024,2023-06-02,54,0,completed
RTE-CIN-20230602-001,HUB-CIN,DRV-01027,VEH-0025,2023-06-02,61,0,completed
RTE-CMH-20230603-001,HUB-CMH,DRV-01028,VEH-0007,2023-06-03,39,0,completed
RTE-CHI-20230603-001,HUB-CHI,DRV-01017,VEH-0015,2023-06-03,29,0,completed
RTE-IND-20230603-001,HUB-IND,DRV-01031,VEH-0013,2023-06-03,36,0,completed
RTE-CHI-20230604-001,HUB-CHI,DRV-01035,VEH-0019,2023-06-04,42,0,partial
RTE-IND-20230604-001,HUB-IND,DRV-01032,VEH-0043,2023-06-04,52,5,completed
RTE-DET-20230604-001,HUB-DET,DRV-01037,VEH-0024,2023-06-04,58,0,completed
RTE-CMH-20230605-001,HUB-CMH,DRV-01039,VEH-0021,2023-06-05,23,0,completed
RTE-CHI-20230605-001,HUB-CHI,DRV-01007,VEH-0002,2023-06-05,64,0,completed
RTE-IND-20230605-001,HUB-IND,DRV-01031,VEH-0017,2023-06-05,22,0,completed
RTE-DET-20230605-001,HUB-DET,DRV-01014,VEH-0024,2023-06-05,50,0,completed
RTE-DET-20230605-002,HUB-DET,DRV-01037,VEH-0022,2023-06-05,42,0,completed
RTE-CIN-20230605-001,HUB-CIN,DRV-01027,VEH-0027,2023-06-05,62,4,partial
RTE-CIN-20230605-002,HUB-CIN,DRV-01034,VEH-0036,2023-06-05,61,0,completed
RTE-CIN-20230605-003,HUB-CIN,DRV-01008,VEH-0032,2023-06-05,61,0,completed
RTE-CMH-20230606-001,HUB-CMH,DRV-01044,VEH-0003,2023-06-06,18,0,completed
RTE-CMH-20230606-002,HUB-CMH,DRV-01189,VEH-0021,2023-06-06,64,0,completed
RTE-CMH-20230606-003,HUB-CMH,DRV-01044,VEH-0001,2023-06-06,38,0,completed
RTE-CHI-20230606-001,HUB-CHI,DRV-01048,VEH-0002,2023-06-06,52,1,completed
RTE-CHI-20230606-002,HUB-CHI,DRV-01035,VEH-0004,2023-06-06,58,0,completed
RTE-CHI-20230606-003,HUB-CHI,DRV-01007,VEH-0005,2023-06-06,64,3,completed
RTE-IND-20230606-001,HUB-IND,DRV-01033,VEH-0016,2023-06-06,21,0,partial
RTE-IND-20230606-002,HUB-IND,DRV-01188,VEH-0008,2023-06-06,33,0,completed
RTE-IND-20230606-003,HUB-IND,DRV-01045,VEH-0008,2023-06-06,19,1,completed
RTE-DET-20230606-001,HUB-DET,DRV-01014,VEH-0022,2023-06-06,26,1,completed
RTE-DET-20230606-002,HUB-DET,DRV-01022,VEH-0022,2023-06-06,19,3,completed
RTE-DET-20230606-003,HUB-DET,DRV-01021,VEH-0029,2023-06-06,52,0,completed
RTE-CIN-20230606-001,HUB-CIN,DRV-01008,VEH-0020,2023-06-06,25,0,completed
RTE-CIN-20230606-002,HUB-CIN,DRV-01002,VEH-0036,2023-06-06,59,0,completed
RTE-CMH-20230607-001,HUB-CMH,DRV-01015,VEH-0035,2023-06-07,19,0,completed
RTE-CHI-20230607-001,HUB-CHI,DRV-01035,VEH-0005,2023-06-07,41,0,completed
RTE-CHI-20230607-002,HUB-CHI,DRV-01190,VEH-0004,2023-06-07,51,0,completed
RTE-CHI-20230607-003,HUB-CHI,DRV-01007,VEH-0042,2023-06-07,37,0,completed
RTE-IND-20230607-001,HUB-IND,DRV-01045,VEH-0008,2023-06-07,54,0,completed
RTE-DET-20230607-001,HUB-DET,DRV-01021,VEH-0024,2023-06-07,31,0,completed
RTE-DET-20230607-002,HUB-DET,DRV-01037,VEH-0029,2023-06-07,36,0,completed
RTE-DET-20230607-003,HUB-DET,DRV-01022,VEH-0024,2023-06-07,28,0,partial
RTE-CIN-20230607-001,HUB-CIN,DRV-01041,VEH-0032,2023-06-07,65,0,completed
RTE-CIN-20230607-002,HUB-CIN,DRV-01041,VEH-0018,2023-06-07,22,0,partial
RTE-CMH-20230608-002,HUB-CMH,DRV-01013,VEH-0021,2023-06-08,35,0,completed
RTE-CMH-20230608-003,HUB-CMH,DRV-01013,VEH-0021,2023-06-08,63,0,completed
RTE-CHI-20230608-001,HUB-CHI,DRV-01048,VEH-0002,2023-06-08,23,0,completed
RTE-CHI-20230608-002,HUB-CHI,DRV-01017,VEH-0019,2023-06-08,26,0,completed
RTE-IND-20230608-001,HUB-IND,DRV-01188,VEH-0017,2023-06-08,39,0,completed
RTE-IND-20230608-002,HUB-IND,DRV-01024,VEH-0009,2023-06-08,28,0,completed
RTE-IND-20230608-003,HUB-IND,DRV-01033,VEH-0023,2023-06-08,59,0,completed
RTE-IND-20230608-004,HUB-IND,DRV-01045,VEH-0008,2023-06-08,18,0,partial
RTE-DET-20230608-001,HUB-DET,DRV-01014,VEH-0022,2023-06-08,38,0,completed
RTE-DET-20230608-002,HUB-DET,DRV-01014,VEH-0044,2023-06-08,61,0,completed
RTE-DET-20230608-003,HUB-DET,DRV-01014,VEH-0029,2023-06-08,46,0,completed
RTE-CIN-20230608-001,HUB-CIN,DRV-01025,VEH-0020,2023-06-08,18,0,completed
RTE-CMH-20230609-001,HUB-CMH,DRV-01016,VEH-0041,2023-06-09,27,4,completed
RTE-CMH-20230609-002,HUB-CMH,DRV-01016,VEH-0021,2023-06-09,19,0,completed
RTE-CMH-20230609-003,HUB-CMH,DRV-01044,VEH-0031,2023-06-09,43,0,completed
RTE-CMH-20230609-004,HUB-CMH,DRV-01044,VEH-0035,2023-06-09,53,0,completed
RTE-CMH-20230609-005,HUB-CMH,DRV-01036,VEH-0021,2023-06-09,18,0,completed
RTE-CHI-20230609-001,HUB-CHI,DRV-01017,VEH-0042,2023-06-09,63,0,completed
RTE-CHI-20230609-002,HUB-CHI,DRV-01048,VEH-0042,2023-06-09,30,6,completed
RTE-CHI-20230609-003,HUB-CHI,DRV-01017,VEH-0002,2023-06-09,33,0,completed
RTE-IND-20230609-001,HUB-IND,DRV-01042,VEH-0013,2023-06-09,28,0,completed
RTE-IND-20230609-002,HUB-IND,DRV-01024,VEH-0016,2023-06-09,18,0,partial
RTE-IND-20230609-003,HUB-IND,DRV-01033,VEH-0008,2023-06-09,29,0,completed
RTE-IND-20230609-004,HUB-IND,DRV-01031,VEH-0023,2023-06-09,48,0,completed
RTE-DET-20230609-001,HUB-DET,DRV-01014,VEH-0029,2023-06-09,23,0,completed
RTE-DET-20230609-002,HUB-DET,DRV-01021,VEH-0024,2023-06-09,35,0,completed
RTE-DET-20230609-003,HUB-DET,DRV-01021,VEH-0022,2023-06-09,56,0,completed
RTE-DET-20230609-004,HUB-DET,DRV-01022,VEH-0022,2023-06-09,64,0,completed
RTE-DET-20230609-005,HUB-DET,DRV-01046,VEH-0029,2023-06-09,22,0,completed
RTE-DET-20230609-006,HUB-DET,DRV-01014,VEH-0029,2023-06-09,38,0,completed
RTE-CIN-20230609-001,HUB-CIN,DRV-01034,VEH-0026,2023-06-09,42,0,completed
RTE-IND-20230610-001,HUB-IND,DRV-01031,VEH-0016,2023-06-10,21,0,completed
RTE-CHI-20230611-001,HUB-CHI,DRV-01007,VEH-0005,2023-06-11,52,0,completed
RTE-IND-20230611-001,HUB-IND,DRV-01033,VEH-0013,2023-06-11,50,0,completed
RTE-CMH-20230612-001,HUB-CMH,DRV-01015,VEH-0031,2023-06-12,58,0,completed
RTE-CMH-20230612-002,HUB-CMH,DRV-01039,VEH-0033,2023-06-12,21,0,completed
RTE-CHI-20230612-001,HUB-CHI,DRV-01035,VEH-0019,2023-06-12,31,0,partial
RTE-CHI-20230612-002,HUB-CHI,DRV-01047,VEH-0042,2023-06-12,60,0,completed
RTE-IND-20230612-001,HUB-IND,DRV-01045,VEH-0043,2023-06-12,21,0,completed
RTE-IND-20230612-002,HUB-IND,DRV-01042,VEH-0043,2023-06-12,42,0,completed
RTE-DET-20230612-001,HUB-DET,DRV-01046,VEH-0022,2023-06-12,44,0,completed
RTE-CIN-20230612-001,HUB-CIN,DRV-01041,VEH-0032,2023-06-12,48,0,completed
RTE-CIN-20230612-002,HUB-CIN,DRV-01002,VEH-0026,2023-06-12,32,0,completed
RTE-CHI-20230613-001,HUB-CHI,DRV-01190,VEH-0002,2023-06-13,38,0,completed
RTE-IND-20230613-001,HUB-IND,DRV-01031,VEH-0017,2023-06-13,38,0,completed
RTE-DET-20230613-001,HUB-DET,DRV-01046,VEH-0029,2023-06-13,28,0,completed
RTE-DET-20230613-002,HUB-DET,DRV-01037,VEH-0044,2023-06-13,27,0,completed
RTE-DET-20230613-003,HUB-DET,DRV-01021,VEH-0029,2023-06-13,59,5,completed
RTE-CIN-20230613-001,HUB-CIN,DRV-01025,VEH-0032,2023-06-13,57,0,completed
RTE-CIN-20230613-002,HUB-CIN,DRV-01034,VEH-0026,2023-06-13,33,0,completed
RTE-CIN-20230613-003,HUB-CIN,DRV-01027,VEH-0036,2023-06-13,34,0,completed
RTE-CIN-20230613-004,HUB-CIN,DRV-01002,VEH-0036,2023-06-13,37,5,completed
RTE-CIN-20230613-005,HUB-CIN,DRV-01019,VEH-0026,2023-06-13,48,0,completed
RTE-CIN-20230613-006,HUB-CIN,DRV-01034,VEH-0032,2023-06-13,61,0,completed
RTE-CMH-20230614-001,HUB-CMH,DRV-01009,VEH-0033,2023-06-14,20,0,completed
RTE-CMH-20230614-002,HUB-CMH,DRV-01009,VEH-0007,2023-06-14,50,0,completed
RTE-CMH-20230614-003,HUB-CMH,DRV-01028,VEH-0041,2023-06-14,39,0,completed
RTE-CHI-20230614-001,HUB-CHI,DRV-01035,VEH-0019,2023-06-14,35,0,completed
RTE-CHI-20230614-003,HUB-CHI,DRV-01005,VEH-0015,2023-06-14,58,0,partial
RTE-IND-20230614-001,HUB-IND,DRV-01024,VEH-0023,2023-06-14,37,0,completed
RTE-DET-20230614-001,HUB-DET,DRV-01037,VEH-0029,2023-06-14,30,0,completed
RTE-DET-20230614-002,HUB-DET,DRV-01014,VEH-0029,2023-06-14,32,0,completed
RTE-CIN-20230614-001,HUB-CIN,DRV-01002,VEH-0020,2023-06-14,42,0,completed
RTE-CMH-20230615-001,HUB-CMH,DRV-01189,VEH-0033,2023-06-15,60,0,completed
RTE-CMH-20230615-002,HUB-CMH,DRV-01039,VEH-0028,2023-06-15,34,1,completed
RTE-CMH-20230615-003,HUB-CMH,DRV-01015,VEH-0003,2023-06-15,60,0,completed
RTE-CMH-20230615-004,HUB-CMH,DRV-01001,VEH-0001,2023-06-15,65,0,completed
RTE-CHI-20230615-001,HUB-CHI,DRV-01048,VEH-0006,2023-06-15,50,0,partial
RTE-IND-20230615-001,HUB-IND,DRV-01031,VEH-0017,2023-06-15,42,0,completed
RTE-IND-20230615-002,HUB-IND,DRV-01032,VEH-0016,2023-06-15,37,0,completed
RTE-IND-20230615-003,HUB-IND,DRV-01188,VEH-0008,2023-06-15,48,0,completed
RTE-DET-20230615-002,HUB-DET,DRV-01022,VEH-0044,2023-06-15,47,3,completed
RTE-DET-20230615-003,HUB-DET,DRV-01021,VEH-0044,2023-06-15,41,0,completed
RTE-DET-20230615-004,HUB-DET,DRV-01037,VEH-0044,2023-06-15,60,0,partial
RTE-DET-20230615-005,HUB-DET,DRV-01021,VEH-0029,2023-06-15,19,0,partial
RTE-DET-20230615-006,HUB-DET,DRV-01046,VEH-0029,2023-06-15,42,0,completed
RTE-CIN-20230615-001,HUB-CIN,DRV-01002,VEH-0020,2023-06-15,22,0,completed
RTE-CMH-20230616-001,HUB-CMH,DRV-01044,VEH-0035,2023-06-16,44,0,partial
RTE-CMH-20230616-002,HUB-CMH,DRV-01001,VEH-0033,2023-06-16,35,0,completed
RTE-CMH-20230616-003,HUB-CMH,DRV-01044,VEH-0035,2023-06-16,51,3,completed
RTE-CHI-20230616-001,HUB-CHI,DRV-01048,VEH-0006,2023-06-16,51,0,completed
RTE-CHI-20230616-002,HUB-CHI,DRV-01007,VEH-0042,2023-06-16,49,0,completed
RTE-CHI-20230616-003,HUB-CHI,DRV-01017,VEH-0037,2023-06-16,56,0,completed
RTE-CIN-20230616-001,HUB-CIN,DRV-01041,VEH-0026,2023-06-16,29,0,completed
RTE-CIN-20230616-002,HUB-CIN,DRV-01019,VEH-0018,2023-06-16,48,4,completed
RTE-CIN-20230616-003,HUB-CIN,DRV-01002,VEH-0018,2023-06-16,34,0,completed
RTE-CHI-20230617-001,HUB-CHI,DRV-01047,VEH-0002,2023-06-17,61,0,completed
RTE-IND-20230617-001,HUB-IND,DRV-01188,VEH-0017,2023-06-17,27,0,canceled
RTE-DET-20230617-001,HUB-DET,DRV-01037,VEH-0044,2023-06-17,37,0,completed
RTE-CMH-20230618-001,HUB-CMH,DRV-01016,VEH-0007,2023-06-18,63,2,completed
RTE-CMH-20230618-002,HUB-CMH,DRV-01010,VEH-0033,2023-06-18,53,2,completed
RTE-IND-20230618-001,HUB-IND,DRV-01024,VEH-0016,2023-06-18,20,0,completed
RTE-DET-20230618-001,HUB-DET,DRV-01037,VEH-0044,2023-06-18,54,0,completed
RTE-CMH-20230619-001,HUB-CMH,DRV-01049,VEH-0001,2023-06-19,42,0,completed
RTE-CMH-20230619-002,HUB-CMH,DRV-01040,VEH-0028,2023-06-19,57,0,completed
RTE-CHI-20230619-001,HUB-CHI,DRV-01035,VEH-0042,2023-06-19,23,0,completed
RTE-CHI-20230619-002,HUB-CHI,DRV-01048,VEH-0005,2023-06-19,64,0,completed
RTE-CHI-20230619-004,HUB-CHI,DRV-01005,VEH-0015,2023-06-19,26,3,completed
RTE-IND-20230619-001,HUB-IND,DRV-01024,VEH-0009,2023-06-19,49,0,completed
RTE-IND-20230619-002,HUB-IND,DRV-01188,VEH-0043,2023-06-19,57,0,completed
RTE-IND-20230619-003,HUB-IND,DRV-01045,VEH-0009,2023-06-19,59,4,completed
RTE-IND-20230619-004,HUB-IND,DRV-01032,VEH-0016,2023-06-19,39,0,completed
RTE-IND-20230619-005,HUB-IND,DRV-01188,VEH-0034,2023-06-19,53,0,completed
RTE-DET-20230619-001,HUB-DET,DRV-01021,VEH-0024,2023-06-19,57,0,completed
RTE-DET-20230619-002,HUB-DET,DRV-01014,VEH-0029,2023-06-19,21,0,completed
RTE-CIN-20230619-001,HUB-CIN,DRV-01025,VEH-0036,2023-06-19,35,0,completed
RTE-CMH-20230620-001,HUB-CMH,DRV-01009,VEH-0021,2023-06-20,32,0,completed
RTE-CHI-20230620-001,HUB-CHI,DRV-01035,VEH-0005,2023-06-20,42,1,completed
RTE-CHI-20230620-002,HUB-CHI,DRV-01007,VEH-0042,2023-06-20,27,0,completed
RTE-IND-20230620-001,HUB-IND,DRV-01033,VEH-0023,2023-06-20,37,0,completed
RTE-IND-20230620-002,HUB-IND,DRV-01188,VEH-0016,2023-06-20,60,1,completed
RTE-DET-20230620-001,HUB-DET,DRV-01046,VEH-0024,2023-06-20,19,0,completed
RTE-DET-20230620-002,HUB-DET,DRV-01014,VEH-0029,2023-06-20,21,3,completed
RTE-DET-20230620-003,HUB-DET,DRV-01022,VEH-0029,2023-06-20,18,0,completed
RTE-DET-20230620-004,HUB-DET,DRV-01014,VEH-0022,2023-06-20,31,0,completed
RTE-DET-20230620-005,HUB-DET,DRV-01014,VEH-0029,2023-06-20,20,0,completed
RTE-CIN-20230620-001,HUB-CIN,DRV-01025,VEH-0032,2023-06-20,29,0,completed
RTE-CIN-20230620-002,HUB-CIN,DRV-01008,VEH-0027,2023-06-20,26,0,completed
RTE-CIN-20230620-003,HUB-CIN,DRV-01023,VEH-0018,2023-06-20,37,0,completed
RTE-CMH-20230621-001,HUB-CMH,DRV-01010,VEH-0033,2023-06-21,63,1,partial
RTE-CMH-20230621-003,HUB-CMH,DRV-01015,VEH-0028,2023-06-21,61,0,completed
RTE-CHI-20230621-001,HUB-CHI,DRV-01005,VEH-0004,2023-06-21,48,0,completed
RTE-CHI-20230621-002,HUB-CHI,DRV-01007,VEH-0019,2023-06-21,18,0,completed
RTE-IND-20230621-001,HUB-IND,DRV-01024,VEH-0023,2023-06-21,36,0,completed
RTE-DET-20230621-001,HUB-DET,DRV-01037,VEH-0022,2023-06-21,38,0,completed
RTE-DET-20230621-002,HUB-DET,DRV-01021,VEH-0022,2023-06-21,55,0,completed
RTE-DET-20230621-003,HUB-DET,DRV-01046,VEH-0044,2023-06-21,48,0,canceled
RTE-CIN-20230621-001,HUB-CIN,DRV-01019,VEH-0036,2023-06-21,49,0,completed
RTE-CIN-20230621-002,HUB-CIN,DRV-01034,VEH-0025,2023-06-21,27,2,completed
RTE-CMH-20230622-001,HUB-CMH,DRV-01009,VEH-0033,2023-06-22,59,2,completed
RTE-CMH-20230622-002,HUB-CMH,DRV-01013,VEH-0031,2023-06-22,49,0,completed
RTE-CMH-20230622-003,HUB-CMH,DRV-01189,VEH-0035,2023-06-22,18,0,completed
RTE-CMH-20230622-004,HUB-CMH,DRV-01039,VEH-0007,2023-06-22,56,0,completed
RTE-CHI-20230622-001,HUB-CHI,DRV-01007,VEH-0037,2023-06-22,36,4,completed
RTE-CHI-20230622-002,HUB-CHI,DRV-01047,VEH-0019,2023-06-22,30,5,completed
RTE-CHI-20230622-003,HUB-CHI,DRV-01020,VEH-0015,2023-06-22,64,0,partial
RTE-IND-20230622-002,HUB-IND,DRV-01033,VEH-0013,2023-06-22,39,0,completed
RTE-DET-20230622-001,HUB-DET,DRV-01021,VEH-0022,2023-06-22,40,0,completed
RTE-DET-20230622-002,HUB-DET,DRV-01022,VEH-0044,2023-06-22,55,0,completed
RTE-CMH-20230623-001,HUB-CMH,DRV-01009,VEH-0038,2023-06-23,26,1,partial
RTE-CHI-20230623-002,HUB-CHI,DRV-01012,VEH-0042,2023-06-23,58,0,completed
RTE-CHI-20230623-003,HUB-CHI,DRV-01190,VEH-0005,2023-06-23,43,0,partial
RTE-IND-20230623-001,HUB-IND,DRV-01033,VEH-0023,2023-06-23,62,0,completed
RTE-IND-20230623-003,HUB-IND,DRV-01042,VEH-0013,2023-06-23,33,0,completed
RTE-IND-20230624-001,HUB-IND,DRV-01024,VEH-0009,2023-06-24,37,0,completed
RTE-IND-20230624-002,HUB-IND,DRV-01024,VEH-0013,2023-06-24,30,2,completed
RTE-DET-20230624-001,HUB-DET,DRV-01014,VEH-0024,2023-06-24,40,0,completed
RTE-CMH-20230625-001,HUB-CMH,DRV-01028,VEH-0007,2023-06-25,39,0,completed
RTE-CHI-20230625-001,HUB-CHI,DRV-01005,VEH-0002,2023-06-25,31,6,completed
RTE-CHI-20230625-002,HUB-CHI,DRV-01190,VEH-0019,2023-06-25,37,0,completed
RTE-DET-20230625-001,HUB-DET,DRV-01037,VEH-0024,2023-06-25,36,2,completed
RTE-DET-20230625-002,HUB-DET,DRV-01014,VEH-0044,2023-06-25,61,0,completed
RTE-CMH-20230626-001,HUB-CMH,DRV-01010,VEH-0033,2023-06-26,62,0,completed
RTE-CMH-20230626-002,HUB-CMH,DRV-01049,VEH-0028,2023-06-26,52,0,completed
RTE-CMH-20230626-003,HUB-CMH,DRV-01010,VEH-0021,2023-06-26,64,0,completed
RTE-CMH-20230626-004,HUB-CMH,DRV-01015,VEH-0033,2023-06-26,20,5,completed
RTE-CHI-20230626-001,HUB-CHI,DRV-01048,VEH-0015,2023-06-26,47,0,completed
RTE-IND-20230626-001,HUB-IND,DRV-01045,VEH-0017,2023-06-26,26,2,completed
RTE-DET-20230626-001,HUB-DET,DRV-01037,VEH-0024,2023-06-26,57,0,completed
RTE-DET-20230626-002,HUB-DET,DRV-01037,VEH-0029,2023-06-26,45,5,completed
RTE-DET-20230626-003,HUB-DET,DRV-01022,VEH-0024,2023-06-26,18,0,partial
RTE-CIN-20230626-001,HUB-CIN,DRV-01023,VEH-0025,2023-06-26,19,0,completed
RTE-CIN-20230626-002,HUB-CIN,DRV-01027,VEH-0025,2023-06-26,61,0,completed
RTE-CMH-20230627-001,HUB-CMH,DRV-01049,VEH-0031,2023-06-27,53,0,completed
RTE-CMH-20230627-002,HUB-CMH,DRV-01036,VEH-0003,2023-06-27,30,2,completed
RTE-CMH-20230627-003,HUB-CMH,DRV-01016,VEH-0007,2023-06-27,25,0,completed
RTE-CMH-20230627-004,HUB-CMH,DRV-01036,VEH-0035,2023-06-27,58,0,completed
RTE-CMH-20230627-005,HUB-CMH,DRV-01013,VEH-0021,2023-06-27,50,0,completed
RTE-CMH-20230627-006,HUB-CMH,DRV-01009,VEH-0001,2023-06-27,31,0,partial
RTE-CHI-20230627-001,HUB-CHI,DRV-01017,VEH-0002,2023-06-27,37,0,completed
RTE-CHI-20230627-002,HUB-CHI,DRV-01190,VEH-0015,2023-06-27,56,0,completed
RTE-IND-20230627-001,HUB-IND,DRV-01024,VEH-0013,2023-06-27,40,0,completed
RTE-IND-20230627-002,HUB-IND,DRV-01024,VEH-0013,2023-06-27,43,0,completed
RTE-IND-20230627-003,HUB-IND,DRV-01032,VEH-0023,2023-06-27,19,0,completed
RTE-IND-20230627-004,HUB-IND,DRV-01033,VEH-0043,2023-06-27,26,5,completed
RTE-IND-20230627-005,HUB-IND,DRV-01042,VEH-0013,2023-06-27,38,0,completed
RTE-DET-20230627-001,HUB-DET,DRV-01014,VEH-0022,2023-06-27,21,4,completed
RTE-CIN-20230627-001,HUB-CIN,DRV-01027,VEH-0027,2023-06-27,54,0,partial
RTE-CMH-20230628-001,HUB-CMH,DRV-01044,VEH-0031,2023-06-28,55,5,completed
RTE-CHI-20230628-001,HUB-CHI,DRV-01048,VEH-0002,2023-06-28,37,2,completed
RTE-CHI-20230628-002,HUB-CHI,DRV-01047,VEH-0037,2023-06-28,19,0,partial
RTE-CHI-20230628-003,HUB-CHI,DRV-01048,VEH-0004,2023-06-28,32,0,completed
RTE-CHI-20230628-004,HUB-CHI,DRV-01020,VEH-0004,2023-06-28,43,0,completed
RTE-IND-20230628-001,HUB-IND,DRV-01045,VEH-0013,2023-06-28,50,0,completed
RTE-IND-20230628-002,HUB-IND,DRV-01031,VEH-0016,2023-06-28,38,0,completed
RTE-IND-20230628-003,HUB-IND,DRV-01032,VEH-0013,2023-06-28,52,0,completed
RTE-IND-20230628-004,HUB-IND,DRV-01188,VEH-0013,2023-06-28,30,0,partial
RTE-DET-20230628-001,HUB-DET,DRV-01021,VEH-0029,2023-06-28,59,0,completed
RTE-DET-20230628-002,HUB-DET,DRV-01022,VEH-0044,2023-06-28,32,0,completed
RTE-DET-20230628-003,HUB-DET,DRV-01046,VEH-0044,2023-06-28,44,0,partial
RTE-DET-20230628-004,HUB-DET,DRV-01022,VEH-0044,2023-06-28,20,0,completed
RTE-CMH-20230629-001,HUB-CMH,DRV-01010,VEH-0038,2023-06-29,64,0,completed
RTE-CMH-20230629-002,HUB-CMH,DRV-01015,VEH-0001,2023-06-29,36,0,completed
RTE-CMH-20230629-003,HUB-CMH,DRV-01013,VEH-0003,2023-06-29,34,0,completed
RTE-CHI-20230629-002,HUB-CHI,DRV-01020,VEH-0042,2023-06-29,42,0,completed
RTE-CHI-20230629-003,HUB-CHI,DRV-01048,VEH-0004,2023-06-29,64,0,completed
RTE-CHI-20230629-004,HUB-CHI,DRV-01017,VEH-0004,2023-06-29,47,0,completed
RTE-CHI-20230629-005,HUB-CHI,DRV-01048,VEH-0037,2023-06-29,45,0,completed
RTE-IND-20230629-001,HUB-IND,DRV-01045,VEH-0009,2023-06-29,55,0,partial
RTE-IND-20230629-003,HUB-IND,DRV-01033,VEH-0013,2023-06-29,60,4,completed
RTE-DET-20230629-001,HUB-DET,DRV-01014,VEH-0022,2023-06-29,28,0,completed
RTE-DET-20230629-002,HUB-DET,DRV-01021,VEH-0044,2023-06-29,40,0,completed
RTE-CIN-20230629-002,HUB-CIN,DRV-01027,VEH-0020,2023-06-29,56,0,completed
RTE-CMH-20230630-001,HUB-CMH,DRV-01043,VEH-0021,2023-06-30,61,0,partial
RTE-CMH-20230630-002,HUB-CMH,DRV-01044,VEH-0035,2023-06-30,42,0,completed
RTE-CMH-20230630-003,HUB-CMH,DRV-01016,VEH-0033,2023-06-30,41,0,completed
RTE-CMH-20230630-004,HUB-CMH,DRV-01010,VEH-0003,2023-06-30,28,6,completed
RTE-CHI-20230630-001,HUB-CHI,DRV-01005,VEH-0002,2023-06-30,44,3,completed
RTE-CHI-20230630-002,HUB-CHI,DRV-01035,VEH-0004,2023-06-30,53,6,completed
RTE-IND-20230630-001,HUB-IND,DRV-01045,VEH-0017,2023-06-30,37,0,completed
RTE-IND-20230630-002,HUB-IND,DRV-01032,VEH-0017,2023-06-30,27,4,completed
RTE-IND-20230630-003,HUB-IND,DRV-01024,VEH-0016,2023-06-30,20,3,completed
RTE-IND-20230630-004,HUB-IND,DRV-01033,VEH-0013,2023-06-30,57,0,partial
RTE-IND-20230630-005,HUB-IND,DRV-01045,VEH-0023,2023-06-30,58,1,completed
RTE-DET-20230630-001,HUB-DET,DRV-01037,VEH-0022,2023-06-30,18,0,completed
RTE-DET-20230630-002,HUB-DET,DRV-01022,VEH-0024,2023-06-30,45,0,partial
RTE-DET-20230630-003,HUB-DET,DRV-01022,VEH-0044,2023-06-30,64,0,completed
RTE-CIN-20230630-001,HUB-CIN,DRV-01002,VEH-0032,2023-06-30,46,3,completed
RTE-CIN-20230630-002,HUB-CIN,DRV-01041,VEH-0027,2023-06-30,34,5,completed
RTE-CIN-20230630-003,HUB-CIN,DRV-01025,VEH-0025,2023-06-30,28,0,completed
RTE-DET-20230701-001,HUB-DET,DRV-01037,VEH-0044,2023-07-01,43,0,completed
RTE-CMH-20230702-001,HUB-CMH,DRV-01039,VEH-0003,2023-07-02,42,0,completed
RTE-CHI-20230702-001,HUB-CHI,DRV-01190,VEH-0042,2023-07-02,47,0,completed
RTE-CIN-20230702-001,HUB-CIN,DRV-01025,VEH-0036,2023-07-02,44,0,completed
RTE-CMH-20230703-001,HUB-CMH,DRV-01016,VEH-0033,2023-07-03,36,3,completed
RTE-CMH-20230703-002,HUB-CMH,DRV-01043,VEH-0007,2023-07-03,29,0,partial
RTE-CMH-20230703-004,HUB-CMH,DRV-01044,VEH-0031,2023-07-03,30,0,completed
RTE-CHI-20230703-001,HUB-CHI,DRV-01012,VEH-0019,2023-07-03,18,0,completed
RTE-DET-20230703-001,HUB-DET,DRV-01014,VEH-0044,2023-07-03,33,0,completed
RTE-DET-20230703-002,HUB-DET,DRV-01014,VEH-0029,2023-07-03,63,0,completed
RTE-DET-20230703-003,HUB-DET,DRV-01021,VEH-0022,2023-07-03,20,0,completed
RTE-CIN-20230703-001,HUB-CIN,DRV-01008,VEH-0036,2023-07-03,20,0,completed
RTE-CIN-20230703-002,HUB-CIN,DRV-01025,VEH-0026,2023-07-03,57,0,completed
RTE-CMH-20230704-002,HUB-CMH,DRV-01028,VEH-0035,2023-07-04,48,0,completed
RTE-CHI-20230704-001,HUB-CHI,DRV-01012,VEH-0004,2023-07-04,31,0,completed
RTE-CHI-20230704-002,HUB-CHI,DRV-01047,VEH-0006,2023-07-04,30,0,completed
RTE-IND-20230704-001,HUB-IND,DRV-01031,VEH-0009,2023-07-04,53,0,completed
RTE-IND-20230704-002,HUB-IND,DRV-01033,VEH-0008,2023-07-04,45,0,completed
RTE-IND-20230704-003,HUB-IND,DRV-01032,VEH-0008,2023-07-04,38,0,completed
RTE-IND-20230704-004,HUB-IND,DRV-01024,VEH-0008,2023-07-04,29,0,partial
RTE-IND-20230704-005,HUB-IND,DRV-01045,VEH-0016,2023-07-04,38,0,completed
RTE-DET-20230704-001,HUB-DET,DRV-01022,VEH-0022,2023-07-04,42,0,partial
RTE-CIN-20230704-001,HUB-CIN,DRV-01008,VEH-0026,2023-07-04,22,0,completed
RTE-CMH-20230705-001,HUB-CMH,DRV-01015,VEH-0031,2023-07-05,39,0,completed
RTE-CHI-20230705-001,HUB-CHI,DRV-01035,VEH-0004,2023-07-05,33,5,completed
RTE-CHI-20230705-002,HUB-CHI,DRV-01047,VEH-0019,2023-07-05,25,6,completed
RTE-IND-20230705-001,HUB-IND,DRV-01032,VEH-0034,2023-07-05,57,0,completed
RTE-IND-20230705-002,HUB-IND,DRV-01188,VEH-0009,2023-07-05,36,0,completed
RTE-IND-20230705-003,HUB-IND,DRV-01024,VEH-0016,2023-07-05,21,0,completed
RTE-DET-20230705-001,HUB-DET,DRV-01046,VEH-0044,2023-07-05,44,0,completed
RTE-DET-20230705-002,HUB-DET,DRV-01037,VEH-0029,2023-07-05,32,0,completed
RTE-DET-20230705-003,HUB-DET,DRV-01021,VEH-0022,2023-07-05,55,0,completed
RTE-CIN-20230705-001,HUB-CIN,DRV-01008,VEH-0036,2023-07-05,36,0,completed
RTE-CIN-20230705-002,HUB-CIN,DRV-01023,VEH-0018,2023-07-05,65,0,completed
RTE-CIN-20230705-003,HUB-CIN,DRV-01002,VEH-0025,2023-07-05,65,3,completed
RTE-CIN-20230705-004,HUB-CIN,DRV-01008,VEH-0018,2023-07-05,53,0,completed
RTE-CMH-20230706-001,HUB-CMH,DRV-01016,VEH-0021,2023-07-06,58,0,completed
RTE-CMH-20230706-002,HUB-CMH,DRV-01036,VEH-0035,2023-07-06,39,0,completed
RTE-CHI-20230706-001,HUB-CHI,DRV-01012,VEH-0006,2023-07-06,28,0,completed
RTE-CHI-20230706-002,HUB-CHI,DRV-01017,VEH-0005,2023-07-06,47,5,partial
RTE-IND-20230706-001,HUB-IND,DRV-01042,VEH-0043,2023-07-06,42,0,completed
RTE-IND-20230706-002,HUB-IND,DRV-01032,VEH-0023,2023-07-06,48,0,completed
RTE-IND-20230706-003,HUB-IND,DRV-01042,VEH-0009,2023-07-06,43,0,completed
RTE-DET-20230706-001,HUB-DET,DRV-01037,VEH-0044,2023-07-06,19,0,completed
RTE-CIN-20230706-001,HUB-CIN,DRV-01023,VEH-0018,2023-07-06,26,0,completed
RTE-CIN-20230706-002,HUB-CIN,DRV-01025,VEH-0027,2023-07-06,27,0,completed
RTE-CIN-20230706-003,HUB-CIN,DRV-01027,VEH-0025,2023-07-06,45,0,completed
RTE-CMH-20230707-001,HUB-CMH,DRV-01016,VEH-0041,2023-07-07,53,0,completed
RTE-CHI-20230707-001,HUB-CHI,DRV-01005,VEH-0037,2023-07-07,56,2,completed
RTE-CHI-20230707-002,HUB-CHI,DRV-01007,VEH-0002,2023-07-07,30,5,completed
RTE-IND-20230707-002,HUB-IND,DRV-01024,VEH-0023,2023-07-07,26,0,partial
RTE-IND-20230707-003,HUB-IND,DRV-01188,VEH-0034,2023-07-07,53,1,completed
RTE-DET-20230707-001,HUB-DET,DRV-01021,VEH-0022,2023-07-07,65,4,completed
RTE-DET-20230707-002,HUB-DET,DRV-01022,VEH-0022,2023-07-07,35,0,completed
RTE-DET-20230707-003,HUB-DET,DRV-01022,VEH-0029,2023-07-07,57,5,completed
RTE-DET-20230707-004,HUB-DET,DRV-01046,VEH-0022,2023-07-07,41,0,completed
RTE-CMH-20230708-002,HUB-CMH,DRV-01189,VEH-0038,2023-07-08,45,0,completed
RTE-CMH-20230708-003,HUB-CMH,DRV-01040,VEH-0028,2023-07-08,29,0,completed
RTE-CHI-20230708-002,HUB-CHI,DRV-01047,VEH-0004,2023-07-08,49,1,completed
RTE-DET-20230708-001,HUB-DET,DRV-01022,VEH-0022,2023-07-08,29,0,completed
RTE-CMH-20230709-001,HUB-CMH,DRV-01009,VEH-0041,2023-07-09,65,0,partial
RTE-CMH-20230709-002,HUB-CMH,DRV-01010,VEH-0028,2023-07-09,37,0,completed
RTE-CHI-20230709-001,HUB-CHI,DRV-01047,VEH-0042,2023-07-09,45,0,completed
RTE-CMH-20230710-001,HUB-CMH,DRV-01015,VEH-0038,2023-07-10,58,2,completed
RTE-CMH-20230710-002,HUB-CMH,DRV-01001,VEH-0003,2023-07-10,27,0,completed
RTE-CMH-20230710-003,HUB-CMH,DRV-01015,VEH-0003,2023-07-10,43,0,completed
RTE-CMH-20230710-004,HUB-CMH,DRV-01009,VEH-0035,2023-07-10,23,0,completed
RTE-CMH-20230710-005,HUB-CMH,DRV-01049,VEH-0028,2023-07-10,65,0,completed
RTE-CMH-20230710-006,HUB-CMH,DRV-01015,VEH-0041,2023-07-10,37,0,completed
RTE-CHI-20230710-001,HUB-CHI,DRV-01007,VEH-0004,2023-07-10,35,0,completed
RTE-IND-20230710-001,HUB-IND,DRV-01031,VEH-0008,2023-07-10,23,0,completed
RTE-IND-20230710-002,HUB-IND,DRV-01042,VEH-0034,2023-07-10,38,4,completed
RTE-IND-20230710-003,HUB-IND,DRV-01033,VEH-0013,2023-07-10,41,0,completed
RTE-DET-20230710-001,HUB-DET,DRV-01037,VEH-0022,2023-07-10,50,6,partial
RTE-CIN-20230710-001,HUB-CIN,DRV-01025,VEH-0027,2023-07-10,25,6,completed
RTE-CIN-20230710-002,HUB-CIN,DRV-01019,VEH-0036,2023-07-10,30,0,completed
RTE-CMH-20230711-001,HUB-CMH,DRV-01036,VEH-0035,2023-07-11,27,0,completed
RTE-CMH-20230711-002,HUB-CMH,DRV-01036,VEH-0003,2023-07-11,55,0,completed
RTE-CMH-20230711-003,HUB-CMH,DRV-01039,VEH-0021,2023-07-11,48,0,completed
RTE-CHI-20230711-001,HUB-CHI,DRV-01005,VEH-0004,2023-07-11,24,0,completed
RTE-CHI-20230711-002,HUB-CHI,DRV-01007,VEH-0004,2023-07-11,57,0,completed
RTE-IND-20230711-001,HUB-IND,DRV-01045,VEH-0017,2023-07-11,33,0,completed
RTE-DET-20230711-001,HUB-DET,DRV-01046,VEH-0044,2023-07-11,40,0,completed
RTE-DET-20230711-002,HUB-DET,DRV-01046,VEH-0024,2023-07-11,48,0,completed
RTE-DET-20230711-003,HUB-DET,DRV-01021,VEH-0024,2023-07-11,65,2,partial
RTE-DET-20230711-004,HUB-DET,DRV-01022,VEH-0029,2023-07-11,28,0,completed
RTE-CIN-20230711-001,HUB-CIN,DRV-01008,VEH-0025,2023-07-11,48,0,completed
RTE-CIN-20230711-002,HUB-CIN,DRV-01002,VEH-0036,2023-07-11,23,0,completed
RTE-CIN-20230711-003,HUB-CIN,DRV-01008,VEH-0026,2023-07-11,45,5,completed
RTE-CIN-20230711-004,HUB-CIN,DRV-01019,VEH-0026,2023-07-11,60,0,completed
RTE-CIN-20230711-005,HUB-CIN,DRV-01025,VEH-0025,2023-07-11,51,0,completed
RTE-CMH-20230712-001,HUB-CMH,DRV-01189,VEH-0035,2023-07-12,29,0,completed
RTE-CMH-20230712-002,HUB-CMH,DRV-01016,VEH-0033,2023-07-12,23,0,partial
RTE-IND-20230712-001,HUB-IND,DRV-01031,VEH-0023,2023-07-12,55,0,completed
RTE-IND-20230712-002,HUB-IND,DRV-01024,VEH-0008,2023-07-12,33,2,completed
RTE-IND-20230712-003,HUB-IND,DRV-01031,VEH-0034,2023-07-12,61,0,partial
RTE-DET-20230712-001,HUB-DET,DRV-01022,VEH-0044,2023-07-12,59,0,completed
RTE-DET-20230712-004,HUB-DET,DRV-01037,VEH-0029,2023-07-12,26,0,completed
RTE-CIN-20230712-001,HUB-CIN,DRV-01002,VEH-0026,2023-07-12,53,0,completed
RTE-CIN-20230712-002,HUB-CIN,DRV-01008,VEH-0018,2023-07-12,41,0,completed
RTE-CIN-20230712-003,HUB-CIN,DRV-01025,VEH-0026,2023-07-12,55,0,completed
RTE-CIN-20230712-004,HUB-CIN,DRV-01008,VEH-0036,2023-07-12,50,0,completed
RTE-CMH-20230713-001,HUB-CMH,DRV-01013,VEH-0038,2023-07-13,22,0,completed
RTE-CMH-20230713-002,HUB-CMH,DRV-01028,VEH-0033,2023-07-13,63,1,completed
RTE-CHI-20230713-002,HUB-CHI,DRV-01017,VEH-0019,2023-07-13,37,0,partial
RTE-CHI-20230713-005,HUB-CHI,DRV-01012,VEH-0019,2023-07-13,57,0,completed
RTE-CHI-20230713-006,HUB-CHI,DRV-01007,VEH-0002,2023-07-13,44,0,completed
RTE-CHI-20230713-007,HUB-CHI,DRV-01005,VEH-0004,2023-07-13,35,0,completed
RTE-IND-20230713-001,HUB-IND,DRV-01031,VEH-0023,2023-07-13,59,5,completed
RTE-IND-20230713-002,HUB-IND,DRV-01031,VEH-0013,2023-07-13,38,0,completed
RTE-DET-20230713-001,HUB-DET,DRV-01046,VEH-0024,2023-07-13,52,0,completed
RTE-CIN-20230713-001,HUB-CIN,DRV-01034,VEH-0036,2023-07-13,27,0,completed
RTE-CIN-20230713-002,HUB-CIN,DRV-01019,VEH-0027,2023-07-13,20,0,completed
RTE-CIN-20230713-003,HUB-CIN,DRV-01034,VEH-0026,2023-07-13,33,5,completed
RTE-CIN-20230713-004,HUB-CIN,DRV-01041,VEH-0020,2023-07-13,27,0,completed
RTE-CMH-20230714-001,HUB-CMH,DRV-01016,VEH-0007,2023-07-14,62,0,completed
RTE-CMH-20230714-002,HUB-CMH,DRV-01044,VEH-0035,2023-07-14,52,0,completed
RTE-CMH-20230714-003,HUB-CMH,DRV-01013,VEH-0007,2023-07-14,60,0,completed
RTE-IND-20230714-001,HUB-IND,DRV-01045,VEH-0008,2023-07-14,35,0,partial
RTE-IND-20230714-002,HUB-IND,DRV-01031,VEH-0034,2023-07-14,58,0,completed
RTE-DET-20230714-001,HUB-DET,DRV-01022,VEH-0022,2023-07-14,34,0,completed
RTE-DET-20230714-002,HUB-DET,DRV-01046,VEH-0044,2023-07-14,22,0,partial
RTE-CIN-20230714-001,HUB-CIN,DRV-01008,VEH-0032,2023-07-14,29,0,completed
RTE-CIN-20230714-002,HUB-CIN,DRV-01041,VEH-0025,2023-07-14,52,0,completed
RTE-CIN-20230714-003,HUB-CIN,DRV-01023,VEH-0032,2023-07-14,42,5,completed
RTE-CIN-20230714-004,HUB-CIN,DRV-01027,VEH-0027,2023-07-14,44,0,completed
RTE-CIN-20230714-005,HUB-CIN,DRV-01027,VEH-0020,2023-07-14,25,4,partial
RTE-CHI-20230715-001,HUB-CHI,DRV-01020,VEH-0002,2023-07-15,37,0,completed
RTE-CHI-20230715-002,HUB-CHI,DRV-01005,VEH-0042,2023-07-15,28,0,completed
RTE-IND-20230715-001,HUB-IND,DRV-01031,VEH-0008,2023-07-15,39,0,completed
RTE-DET-20230715-001,HUB-DET,DRV-01021,VEH-0022,2023-07-15,24,3,completed
RTE-DET-20230716-001,HUB-DET,DRV-01022,VEH-0024,2023-07-16,26,0,completed
RTE-DET-20230716-002,HUB-DET,DRV-01037,VEH-0029,2023-07-16,52,0,completed
RTE-CIN-20230716-001,HUB-CIN,DRV-01025,VEH-0020,2023-07-16,36,0,completed
RTE-CIN-20230716-002,HUB-CIN,DRV-01034,VEH-0026,2023-07-16,46,0,completed
RTE-CIN-20230716-003,HUB-CIN,DRV-01034,VEH-0025,2023-07-16,29,0,partial
RTE-CMH-20230717-001,HUB-CMH,DRV-01039,VEH-0028,2023-07-17,45,0,completed
RTE-CMH-20230717-002,HUB-CMH,DRV-01049,VEH-0041,2023-07-17,59,0,completed
RTE-CMH-20230717-003,HUB-CMH,DRV-01016,VEH-0035,2023-07-17,57,0,completed
RTE-CHI-20230717-001,HUB-CHI,DRV-01047,VEH-0019,2023-07-17,45,0,partial
RTE-IND-20230717-001,HUB-IND,DRV-01032,VEH-0009,2023-07-17,37,0,completed
RTE-IND-20230717-002,HUB-IND,DRV-01042,VEH-0013,2023-07-17,19,0,completed
RTE-IND-20230717-003,HUB-IND,DRV-01024,VEH-0023,2023-07-17,58,0,completed
RTE-DET-20230717-002,HUB-DET,DRV-01037,VEH-0029,2023-07-17,63,0,completed
RTE-DET-20230717-003,HUB-DET,DRV-01037,VEH-0022,2023-07-17,50,0,completed
RTE-DET-20230717-004,HUB-DET,DRV-01021,VEH-0029,2023-07-17,21,0,completed
RTE-DET-20230717-005,HUB-DET,DRV-01014,VEH-0044,2023-07-17,24,0,completed
RTE-CIN-20230717-001,HUB-CIN,DRV-01027,VEH-0032,2023-07-17,33,0,partial
RTE-CIN-20230717-002,HUB-CIN,DRV-01019,VEH-0026,2023-07-17,65,0,completed
RTE-CMH-20230718-001,HUB-CMH,DRV-01013,VEH-0001,2023-07-18,26,0,partial
RTE-CMH-20230718-002,HUB-CMH,DRV-01044,VEH-0003,2023-07-18,23,0,completed
RTE-CHI-20230718-002,HUB-CHI,DRV-01012,VEH-0005,2023-07-18,43,0,completed
RTE-CHI-20230718-003,HUB-CHI,DRV-01005,VEH-0037,2023-07-18,35,0,completed
RTE-CHI-20230718-004,HUB-CHI,DRV-01005,VEH-0006,2023-07-18,36,5,partial
RTE-CHI-20230718-005,HUB-CHI,DRV-01020,VEH-0015,2023-07-18,27,0,completed
RTE-CIN-20230718-001,HUB-CIN,DRV-01023,VEH-0032,2023-07-18,26,0,completed
RTE-CIN-20230718-002,HUB-CIN,DRV-01027,VEH-0018,2023-07-18,43,0,completed
RTE-CMH-20230719-001,HUB-CMH,DRV-01001,VEH-0007,2023-07-19,28,2,completed
RTE-CMH-20230719-002,HUB-CMH,DRV-01028,VEH-0041,2023-07-19,20,1,partial
RTE-CMH-20230719-003,HUB-CMH,DRV-01044,VEH-0003,2023-07-19,26,5,completed
RTE-CMH-20230719-004,HUB-CMH,DRV-01040,VEH-0001,2023-07-19,22,0,completed
RTE-CHI-20230719-002,HUB-CHI,DRV-01017,VEH-0015,2023-07-19,48,0,completed
RTE-CHI-20230719-003,HUB-CHI,DRV-01020,VEH-0019,2023-07-19,26,0,completed
RTE-IND-20230719-001,HUB-IND,DRV-01032,VEH-0034,2023-07-19,47,0,completed
RTE-IND-20230719-002,HUB-IND,DRV-01188,VEH-0034,2023-07-19,49,0,completed
RTE-IND-20230719-003,HUB-IND,DRV-01032,VEH-0043,2023-07-19,50,0,partial
RTE-IND-20230719-004,HUB-IND,DRV-01188,VEH-0017,2023-07-19,34,0,completed
RTE-DET-20230719-001,HUB-DET,DRV-01046,VEH-0044,2023-07-19,29,0,completed
RTE-CIN-20230719-001,HUB-CIN,DRV-01034,VEH-0032,2023-07-19,34,2,completed
RTE-CIN-20230719-002,HUB-CIN,DRV-01034,VEH-0026,2023-07-19,23,0,completed
RTE-CMH-20230720-001,HUB-CMH,DRV-01013,VEH-0021,2023-07-20,44,0,completed
RTE-CMH-20230720-002,HUB-CMH,DRV-01016,VEH-0035,2023-07-20,62,0,completed
RTE-CHI-20230720-001,HUB-CHI,DRV-01035,VEH-0005,2023-07-20,26,0,completed
RTE-IND-20230720-001,HUB-IND,DRV-01024,VEH-0013,2023-07-20,61,0,completed
RTE-IND-20230720-002,HUB-IND,DRV-01042,VEH-0043,2023-07-20,57,0,completed
RTE-IND-20230720-003,HUB-IND,DRV-01045,VEH-0023,2023-07-20,50,0,completed
RTE-IND-20230720-004,HUB-IND,DRV-01188,VEH-0013,2023-07-20,48,0,partial
RTE-IND-20230720-005,HUB-IND,DRV-01188,VEH-0034,2023-07-20,27,0,completed
RTE-DET-20230720-001,HUB-DET,DRV-01014,VEH-0044,2023-07-20,49,0,completed
RTE-DET-20230720-002,HUB-DET,DRV-01021,VEH-0022,2023-07-20,32,0,completed
RTE-DET-20230720-003,HUB-DET,DRV-01022,VEH-0044,2023-07-20,23,0,partial
RTE-DET-20230720-004,HUB-DET,DRV-01022,VEH-0024,2023-07-20,38,3,completed
RTE-CIN-20230720-002,HUB-CIN,DRV-01027,VEH-0020,2023-07-20,30,0,completed
RTE-CIN-20230720-003,HUB-CIN,DRV-01041,VEH-0027,2023-07-20,36,0,partial
RTE-CMH-20230721-001,HUB-CMH,DRV-01009,VEH-0038,2023-07-21,31,0,completed
RTE-CMH-20230721-002,HUB-CMH,DRV-01010,VEH-0031,2023-07-21,18,0,completed
RTE-CMH-20230721-003,HUB-CMH,DRV-01013,VEH-0007,2023-07-21,30,0,completed
RTE-CMH-20230721-004,HUB-CMH,DRV-01001,VEH-0033,2023-07-21,23,0,completed
RTE-CHI-20230721-001,HUB-CHI,DRV-01047,VEH-0004,2023-07-21,38,0,completed
RTE-CHI-20230721-003,HUB-CHI,DRV-01047,VEH-0037,2023-07-21,23,0,completed
RTE-CHI-20230721-004,HUB-CHI,DRV-01035,VEH-0037,2023-07-21,50,0,completed
RTE-CHI-20230721-005,HUB-CHI,DRV-01012,VEH-0005,2023-07-21,63,0,completed
RTE-IND-20230721-001,HUB-IND,DRV-01045,VEH-0013,2023-07-21,32,0,completed
RTE-IND-20230721-002,HUB-IND,DRV-01033,VEH-0008,2023-07-21,35,0,completed
RTE-IND-20230721-003,HUB-IND,DRV-01033,VEH-0008,2023-07-21,45,2,completed
RTE-IND-20230721-004,HUB-IND,DRV-01042,VEH-0016,2023-07-21,60,0,completed
RTE-DET-20230721-001,HUB-DET,DRV-01046,VEH-0044,2023-07-21,30,2,completed
RTE-DET-20230721-002,HUB-DET,DRV-01014,VEH-0022,2023-07-21,27,0,completed
RTE-DET-20230721-003,HUB-DET,DRV-01046,VEH-0024,2023-07-21,26,0,completed
RTE-DET-20230721-004,HUB-DET,DRV-01014,VEH-0044,2023-07-21,43,0,partial
RTE-DET-20230721-005,HUB-DET,DRV-01022,VEH-0044,2023-07-21,56,0,partial
RTE-CIN-20230721-001,HUB-CIN,DRV-01034,VEH-0026,2023-07-21,42,0,completed
RTE-CIN-20230721-002,HUB-CIN,DRV-01023,VEH-0026,2023-07-21,62,1,partial
RTE-CIN-20230721-003,HUB-CIN,DRV-01027,VEH-0027,2023-07-21,40,0,completed
RTE-CIN-20230721-004,HUB-CIN,DRV-01027,VEH-0026,2023-07-21,59,0,completed
RTE-DET-20230722-001,HUB-DET,DRV-01037,VEH-0024,2023-07-22,32,6,completed
RTE-CMH-20230724-001,HUB-CMH,DRV-01009,VEH-0031,2023-07-24,43,6,partial
RTE-CMH-20230724-002,HUB-CMH,DRV-01040,VEH-0003,2023-07-24,19,0,completed
RTE-CMH-20230724-003,HUB-CMH,DRV-01043,VEH-0041,2023-07-24,35,4,completed
RTE-CMH-20230724-004,HUB-CMH,DRV-01036,VEH-0035,2023-07-24,40,0,completed
RTE-CMH-20230724-005,HUB-CMH,DRV-01013,VEH-0035,2023-07-24,18,0,completed
RTE-CHI-20230724-001,HUB-CHI,DRV-01035,VEH-0002,2023-07-24,60,0,completed
RTE-CHI-20230724-002,HUB-CHI,DRV-01190,VEH-0015,2023-07-24,37,0,completed
RTE-DET-20230724-001,HUB-DET,DRV-01014,VEH-0044,2023-07-24,58,5,completed
RTE-DET-20230724-002,HUB-DET,DRV-01037,VEH-0024,2023-07-24,64,0,completed
RTE-DET-20230724-003,HUB-DET,DRV-01022,VEH-0022,2023-07-24,55,0,completed
RTE-DET-20230724-004,HUB-DET,DRV-01021,VEH-0029,2023-07-24,18,0,partial
RTE-CIN-20230724-001,HUB-CIN,DRV-01041,VEH-0025,2023-07-24,28,0,completed
RTE-CMH-20230725-001,HUB-CMH,DRV-01001,VEH-0007,2023-07-25,33,0,completed
RTE-CMH-20230725-002,HUB-CMH,DRV-01001,VEH-0003,2023-07-25,31,0,completed
RTE-CMH-20230725-004,HUB-CMH,DRV-01189,VEH-0038,2023-07-25,27,0,completed
RTE-CHI-20230725-001,HUB-CHI,DRV-01005,VEH-0006,2023-07-25,24,0,partial
RTE-CHI-20230725-002,HUB-CHI,DRV-01017,VEH-0005,2023-07-25,39,5,completed
RTE-CHI-20230725-003,HUB-CHI,DRV-01048,VEH-0037,2023-07-25,51,0,completed
RTE-IND-20230725-001,HUB-IND,DRV-01032,VEH-0013,2023-07-25,42,0,partial
RTE-IND-20230725-002,HUB-IND,DRV-01042,VEH-0034,2023-07-25,62,0,completed
RTE-IND-20230725-003,HUB-IND,DRV-01031,VEH-0013,2023-07-25,44,0,completed
RTE-DET-20230725-001,HUB-DET,DRV-01046,VEH-0024,2023-07-25,30,0,completed
RTE-DET-20230725-002,HUB-DET,DRV-01014,VEH-0029,2023-07-25,21,0,completed
RTE-CIN-20230725-001,HUB-CIN,DRV-01025,VEH-0036,2023-07-25,43,0,completed
RTE-CIN-20230725-002,HUB-CIN,DRV-01019,VEH-0025,2023-07-25,23,3,completed
RTE-CIN-20230725-003,HUB-CIN,DRV-01034,VEH-0020,2023-07-25,18,2,completed
RTE-CMH-20230726-001,HUB-CMH,DRV-01013,VEH-0035,2023-07-26,20,0,completed
RTE-CHI-20230726-001,HUB-CHI,DRV-01035,VEH-0042,2023-07-26,32,0,completed
RTE-CHI-20230726-003,HUB-CHI,DRV-01005,VEH-0015,2023-07-26,43,0,completed
RTE-CHI-20230726-004,HUB-CHI,DRV-01005,VEH-0002,2023-07-26,50,0,completed
RTE-IND-20230726-001,HUB-IND,DRV-01031,VEH-0013,2023-07-26,31,6,completed
RTE-IND-20230726-002,HUB-IND,DRV-01024,VEH-0008,2023-07-26,36,0,completed
RTE-IND-20230726-003,HUB-IND,DRV-01031,VEH-0034,2023-07-26,43,2,completed
RTE-IND-20230726-005,HUB-IND,DRV-01042,VEH-0043,2023-07-26,56,0,completed
RTE-DET-20230726-001,HUB-DET,DRV-01037,VEH-0022,2023-07-26,63,0,completed
RTE-DET-20230726-002,HUB-DET,DRV-01014,VEH-0044,2023-07-26,20,0,completed
RTE-DET-20230726-003,HUB-DET,DRV-01014,VEH-0024,2023-07-26,47,0,partial
RTE-DET-20230726-005,HUB-DET,DRV-01046,VEH-0029,2023-07-26,56,0,completed
RTE-CIN-20230726-001,HUB-CIN,DRV-01019,VEH-0036,2023-07-26,59,0,completed
RTE-CIN-20230726-002,HUB-CIN,DRV-01025,VEH-0020,2023-07-26,45,0,completed
RTE-CIN-20230726-003,HUB-CIN,DRV-01034,VEH-0036,2023-07-26,53,0,completed
RTE-CIN-20230726-004,HUB-CIN,DRV-01025,VEH-0025,2023-07-26,45,0,completed
RTE-CIN-20230726-005,HUB-CIN,DRV-01008,VEH-0032,2023-07-26,36,0,completed
RTE-CMH-20230727-001,HUB-CMH,DRV-01043,VEH-0031,2023-07-27,53,4,partial
RTE-CMH-20230727-002,HUB-CMH,DRV-01044,VEH-0031,2023-07-27,63,0,completed
RTE-CHI-20230727-001,HUB-CHI,DRV-01048,VEH-0002,2023-07-27,21,0,completed
RTE-IND-20230727-001,HUB-IND,DRV-01045,VEH-0023,2023-07-27,19,0,completed
RTE-IND-20230727-002,HUB-IND,DRV-01045,VEH-0013,2023-07-27,40,0,completed
RTE-IND-20230727-003,HUB-IND,DRV-01031,VEH-0043,2023-07-27,25,0,completed
RTE-IND-20230727-004,HUB-IND,DRV-01031,VEH-0034,2023-07-27,28,0,completed
RTE-IND-20230727-005,HUB-IND,DRV-01031,VEH-0008,2023-07-27,20,0,completed
RTE-DET-20230727-001,HUB-DET,DRV-01022,VEH-0029,2023-07-27,43,0,completed
RTE-CIN-20230727-001,HUB-CIN,DRV-01041,VEH-0025,2023-07-27,27,0,completed
RTE-CIN-20230727-003,HUB-CIN,DRV-01008,VEH-0032,2023-07-27,45,0,completed
RTE-CIN-20230727-004,HUB-CIN,DRV-01041,VEH-0032,2023-07-27,25,0,partial
RTE-CIN-20230727-005,HUB-CIN,DRV-01041,VEH-0018,2023-07-27,53,0,completed
RTE-CIN-20230727-006,HUB-CIN,DRV-01019,VEH-0025,2023-07-27,42,0,completed
RTE-CMH-20230728-001,HUB-CMH,DRV-01036,VEH-0031,2023-07-28,46,0,completed
RTE-CMH-20230728-002,HUB-CMH,DRV-01016,VEH-0021,2023-07-28,32,0,completed
RTE-CHI-20230728-001,HUB-CHI,DRV-01048,VEH-0004,2023-07-28,53,0,completed
RTE-CHI-20230728-002,HUB-CHI,DRV-01020,VEH-0005,2023-07-28,54,0,completed
RTE-CHI-20230728-003,HUB-CHI,DRV-01017,VEH-0042,2023-07-28,65,0,completed
RTE-IND-20230728-001,HUB-IND,DRV-01188,VEH-0013,2023-07-28,61,0,partial
RTE-IND-20230728-002,HUB-IND,DRV-01188,VEH-0023,2023-07-28,55,4,completed
RTE-IND-20230728-003,HUB-IND,DRV-01045,VEH-0043,2023-07-28,50,0,completed
RTE-IND-20230728-004,HUB-IND,DRV-01032,VEH-0034,2023-07-28,38,6,completed
RTE-IND-20230728-005,HUB-IND,DRV-01032,VEH-0034,2023-07-28,52,0,partial
RTE-DET-20230728-001,HUB-DET,DRV-01037,VEH-0044,2023-07-28,65,0,completed
RTE-DET-20230728-002,HUB-DET,DRV-01046,VEH-0022,2023-07-28,34,0,completed
RTE-DET-20230728-003,HUB-DET,DRV-01022,VEH-0024,2023-07-28,36,0,completed
RTE-DET-20230728-004,HUB-DET,DRV-01046,VEH-0022,2023-07-28,25,0,completed
RTE-CIN-20230728-001,HUB-CIN,DRV-01023,VEH-0018,2023-07-28,31,0,completed
RTE-CIN-20230728-002,HUB-CIN,DRV-01034,VEH-0025,2023-07-28,34,0,completed
RTE-CIN-20230728-003,HUB-CIN,DRV-01041,VEH-0027,2023-07-28,29,0,completed
RTE-IND-20230729-001,HUB-IND,DRV-01045,VEH-0016,2023-07-29,20,0,completed
RTE-DET-20230729-001,HUB-DET,DRV-01014,VEH-0022,2023-07-29,19,0,completed
RTE-IND-20230730-001,HUB-IND,DRV-01033,VEH-0016,2023-07-30,20,0,completed
RTE-CMH-20230731-001,HUB-CMH,DRV-01049,VEH-0038,2023-07-31,63,0,completed
RTE-CMH-20230731-002,HUB-CMH,DRV-01009,VEH-0007,2023-07-31,25,0,partial
RTE-CMH-20230731-003,HUB-CMH,DRV-01036,VEH-0038,2023-07-31,20,0,partial
RTE-CMH-20230731-004,HUB-CMH,DRV-01015,VEH-0028,2023-07-31,63,5,completed
RTE-CMH-20230731-005,HUB-CMH,DRV-01049,VEH-0021,2023-07-31,46,0,completed
RTE-CHI-20230731-001,HUB-CHI,DRV-01190,VEH-0019,2023-07-31,32,0,completed
RTE-CHI-20230731-002,HUB-CHI,DRV-01007,VEH-0015,2023-07-31,60,5,completed
RTE-CHI-20230731-003,HUB-CHI,DRV-01005,VEH-0019,2023-07-31,39,0,completed
RTE-CHI-20230731-004,HUB-CHI,DRV-01190,VEH-0037,2023-07-31,29,0,completed
RTE-IND-20230731-001,HUB-IND,DRV-01032,VEH-0013,2023-07-31,47,0,completed
RTE-IND-20230731-002,HUB-IND,DRV-01045,VEH-0008,2023-07-31,31,3,completed
RTE-DET-20230731-001,HUB-DET,DRV-01046,VEH-0022,2023-07-31,58,0,completed
RTE-DET-20230731-002,HUB-DET,DRV-01014,VEH-0029,2023-07-31,18,0,completed
RTE-CIN-20230731-001,HUB-CIN,DRV-01008,VEH-0026,2023-07-31,26,6,partial
RTE-CMH-20230801-001,HUB-CMH,DRV-01189,VEH-0021,2023-08-01,52,0,completed
RTE-CMH-20230801-002,HUB-CMH,DRV-01001,VEH-0033,2023-08-01,40,0,completed
RTE-CMH-20230801-003,HUB-CMH,DRV-01044,VEH-0021,2023-08-01,47,0,completed
RTE-CMH-20230801-004,HUB-CMH,DRV-01028,VEH-0028,2023-08-01,27,0,completed
RTE-CMH-20230801-005,HUB-CMH,DRV-01028,VEH-0038,2023-08-01,55,0,completed
RTE-CMH-20230801-006,HUB-CMH,DRV-01009,VEH-0021,2023-08-01,29,0,partial
RTE-CHI-20230801-001,HUB-CHI,DRV-01047,VEH-0004,2023-08-01,57,4,completed
RTE-CHI-20230801-002,HUB-CHI,DRV-01047,VEH-0019,2023-08-01,52,0,completed
RTE-IND-20230801-001,HUB-IND,DRV-01033,VEH-0017,2023-08-01,65,0,partial
RTE-IND-20230801-002,HUB-IND,DRV-01033,VEH-0009,2023-08-01,61,0,completed
RTE-IND-20230801-003,HUB-IND,DRV-01032,VEH-0008,2023-08-01,52,0,completed
RTE-DET-20230801-001,HUB-DET,DRV-01022,VEH-0044,2023-08-01,63,0,completed
RTE-DET-20230801-002,HUB-DET,DRV-01022,VEH-0022,2023-08-01,39,0,completed
RTE-CIN-20230801-001,HUB-CIN,DRV-01034,VEH-0026,2023-08-01,23,0,partial
RTE-CIN-20230801-002,HUB-CIN,DRV-01002,VEH-0020,2023-08-01,59,0,partial
RTE-CIN-20230801-003,HUB-CIN,DRV-01002,VEH-0020,2023-08-01,46,0,completed
RTE-CMH-20230802-001,HUB-CMH,DRV-01010,VEH-0035,2023-08-02,18,3,completed
RTE-CHI-20230802-001,HUB-CHI,DRV-01048,VEH-0004,2023-08-02,20,0,completed
RTE-CHI-20230802-002,HUB-CHI,DRV-01035,VEH-0015,2023-08-02,29,0,completed
RTE-IND-20230802-001,HUB-IND,DRV-01031,VEH-0008,2023-08-02,36,0,completed
RTE-IND-20230802-002,HUB-IND,DRV-01033,VEH-0009,2023-08-02,44,0,completed
RTE-DET-20230802-001,HUB-DET,DRV-01037,VEH-0029,2023-08-02,53,0,completed
RTE-DET-20230802-002,HUB-DET,DRV-01014,VEH-0022,2023-08-02,45,3,completed
RTE-DET-20230802-003,HUB-DET,DRV-01014,VEH-0044,2023-08-02,45,0,partial
RTE-DET-20230802-004,HUB-DET,DRV-01022,VEH-0044,2023-08-02,32,0,completed
RTE-DET-20230802-005,HUB-DET,DRV-01046,VEH-0022,2023-08-02,54,0,completed
RTE-CIN-20230802-001,HUB-CIN,DRV-01027,VEH-0020,2023-08-02,55,0,completed
RTE-CIN-20230802-002,HUB-CIN,DRV-01025,VEH-0025,2023-08-02,53,0,completed
RTE-CMH-20230803-001,HUB-CMH,DRV-01015,VEH-0031,2023-08-03,40,0,completed
RTE-CMH-20230803-002,HUB-CMH,DRV-01036,VEH-0003,2023-08-03,48,0,completed
RTE-CMH-20230803-003,HUB-CMH,DRV-01036,VEH-0021,2023-08-03,61,1,completed
RTE-CHI-20230803-001,HUB-CHI,DRV-01020,VEH-0037,2023-08-03,26,5,completed
RTE-CHI-20230803-002,HUB-CHI,DRV-01048,VEH-0002,2023-08-03,56,2,completed
RTE-IND-20230803-001,HUB-IND,DRV-01188,VEH-0008,2023-08-03,23,0,completed
RTE-IND-20230803-002,HUB-IND,DRV-01032,VEH-0034,2023-08-03,58,0,completed
RTE-CIN-20230803-001,HUB-CIN,DRV-01008,VEH-0018,2023-08-03,56,0,completed
RTE-CIN-20230803-002,HUB-CIN,DRV-01027,VEH-0018,2023-08-03,28,0,completed
RTE-CIN-20230803-003,HUB-CIN,DRV-01041,VEH-0026,2023-08-03,59,0,completed
RTE-CMH-20230804-001,HUB-CMH,DRV-01016,VEH-0035,2023-08-04,27,0,completed
RTE-CMH-20230804-002,HUB-CMH,DRV-01189,VEH-0038,2023-08-04,37,0,partial
RTE-CMH-20230804-003,HUB-CMH,DRV-01010,VEH-0038,2023-08-04,23,0,partial
RTE-CMH-20230804-004,HUB-CMH,DRV-01010,VEH-0041,2023-08-04,27,0,completed
RTE-CMH-20230804-005,HUB-CMH,DRV-01001,VEH-0007,2023-08-04,42,1,completed
RTE-CHI-20230804-001,HUB-CHI,DRV-01190,VEH-0005,2023-08-04,61,3,completed
RTE-CHI-20230804-002,HUB-CHI,DRV-01012,VEH-0019,2023-08-04,50,6,partial
RTE-IND-20230804-001,HUB-IND,DRV-01032,VEH-0043,2023-08-04,45,5,completed
RTE-DET-20230804-001,HUB-DET,DRV-01022,VEH-0044,2023-08-04,61,0,completed
RTE-DET-20230804-002,HUB-DET,DRV-01046,VEH-0044,2023-08-04,20,0,completed
RTE-CIN-20230804-001,HUB-CIN,DRV-01008,VEH-0036,2023-08-04,51,0,completed
RTE-CIN-20230804-002,HUB-CIN,DRV-01019,VEH-0026,2023-08-04,41,0,completed
RTE-CIN-20230804-003,HUB-CIN,DRV-01025,VEH-0018,2023-08-04,22,0,completed
RTE-CIN-20230804-004,HUB-CIN,DRV-01019,VEH-0025,2023-08-04,35,0,completed
RTE-CIN-20230804-005,HUB-CIN,DRV-01027,VEH-0020,2023-08-04,34,5,completed
RTE-CHI-20230806-001,HUB-CHI,DRV-01190,VEH-0006,2023-08-06,37,5,completed
RTE-DET-20230806-001,HUB-DET,DRV-01022,VEH-0022,2023-08-06,53,6,completed
RTE-DET-20230806-002,HUB-DET,DRV-01014,VEH-0024,2023-08-06,34,0,partial
RTE-DET-20230806-003,HUB-DET,DRV-01046,VEH-0024,2023-08-06,45,0,completed
RTE-CIN-20230806-001,HUB-CIN,DRV-01041,VEH-0026,2023-08-06,43,0,completed
RTE-CIN-20230806-002,HUB-CIN,DRV-01041,VEH-0032,2023-08-06,28,0,completed
RTE-CIN-20230806-003,HUB-CIN,DRV-01034,VEH-0018,2023-08-06,18,0,completed
RTE-CIN-20230806-004,HUB-CIN,DRV-01008,VEH-0036,2023-08-06,18,0,completed
RTE-CMH-20230807-002,HUB-CMH,DRV-01013,VEH-0007,2023-08-07,59,0,completed
RTE-CHI-20230807-001,HUB-CHI,DRV-01047,VEH-0004,2023-08-07,53,0,completed
RTE-CHI-20230807-002,HUB-CHI,DRV-01047,VEH-0006,2023-08-07,57,0,completed
RTE-CHI-20230807-003,HUB-CHI,DRV-01020,VEH-0006,2023-08-07,38,0,partial
RTE-IND-20230807-001,HUB-IND,DRV-01188,VEH-0023,2023-08-07,52,0,completed
RTE-DET-20230807-001,HUB-DET,DRV-01021,VEH-0029,2023-08-07,41,0,partial
RTE-DET-20230807-002,HUB-DET,DRV-01021,VEH-0022,2023-08-07,53,0,completed
RTE-DET-20230807-003,HUB-DET,DRV-01037,VEH-0024,2023-08-07,51,0,completed
RTE-CMH-20230808-001,HUB-CMH,DRV-01009,VEH-0001,2023-08-08,63,0,partial
RTE-CHI-20230808-001,HUB-CHI,DRV-01017,VEH-0037,2023-08-08,18,0,completed
RTE-CHI-20230808-002,HUB-CHI,DRV-01005,VEH-0015,2023-08-08,30,5,completed
RTE-CHI-20230808-003,HUB-CHI,DRV-01005,VEH-0002,2023-08-08,33,0,completed
RTE-IND-20230808-001,HUB-IND,DRV-01191,VEH-0008,2023-08-08,50,0,completed
RTE-DET-20230808-001,HUB-DET,DRV-01046,VEH-0024,2023-08-08,64,1,partial
RTE-CIN-20230808-001,HUB-CIN,DRV-01034,VEH-0025,2023-08-08,40,0,completed
RTE-CIN-20230808-002,HUB-CIN,DRV-01025,VEH-0026,2023-08-08,19,4,completed
RTE-CIN-20230808-003,HUB-CIN,DRV-01041,VEH-0018,2023-08-08,42,0,completed
RTE-CIN-20230808-004,HUB-CIN,DRV-01008,VEH-0032,2023-08-08,62,0,completed
RTE-CHI-20230809-001,HUB-CHI,DRV-01007,VEH-0002,2023-08-09,44,0,completed
RTE-CHI-20230809-002,HUB-CHI,DRV-01020,VEH-0037,2023-08-09,58,0,completed
RTE-CHI-20230809-003,HUB-CHI,DRV-01190,VEH-0006,2023-08-09,55,0,completed
RTE-CHI-20230809-004,HUB-CHI,DRV-01020,VEH-0004,2023-08-09,32,0,completed
RTE-IND-20230809-001,HUB-IND,DRV-01024,VEH-0017,2023-08-09,64,0,partial
RTE-IND-20230809-002,HUB-IND,DRV-01024,VEH-0008,2023-08-09,24,0,completed
RTE-CIN-20230809-001,HUB-CIN,DRV-01023,VEH-0018,2023-08-09,34,0,canceled
RTE-CIN-20230809-002,HUB-CIN,DRV-01008,VEH-0018,2023-08-09,39,0,completed
RTE-CMH-20230810-001,HUB-CMH,DRV-01189,VEH-0007,2023-08-10,49,0,completed
RTE-CHI-20230810-001,HUB-CHI,DRV-01012,VEH-0037,2023-08-10,42,0,completed
RTE-CHI-20230810-002,HUB-CHI,DRV-01020,VEH-0002,2023-08-10,34,0,completed
RTE-DET-20230810-002,HUB-DET,DRV-01021,VEH-0022,2023-08-10,59,0,completed
RTE-CIN-20230810-001,HUB-CIN,DRV-01023,VEH-0032,2023-08-10,20,0,completed
RTE-CMH-20230811-001,HUB-CMH,DRV-01049,VEH-0041,2023-08-11,65,0,completed
RTE-CMH-20230811-002,HUB-CMH,DRV-01010,VEH-0003,2023-08-11,42,0,completed
RTE-CMH-20230811-003,HUB-CMH,DRV-01043,VEH-0021,2023-08-11,45,0,completed
RTE-CMH-20230811-004,HUB-CMH,DRV-01009,VEH-0038,2023-08-11,22,0,completed
RTE-CMH-20230811-005,HUB-CMH,DRV-01039,VEH-0035,2023-08-11,37,2,completed
RTE-CHI-20230811-001,HUB-CHI,DRV-01035,VEH-0005,2023-08-11,50,0,completed
RTE-CHI-20230811-003,HUB-CHI,DRV-01020,VEH-0004,2023-08-11,52,0,completed
RTE-CHI-20230811-004,HUB-CHI,DRV-01005,VEH-0019,2023-08-11,32,4,completed
RTE-IND-20230811-001,HUB-IND,DRV-01031,VEH-0043,2023-08-11,27,0,completed
RTE-IND-20230811-002,HUB-IND,DRV-01191,VEH-0009,2023-08-11,47,0,completed
RTE-DET-20230811-001,HUB-DET,DRV-01022,VEH-0029,2023-08-11,44,0,completed
RTE-DET-20230811-002,HUB-DET,DRV-01037,VEH-0029,2023-08-11,55,2,completed
RTE-DET-20230811-003,HUB-DET,DRV-01037,VEH-0024,2023-08-11,55,0,completed
RTE-DET-20230811-004,HUB-DET,DRV-01014,VEH-0024,2023-08-11,29,0,completed
RTE-CIN-20230811-001,HUB-CIN,DRV-01019,VEH-0032,2023-08-11,56,0,completed
RTE-CIN-20230811-003,HUB-CIN,DRV-01008,VEH-0027,2023-08-11,49,6,completed
RTE-CIN-20230811-004,HUB-CIN,DRV-01008,VEH-0018,2023-08-11,65,0,completed
RTE-CMH-20230813-001,HUB-CMH,DRV-01040,VEH-0003,2023-08-13,33,0,completed
RTE-CIN-20230813-001,HUB-CIN,DRV-01027,VEH-0018,2023-08-13,27,0,completed
RTE-CMH-20230814-001,HUB-CMH,DRV-01043,VEH-0021,2023-08-14,42,0,completed
RTE-CMH-20230814-002,HUB-CMH,DRV-01040,VEH-0007,2023-08-14,58,0,completed
RTE-CHI-20230814-001,HUB-CHI,DRV-01047,VEH-0005,2023-08-14,34,0,completed
RTE-CHI-20230814-002,HUB-CHI,DRV-01020,VEH-0042,2023-08-14,48,6,completed
RTE-CHI-20230814-003,HUB-CHI,DRV-01007,VEH-0005,2023-08-14,54,0,completed
RTE-IND-20230814-001,HUB-IND,DRV-01042,VEH-0034,2023-08-14,64,0,completed
RTE-IND-20230814-002,HUB-IND,DRV-01032,VEH-0016,2023-08-14,65,0,partial
RTE-IND-20230814-003,HUB-IND,DRV-01032,VEH-0023,2023-08-14,61,0,completed
RTE-DET-20230814-001,HUB-DET,DRV-01014,VEH-0022,2023-08-14,57,0,completed
RTE-DET-20230814-002,HUB-DET,DRV-01014,VEH-0029,2023-08-14,60,0,completed
RTE-DET-20230814-003,HUB-DET,DRV-01014,VEH-0044,2023-08-14,50,4,completed
RTE-CIN-20230814-001,HUB-CIN,DRV-01023,VEH-0032,2023-08-14,46,0,completed
RTE-CIN-20230814-002,HUB-CIN,DRV-01002,VEH-0027,2023-08-14,47,0,completed
RTE-CIN-20230814-003,HUB-CIN,DRV-01034,VEH-0032,2023-08-14,33,0,completed
RTE-CHI-20230815-001,HUB-CHI,DRV-01017,VEH-0037,2023-08-15,58,0,completed
RTE-CHI-20230815-002,HUB-CHI,DRV-01020,VEH-0015,2023-08-15,20,0,completed
RTE-IND-20230815-001,HUB-IND,DRV-01024,VEH-0016,2023-08-15,34,0,completed
RTE-DET-20230815-001,HUB-DET,DRV-01046,VEH-0024,2023-08-15,51,4,completed
RTE-CIN-20230815-001,HUB-CIN,DRV-01023,VEH-0036,2023-08-15,49,0,completed
RTE-CIN-20230815-002,HUB-CIN,DRV-01023,VEH-0036,2023-08-15,64,0,partial
RTE-CMH-20230816-001,HUB-CMH,DRV-01040,VEH-0003,2023-08-16,30,0,completed
RTE-CMH-20230816-002,HUB-CMH,DRV-01044,VEH-0003,2023-08-16,41,0,completed
RTE-CMH-20230816-003,HUB-CMH,DRV-01016,VEH-0038,2023-08-16,61,0,completed
RTE-CHI-20230816-001,HUB-CHI,DRV-01190,VEH-0005,2023-08-16,47,0,completed
RTE-CHI-20230816-002,HUB-CHI,DRV-01190,VEH-0002,2023-08-16,20,0,completed
RTE-CHI-20230816-003,HUB-CHI,DRV-01007,VEH-0037,2023-08-16,25,0,completed
RTE-CIN-20230816-001,HUB-CIN,DRV-01002,VEH-0027,2023-08-16,59,0,completed
RTE-CIN-20230816-002,HUB-CIN,DRV-01019,VEH-0025,2023-08-16,62,0,completed
RTE-CIN-20230816-003,HUB-CIN,DRV-01023,VEH-0025,2023-08-16,49,0,completed
RTE-CIN-20230816-004,HUB-CIN,DRV-01002,VEH-0026,2023-08-16,36,4,partial
RTE-IND-20230817-001,HUB-IND,DRV-01042,VEH-0043,2023-08-17,51,0,partial
RTE-IND-20230817-002,HUB-IND,DRV-01042,VEH-0034,2023-08-17,56,0,partial
RTE-IND-20230817-003,HUB-IND,DRV-01033,VEH-0034,2023-08-17,41,3,completed
RTE-DET-20230817-001,HUB-DET,DRV-01046,VEH-0044,2023-08-17,37,0,completed
RTE-DET-20230817-002,HUB-DET,DRV-01037,VEH-0024,2023-08-17,41,0,partial
RTE-CIN-20230817-001,HUB-CIN,DRV-01008,VEH-0027,2023-08-17,60,0,completed
RTE-CMH-20230818-001,HUB-CMH,DRV-01028,VEH-0033,2023-08-18,62,0,completed
RTE-CMH-20230818-002,HUB-CMH,DRV-01040,VEH-0021,2023-08-18,23,0,completed
RTE-CMH-20230818-003,HUB-CMH,DRV-01013,VEH-0038,2023-08-18,65,5,completed
RTE-CMH-20230818-004,HUB-CMH,DRV-01016,VEH-0031,2023-08-18,31,0,partial
RTE-CHI-20230818-001,HUB-CHI,DRV-01020,VEH-0015,2023-08-18,50,0,completed
RTE-CHI-20230818-002,HUB-CHI,DRV-01005,VEH-0002,2023-08-18,26,0,completed
RTE-CHI-20230818-004,HUB-CHI,DRV-01047,VEH-0004,2023-08-18,65,0,partial
RTE-IND-20230818-001,HUB-IND,DRV-01031,VEH-0017,2023-08-18,36,0,partial
RTE-DET-20230818-001,HUB-DET,DRV-01046,VEH-0029,2023-08-18,43,1,partial
RTE-DET-20230818-002,HUB-DET,DRV-01037,VEH-0029,2023-08-18,47,0,completed
RTE-DET-20230818-003,HUB-DET,DRV-01021,VEH-0024,2023-08-18,38,0,completed
RTE-DET-20230818-004,HUB-DET,DRV-01037,VEH-0022,2023-08-18,19,2,completed
RTE-CIN-20230818-001,HUB-CIN,DRV-01019,VEH-0032,2023-08-18,64,2,completed
RTE-CIN-20230818-002,HUB-CIN,DRV-01027,VEH-0020,2023-08-18,19,5,completed
RTE-CIN-20230818-003,HUB-CIN,DRV-01041,VEH-0032,2023-08-18,40,4,completed
RTE-CIN-20230818-004,HUB-CIN,DRV-01008,VEH-0026,2023-08-18,37,0,completed
RTE-CIN-20230818-005,HUB-CIN,DRV-01025,VEH-0026,2023-08-18,19,0,completed
RTE-CHI-20230819-001,HUB-CHI,DRV-01017,VEH-0002,2023-08-19,51,6,completed
RTE-CHI-20230820-001,HUB-CHI,DRV-01020,VEH-0002,2023-08-20,22,0,completed
RTE-CHI-20230820-002,HUB-CHI,DRV-01005,VEH-0015,2023-08-20,55,0,completed
RTE-CHI-20230820-003,HUB-CHI,DRV-01190,VEH-0002,2023-08-20,61,6,partial
RTE-IND-20230820-001,HUB-IND,DRV-01188,VEH-0016,2023-08-20,40,6,partial
RTE-DET-20230820-001,HUB-DET,DRV-01046,VEH-0044,2023-08-20,55,2,partial
RTE-CIN-20230820-001,HUB-CIN,DRV-01034,VEH-0027,2023-08-20,41,0,completed
RTE-CMH-20230821-001,HUB-CMH,DRV-01016,VEH-0038,2023-08-21,47,0,completed
RTE-CHI-20230821-001,HUB-CHI,DRV-01035,VEH-0004,2023-08-21,22,0,completed
RTE-CHI-20230821-002,HUB-CHI,DRV-01190,VEH-0002,2023-08-21,25,0,canceled
RTE-CHI-20230821-003,HUB-CHI,DRV-01035,VEH-0006,2023-08-21,58,5,completed
RTE-IND-20230821-001,HUB-IND,DRV-01188,VEH-0016,2023-08-21,43,0,completed
RTE-IND-20230821-002,HUB-IND,DRV-01042,VEH-0043,2023-08-21,24,0,completed
RTE-IND-20230821-003,HUB-IND,DRV-01024,VEH-0043,2023-08-21,39,0,completed
RTE-CIN-20230821-001,HUB-CIN,DRV-01008,VEH-0032,2023-08-21,46,0,completed
RTE-CIN-20230821-004,HUB-CIN,DRV-01023,VEH-0018,2023-08-21,19,0,partial
RTE-CHI-20230822-002,HUB-CHI,DRV-01005,VEH-0002,2023-08-22,45,0,completed
RTE-IND-20230822-001,HUB-IND,DRV-01045,VEH-0034,2023-08-22,64,4,completed
RTE-IND-20230822-002,HUB-IND,DRV-01191,VEH-0043,2023-08-22,37,5,completed
RTE-DET-20230822-002,HUB-DET,DRV-01037,VEH-0022,2023-08-22,29,0,completed
RTE-DET-20230822-003,HUB-DET,DRV-01037,VEH-0022,2023-08-22,28,0,completed
RTE-CIN-20230822-001,HUB-CIN,DRV-01002,VEH-0020,2023-08-22,20,6,completed
RTE-CIN-20230822-003,HUB-CIN,DRV-01027,VEH-0020,2023-08-22,22,0,completed
RTE-CMH-20230823-001,HUB-CMH,DRV-01001,VEH-0028,2023-08-23,59,0,partial
RTE-CMH-20230823-002,HUB-CMH,DRV-01044,VEH-0031,2023-08-23,43,0,completed
RTE-CMH-20230823-003,HUB-CMH,DRV-01010,VEH-0001,2023-08-23,29,0,completed
RTE-IND-20230823-001,HUB-IND,DRV-01045,VEH-0016,2023-08-23,57,0,completed
RTE-IND-20230823-002,HUB-IND,DRV-01188,VEH-0034,2023-08-23,62,0,completed
RTE-DET-20230823-001,HUB-DET,DRV-01021,VEH-0029,2023-08-23,37,0,completed
RTE-DET-20230823-002,HUB-DET,DRV-01046,VEH-0024,2023-08-23,65,0,completed
RTE-DET-20230823-003,HUB-DET,DRV-01021,VEH-0022,2023-08-23,18,0,completed
RTE-DET-20230823-004,HUB-DET,DRV-01046,VEH-0022,2023-08-23,18,0,completed
RTE-CIN-20230823-001,HUB-CIN,DRV-01025,VEH-0025,2023-08-23,20,0,completed
RTE-CIN-20230823-002,HUB-CIN,DRV-01008,VEH-0018,2023-08-23,44,0,completed
RTE-CMH-20230824-001,HUB-CMH,DRV-01043,VEH-0007,2023-08-24,20,0,completed
RTE-IND-20230824-001,HUB-IND,DRV-01042,VEH-0023,2023-08-24,28,0,completed
RTE-IND-20230824-002,HUB-IND,DRV-01191,VEH-0008,2023-08-24,25,6,completed
RTE-IND-20230824-003,HUB-IND,DRV-01191,VEH-0013,2023-08-24,31,3,completed
RTE-IND-20230824-004,HUB-IND,DRV-01033,VEH-0013,2023-08-24,32,0,completed
RTE-IND-20230824-005,HUB-IND,DRV-01024,VEH-0013,2023-08-24,20,0,completed
RTE-DET-20230824-001,HUB-DET,DRV-01037,VEH-0022,2023-08-24,58,0,partial
RTE-CIN-20230824-001,HUB-CIN,DRV-01023,VEH-0025,2023-08-24,64,0,completed
RTE-CHI-20230825-001,HUB-CHI,DRV-01047,VEH-0006,2023-08-25,31,0,completed
RTE-CHI-20230825-002,HUB-CHI,DRV-01012,VEH-0002,2023-08-25,29,0,partial
RTE-CHI-20230825-003,HUB-CHI,DRV-01017,VEH-0006,2023-08-25,29,0,completed
RTE-IND-20230825-001,HUB-IND,DRV-01033,VEH-0009,2023-08-25,54,0,completed
RTE-DET-20230825-002,HUB-DET,DRV-01014,VEH-0044,2023-08-25,54,0,completed
RTE-CIN-20230825-001,HUB-CIN,DRV-01027,VEH-0026,2023-08-25,42,0,completed
RTE-CMH-20230826-001,HUB-CMH,DRV-01189,VEH-0031,2023-08-26,22,3,completed
RTE-CHI-20230826-001,HUB-CHI,DRV-01190,VEH-0042,2023-08-26,43,0,completed
RTE-CHI-20230826-002,HUB-CHI,DRV-01047,VEH-0037,2023-08-26,27,0,completed
RTE-IND-20230826-001,HUB-IND,DRV-01188,VEH-0016,2023-08-26,31,0,completed
RTE-DET-20230826-002,HUB-DET,DRV-01046,VEH-0022,2023-08-26,42,0,completed
RTE-CMH-20230827-001,HUB-CMH,DRV-01001,VEH-0007,2023-08-27,28,0,completed
RTE-IND-20230827-001,HUB-IND,DRV-01191,VEH-0043,2023-08-27,34,0,completed
RTE-IND-20230827-002,HUB-IND,DRV-01045,VEH-0013,2023-08-27,50,0,completed
RTE-DET-20230827-001,HUB-DET,DRV-01037,VEH-0029,2023-08-27,61,0,completed
RTE-DET-20230827-002,HUB-DET,DRV-01022,VEH-0024,2023-08-27,29,0,completed
RTE-CIN-20230827-001,HUB-CIN,DRV-01041,VEH-0020,2023-08-27,26,0,completed
RTE-IND-20230828-001,HUB-IND,DRV-01042,VEH-0034,2023-08-28,31,0,completed
RTE-DET-20230828-001,HUB-DET,DRV-01037,VEH-0029,2023-08-28,55,0,completed
RTE-DET-20230828-002,HUB-DET,DRV-01046,VEH-0022,2023-08-28,58,0,completed
RTE-DET-20230828-003,HUB-DET,DRV-01037,VEH-0044,2023-08-28,41,2,completed
RTE-CIN-20230828-001,HUB-CIN,DRV-01041,VEH-0032,2023-08-28,53,0,completed
RTE-CMH-20230829-001,HUB-CMH,DRV-01043,VEH-0003,2023-08-29,33,0,completed
RTE-CMH-20230829-002,HUB-CMH,DRV-01039,VEH-0028,2023-08-29,62,0,completed
RTE-CMH-20230829-003,HUB-CMH,DRV-01028,VEH-0041,2023-08-29,39,6,completed
RTE-CMH-20230829-004,HUB-CMH,DRV-01040,VEH-0035,2023-08-29,31,4,completed
RTE-CMH-20230829-005,HUB-CMH,DRV-01043,VEH-0007,2023-08-29,22,0,completed
RTE-CHI-20230829-001,HUB-CHI,DRV-01048,VEH-0019,2023-08-29,50,0,completed
RTE-CHI-20230829-002,HUB-CHI,DRV-01035,VEH-0004,2023-08-29,40,1,completed
RTE-IND-20230829-001,HUB-IND,DRV-01045,VEH-0008,2023-08-29,20,0,completed
RTE-DET-20230829-001,HUB-DET,DRV-01022,VEH-0022,2023-08-29,36,0,completed
RTE-DET-20230829-003,HUB-DET,DRV-01037,VEH-0022,2023-08-29,24,3,completed
RTE-CMH-20230830-001,HUB-CMH,DRV-01010,VEH-0007,2023-08-30,27,0,completed
RTE-CMH-20230830-002,HUB-CMH,DRV-01036,VEH-0031,2023-08-30,47,0,completed
RTE-IND-20230830-001,HUB-IND,DRV-01045,VEH-0023,2023-08-30,38,0,completed
RTE-IND-20230830-002,HUB-IND,DRV-01033,VEH-0034,2023-08-30,49,0,completed
RTE-IND-20230830-003,HUB-IND,DRV-01191,VEH-0034,2023-08-30,30,0,completed
RTE-IND-20230830-004,HUB-IND,DRV-01042,VEH-0023,2023-08-30,25,2,partial
RTE-IND-20230830-005,HUB-IND,DRV-01032,VEH-0013,2023-08-30,35,5,completed
RTE-DET-20230830-001,HUB-DET,DRV-01022,VEH-0029,2023-08-30,29,0,completed
RTE-CIN-20230830-001,HUB-CIN,DRV-01027,VEH-0026,2023-08-30,31,5,completed
RTE-CMH-20230831-001,HUB-CMH,DRV-01044,VEH-0007,2023-08-31,56,5,completed
RTE-CMH-20230831-002,HUB-CMH,DRV-01028,VEH-0038,2023-08-31,21,0,completed
RTE-CMH-20230831-003,HUB-CMH,DRV-01049,VEH-0028,2023-08-31,29,0,completed
RTE-CMH-20230831-004,HUB-CMH,DRV-01044,VEH-0007,2023-08-31,21,0,completed
RTE-CMH-20230831-005,HUB-CMH,DRV-01044,VEH-0001,2023-08-31,40,5,completed
RTE-CHI-20230831-001,HUB-CHI,DRV-01020,VEH-0015,2023-08-31,38,0,completed
RTE-CHI-20230831-002,HUB-CHI,DRV-01007,VEH-0005,2023-08-31,23,0,completed
RTE-CIN-20230831-001,HUB-CIN,DRV-01002,VEH-0027,2023-08-31,46,4,completed
RTE-CIN-20230831-002,HUB-CIN,DRV-01019,VEH-0025,2023-08-31,18,0,completed
RTE-CIN-20230831-003,HUB-CIN,DRV-01008,VEH-0018,2023-08-31,26,0,completed
RTE-CIN-20230831-004,HUB-CIN,DRV-01008,VEH-0027,2023-08-31,32,0,completed
RTE-CMH-20230901-001,HUB-CMH,DRV-01010,VEH-0021,2023-09-01,34,0,completed
RTE-CHI-20230901-001,HUB-CHI,DRV-01012,VEH-0037,2023-09-01,51,0,completed
RTE-CHI-20230901-002,HUB-CHI,DRV-01017,VEH-0015,2023-09-01,19,1,completed
RTE-IND-20230901-001,HUB-IND,DRV-01188,VEH-0009,2023-09-01,34,2,completed
RTE-IND-20230901-002,HUB-IND,DRV-01042,VEH-0017,2023-09-01,62,0,completed
RTE-DET-20230901-002,HUB-DET,DRV-01037,VEH-0024,2023-09-01,49,0,completed
RTE-DET-20230901-003,HUB-DET,DRV-01037,VEH-0044,2023-09-01,46,0,partial
RTE-CIN-20230901-001,HUB-CIN,DRV-01025,VEH-0027,2023-09-01,40,0,completed
RTE-CHI-20230902-001,HUB-CHI,DRV-01047,VEH-0002,2023-09-02,58,1,completed
RTE-IND-20230902-001,HUB-IND,DRV-01033,VEH-0023,2023-09-02,54,0,completed
RTE-CMH-20230903-001,HUB-CMH,DRV-01009,VEH-0035,2023-09-03,56,3,completed
RTE-CHI-20230903-001,HUB-CHI,DRV-01190,VEH-0042,2023-09-03,65,0,completed
RTE-CHI-20230903-002,HUB-CHI,DRV-01047,VEH-0005,2023-09-03,32,0,completed
RTE-IND-20230903-002,HUB-IND,DRV-01042,VEH-0023,2023-09-03,50,0,completed
RTE-IND-20230903-003,HUB-IND,DRV-01042,VEH-0043,2023-09-03,34,5,partial
RTE-IND-20230903-004,HUB-IND,DRV-01188,VEH-0023,2023-09-03,33,0,completed
RTE-IND-20230903-005,HUB-IND,DRV-01024,VEH-0017,2023-09-03,45,0,completed
RTE-DET-20230903-001,HUB-DET,DRV-01037,VEH-0029,2023-09-03,64,0,completed
RTE-CMH-20230904-001,HUB-CMH,DRV-01049,VEH-0031,2023-09-04,57,0,completed
RTE-CMH-20230904-002,HUB-CMH,DRV-01028,VEH-0033,2023-09-04,54,0,partial
RTE-CMH-20230904-003,HUB-CMH,DRV-01016,VEH-0021,2023-09-04,59,0,partial
RTE-CMH-20230904-004,HUB-CMH,DRV-01189,VEH-0001,2023-09-04,34,0,completed
RTE-CMH-20230904-005,HUB-CMH,DRV-01015,VEH-0041,2023-09-04,51,0,completed
RTE-CHI-20230904-001,HUB-CHI,DRV-01048,VEH-0019,2023-09-04,35,0,completed
RTE-IND-20230904-001,HUB-IND,DRV-01024,VEH-0016,2023-09-04,38,6,completed
RTE-IND-20230904-002,HUB-IND,DRV-01033,VEH-0023,2023-09-04,42,0,completed
RTE-IND-20230904-003,HUB-IND,DRV-01191,VEH-0013,2023-09-04,61,0,completed
RTE-DET-20230904-001,HUB-DET,DRV-01037,VEH-0022,2023-09-04,53,0,completed
RTE-DET-20230904-002,HUB-DET,DRV-01014,VEH-0029,2023-09-04,18,3,completed
RTE-CIN-20230904-001,HUB-CIN,DRV-01023,VEH-0032,2023-09-04,31,0,completed
RTE-CIN-20230904-002,HUB-CIN,DRV-01027,VEH-0027,2023-09-04,60,0,completed
RTE-CMH-20230905-001,HUB-CMH,DRV-01039,VEH-0021,2023-09-05,62,0,completed
RTE-CMH-20230905-002,HUB-CMH,DRV-01001,VEH-0001,2023-09-05,61,0,partial
RTE-CHI-20230905-001,HUB-CHI,DRV-01007,VEH-0006,2023-09-05,43,0,completed
RTE-CHI-20230905-002,HUB-CHI,DRV-01012,VEH-0002,2023-09-05,49,0,completed
RTE-IND-20230905-001,HUB-IND,DRV-01024,VEH-0009,2023-09-05,25,0,partial
RTE-IND-20230905-002,HUB-IND,DRV-01045,VEH-0023,2023-09-05,35,0,completed
RTE-IND-20230905-003,HUB-IND,DRV-01191,VEH-0034,2023-09-05,22,3,completed
RTE-IND-20230905-004,HUB-IND,DRV-01031,VEH-0043,2023-09-05,56,0,completed
RTE-IND-20230905-005,HUB-IND,DRV-01042,VEH-0034,2023-09-05,45,0,completed
RTE-DET-20230905-001,HUB-DET,DRV-01037,VEH-0022,2023-09-05,49,0,completed
RTE-CIN-20230905-001,HUB-CIN,DRV-01019,VEH-0025,2023-09-05,49,0,completed
RTE-CIN-20230905-002,HUB-CIN,DRV-01019,VEH-0025,2023-09-05,48,5,completed
RTE-CIN-20230905-003,HUB-CIN,DRV-01041,VEH-0027,2023-09-05,47,0,completed
RTE-CIN-20230905-004,HUB-CIN,DRV-01023,VEH-0036,2023-09-05,43,0,completed
RTE-CHI-20230906-001,HUB-CHI,DRV-01190,VEH-0002,2023-09-06,50,0,completed
RTE-IND-20230906-001,HUB-IND,DRV-01031,VEH-0016,2023-09-06,64,0,completed
RTE-IND-20230906-002,HUB-IND,DRV-01045,VEH-0043,2023-09-06,64,0,completed
RTE-DET-20230906-001,HUB-DET,DRV-01022,VEH-0024,2023-09-06,49,1,completed
RTE-DET-20230906-002,HUB-DET,DRV-01046,VEH-0044,2023-09-06,56,0,completed
RTE-DET-20230906-003,HUB-DET,DRV-01046,VEH-0029,2023-09-06,36,0,completed
RTE-DET-20230906-004,HUB-DET,DRV-01037,VEH-0044,2023-09-06,48,0,completed
RTE-CIN-20230906-001,HUB-CIN,DRV-01027,VEH-0026,2023-09-06,55,0,completed
RTE-CIN-20230906-002,HUB-CIN,DRV-01041,VEH-0025,2023-09-06,24,0,completed
RTE-CMH-20230907-001,HUB-CMH,DRV-01043,VEH-0003,2023-09-07,58,0,completed
RTE-CHI-20230907-001,HUB-CHI,DRV-01047,VEH-0006,2023-09-07,23,3,completed
RTE-IND-20230907-001,HUB-IND,DRV-01031,VEH-0013,2023-09-07,64,0,completed
RTE-DET-20230907-001,HUB-DET,DRV-01021,VEH-0029,2023-09-07,54,0,completed
RTE-DET-20230907-002,HUB-DET,DRV-01037,VEH-0022,2023-09-07,26,0,partial
RTE-DET-20230907-003,HUB-DET,DRV-01037,VEH-0022,2023-09-07,46,2,completed
RTE-DET-20230907-004,HUB-DET,DRV-01014,VEH-0029,2023-09-07,41,0,completed
RTE-DET-20230907-005,HUB-DET,DRV-01046,VEH-0024,2023-09-07,21,0,completed
RTE-CIN-20230907-001,HUB-CIN,DRV-01019,VEH-0032,2023-09-07,54,3,completed
RTE-CIN-20230907-002,HUB-CIN,DRV-01025,VEH-0020,2023-09-07,40,0,completed
RTE-CIN-20230907-003,HUB-CIN,DRV-01041,VEH-0036,2023-09-07,31,4,completed
RTE-CMH-20230908-001,HUB-CMH,DRV-01013,VEH-0021,2023-09-08,52,0,completed
RTE-CMH-20230908-002,HUB-CMH,DRV-01036,VEH-0035,2023-09-08,38,0,completed
RTE-CMH-20230908-003,HUB-CMH,DRV-01009,VEH-0033,2023-09-08,56,0,completed
RTE-CHI-20230908-001,HUB-CHI,DRV-01048,VEH-0019,2023-09-08,27,0,completed
RTE-CHI-20230908-002,HUB-CHI,DRV-01035,VEH-0019,2023-09-08,49,0,completed
RTE-CHI-20230908-003,HUB-CHI,DRV-01005,VEH-0006,2023-09-08,55,0,completed
RTE-CHI-20230908-004,HUB-CHI,DRV-01190,VEH-0037,2023-09-08,52,5,completed
RTE-CHI-20230908-005,HUB-CHI,DRV-01035,VEH-0015,2023-09-08,18,0,completed
RTE-CHI-20230908-006,HUB-CHI,DRV-01035,VEH-0037,2023-09-08,56,0,completed
RTE-IND-20230908-001,HUB-IND,DRV-01045,VEH-0016,2023-09-08,51,0,completed
RTE-DET-20230908-001,HUB-DET,DRV-01022,VEH-0044,2023-09-08,49,0,completed
RTE-DET-20230908-002,HUB-DET,DRV-01046,VEH-0044,2023-09-08,59,0,completed
RTE-CIN-20230908-001,HUB-CIN,DRV-01027,VEH-0020,2023-09-08,50,0,completed
RTE-CIN-20230908-002,HUB-CIN,DRV-01002,VEH-0025,2023-09-08,48,3,completed
RTE-CIN-20230908-003,HUB-CIN,DRV-01002,VEH-0018,2023-09-08,39,0,completed
RTE-CMH-20230909-001,HUB-CMH,DRV-01044,VEH-0003,2023-09-09,58,0,completed
RTE-CHI-20230909-001,HUB-CHI,DRV-01005,VEH-0005,2023-09-09,18,0,completed
RTE-CHI-20230909-002,HUB-CHI,DRV-01190,VEH-0002,2023-09-09,28,1,completed
RTE-IND-20230909-001,HUB-IND,DRV-01032,VEH-0023,2023-09-09,60,0,completed
RTE-IND-20230909-002,HUB-IND,DRV-01191,VEH-0008,2023-09-09,37,0,completed
RTE-IND-20230909-003,HUB-IND,DRV-01033,VEH-0016,2023-09-09,58,0,completed
RTE-IND-20230909-004,HUB-IND,DRV-01032,VEH-0023,2023-09-09,45,0,completed
RTE-DET-20230909-002,HUB-DET,DRV-01022,VEH-0022,2023-09-09,47,0,completed
RTE-CHI-20230910-001,HUB-CHI,DRV-01017,VEH-0005,2023-09-10,32,0,completed
RTE-IND-20230910-001,HUB-IND,DRV-01042,VEH-0043,2023-09-10,54,0,completed
RTE-IND-20230910-002,HUB-IND,DRV-01024,VEH-0008,2023-09-10,51,0,completed
RTE-IND-20230910-003,HUB-IND,DRV-01024,VEH-0043,2023-09-10,58,0,completed
RTE-DET-20230910-001,HUB-DET,DRV-01014,VEH-0044,2023-09-10,42,0,completed
RTE-CIN-20230910-001,HUB-CIN,DRV-01019,VEH-0025,2023-09-10,39,0,completed
RTE-CMH-20230911-001,HUB-CMH,DRV-01044,VEH-0038,2023-09-11,36,2,completed
RTE-DET-20230911-001,HUB-DET,DRV-01037,VEH-0029,2023-09-11,39,0,completed
RTE-DET-20230911-002,HUB-DET,DRV-01014,VEH-0024,2023-09-11,32,1,completed
RTE-CIN-20230911-001,HUB-CIN,DRV-01008,VEH-0026,2023-09-11,64,0,completed
RTE-CIN-20230911-002,HUB-CIN,DRV-01023,VEH-0027,2023-09-11,41,0,completed
RTE-CMH-20230912-001,HUB-CMH,DRV-01010,VEH-0021,2023-09-12,30,0,completed
RTE-CMH-20230912-002,HUB-CMH,DRV-01009,VEH-0035,2023-09-12,24,0,completed
RTE-CMH-20230912-003,HUB-CMH,DRV-01028,VEH-0033,2023-09-12,22,0,completed
RTE-CMH-20230912-004,HUB-CMH,DRV-01040,VEH-0035,2023-09-12,37,0,completed
RTE-CHI-20230912-001,HUB-CHI,DRV-01012,VEH-0004,2023-09-12,35,6,completed
RTE-CHI-20230912-002,HUB-CHI,DRV-01035,VEH-0002,2023-09-12,38,0,completed
RTE-CHI-20230912-003,HUB-CHI,DRV-01012,VEH-0006,2023-09-12,38,0,completed
RTE-CHI-20230912-004,HUB-CHI,DRV-01005,VEH-0042,2023-09-12,41,0,completed
RTE-IND-20230912-001,HUB-IND,DRV-01191,VEH-0008,2023-09-12,45,0,completed
RTE-IND-20230912-003,HUB-IND,DRV-01024,VEH-0043,2023-09-12,30,4,completed
RTE-CIN-20230912-001,HUB-CIN,DRV-01025,VEH-0020,2023-09-12,18,0,completed
RTE-CIN-20230912-002,HUB-CIN,DRV-01034,VEH-0027,2023-09-12,54,0,completed
RTE-CMH-20230913-001,HUB-CMH,DRV-01049,VEH-0031,2023-09-13,58,0,completed
RTE-CMH-20230913-002,HUB-CMH,DRV-01049,VEH-0031,2023-09-13,36,0,completed
RTE-CHI-20230913-001,HUB-CHI,DRV-01005,VEH-0037,2023-09-13,56,0,completed
RTE-CHI-20230913-002,HUB-CHI,DRV-01020,VEH-0015,2023-09-13,59,0,completed
RTE-CHI-20230913-003,HUB-CHI,DRV-01048,VEH-0005,2023-09-13,62,0,completed
RTE-IND-20230913-001,HUB-IND,DRV-01024,VEH-0013,2023-09-13,56,0,completed
RTE-IND-20230913-002,HUB-IND,DRV-01045,VEH-0016,2023-09-13,22,0,completed
RTE-DET-20230913-001,HUB-DET,DRV-01021,VEH-0029,2023-09-13,47,4,completed
RTE-DET-20230913-002,HUB-DET,DRV-01014,VEH-0024,2023-09-13,47,6,completed
RTE-DET-20230913-003,HUB-DET,DRV-01046,VEH-0044,2023-09-13,39,2,partial
RTE-DET-20230913-004,HUB-DET,DRV-01021,VEH-0022,2023-09-13,49,0,completed
RTE-DET-20230913-005,HUB-DET,DRV-01021,VEH-0022,2023-09-13,29,0,completed
RTE-CIN-20230913-001,HUB-CIN,DRV-01034,VEH-0027,2023-09-13,56,0,completed
RTE-CMH-20230914-001,HUB-CMH,DRV-01044,VEH-0028,2023-09-14,48,0,completed
RTE-CMH-20230914-002,HUB-CMH,DRV-01039,VEH-0007,2023-09-14,64,0,partial
RTE-IND-20230914-001,HUB-IND,DRV-01188,VEH-0023,2023-09-14,42,0,completed
RTE-DET-20230914-001,HUB-DET,DRV-01037,VEH-0029,2023-09-14,65,0,completed
RTE-DET-20230914-002,HUB-DET,DRV-01022,VEH-0024,2023-09-14,20,0,completed
RTE-CIN-20230914-001,HUB-CIN,DRV-01008,VEH-0027,2023-09-14,42,0,completed
RTE-CIN-20230914-002,HUB-CIN,DRV-01041,VEH-0027,2023-09-14,21,0,completed
RTE-CIN-20230914-003,HUB-CIN,DRV-01025,VEH-0025,2023-09-14,32,0,canceled
RTE-CMH-20230915-001,HUB-CMH,DRV-01044,VEH-0007,2023-09-15,21,5,completed
RTE-CMH-20230915-002,HUB-CMH,DRV-01044,VEH-0038,2023-09-15,30,3,completed
RTE-CMH-20230915-003,HUB-CMH,DRV-01039,VEH-0041,2023-09-15,52,0,completed
RTE-CMH-20230915-004,HUB-CMH,DRV-01010,VEH-0028,2023-09-15,57,0,completed
RTE-CMH-20230915-005,HUB-CMH,DRV-01028,VEH-0021,2023-09-15,45,0,completed
RTE-CHI-20230915-001,HUB-CHI,DRV-01017,VEH-0042,2023-09-15,62,0,completed
RTE-CHI-20230915-002,HUB-CHI,DRV-01047,VEH-0037,2023-09-15,46,0,completed
RTE-CHI-20230915-003,HUB-CHI,DRV-01020,VEH-0037,2023-09-15,21,0,canceled
RTE-IND-20230915-001,HUB-IND,DRV-01033,VEH-0013,2023-09-15,55,0,completed
RTE-IND-20230915-002,HUB-IND,DRV-01191,VEH-0023,2023-09-15,31,0,completed
RTE-DET-20230915-001,HUB-DET,DRV-01014,VEH-0022,2023-09-15,19,0,partial
RTE-DET-20230915-002,HUB-DET,DRV-01022,VEH-0024,2023-09-15,40,0,completed
RTE-DET-20230915-003,HUB-DET,DRV-01022,VEH-0044,2023-09-15,42,0,completed
RTE-CIN-20230915-001,HUB-CIN,DRV-01023,VEH-0020,2023-09-15,33,0,completed
RTE-CIN-20230915-002,HUB-CIN,DRV-01027,VEH-0018,2023-09-15,53,0,completed
RTE-CIN-20230915-003,HUB-CIN,DRV-01041,VEH-0026,2023-09-15,33,0,completed
RTE-CMH-20230916-001,HUB-CMH,DRV-01010,VEH-0038,2023-09-16,19,0,completed
RTE-CMH-20230916-002,HUB-CMH,DRV-01013,VEH-0028,2023-09-16,33,2,completed
RTE-IND-20230916-001,HUB-IND,DRV-01033,VEH-0023,2023-09-16,24,0,completed
RTE-IND-20230917-001,HUB-IND,DRV-01042,VEH-0009,2023-09-17,35,0,completed
RTE-CIN-20230917-001,HUB-CIN,DRV-01034,VEH-0032,2023-09-17,63,3,completed
RTE-CMH-20230918-001,HUB-CMH,DRV-01010,VEH-0033,2023-09-18,54,0,completed
RTE-CHI-20230918-001,HUB-CHI,DRV-01007,VEH-0019,2023-09-18,40,0,completed
RTE-CHI-20230918-002,HUB-CHI,DRV-01035,VEH-0004,2023-09-18,34,0,completed
RTE-IND-20230918-001,HUB-IND,DRV-01191,VEH-0017,2023-09-18,62,0,completed
RTE-CIN-20230918-001,HUB-CIN,DRV-01023,VEH-0020,2023-09-18,53,1,completed
RTE-CIN-20230918-002,HUB-CIN,DRV-01041,VEH-0036,2023-09-18,29,1,completed
RTE-CIN-20230918-003,HUB-CIN,DRV-01008,VEH-0020,2023-09-18,35,0,completed
RTE-CIN-20230918-004,HUB-CIN,DRV-01023,VEH-0025,2023-09-18,35,0,completed
RTE-CIN-20230918-005,HUB-CIN,DRV-01025,VEH-0025,2023-09-18,45,0,completed
RTE-CIN-20230918-006,HUB-CIN,DRV-01008,VEH-0020,2023-09-18,47,0,completed
RTE-CIN-20230918-008,HUB-CIN,DRV-01002,VEH-0026,2023-09-18,44,6,completed
RTE-CMH-20230919-001,HUB-CMH,DRV-01013,VEH-0038,2023-09-19,23,0,completed
RTE-CMH-20230919-002,HUB-CMH,DRV-01013,VEH-0021,2023-09-19,49,0,partial
RTE-CMH-20230919-003,HUB-CMH,DRV-01015,VEH-0038,2023-09-19,58,0,completed
RTE-CHI-20230919-002,HUB-CHI,DRV-01190,VEH-0004,2023-09-19,38,0,completed
RTE-CHI-20230919-003,HUB-CHI,DRV-01035,VEH-0015,2023-09-19,43,0,partial
RTE-IND-20230919-002,HUB-IND,DRV-01045,VEH-0016,2023-09-19,39,0,completed
RTE-IND-20230919-003,HUB-IND,DRV-01024,VEH-0034,2023-09-19,47,0,completed
RTE-DET-20230919-001,HUB-DET,DRV-01037,VEH-0022,2023-09-19,64,0,completed
RTE-DET-20230919-002,HUB-DET,DRV-01021,VEH-0044,2023-09-19,41,0,completed
RTE-DET-20230919-003,HUB-DET,DRV-01046,VEH-0022,2023-09-19,41,0,completed
RTE-DET-20230919-004,HUB-DET,DRV-01046,VEH-0029,2023-09-19,62,0,completed
RTE-DET-20230919-005,HUB-DET,DRV-01021,VEH-0044,2023-09-19,53,0,completed
RTE-CIN-20230919-001,HUB-CIN,DRV-01027,VEH-0025,2023-09-19,27,0,partial
RTE-CIN-20230919-002,HUB-CIN,DRV-01034,VEH-0026,2023-09-19,52,0,completed
RTE-CIN-20230919-004,HUB-CIN,DRV-01019,VEH-0036,2023-09-19,24,0,completed
RTE-CIN-20230919-005,HUB-CIN,DRV-01027,VEH-0032,2023-09-19,54,0,completed
RTE-CMH-20230920-002,HUB-CMH,DRV-01036,VEH-0021,2023-09-20,51,0,completed
RTE-CMH-20230920-003,HUB-CMH,DRV-01010,VEH-0028,2023-09-20,45,0,completed
RTE-CHI-20230920-001,HUB-CHI,DRV-01190,VEH-0042,2023-09-20,20,6,partial
RTE-IND-20230920-001,HUB-IND,DRV-01031,VEH-0013,2023-09-20,18,0,completed
RTE-DET-20230920-001,HUB-DET,DRV-01022,VEH-0029,2023-09-20,43,0,completed
RTE-DET-20230920-002,HUB-DET,DRV-01022,VEH-0022,2023-09-20,54,0,completed
RTE-DET-20230920-003,HUB-DET,DRV-01046,VEH-0044,2023-09-20,51,0,completed
RTE-CIN-20230920-001,HUB-CIN,DRV-01002,VEH-0032,2023-09-20,25,1,completed
RTE-CIN-20230920-002,HUB-CIN,DRV-01002,VEH-0026,2023-09-20,60,0,completed
RTE-CIN-20230920-003,HUB-CIN,DRV-01041,VEH-0036,2023-09-20,50,0,completed
RTE-CMH-20230921-001,HUB-CMH,DRV-01001,VEH-0031,2023-09-21,63,0,completed
RTE-CHI-20230921-001,HUB-CHI,DRV-01012,VEH-0005,2023-09-21,40,0,completed
RTE-CHI-20230921-002,HUB-CHI,DRV-01047,VEH-0015,2023-09-21,47,0,completed
RTE-CHI-20230921-004,HUB-CHI,DRV-01035,VEH-0019,2023-09-21,27,0,completed
RTE-IND-20230921-001,HUB-IND,DRV-01024,VEH-0013,2023-09-21,29,0,partial
RTE-IND-20230921-002,HUB-IND,DRV-01024,VEH-0008,2023-09-21,42,0,completed
RTE-IND-20230921-003,HUB-IND,DRV-01033,VEH-0017,2023-09-21,59,0,completed
RTE-IND-20230921-004,HUB-IND,DRV-01032,VEH-0016,2023-09-21,45,0,completed
RTE-DET-20230921-001,HUB-DET,DRV-01046,VEH-0029,2023-09-21,51,0,completed
RTE-DET-20230921-002,HUB-DET,DRV-01037,VEH-0044,2023-09-21,44,0,partial
RTE-CIN-20230921-001,HUB-CIN,DRV-01023,VEH-0027,2023-09-21,64,5,completed
RTE-CIN-20230921-002,HUB-CIN,DRV-01019,VEH-0025,2023-09-21,60,0,partial
RTE-CIN-20230921-003,HUB-CIN,DRV-01002,VEH-0026,2023-09-21,55,0,partial
RTE-CMH-20230922-001,HUB-CMH,DRV-01013,VEH-0031,2023-09-22,51,0,completed
RTE-CMH-20230922-002,HUB-CMH,DRV-01036,VEH-0021,2023-09-22,45,0,completed
RTE-CMH-20230922-003,HUB-CMH,DRV-01016,VEH-0028,2023-09-22,30,0,completed
RTE-CMH-20230922-004,HUB-CMH,DRV-01013,VEH-0003,2023-09-22,61,2,completed
RTE-CMH-20230922-005,HUB-CMH,DRV-01039,VEH-0021,2023-09-22,42,0,canceled
RTE-CHI-20230922-002,HUB-CHI,DRV-01035,VEH-0002,2023-09-22,53,5,completed
RTE-IND-20230922-001,HUB-IND,DRV-01032,VEH-0023,2023-09-22,38,6,completed
RTE-IND-20230922-002,HUB-IND,DRV-01032,VEH-0034,2023-09-22,47,0,completed
RTE-DET-20230922-001,HUB-DET,DRV-01037,VEH-0022,2023-09-22,34,0,completed
RTE-DET-20230922-002,HUB-DET,DRV-01037,VEH-0022,2023-09-22,35,0,partial
RTE-DET-20230922-004,HUB-DET,DRV-01022,VEH-0029,2023-09-22,27,0,completed
RTE-CIN-20230922-001,HUB-CIN,DRV-01023,VEH-0027,2023-09-22,27,0,completed
RTE-CIN-20230922-002,HUB-CIN,DRV-01023,VEH-0018,2023-09-22,37,4,completed
RTE-CIN-20230922-003,HUB-CIN,DRV-01019,VEH-0026,2023-09-22,45,1,completed
RTE-CIN-20230922-004,HUB-CIN,DRV-01034,VEH-0032,2023-09-22,30,0,partial
RTE-CIN-20230922-005,HUB-CIN,DRV-01027,VEH-0018,2023-09-22,43,0,completed
RTE-IND-20230923-001,HUB-IND,DRV-01032,VEH-0016,2023-09-23,37,0,partial
RTE-DET-20230923-001,HUB-DET,DRV-01046,VEH-0022,2023-09-23,20,0,completed
RTE-DET-20230923-002,HUB-DET,DRV-01046,VEH-0029,2023-09-23,39,4,completed
RTE-DET-20230923-003,HUB-DET,DRV-01022,VEH-0024,2023-09-23,26,0,completed
RTE-CIN-20230923-001,HUB-CIN,DRV-01041,VEH-0020,2023-09-23,55,0,completed
RTE-CMH-20230924-001,HUB-CMH,DRV-01043,VEH-0038,2023-09-24,58,0,completed
RTE-DET-20230924-001,HUB-DET,DRV-01022,VEH-0029,2023-09-24,36,0,partial
RTE-CIN-20230924-001,HUB-CIN,DRV-01041,VEH-0032,2023-09-24,47,0,completed
RTE-IND-20230925-001,HUB-IND,DRV-01045,VEH-0016,2023-09-25,34,4,completed
RTE-IND-20230925-003,HUB-IND,DRV-01024,VEH-0016,2023-09-25,21,4,completed
RTE-IND-20230925-004,HUB-IND,DRV-01188,VEH-0023,2023-09-25,29,0,completed
RTE-DET-20230925-001,HUB-DET,DRV-01021,VEH-0044,2023-09-25,52,5,completed
RTE-CIN-20230925-002,HUB-CIN,DRV-01027,VEH-0025,2023-09-25,52,6,completed
RTE-CMH-20230926-001,HUB-CMH,DRV-01015,VEH-0035,2023-09-26,46,0,completed
RTE-CHI-20230926-001,HUB-CHI,DRV-01020,VEH-0037,2023-09-26,53,0,completed
RTE-CHI-20230926-002,HUB-CHI,DRV-01012,VEH-0015,2023-09-26,37,1,completed
RTE-CHI-20230926-003,HUB-CHI,DRV-01035,VEH-0004,2023-09-26,34,0,completed
RTE-IND-20230926-001,HUB-IND,DRV-01188,VEH-0016,2023-09-26,40,0,completed
RTE-IND-20230926-002,HUB-IND,DRV-01042,VEH-0017,2023-09-26,63,0,completed
RTE-DET-20230926-001,HUB-DET,DRV-01014,VEH-0044,2023-09-26,30,5,completed
RTE-DET-20230926-002,HUB-DET,DRV-01021,VEH-0029,2023-09-26,39,1,completed
RTE-DET-20230926-003,HUB-DET,DRV-01021,VEH-0029,2023-09-26,30,0,completed
RTE-DET-20230926-004,HUB-DET,DRV-01021,VEH-0022,2023-09-26,48,1,completed
RTE-DET-20230926-005,HUB-DET,DRV-01046,VEH-0044,2023-09-26,57,0,completed
RTE-CIN-20230926-001,HUB-CIN,DRV-01019,VEH-0018,2023-09-26,59,0,completed
RTE-CIN-20230926-002,HUB-CIN,DRV-01041,VEH-0018,2023-09-26,22,0,partial
RTE-CIN-20230926-003,HUB-CIN,DRV-01027,VEH-0036,2023-09-26,59,0,completed
RTE-CMH-20230927-001,HUB-CMH,DRV-01016,VEH-0007,2023-09-27,37,0,completed
RTE-CMH-20230927-002,HUB-CMH,DRV-01043,VEH-0041,2023-09-27,24,0,completed
RTE-CHI-20230927-001,HUB-CHI,DRV-01020,VEH-0004,2023-09-27,24,0,partial
RTE-CHI-20230927-002,HUB-CHI,DRV-01017,VEH-0004,2023-09-27,27,0,completed
RTE-IND-20230927-001,HUB-IND,DRV-01024,VEH-0034,2023-09-27,44,0,completed
RTE-DET-20230927-002,HUB-DET,DRV-01046,VEH-0022,2023-09-27,61,0,completed
RTE-DET-20230927-003,HUB-DET,DRV-01022,VEH-0022,2023-09-27,42,0,completed
RTE-DET-20230927-004,HUB-DET,DRV-01037,VEH-0029,2023-09-27,59,0,completed
RTE-DET-20230927-005,HUB-DET,DRV-01037,VEH-0029,2023-09-27,63,0,completed
RTE-DET-20230927-006,HUB-DET,DRV-01014,VEH-0022,2023-09-27,45,1,completed
RTE-CIN-20230927-001,HUB-CIN,DRV-01002,VEH-0036,2023-09-27,55,5,completed
RTE-CIN-20230927-002,HUB-CIN,DRV-01008,VEH-0036,2023-09-27,53,0,completed
RTE-CIN-20230927-003,HUB-CIN,DRV-01041,VEH-0018,2023-09-27,61,0,completed
RTE-CIN-20230927-004,HUB-CIN,DRV-01002,VEH-0027,2023-09-27,46,0,completed
RTE-CMH-20230928-001,HUB-CMH,DRV-01036,VEH-0038,2023-09-28,63,1,completed
RTE-CMH-20230928-002,HUB-CMH,DRV-01039,VEH-0035,2023-09-28,65,0,completed
RTE-CHI-20230928-002,HUB-CHI,DRV-01047,VEH-0005,2023-09-28,37,0,completed
RTE-CHI-20230928-003,HUB-CHI,DRV-01005,VEH-0006,2023-09-28,33,0,completed
RTE-CHI-20230928-004,HUB-CHI,DRV-01048,VEH-0037,2023-09-28,53,5,completed
RTE-IND-20230928-001,HUB-IND,DRV-01042,VEH-0034,2023-09-28,56,1,completed
RTE-IND-20230928-002,HUB-IND,DRV-01045,VEH-0009,2023-09-28,54,0,completed
RTE-IND-20230928-003,HUB-IND,DRV-01033,VEH-0016,2023-09-28,50,0,completed
RTE-IND-20230928-004,HUB-IND,DRV-01042,VEH-0013,2023-09-28,61,0,completed
RTE-DET-20230928-001,HUB-DET,DRV-01022,VEH-0029,2023-09-28,23,0,completed
RTE-DET-20230928-002,HUB-DET,DRV-01021,VEH-0029,2023-09-28,43,0,partial
RTE-DET-20230928-003,HUB-DET,DRV-01046,VEH-0029,2023-09-28,64,6,completed
RTE-CIN-20230928-001,HUB-CIN,DRV-01041,VEH-0032,2023-09-28,21,0,completed
RTE-CIN-20230928-002,HUB-CIN,DRV-01008,VEH-0026,2023-09-28,25,0,completed
RTE-CMH-20230929-001,HUB-CMH,DRV-01010,VEH-0007,2023-09-29,51,0,completed
RTE-CMH-20230929-002,HUB-CMH,DRV-01039,VEH-0021,2023-09-29,44,0,completed
RTE-CMH-20230929-003,HUB-CMH,DRV-01043,VEH-0021,2023-09-29,49,3,completed
RTE-CHI-20230929-001,HUB-CHI,DRV-01047,VEH-0019,2023-09-29,25,0,completed
RTE-CHI-20230929-002,HUB-CHI,DRV-01048,VEH-0042,2023-09-29,18,0,completed
RTE-CHI-20230929-003,HUB-CHI,DRV-01007,VEH-0019,2023-09-29,18,0,completed
RTE-IND-20230929-001,HUB-IND,DRV-01042,VEH-0023,2023-09-29,26,0,completed
RTE-IND-20230929-002,HUB-IND,DRV-01033,VEH-0017,2023-09-29,61,1,partial
RTE-DET-20230929-001,HUB-DET,DRV-01022,VEH-0024,2023-09-29,38,0,completed
RTE-CIN-20230929-001,HUB-CIN,DRV-01041,VEH-0036,2023-09-29,36,0,completed
RTE-CIN-20230929-002,HUB-CIN,DRV-01008,VEH-0032,2023-09-29,48,0,completed
RTE-CMH-20230930-001,HUB-CMH,DRV-01028,VEH-0003,2023-09-30,18,3,completed
RTE-CMH-20230930-002,HUB-CMH,DRV-01040,VEH-0041,2023-09-30,43,2,completed
RTE-IND-20230930-001,HUB-IND,DRV-01032,VEH-0008,2023-09-30,28,0,canceled
RTE-DET-20230930-001,HUB-DET,DRV-01037,VEH-0044,2023-09-30,24,0,completed
RTE-CIN-20230930-001,HUB-CIN,DRV-01041,VEH-0032,2023-09-30,27,5,completed
RTE-CIN-20230930-002,HUB-CIN,DRV-01025,VEH-0027,2023-09-30,45,0,completed
RTE-CIN-20230930-004,HUB-CIN,DRV-01025,VEH-0032,2023-09-30,40,0,completed
RTE-IND-20231001-001,HUB-IND,DRV-01024,VEH-0016,2023-10-01,54,0,completed
RTE-DET-20231001-001,HUB-DET,DRV-01021,VEH-0044,2023-10-01,56,0,completed
RTE-CMH-20231002-001,HUB-CMH,DRV-01015,VEH-0041,2023-10-02,46,0,partial
RTE-CMH-20231002-002,HUB-CMH,DRV-01009,VEH-0028,2023-10-02,42,0,completed
RTE-IND-20231002-001,HUB-IND,DRV-01045,VEH-0034,2023-10-02,61,0,completed
RTE-IND-20231002-003,HUB-IND,DRV-01024,VEH-0017,2023-10-02,40,0,completed
RTE-IND-20231002-004,HUB-IND,DRV-01032,VEH-0034,2023-10-02,49,0,completed
RTE-IND-20231002-005,HUB-IND,DRV-01042,VEH-0023,2023-10-02,20,4,completed
RTE-DET-20231002-001,HUB-DET,DRV-01037,VEH-0029,2023-10-02,43,0,partial
RTE-CIN-20231002-001,HUB-CIN,DRV-01002,VEH-0018,2023-10-02,57,0,completed
RTE-CIN-20231002-002,HUB-CIN,DRV-01034,VEH-0036,2023-10-02,41,0,completed
RTE-CMH-20231003-001,HUB-CMH,DRV-01001,VEH-0028,2023-10-03,61,3,completed
RTE-CMH-20231003-002,HUB-CMH,DRV-01189,VEH-0007,2023-10-03,28,3,completed
RTE-CMH-20231003-003,HUB-CMH,DRV-01013,VEH-0007,2023-10-03,45,0,completed
RTE-CHI-20231003-001,HUB-CHI,DRV-01020,VEH-0006,2023-10-03,37,0,completed
RTE-CHI-20231003-002,HUB-CHI,DRV-01048,VEH-0006,2023-10-03,25,0,completed
RTE-CHI-20231003-003,HUB-CHI,DRV-01007,VEH-0019,2023-10-03,34,0,completed
RTE-CHI-20231003-004,HUB-CHI,DRV-01005,VEH-0037,2023-10-03,38,0,completed
RTE-IND-20231003-001,HUB-IND,DRV-01032,VEH-0043,2023-10-03,50,0,completed
RTE-DET-20231003-001,HUB-DET,DRV-01022,VEH-0022,2023-10-03,55,0,completed
RTE-DET-20231003-002,HUB-DET,DRV-01014,VEH-0029,2023-10-03,58,0,completed
RTE-DET-20231003-003,HUB-DET,DRV-01014,VEH-0024,2023-10-03,34,0,completed
RTE-DET-20231003-004,HUB-DET,DRV-01021,VEH-0022,2023-10-03,26,3,completed
RTE-DET-20231003-005,HUB-DET,DRV-01014,VEH-0022,2023-10-03,34,0,completed
RTE-CIN-20231003-001,HUB-CIN,DRV-01025,VEH-0036,2023-10-03,44,0,completed
RTE-CIN-20231003-002,HUB-CIN,DRV-01008,VEH-0026,2023-10-03,37,0,partial
RTE-CIN-20231003-003,HUB-CIN,DRV-01002,VEH-0025,2023-10-03,54,0,partial
RTE-CIN-20231003-004,HUB-CIN,DRV-01027,VEH-0032,2023-10-03,51,0,completed
RTE-CMH-20231004-001,HUB-CMH,DRV-01013,VEH-0035,2023-10-04,19,0,partial
RTE-CMH-20231004-002,HUB-CMH,DRV-01010,VEH-0001,2023-10-04,29,0,completed
RTE-CHI-20231004-002,HUB-CHI,DRV-01007,VEH-0037,2023-10-04,22,0,completed
RTE-CHI-20231004-005,HUB-CHI,DRV-01035,VEH-0002,2023-10-04,22,6,completed
RTE-IND-20231004-001,HUB-IND,DRV-01042,VEH-0013,2023-10-04,51,0,partial
RTE-IND-20231004-003,HUB-IND,DRV-01045,VEH-0008,2023-10-04,53,0,completed
RTE-DET-20231004-001,HUB-DET,DRV-01037,VEH-0044,2023-10-04,60,0,completed
RTE-DET-20231004-003,HUB-DET,DRV-01046,VEH-0022,2023-10-04,24,0,completed
RTE-CIN-20231004-001,HUB-CIN,DRV-01034,VEH-0020,2023-10-04,40,0,completed
RTE-CMH-20231005-001,HUB-CMH,DRV-01039,VEH-0031,2023-10-05,64,0,completed
RTE-CMH-20231005-002,HUB-CMH,DRV-01039,VEH-0021,2023-10-05,60,0,partial
RTE-CHI-20231005-001,HUB-CHI,DRV-01005,VEH-0002,2023-10-05,38,0,completed
RTE-CHI-20231005-002,HUB-CHI,DRV-01007,VEH-0006,2023-10-05,52,0,partial
RTE-IND-20231005-001,HUB-IND,DRV-01191,VEH-0009,2023-10-05,61,5,completed
RTE-IND-20231005-002,HUB-IND,DRV-01191,VEH-0017,2023-10-05,47,5,completed
RTE-IND-20231005-003,HUB-IND,DRV-01024,VEH-0034,2023-10-05,37,0,partial
RTE-IND-20231005-004,HUB-IND,DRV-01031,VEH-0013,2023-10-05,42,0,completed
RTE-DET-20231005-001,HUB-DET,DRV-01022,VEH-0022,2023-10-05,62,0,completed
RTE-DET-20231005-003,HUB-DET,DRV-01021,VEH-0029,2023-10-05,49,0,completed
RTE-CIN-20231005-001,HUB-CIN,DRV-01008,VEH-0018,2023-10-05,20,0,completed
RTE-CMH-20231006-001,HUB-CMH,DRV-01049,VEH-0001,2023-10-06,42,0,completed
RTE-IND-20231006-001,HUB-IND,DRV-01033,VEH-0034,2023-10-06,45,0,completed
RTE-IND-20231006-002,HUB-IND,DRV-01045,VEH-0013,2023-10-06,65,2,completed
RTE-IND-20231006-003,HUB-IND,DRV-01031,VEH-0013,2023-10-06,29,0,completed
RTE-DET-20231006-001,HUB-DET,DRV-01046,VEH-0024,2023-10-06,30,0,completed
RTE-DET-20231006-002,HUB-DET,DRV-01022,VEH-0022,2023-10-06,35,0,completed
RTE-CIN-20231006-001,HUB-CIN,DRV-01034,VEH-0027,2023-10-06,37,3,completed
RTE-CIN-20231006-002,HUB-CIN,DRV-01025,VEH-0020,2023-10-06,44,0,completed
RTE-CIN-20231006-003,HUB-CIN,DRV-01002,VEH-0020,2023-10-06,54,0,completed
RTE-CIN-20231006-004,HUB-CIN,DRV-01002,VEH-0018,2023-10-06,55,0,completed
RTE-CIN-20231007-001,HUB-CIN,DRV-01002,VEH-0027,2023-10-07,36,0,partial
RTE-CIN-20231007-002,HUB-CIN,DRV-01023,VEH-0020,2023-10-07,20,0,completed
RTE-CMH-20231008-001,HUB-CMH,DRV-01013,VEH-0041,2023-10-08,51,5,completed
RTE-CHI-20231008-001,HUB-CHI,DRV-01190,VEH-0006,2023-10-08,32,0,completed
RTE-CMH-20231009-001,HUB-CMH,DRV-01009,VEH-0007,2023-10-09,55,0,completed
RTE-CMH-20231009-002,HUB-CMH,DRV-01044,VEH-0038,2023-10-09,65,3,completed
RTE-CMH-20231009-003,HUB-CMH,DRV-01013,VEH-0038,2023-10-09,55,0,completed
RTE-CHI-20231009-002,HUB-CHI,DRV-01035,VEH-0042,2023-10-09,56,0,completed
RTE-CHI-20231009-003,HUB-CHI,DRV-01035,VEH-0006,2023-10-09,23,0,completed
RTE-IND-20231009-001,HUB-IND,DRV-01031,VEH-0023,2023-10-09,29,0,completed
RTE-IND-20231009-002,HUB-IND,DRV-01031,VEH-0013,2023-10-09,27,0,completed
RTE-IND-20231009-003,HUB-IND,DRV-01033,VEH-0043,2023-10-09,56,0,completed
RTE-IND-20231009-004,HUB-IND,DRV-01042,VEH-0017,2023-10-09,64,0,completed
RTE-CIN-20231009-001,HUB-CIN,DRV-01002,VEH-0025,2023-10-09,22,0,partial
RTE-CMH-20231010-001,HUB-CMH,DRV-01010,VEH-0028,2023-10-10,32,0,completed
RTE-CMH-20231010-002,HUB-CMH,DRV-01028,VEH-0007,2023-10-10,50,0,completed
RTE-CMH-20231010-003,HUB-CMH,DRV-01039,VEH-0031,2023-10-10,38,0,partial
RTE-CMH-20231010-004,HUB-CMH,DRV-01189,VEH-0007,2023-10-10,39,0,completed
RTE-CHI-20231010-001,HUB-CHI,DRV-01007,VEH-0037,2023-10-10,40,3,completed
RTE-CHI-20231010-003,HUB-CHI,DRV-01035,VEH-0002,2023-10-10,41,0,completed
RTE-CHI-20231010-004,HUB-CHI,DRV-01035,VEH-0002,2023-10-10,18,0,completed
RTE-CHI-20231010-005,HUB-CHI,DRV-01035,VEH-0037,2023-10-10,29,0,completed
RTE-IND-20231010-001,HUB-IND,DRV-01045,VEH-0017,2023-10-10,23,3,completed
RTE-IND-20231010-002,HUB-IND,DRV-01188,VEH-0043,2023-10-10,52,0,completed
RTE-IND-20231010-003,HUB-IND,DRV-01045,VEH-0023,2023-10-10,50,6,completed
RTE-IND-20231010-004,HUB-IND,DRV-01033,VEH-0016,2023-10-10,60,0,completed
RTE-DET-20231010-001,HUB-DET,DRV-01021,VEH-0044,2023-10-10,29,3,partial
RTE-DET-20231010-002,HUB-DET,DRV-01046,VEH-0029,2023-10-10,64,0,completed
RTE-CIN-20231010-001,HUB-CIN,DRV-01041,VEH-0020,2023-10-10,47,0,completed
RTE-CIN-20231010-002,HUB-CIN,DRV-01027,VEH-0025,2023-10-10,62,0,partial
RTE-CIN-20231010-003,HUB-CIN,DRV-01023,VEH-0018,2023-10-10,64,0,completed
RTE-CIN-20231010-004,HUB-CIN,DRV-01019,VEH-0018,2023-10-10,26,0,completed
RTE-CIN-20231010-005,HUB-CIN,DRV-01027,VEH-0020,2023-10-10,34,6,completed
RTE-CMH-20231011-001,HUB-CMH,DRV-01013,VEH-0001,2023-10-11,33,0,completed
RTE-CMH-20231011-002,HUB-CMH,DRV-01036,VEH-0033,2023-10-11,62,3,partial
RTE-CHI-20231011-001,HUB-CHI,DRV-01017,VEH-0042,2023-10-11,24,0,completed
RTE-IND-20231011-001,HUB-IND,DRV-01031,VEH-0013,2023-10-11,18,0,completed
RTE-IND-20231011-002,HUB-IND,DRV-01191,VEH-0016,2023-10-11,63,0,canceled
RTE-IND-20231011-003,HUB-IND,DRV-01033,VEH-0043,2023-10-11,49,0,partial
RTE-IND-20231011-004,HUB-IND,DRV-01188,VEH-0034,2023-10-11,65,0,completed
RTE-IND-20231011-005,HUB-IND,DRV-01188,VEH-0013,2023-10-11,37,0,completed
RTE-IND-20231011-006,HUB-IND,DRV-01042,VEH-0043,2023-10-11,35,0,completed
RTE-DET-20231011-001,HUB-DET,DRV-01014,VEH-0029,2023-10-11,50,0,completed
RTE-CIN-20231011-001,HUB-CIN,DRV-01008,VEH-0020,2023-10-11,22,0,completed
RTE-CIN-20231011-002,HUB-CIN,DRV-01019,VEH-0020,2023-10-11,60,0,completed
RTE-CIN-20231011-003,HUB-CIN,DRV-01027,VEH-0026,2023-10-11,34,0,completed
RTE-CIN-20231011-004,HUB-CIN,DRV-01034,VEH-0025,2023-10-11,48,0,partial
RTE-CMH-20231012-001,HUB-CMH,DRV-01044,VEH-0007,2023-10-12,34,0,completed
RTE-CMH-20231012-003,HUB-CMH,DRV-01028,VEH-0038,2023-10-12,18,0,completed
RTE-CMH-20231012-004,HUB-CMH,DRV-01040,VEH-0031,2023-10-12,32,0,completed
RTE-CHI-20231012-001,HUB-CHI,DRV-01005,VEH-0042,2023-10-12,27,1,completed
RTE-IND-20231012-001,HUB-IND,DRV-01033,VEH-0013,2023-10-12,57,0,completed
RTE-IND-20231012-002,HUB-IND,DRV-01188,VEH-0008,2023-10-12,63,0,completed
RTE-IND-20231012-003,HUB-IND,DRV-01042,VEH-0043,2023-10-12,62,0,completed
RTE-DET-20231012-001,HUB-DET,DRV-01014,VEH-0022,2023-10-12,38,4,completed
RTE-CIN-20231012-001,HUB-CIN,DRV-01025,VEH-0032,2023-10-12,49,0,completed
RTE-CIN-20231012-002,HUB-CIN,DRV-01025,VEH-0027,2023-10-12,35,6,completed
RTE-CIN-20231012-003,HUB-CIN,DRV-01023,VEH-0032,2023-10-12,62,0,completed
RTE-CMH-20231013-001,HUB-CMH,DRV-01016,VEH-0003,2023-10-13,38,0,completed
RTE-CMH-20231013-002,HUB-CMH,DRV-01028,VEH-0021,2023-10-13,56,2,partial
RTE-CMH-20231013-003,HUB-CMH,DRV-01049,VEH-0003,2023-10-13,36,0,completed
RTE-CHI-20231013-001,HUB-CHI,DRV-01190,VEH-0002,2023-10-13,54,0,completed
RTE-CHI-20231013-002,HUB-CHI,DRV-01020,VEH-0004,2023-10-13,23,0,completed
RTE-CHI-20231013-003,HUB-CHI,DRV-01017,VEH-0037,2023-10-13,33,0,partial
RTE-CHI-20231013-004,HUB-CHI,DRV-01012,VEH-0019,2023-10-13,44,0,completed
RTE-CHI-20231013-005,HUB-CHI,DRV-01047,VEH-0037,2023-10-13,40,0,completed
RTE-CHI-20231013-006,HUB-CHI,DRV-01012,VEH-0005,2023-10-13,28,0,completed
RTE-CHI-20231013-007,HUB-CHI,DRV-01005,VEH-0015,2023-10-13,42,0,completed
RTE-IND-20231013-001,HUB-IND,DRV-01191,VEH-0009,2023-10-13,55,0,completed
RTE-IND-20231013-002,HUB-IND,DRV-01032,VEH-0017,2023-10-13,53,0,completed
RTE-DET-20231013-001,HUB-DET,DRV-01046,VEH-0044,2023-10-13,51,0,completed
RTE-DET-20231013-002,HUB-DET,DRV-01022,VEH-0022,2023-10-13,45,0,completed
RTE-DET-20231013-003,HUB-DET,DRV-01021,VEH-0022,2023-10-13,63,0,completed
RTE-DET-20231013-004,HUB-DET,DRV-01046,VEH-0024,2023-10-13,18,0,completed
RTE-DET-20231013-005,HUB-DET,DRV-01037,VEH-0022,2023-10-13,43,0,completed
RTE-CIN-20231013-001,HUB-CIN,DRV-01025,VEH-0018,2023-10-13,35,0,completed
RTE-CIN-20231013-002,HUB-CIN,DRV-01008,VEH-0018,2023-10-13,33,0,completed
RTE-CIN-20231013-003,HUB-CIN,DRV-01008,VEH-0026,2023-10-13,39,0,completed
RTE-CIN-20231013-004,HUB-CIN,DRV-01025,VEH-0026,2023-10-13,24,0,partial
RTE-CMH-20231014-001,HUB-CMH,DRV-01028,VEH-0001,2023-10-14,19,0,completed
RTE-CHI-20231014-001,HUB-CHI,DRV-01048,VEH-0005,2023-10-14,47,0,completed
RTE-CHI-20231014-002,HUB-CHI,DRV-01047,VEH-0004,2023-10-14,32,0,completed
RTE-CIN-20231014-001,HUB-CIN,DRV-01019,VEH-0026,2023-10-14,40,2,completed
RTE-CMH-20231015-001,HUB-CMH,DRV-01044,VEH-0041,2023-10-15,64,0,completed
RTE-CHI-20231015-001,HUB-CHI,DRV-01017,VEH-0002,2023-10-15,42,0,completed
RTE-IND-20231015-001,HUB-IND,DRV-01188,VEH-0008,2023-10-15,31,0,completed
RTE-IND-20231015-002,HUB-IND,DRV-01031,VEH-0008,2023-10-15,22,0,completed
RTE-IND-20231015-003,HUB-IND,DRV-01191,VEH-0013,2023-10-15,56,0,canceled
RTE-CHI-20231016-001,HUB-CHI,DRV-01035,VEH-0042,2023-10-16,42,0,completed
RTE-IND-20231016-001,HUB-IND,DRV-01188,VEH-0017,2023-10-16,19,0,completed
RTE-DET-20231016-001,HUB-DET,DRV-01014,VEH-0029,2023-10-16,41,0,completed
RTE-DET-20231016-002,HUB-DET,DRV-01046,VEH-0022,2023-10-16,31,0,partial
RTE-DET-20231016-003,HUB-DET,DRV-01014,VEH-0029,2023-10-16,54,6,completed
RTE-CIN-20231016-002,HUB-CIN,DRV-01023,VEH-0036,2023-10-16,54,0,completed
RTE-CIN-20231016-004,HUB-CIN,DRV-01002,VEH-0032,2023-10-16,51,0,completed
RTE-CIN-20231016-005,HUB-CIN,DRV-01034,VEH-0026,2023-10-16,21,0,completed
RTE-CIN-20231016-006,HUB-CIN,DRV-01019,VEH-0025,2023-10-16,47,0,completed
RTE-CIN-20231016-007,HUB-CIN,DRV-01019,VEH-0025,2023-10-16,25,1,completed
RTE-CHI-20231017-001,HUB-CHI,DRV-01007,VEH-0005,2023-10-17,35,0,completed
RTE-CHI-20231017-002,HUB-CHI,DRV-01048,VEH-0005,2023-10-17,54,0,completed
RTE-CHI-20231017-003,HUB-CHI,DRV-01012,VEH-0019,2023-10-17,23,6,completed
RTE-CHI-20231017-004,HUB-CHI,DRV-01012,VEH-0004,2023-10-17,59,0,canceled
RTE-IND-20231017-001,HUB-IND,DRV-01032,VEH-0043,2023-10-17,61,0,completed
RTE-IND-20231017-002,HUB-IND,DRV-01031,VEH-0013,2023-10-17,61,1,partial
RTE-IND-20231017-003,HUB-IND,DRV-01191,VEH-0017,2023-10-17,50,0,completed
RTE-DET-20231017-001,HUB-DET,DRV-01021,VEH-0024,2023-10-17,42,1,completed
RTE-CIN-20231017-001,HUB-CIN,DRV-01008,VEH-0027,2023-10-17,25,0,completed
RTE-CIN-20231017-002,HUB-CIN,DRV-01002,VEH-0032,2023-10-17,49,2,completed
RTE-CMH-20231018-001,HUB-CMH,DRV-01016,VEH-0033,2023-10-18,30,0,completed
RTE-CMH-20231018-002,HUB-CMH,DRV-01016,VEH-0038,2023-10-18,35,0,completed
RTE-CHI-20231018-001,HUB-CHI,DRV-01017,VEH-0004,2023-10-18,27,0,completed
RTE-CHI-20231018-002,HUB-CHI,DRV-01020,VEH-0042,2023-10-18,47,0,completed
RTE-CIN-20231018-001,HUB-CIN,DRV-01034,VEH-0020,2023-10-18,18,0,completed
RTE-CIN-20231018-002,HUB-CIN,DRV-01027,VEH-0018,2023-10-18,29,0,completed
RTE-CIN-20231018-003,HUB-CIN,DRV-01025,VEH-0020,2023-10-18,50,0,completed
RTE-CMH-20231019-001,HUB-CMH,DRV-01040,VEH-0003,2023-10-19,29,2,completed
RTE-CMH-20231019-002,HUB-CMH,DRV-01013,VEH-0003,2023-10-19,40,0,completed
RTE-CHI-20231019-001,HUB-CHI,DRV-01012,VEH-0005,2023-10-19,51,0,completed
RTE-CHI-20231019-002,HUB-CHI,DRV-01047,VEH-0005,2023-10-19,29,1,completed
RTE-CHI-20231019-003,HUB-CHI,DRV-01048,VEH-0006,2023-10-19,48,0,completed
RTE-CHI-20231019-004,HUB-CHI,DRV-01007,VEH-0042,2023-10-19,61,2,completed
RTE-CHI-20231019-005,HUB-CHI,DRV-01047,VEH-0037,2023-10-19,30,0,completed
RTE-IND-20231019-001,HUB-IND,DRV-01042,VEH-0034,2023-10-19,47,0,completed
RTE-IND-20231019-002,HUB-IND,DRV-01191,VEH-0023,2023-10-19,43,0,completed
RTE-IND-20231019-003,HUB-IND,DRV-01045,VEH-0043,2023-10-19,41,0,completed
RTE-IND-20231019-004,HUB-IND,DRV-01188,VEH-0009,2023-10-19,65,0,partial
RTE-DET-20231019-001,HUB-DET,DRV-01037,VEH-0024,2023-10-19,59,5,partial
RTE-CIN-20231019-001,HUB-CIN,DRV-01023,VEH-0027,2023-10-19,65,1,completed
RTE-CIN-20231019-002,HUB-CIN,DRV-01002,VEH-0025,2023-10-19,52,0,completed
RTE-CIN-20231019-003,HUB-CIN,DRV-01008,VEH-0027,2023-10-19,38,0,completed
RTE-CIN-20231019-004,HUB-CIN,DRV-01034,VEH-0032,2023-10-19,47,0,completed
RTE-CIN-20231019-005,HUB-CIN,DRV-01034,VEH-0032,2023-10-19,37,0,completed
RTE-CMH-20231020-001,HUB-CMH,DRV-01010,VEH-0033,2023-10-20,65,0,completed
RTE-CMH-20231020-003,HUB-CMH,DRV-01040,VEH-0028,2023-10-20,31,0,completed
RTE-CMH-20231020-004,HUB-CMH,DRV-01015,VEH-0035,2023-10-20,60,4,completed
RTE-CHI-20231020-001,HUB-CHI,DRV-01007,VEH-0006,2023-10-20,35,0,completed
RTE-IND-20231020-001,HUB-IND,DRV-01188,VEH-0023,2023-10-20,26,0,completed
RTE-DET-20231020-001,HUB-DET,DRV-01022,VEH-0029,2023-10-20,34,0,completed
RTE-DET-20231020-002,HUB-DET,DRV-01037,VEH-0024,2023-10-20,30,0,completed
RTE-DET-20231020-003,HUB-DET,DRV-01014,VEH-0024,2023-10-20,43,0,completed
RTE-DET-20231020-004,HUB-DET,DRV-01046,VEH-0024,2023-10-20,29,0,completed
RTE-CIN-20231020-001,HUB-CIN,DRV-01027,VEH-0027,2023-10-20,38,0,completed
RTE-CIN-20231020-002,HUB-CIN,DRV-01002,VEH-0025,2023-10-20,20,0,completed
RTE-IND-20231021-001,HUB-IND,DRV-01045,VEH-0013,2023-10-21,44,0,completed
RTE-IND-20231021-002,HUB-IND,DRV-01188,VEH-0008,2023-10-21,58,0,completed
RTE-CHI-20231022-001,HUB-CHI,DRV-01020,VEH-0019,2023-10-22,31,1,completed
RTE-CHI-20231022-002,HUB-CHI,DRV-01048,VEH-0004,2023-10-22,55,0,completed
RTE-IND-20231022-001,HUB-IND,DRV-01006,VEH-0043,2023-10-22,25,4,completed
RTE-IND-20231022-002,HUB-IND,DRV-01191,VEH-0023,2023-10-22,59,0,completed
RTE-DET-20231022-001,HUB-DET,DRV-01046,VEH-0029,2023-10-22,55,0,partial
RTE-DET-20231022-002,HUB-DET,DRV-01046,VEH-0044,2023-10-22,55,0,completed
RTE-CIN-20231022-001,HUB-CIN,DRV-01002,VEH-0032,2023-10-22,33,3,completed
RTE-CMH-20231023-001,HUB-CMH,DRV-01040,VEH-0035,2023-10-23,32,0,partial
RTE-CHI-20231023-001,HUB-CHI,DRV-01048,VEH-0042,2023-10-23,41,0,completed
RTE-CHI-20231023-002,HUB-CHI,DRV-01020,VEH-0002,2023-10-23,47,5,completed
RTE-IND-20231023-001,HUB-IND,DRV-01024,VEH-0016,2023-10-23,27,0,completed
RTE-DET-20231023-001,HUB-DET,DRV-01014,VEH-0022,2023-10-23,30,0,completed
RTE-DET-20231023-002,HUB-DET,DRV-01021,VEH-0024,2023-10-23,32,3,completed
RTE-DET-20231023-003,HUB-DET,DRV-01022,VEH-0044,2023-10-23,34,0,completed
RTE-CIN-20231023-001,HUB-CIN,DRV-01019,VEH-0020,2023-10-23,38,4,completed
RTE-CIN-20231023-002,HUB-CIN,DRV-01041,VEH-0032,2023-10-23,28,0,completed
RTE-CIN-20231023-003,HUB-CIN,DRV-01025,VEH-0025,2023-10-23,63,0,completed
RTE-CMH-20231024-001,HUB-CMH,DRV-01049,VEH-0001,2023-10-24,64,2,partial
RTE-CMH-20231024-002,HUB-CMH,DRV-01009,VEH-0021,2023-10-24,24,1,completed
RTE-CMH-20231024-003,HUB-CMH,DRV-01016,VEH-0035,2023-10-24,29,0,completed
RTE-CMH-20231024-004,HUB-CMH,DRV-01015,VEH-0007,2023-10-24,60,0,completed
RTE-CHI-20231024-001,HUB-CHI,DRV-01007,VEH-0005,2023-10-24,44,0,completed
RTE-CHI-20231024-002,HUB-CHI,DRV-01020,VEH-0006,2023-10-24,63,0,completed
RTE-CHI-20231024-003,HUB-CHI,DRV-01047,VEH-0004,2023-10-24,54,1,completed
RTE-CHI-20231024-004,HUB-CHI,DRV-01005,VEH-0004,2023-10-24,26,0,completed
RTE-IND-20231024-001,HUB-IND,DRV-01042,VEH-0043,2023-10-24,63,0,completed
RTE-IND-20231024-002,HUB-IND,DRV-01024,VEH-0009,2023-10-24,58,0,partial
RTE-IND-20231024-003,HUB-IND,DRV-01032,VEH-0034,2023-10-24,61,5,partial
RTE-IND-20231024-004,HUB-IND,DRV-01191,VEH-0043,2023-10-24,61,4,completed
RTE-DET-20231024-001,HUB-DET,DRV-01046,VEH-0029,2023-10-24,51,0,canceled
RTE-DET-20231024-002,HUB-DET,DRV-01037,VEH-0044,2023-10-24,48,0,completed
RTE-DET-20231024-003,HUB-DET,DRV-01046,VEH-0022,2023-10-24,21,0,completed
RTE-CIN-20231024-001,HUB-CIN,DRV-01023,VEH-0018,2023-10-24,22,0,completed
RTE-CIN-20231024-002,HUB-CIN,DRV-01023,VEH-0032,2023-10-24,19,0,canceled
RTE-CMH-20231025-001,HUB-CMH,DRV-01028,VEH-0038,2023-10-25,54,0,completed
RTE-CMH-20231025-002,HUB-CMH,DRV-01049,VEH-0028,2023-10-25,46,0,completed
RTE-CHI-20231025-001,HUB-CHI,DRV-01035,VEH-0002,2023-10-25,51,0,completed
RTE-CHI-20231025-002,HUB-CHI,DRV-01012,VEH-0004,2023-10-25,21,0,completed
RTE-CHI-20231025-003,HUB-CHI,DRV-01048,VEH-0004,2023-10-25,29,0,completed
RTE-DET-20231025-001,HUB-DET,DRV-01037,VEH-0044,2023-10-25,22,3,completed
RTE-DET-20231025-002,HUB-DET,DRV-01046,VEH-0024,2023-10-25,29,0,completed
RTE-CIN-20231025-001,HUB-CIN,DRV-01041,VEH-0020,2023-10-25,36,0,partial
RTE-CIN-20231025-002,HUB-CIN,DRV-01023,VEH-0026,2023-10-25,35,0,completed
RTE-CIN-20231025-003,HUB-CIN,DRV-01002,VEH-0025,2023-10-25,61,0,completed
RTE-CIN-20231025-004,HUB-CIN,DRV-01019,VEH-0018,2023-10-25,64,0,completed
RTE-CMH-20231026-001,HUB-CMH,DRV-01015,VEH-0041,2023-10-26,64,0,completed
RTE-CHI-20231026-001,HUB-CHI,DRV-01047,VEH-0019,2023-10-26,28,0,completed
RTE-CHI-20231026-002,HUB-CHI,DRV-01190,VEH-0019,2023-10-26,19,0,completed
RTE-CHI-20231026-003,HUB-CHI,DRV-01047,VEH-0015,2023-10-26,18,0,completed
RTE-CHI-20231026-004,HUB-CHI,DRV-01017,VEH-0037,2023-10-26,31,6,completed
RTE-IND-20231026-001,HUB-IND,DRV-01045,VEH-0043,2023-10-26,42,0,completed
RTE-IND-20231026-002,HUB-IND,DRV-01006,VEH-0008,2023-10-26,18,0,partial
RTE-DET-20231026-001,HUB-DET,DRV-01022,VEH-0024,2023-10-26,32,0,completed
RTE-CIN-20231026-001,HUB-CIN,DRV-01008,VEH-0020,2023-10-26,32,0,completed
RTE-CHI-20231027-001,HUB-CHI,DRV-01012,VEH-0002,2023-10-27,43,0,completed
RTE-CHI-20231027-002,HUB-CHI,DRV-01047,VEH-0006,2023-10-27,61,0,completed
RTE-CHI-20231027-003,HUB-CHI,DRV-01017,VEH-0004,2023-10-27,54,0,completed
RTE-CHI-20231027-004,HUB-CHI,DRV-01007,VEH-0037,2023-10-27,23,0,completed
RTE-IND-20231027-001,HUB-IND,DRV-01006,VEH-0008,2023-10-27,49,0,completed
RTE-IND-20231027-002,HUB-IND,DRV-01042,VEH-0016,2023-10-27,25,0,completed
RTE-IND-20231027-003,HUB-IND,DRV-01006,VEH-0016,2023-10-27,23,2,completed
RTE-DET-20231027-001,HUB-DET,DRV-01022,VEH-0022,2023-10-27,18,0,completed
RTE-DET-20231027-002,HUB-DET,DRV-01014,VEH-0024,2023-10-27,46,4,completed
RTE-CIN-20231027-002,HUB-CIN,DRV-01041,VEH-0032,2023-10-27,57,0,completed
RTE-IND-20231028-001,HUB-IND,DRV-01031,VEH-0008,2023-10-28,39,0,completed
RTE-CIN-20231028-001,HUB-CIN,DRV-01041,VEH-0032,2023-10-28,43,0,partial
RTE-CHI-20231029-001,HUB-CHI,DRV-01048,VEH-0042,2023-10-29,36,0,completed
RTE-CHI-20231029-002,HUB-CHI,DRV-01020,VEH-0005,2023-10-29,54,0,partial
RTE-CHI-20231029-003,HUB-CHI,DRV-01190,VEH-0006,2023-10-29,49,0,completed
RTE-IND-20231029-001,HUB-IND,DRV-01045,VEH-0016,2023-10-29,63,0,completed
RTE-CHI-20231030-001,HUB-CHI,DRV-01020,VEH-0002,2023-10-30,45,0,completed
RTE-CHI-20231030-003,HUB-CHI,DRV-01035,VEH-0042,2023-10-30,60,0,completed
RTE-IND-20231030-001,HUB-IND,DRV-01045,VEH-0009,2023-10-30,58,0,partial
RTE-IND-20231030-002,HUB-IND,DRV-01042,VEH-0016,2023-10-30,25,1,completed
RTE-IND-20231030-003,HUB-IND,DRV-01031,VEH-0034,2023-10-30,35,0,completed
RTE-DET-20231030-001,HUB-DET,DRV-01022,VEH-0044,2023-10-30,18,6,completed
RTE-DET-20231030-002,HUB-DET,DRV-01021,VEH-0024,2023-10-30,49,0,completed
RTE-DET-20231030-003,HUB-DET,DRV-01037,VEH-0024,2023-10-30,55,0,completed
RTE-DET-20231030-004,HUB-DET,DRV-01046,VEH-0044,2023-10-30,26,0,completed
RTE-CIN-20231030-001,HUB-CIN,DRV-01041,VEH-0025,2023-10-30,41,0,completed
RTE-CIN-20231030-002,HUB-CIN,DRV-01025,VEH-0020,2023-10-30,44,0,completed
RTE-CMH-20231031-001,HUB-CMH,DRV-01043,VEH-0001,2023-10-31,45,0,completed
RTE-CMH-20231031-002,HUB-CMH,DRV-01028,VEH-0035,2023-10-31,28,0,completed
RTE-CMH-20231031-003,HUB-CMH,DRV-01049,VEH-0021,2023-10-31,59,0,completed
RTE-CMH-20231031-004,HUB-CMH,DRV-01013,VEH-0031,2023-10-31,22,0,completed
RTE-CMH-20231031-005,HUB-CMH,DRV-01049,VEH-0033,2023-10-31,24,0,completed
RTE-CMH-20231031-006,HUB-CMH,DRV-01039,VEH-0031,2023-10-31,55,0,completed
RTE-CHI-20231031-001,HUB-CHI,DRV-01048,VEH-0042,2023-10-31,18,0,partial
RTE-CHI-20231031-002,HUB-CHI,DRV-01007,VEH-0037,2023-10-31,61,5,completed
RTE-CHI-20231031-003,HUB-CHI,DRV-01017,VEH-0019,2023-10-31,35,0,completed
RTE-CHI-20231031-004,HUB-CHI,DRV-01005,VEH-0015,2023-10-31,33,0,completed
RTE-IND-20231031-001,HUB-IND,DRV-01191,VEH-0008,2023-10-31,62,0,completed
RTE-DET-20231031-001,HUB-DET,DRV-01014,VEH-0029,2023-10-31,29,0,completed
RTE-DET-20231031-002,HUB-DET,DRV-01021,VEH-0044,2023-10-31,46,0,completed
RTE-DET-20231031-003,HUB-DET,DRV-01037,VEH-0044,2023-10-31,47,0,completed
RTE-CMH-20231101-001,HUB-CMH,DRV-01036,VEH-0021,2023-11-01,34,0,completed
RTE-CHI-20231101-001,HUB-CHI,DRV-01007,VEH-0019,2023-11-01,49,3,completed
RTE-CHI-20231101-002,HUB-CHI,DRV-01017,VEH-0004,2023-11-01,60,0,completed
RTE-CHI-20231101-003,HUB-CHI,DRV-01190,VEH-0019,2023-11-01,52,3,completed
RTE-CHI-20231101-004,HUB-CHI,DRV-01020,VEH-0015,2023-11-01,52,0,completed
RTE-IND-20231101-001,HUB-IND,DRV-01191,VEH-0023,2023-11-01,43,0,completed
RTE-IND-20231101-002,HUB-IND,DRV-01042,VEH-0009,2023-11-01,20,1,completed
RTE-CIN-20231101-001,HUB-CIN,DRV-01025,VEH-0020,2023-11-01,28,0,completed
RTE-CIN-20231101-002,HUB-CIN,DRV-01019,VEH-0025,2023-11-01,26,0,completed
RTE-CMH-20231102-001,HUB-CMH,DRV-01036,VEH-0038,2023-11-02,21,0,partial
RTE-CMH-20231102-002,HUB-CMH,DRV-01040,VEH-0041,2023-11-02,61,0,completed
RTE-CMH-20231102-003,HUB-CMH,DRV-01189,VEH-0028,2023-11-02,58,0,partial
RTE-CMH-20231102-004,HUB-CMH,DRV-01043,VEH-0003,2023-11-02,56,6,completed
RTE-CHI-20231102-001,HUB-CHI,DRV-01047,VEH-0019,2023-11-02,44,0,completed
RTE-CHI-20231102-002,HUB-CHI,DRV-01012,VEH-0042,2023-11-02,52,0,partial
RTE-CHI-20231102-003,HUB-CHI,DRV-01005,VEH-0005,2023-11-02,62,5,completed
RTE-IND-20231102-001,HUB-IND,DRV-01045,VEH-0043,2023-11-02,40,0,completed
RTE-DET-20231102-001,HUB-DET,DRV-01014,VEH-0024,2023-11-02,31,5,completed
RTE-DET-20231102-002,HUB-DET,DRV-01037,VEH-0024,2023-11-02,36,0,completed
RTE-CIN-20231102-001,HUB-CIN,DRV-01027,VEH-0027,2023-11-02,26,0,completed
RTE-CIN-20231102-002,HUB-CIN,DRV-01002,VEH-0036,2023-11-02,27,0,completed
RTE-CMH-20231103-001,HUB-CMH,DRV-01016,VEH-0003,2023-11-03,40,0,completed
RTE-CMH-20231103-002,HUB-CMH,DRV-01009,VEH-0028,2023-11-03,19,6,partial
RTE-CHI-20231103-001,HUB-CHI,DRV-01017,VEH-0006,2023-11-03,64,0,completed
RTE-CHI-20231103-002,HUB-CHI,DRV-01020,VEH-0002,2023-11-03,37,0,partial
RTE-IND-20231103-001,HUB-IND,DRV-01045,VEH-0043,2023-11-03,41,0,completed
RTE-DET-20231103-001,HUB-DET,DRV-01037,VEH-0022,2023-11-03,20,0,completed
RTE-CMH-20231104-001,HUB-CMH,DRV-01039,VEH-0007,2023-11-04,59,0,completed
RTE-CMH-20231104-002,HUB-CMH,DRV-01009,VEH-0041,2023-11-04,55,6,completed
RTE-CMH-20231104-003,HUB-CMH,DRV-01013,VEH-0007,2023-11-04,30,0,completed
RTE-CMH-20231105-001,HUB-CMH,DRV-01028,VEH-0035,2023-11-05,33,4,completed
RTE-CHI-20231105-002,HUB-CHI,DRV-01190,VEH-0005,2023-11-05,19,0,completed
RTE-CHI-20231105-003,HUB-CHI,DRV-01012,VEH-0005,2023-11-05,53,0,completed
RTE-CHI-20231105-004,HUB-CHI,DRV-01048,VEH-0004,2023-11-05,56,0,completed
RTE-CHI-20231105-005,HUB-CHI,DRV-01012,VEH-0005,2023-11-05,39,0,completed
RTE-IND-20231105-001,HUB-IND,DRV-01042,VEH-0034,2023-11-05,46,0,completed
RTE-CIN-20231105-001,HUB-CIN,DRV-01041,VEH-0032,2023-11-05,42,0,completed
RTE-CMH-20231106-001,HUB-CMH,DRV-01189,VEH-0033,2023-11-06,26,6,completed
RTE-CMH-20231106-002,HUB-CMH,DRV-01010,VEH-0033,2023-11-06,37,5,completed
RTE-CMH-20231106-003,HUB-CMH,DRV-01015,VEH-0035,2023-11-06,18,4,completed
RTE-CHI-20231106-001,HUB-CHI,DRV-01020,VEH-0005,2023-11-06,19,0,completed
RTE-CHI-20231106-002,HUB-CHI,DRV-01048,VEH-0015,2023-11-06,54,0,completed
RTE-CHI-20231106-003,HUB-CHI,DRV-01190,VEH-0019,2023-11-06,47,0,completed
RTE-IND-20231106-001,HUB-IND,DRV-01033,VEH-0008,2023-11-06,51,1,completed
RTE-IND-20231106-002,HUB-IND,DRV-01031,VEH-0017,2023-11-06,34,0,completed
RTE-IND-20231106-003,HUB-IND,DRV-01032,VEH-0017,2023-11-06,40,0,completed
RTE-DET-20231106-001,HUB-DET,DRV-01037,VEH-0022,2023-11-06,45,0,completed
RTE-DET-20231106-002,HUB-DET,DRV-01021,VEH-0029,2023-11-06,28,0,completed
RTE-CIN-20231106-001,HUB-CIN,DRV-01019,VEH-0026,2023-11-06,22,0,completed
RTE-CIN-20231106-003,HUB-CIN,DRV-01041,VEH-0025,2023-11-06,21,0,completed
RTE-CIN-20231106-005,HUB-CIN,DRV-01034,VEH-0036,2023-11-06,63,0,completed
RTE-CMH-20231107-001,HUB-CMH,DRV-01044,VEH-0035,2023-11-07,38,0,completed
RTE-CMH-20231107-002,HUB-CMH,DRV-01040,VEH-0035,2023-11-07,56,3,completed
RTE-CHI-20231107-001,HUB-CHI,DRV-01035,VEH-0002,2023-11-07,56,0,completed
RTE-IND-20231107-001,HUB-IND,DRV-01191,VEH-0016,2023-11-07,45,0,completed
RTE-DET-20231107-001,HUB-DET,DRV-01014,VEH-0022,2023-11-07,43,0,completed
RTE-DET-20231107-002,HUB-DET,DRV-01037,VEH-0022,2023-11-07,56,1,completed
RTE-CIN-20231107-001,HUB-CIN,DRV-01002,VEH-0032,2023-11-07,40,0,completed
RTE-CIN-20231107-002,HUB-CIN,DRV-01008,VEH-0020,2023-11-07,65,0,completed
RTE-CIN-20231107-003,HUB-CIN,DRV-01002,VEH-0027,2023-11-07,46,6,completed
RTE-CIN-20231107-004,HUB-CIN,DRV-01041,VEH-0026,2023-11-07,28,0,completed
RTE-CMH-20231108-001,HUB-CMH,DRV-01001,VEH-0021,2023-11-08,59,0,completed
RTE-CMH-20231108-002,HUB-CMH,DRV-01001,VEH-0035,2023-11-08,18,0,completed
RTE-CHI-20231108-001,HUB-CHI,DRV-01190,VEH-0042,2023-11-08,53,0,completed
RTE-CHI-20231108-002,HUB-CHI,DRV-01007,VEH-0015,2023-11-08,42,0,completed
RTE-IND-20231108-001,HUB-IND,DRV-01032,VEH-0008,2023-11-08,54,4,completed
RTE-DET-20231108-001,HUB-DET,DRV-01037,VEH-0022,2023-11-08,42,0,completed
RTE-DET-20231108-002,HUB-DET,DRV-01037,VEH-0024,2023-11-08,24,2,completed
RTE-CMH-20231109-001,HUB-CMH,DRV-01010,VEH-0035,2023-11-09,21,0,completed
RTE-CHI-20231109-001,HUB-CHI,DRV-01005,VEH-0006,2023-11-09,19,0,completed
RTE-CHI-20231109-002,HUB-CHI,DRV-01007,VEH-0019,2023-11-09,59,0,completed
RTE-CHI-20231109-003,HUB-CHI,DRV-01048,VEH-0037,2023-11-09,53,2,completed
RTE-IND-20231109-001,HUB-IND,DRV-01045,VEH-0016,2023-11-09,18,6,completed
RTE-IND-20231109-002,HUB-IND,DRV-01031,VEH-0023,2023-11-09,58,3,completed
RTE-DET-20231109-001,HUB-DET,DRV-01021,VEH-0024,2023-11-09,21,0,partial
RTE-CIN-20231109-001,HUB-CIN,DRV-01027,VEH-0032,2023-11-09,20,0,completed
RTE-CIN-20231109-002,HUB-CIN,DRV-01041,VEH-0018,2023-11-09,58,2,completed
RTE-CMH-20231110-001,HUB-CMH,DRV-01028,VEH-0041,2023-11-10,33,0,completed
RTE-CMH-20231110-002,HUB-CMH,DRV-01049,VEH-0003,2023-11-10,33,0,completed
RTE-DET-20231110-001,HUB-DET,DRV-01022,VEH-0044,2023-11-10,38,0,completed
RTE-DET-20231110-002,HUB-DET,DRV-01046,VEH-0022,2023-11-10,27,0,completed
RTE-DET-20231110-003,HUB-DET,DRV-01037,VEH-0022,2023-11-10,50,0,completed
RTE-CIN-20231110-001,HUB-CIN,DRV-01025,VEH-0025,2023-11-10,22,0,partial
RTE-CIN-20231110-002,HUB-CIN,DRV-01023,VEH-0036,2023-11-10,22,0,completed
RTE-CIN-20231110-003,HUB-CIN,DRV-01027,VEH-0032,2023-11-10,65,0,completed
RTE-CHI-20231111-001,HUB-CHI,DRV-01047,VEH-0006,2023-11-11,43,0,completed
RTE-CMH-20231112-001,HUB-CMH,DRV-01013,VEH-0021,2023-11-12,46,0,completed
RTE-CMH-20231112-002,HUB-CMH,DRV-01044,VEH-0041,2023-11-12,29,0,completed
RTE-CHI-20231112-001,HUB-CHI,DRV-01048,VEH-0019,2023-11-12,44,1,completed
RTE-CHI-20231112-002,HUB-CHI,DRV-01007,VEH-0002,2023-11-12,45,2,canceled
RTE-CHI-20231112-003,HUB-CHI,DRV-01017,VEH-0002,2023-11-12,18,0,completed
RTE-CHI-20231112-004,HUB-CHI,DRV-01017,VEH-0015,2023-11-12,39,0,completed
RTE-CHI-20231112-005,HUB-CHI,DRV-01007,VEH-0005,2023-11-12,59,6,completed
RTE-DET-20231112-001,HUB-DET,DRV-01037,VEH-0044,2023-11-12,49,0,completed
RTE-CMH-20231113-001,HUB-CMH,DRV-01010,VEH-0031,2023-11-13,31,2,completed
RTE-CMH-20231113-002,HUB-CMH,DRV-01036,VEH-0003,2023-11-13,26,0,canceled
RTE-CHI-20231113-001,HUB-CHI,DRV-01020,VEH-0042,2023-11-13,46,0,completed
RTE-CHI-20231113-002,HUB-CHI,DRV-01048,VEH-0005,2023-11-13,43,2,completed
RTE-IND-20231113-001,HUB-IND,DRV-01188,VEH-0017,2023-11-13,59,0,completed
RTE-IND-20231113-002,HUB-IND,DRV-01042,VEH-0016,2023-11-13,25,0,completed
RTE-IND-20231113-003,HUB-IND,DRV-01045,VEH-0016,2023-11-13,56,0,completed
RTE-DET-20231113-001,HUB-DET,DRV-01022,VEH-0029,2023-11-13,54,0,completed
RTE-CIN-20231113-001,HUB-CIN,DRV-01002,VEH-0026,2023-11-13,29,0,completed
RTE-CIN-20231113-002,HUB-CIN,DRV-01034,VEH-0027,2023-11-13,45,0,completed
RTE-CMH-20231114-001,HUB-CMH,DRV-01016,VEH-0021,2023-11-14,23,0,completed
RTE-CMH-20231114-002,HUB-CMH,DRV-01010,VEH-0038,2023-11-14,23,0,completed
RTE-CMH-20231114-003,HUB-CMH,DRV-01013,VEH-0001,2023-11-14,47,0,completed
RTE-CHI-20231114-001,HUB-CHI,DRV-01047,VEH-0004,2023-11-14,64,0,completed
RTE-CHI-20231114-002,HUB-CHI,DRV-01190,VEH-0037,2023-11-14,35,5,completed
RTE-IND-20231114-001,HUB-IND,DRV-01188,VEH-0017,2023-11-14,37,0,completed
RTE-IND-20231114-002,HUB-IND,DRV-01031,VEH-0034,2023-11-14,32,0,completed
RTE-DET-20231114-002,HUB-DET,DRV-01021,VEH-0044,2023-11-14,60,0,completed
RTE-DET-20231114-003,HUB-DET,DRV-01037,VEH-0044,2023-11-14,24,0,canceled
RTE-DET-20231114-004,HUB-DET,DRV-01021,VEH-0044,2023-11-14,37,0,completed
RTE-CIN-20231114-001,HUB-CIN,DRV-01041,VEH-0020,2023-11-14,31,0,completed
RTE-CMH-20231115-001,HUB-CMH,DRV-01049,VEH-0033,2023-11-15,27,0,completed
RTE-CHI-20231115-001,HUB-CHI,DRV-01035,VEH-0019,2023-11-15,63,0,completed
RTE-CHI-20231115-002,HUB-CHI,DRV-01190,VEH-0015,2023-11-15,32,0,partial
RTE-CHI-20231115-003,HUB-CHI,DRV-01048,VEH-0019,2023-11-15,28,0,completed
RTE-IND-20231115-001,HUB-IND,DRV-01045,VEH-0017,2023-11-15,26,0,completed
RTE-IND-20231115-002,HUB-IND,DRV-01188,VEH-0009,2023-11-15,34,0,completed
RTE-IND-20231115-003,HUB-IND,DRV-01191,VEH-0016,2023-11-15,61,0,completed
RTE-DET-20231115-001,HUB-DET,DRV-01014,VEH-0022,2023-11-15,33,2,completed
RTE-DET-20231115-002,HUB-DET,DRV-01037,VEH-0029,2023-11-15,55,0,partial
RTE-DET-20231115-003,HUB-DET,DRV-01014,VEH-0024,2023-11-15,64,0,completed
RTE-DET-20231115-004,HUB-DET,DRV-01022,VEH-0024,2023-11-15,21,0,completed
RTE-CIN-20231115-001,HUB-CIN,DRV-01034,VEH-0018,2023-11-15,58,0,completed
RTE-CMH-20231116-001,HUB-CMH,DRV-01028,VEH-0021,2023-11-16,44,3,completed
RTE-CMH-20231116-002,HUB-CMH,DRV-01009,VEH-0028,2023-11-16,42,4,completed
RTE-CHI-20231116-001,HUB-CHI,DRV-01012,VEH-0037,2023-11-16,30,4,completed
RTE-CHI-20231116-002,HUB-CHI,DRV-01035,VEH-0019,2023-11-16,29,0,completed
RTE-IND-20231116-001,HUB-IND,DRV-01031,VEH-0008,2023-11-16,24,0,partial
RTE-DET-20231116-001,HUB-DET,DRV-01046,VEH-0029,2023-11-16,48,0,completed
RTE-CIN-20231116-002,HUB-CIN,DRV-01019,VEH-0025,2023-11-16,18,0,completed
RTE-CIN-20231116-003,HUB-CIN,DRV-01002,VEH-0032,2023-11-16,55,0,completed
RTE-CIN-20231116-004,HUB-CIN,DRV-01025,VEH-0026,2023-11-16,19,0,completed
RTE-CIN-20231116-005,HUB-CIN,DRV-01041,VEH-0027,2023-11-16,32,0,completed
RTE-CMH-20231117-001,HUB-CMH,DRV-01039,VEH-0021,2023-11-17,44,4,completed
RTE-CMH-20231117-002,HUB-CMH,DRV-01049,VEH-0033,2023-11-17,48,0,completed
RTE-CMH-20231117-003,HUB-CMH,DRV-01044,VEH-0028,2023-11-17,49,0,completed
RTE-CHI-20231117-001,HUB-CHI,DRV-01190,VEH-0037,2023-11-17,19,1,partial
RTE-CHI-20231117-002,HUB-CHI,DRV-01048,VEH-0006,2023-11-17,55,0,completed
RTE-CHI-20231117-003,HUB-CHI,DRV-01035,VEH-0037,2023-11-17,36,0,partial
RTE-IND-20231117-001,HUB-IND,DRV-01006,VEH-0017,2023-11-17,23,6,partial
RTE-DET-20231117-001,HUB-DET,DRV-01022,VEH-0029,2023-11-17,28,0,completed
RTE-CIN-20231117-001,HUB-CIN,DRV-01023,VEH-0025,2023-11-17,30,0,partial
RTE-CIN-20231117-003,HUB-CIN,DRV-01034,VEH-0026,2023-11-17,64,0,completed
RTE-CIN-20231117-004,HUB-CIN,DRV-01041,VEH-0027,2023-11-17,59,0,completed
RTE-CIN-20231117-005,HUB-CIN,DRV-01023,VEH-0020,2023-11-17,36,4,completed
RTE-CHI-20231118-001,HUB-CHI,DRV-01047,VEH-0037,2023-11-18,50,0,completed
RTE-IND-20231118-001,HUB-IND,DRV-01042,VEH-0008,2023-11-18,54,3,completed
RTE-IND-20231118-002,HUB-IND,DRV-01045,VEH-0013,2023-11-18,23,0,completed
RTE-DET-20231118-001,HUB-DET,DRV-01022,VEH-0022,2023-11-18,58,0,completed
RTE-CIN-20231118-001,HUB-CIN,DRV-01019,VEH-0026,2023-11-18,40,0,completed
RTE-IND-20231119-001,HUB-IND,DRV-01188,VEH-0013,2023-11-19,40,0,completed
RTE-CIN-20231119-003,HUB-CIN,DRV-01008,VEH-0032,2023-11-19,35,0,completed
RTE-CMH-20231120-001,HUB-CMH,DRV-01013,VEH-0041,2023-11-20,19,6,completed
RTE-CMH-20231120-002,HUB-CMH,DRV-01049,VEH-0038,2023-11-20,22,0,completed
RTE-CMH-20231120-003,HUB-CMH,DRV-01039,VEH-0028,2023-11-20,30,0,completed
RTE-CHI-20231120-001,HUB-CHI,DRV-01048,VEH-0042,2023-11-20,65,0,completed
RTE-CHI-20231120-002,HUB-CHI,DRV-01035,VEH-0002,2023-11-20,44,0,completed
RTE-CHI-20231120-003,HUB-CHI,DRV-01020,VEH-0015,2023-11-20,57,0,completed
RTE-CHI-20231120-004,HUB-CHI,DRV-01190,VEH-0015,2023-11-20,56,5,completed
RTE-CHI-20231120-005,HUB-CHI,DRV-01190,VEH-0019,2023-11-20,33,3,completed
RTE-DET-20231120-001,HUB-DET,DRV-01037,VEH-0044,2023-11-20,35,0,completed
RTE-DET-20231120-002,HUB-DET,DRV-01021,VEH-0044,2023-11-20,51,0,completed
RTE-DET-20231120-003,HUB-DET,DRV-01046,VEH-0044,2023-11-20,41,0,completed
RTE-CIN-20231120-003,HUB-CIN,DRV-01008,VEH-0026,2023-11-20,48,0,completed
RTE-CIN-20231120-004,HUB-CIN,DRV-01019,VEH-0020,2023-11-20,57,0,completed
RTE-CMH-20231121-001,HUB-CMH,DRV-01043,VEH-0003,2023-11-21,50,0,completed
RTE-CMH-20231121-002,HUB-CMH,DRV-01036,VEH-0021,2023-11-21,18,2,completed
RTE-CMH-20231121-003,HUB-CMH,DRV-01016,VEH-0041,2023-11-21,58,0,completed
RTE-CHI-20231121-002,HUB-CHI,DRV-01007,VEH-0002,2023-11-21,56,6,completed
RTE-CHI-20231121-003,HUB-CHI,DRV-01048,VEH-0019,2023-11-21,46,0,completed
RTE-CHI-20231121-004,HUB-CHI,DRV-01048,VEH-0042,2023-11-21,64,4,partial
RTE-CHI-20231121-005,HUB-CHI,DRV-01007,VEH-0019,2023-11-21,60,0,completed
RTE-IND-20231121-001,HUB-IND,DRV-01188,VEH-0013,2023-11-21,26,0,completed
RTE-IND-20231121-002,HUB-IND,DRV-01032,VEH-0013,2023-11-21,31,0,partial
RTE-IND-20231121-003,HUB-IND,DRV-01031,VEH-0043,2023-11-21,18,0,completed
RTE-IND-20231121-004,HUB-IND,DRV-01045,VEH-0008,2023-11-21,34,0,completed
RTE-DET-20231121-001,HUB-DET,DRV-01014,VEH-0022,2023-11-21,56,2,completed
RTE-DET-20231121-002,HUB-DET,DRV-01014,VEH-0029,2023-11-21,58,0,completed
RTE-DET-20231121-003,HUB-DET,DRV-01037,VEH-0044,2023-11-21,55,0,completed
RTE-DET-20231121-004,HUB-DET,DRV-01037,VEH-0044,2023-11-21,25,0,completed
RTE-CMH-20231122-001,HUB-CMH,DRV-01009,VEH-0021,2023-11-22,24,0,completed
RTE-CMH-20231122-002,HUB-CMH,DRV-01044,VEH-0038,2023-11-22,19,0,completed
RTE-CMH-20231122-003,HUB-CMH,DRV-01010,VEH-0021,2023-11-22,27,0,completed
RTE-CMH-20231122-004,HUB-CMH,DRV-01028,VEH-0001,2023-11-22,24,0,completed
RTE-CMH-20231122-005,HUB-CMH,DRV-01015,VEH-0021,2023-11-22,30,0,completed
RTE-CMH-20231122-006,HUB-CMH,DRV-01010,VEH-0038,2023-11-22,57,0,completed
RTE-CMH-20231122-007,HUB-CMH,DRV-01010,VEH-0035,2023-11-22,23,0,completed
RTE-CHI-20231122-001,HUB-CHI,DRV-01017,VEH-0015,2023-11-22,62,0,completed
RTE-CHI-20231122-002,HUB-CHI,DRV-01017,VEH-0006,2023-11-22,40,0,completed
RTE-IND-20231122-001,HUB-IND,DRV-01032,VEH-0034,2023-11-22,38,0,completed
RTE-IND-20231122-002,HUB-IND,DRV-01033,VEH-0008,2023-11-22,24,0,completed
RTE-DET-20231122-001,HUB-DET,DRV-01037,VEH-0029,2023-11-22,62,0,completed
RTE-DET-20231122-002,HUB-DET,DRV-01022,VEH-0024,2023-11-22,62,0,partial
RTE-DET-20231122-003,HUB-DET,DRV-01037,VEH-0024,2023-11-22,45,0,completed
RTE-DET-20231122-004,HUB-DET,DRV-01021,VEH-0024,2023-11-22,40,0,completed
RTE-CMH-20231123-001,HUB-CMH,DRV-01039,VEH-0001,2023-11-23,21,0,completed
RTE-CMH-20231123-002,HUB-CMH,DRV-01016,VEH-0031,2023-11-23,64,2,completed
RTE-CMH-20231123-003,HUB-CMH,DRV-01043,VEH-0003,2023-11-23,38,5,completed
RTE-CHI-20231123-001,HUB-CHI,DRV-01047,VEH-0004,2023-11-23,62,0,completed
RTE-CHI-20231123-002,HUB-CHI,DRV-01007,VEH-0019,2023-11-23,38,0,partial
RTE-IND-20231123-001,HUB-IND,DRV-01006,VEH-0034,2023-11-23,21,2,partial
RTE-DET-20231123-001,HUB-DET,DRV-01037,VEH-0024,2023-11-23,34,0,partial
RTE-DET-20231123-002,HUB-DET,DRV-01014,VEH-0044,2023-11-23,23,0,completed
RTE-DET-20231123-003,HUB-DET,DRV-01046,VEH-0024,2023-11-23,38,0,completed
RTE-DET-20231123-004,HUB-DET,DRV-01046,VEH-0029,2023-11-23,32,0,completed
RTE-CIN-20231123-001,HUB-CIN,DRV-01034,VEH-0027,2023-11-23,34,0,completed
RTE-CMH-20231124-001,HUB-CMH,DRV-01044,VEH-0001,2023-11-24,48,0,completed
RTE-CMH-20231124-002,HUB-CMH,DRV-01016,VEH-0001,2023-11-24,44,0,completed
RTE-CMH-20231124-003,HUB-CMH,DRV-01036,VEH-0021,2023-11-24,22,0,completed
RTE-CHI-20231124-002,HUB-CHI,DRV-01007,VEH-0015,2023-11-24,35,3,completed
RTE-CHI-20231124-003,HUB-CHI,DRV-01005,VEH-0006,2023-11-24,29,0,completed
RTE-IND-20231124-001,HUB-IND,DRV-01024,VEH-0008,2023-11-24,58,0,partial
RTE-IND-20231124-002,HUB-IND,DRV-01042,VEH-0008,2023-11-24,30,4,completed
RTE-IND-20231124-003,HUB-IND,DRV-01188,VEH-0016,2023-11-24,56,5,partial
RTE-IND-20231124-004,HUB-IND,DRV-01042,VEH-0043,2023-11-24,22,0,completed
RTE-IND-20231124-005,HUB-IND,DRV-01006,VEH-0023,2023-11-24,56,0,completed
RTE-IND-20231124-006,HUB-IND,DRV-01031,VEH-0008,2023-11-24,22,0,partial
RTE-CMH-20231125-001,HUB-CMH,DRV-01010,VEH-0041,2023-11-25,56,0,completed
RTE-IND-20231125-001,HUB-IND,DRV-01188,VEH-0013,2023-11-25,52,0,partial
RTE-DET-20231125-001,HUB-DET,DRV-01046,VEH-0022,2023-11-25,44,0,completed
RTE-CIN-20231125-001,HUB-CIN,DRV-01034,VEH-0027,2023-11-25,52,0,completed
RTE-CIN-20231126-001,HUB-CIN,DRV-01023,VEH-0026,2023-11-26,38,0,completed
RTE-CIN-20231126-002,HUB-CIN,DRV-01023,VEH-0018,2023-11-26,58,0,completed
RTE-CMH-20231127-001,HUB-CMH,DRV-01016,VEH-0033,2023-11-27,55,0,completed
RTE-CMH-20231127-002,HUB-CMH,DRV-01028,VEH-0007,2023-11-27,54,0,completed
RTE-CHI-20231127-001,HUB-CHI,DRV-01007,VEH-0005,2023-11-27,53,0,completed
RTE-IND-20231127-001,HUB-IND,DRV-01033,VEH-0009,2023-11-27,19,2,completed
RTE-IND-20231127-002,HUB-IND,DRV-01042,VEH-0008,2023-11-27,50,0,completed
RTE-IND-20231127-004,HUB-IND,DRV-01191,VEH-0016,2023-11-27,42,0,completed
RTE-DET-20231127-001,HUB-DET,DRV-01014,VEH-0029,2023-11-27,60,0,partial
RTE-DET-20231127-002,HUB-DET,DRV-01037,VEH-0029,2023-11-27,30,0,completed
RTE-CIN-20231127-001,HUB-CIN,DRV-01002,VEH-0025,2023-11-27,24,0,completed
RTE-CHI-20231128-001,HUB-CHI,DRV-01035,VEH-0002,2023-11-28,61,0,partial
RTE-CHI-20231128-002,HUB-CHI,DRV-01005,VEH-0005,2023-11-28,38,0,completed
RTE-CHI-20231128-003,HUB-CHI,DRV-01020,VEH-0006,2023-11-28,58,0,completed
RTE-CHI-20231128-004,HUB-CHI,DRV-01020,VEH-0037,2023-11-28,53,1,completed
RTE-IND-20231128-001,HUB-IND,DRV-01045,VEH-0034,2023-11-28,33,0,completed
RTE-CIN-20231128-001,HUB-CIN,DRV-01034,VEH-0025,2023-11-28,33,0,completed
RTE-CMH-20231129-001,HUB-CMH,DRV-01040,VEH-0038,2023-11-29,39,0,completed
RTE-CMH-20231129-002,HUB-CMH,DRV-01016,VEH-0003,2023-11-29,27,4,completed
RTE-CMH-20231129-003,HUB-CMH,DRV-01039,VEH-0028,2023-11-29,51,0,completed
RTE-CMH-20231129-004,HUB-CMH,DRV-01039,VEH-0021,2023-11-29,47,0,completed
RTE-CHI-20231129-001,HUB-CHI,DRV-01007,VEH-0015,2023-11-29,31,0,partial
RTE-CHI-20231129-002,HUB-CHI,DRV-01190,VEH-0004,2023-11-29,65,0,completed
RTE-CHI-20231129-003,HUB-CHI,DRV-01020,VEH-0042,2023-11-29,37,1,completed
RTE-IND-20231129-001,HUB-IND,DRV-01032,VEH-0023,2023-11-29,37,0,completed
RTE-DET-20231129-001,HUB-DET,DRV-01021,VEH-0029,2023-11-29,59,0,completed
RTE-DET-20231129-002,HUB-DET,DRV-01046,VEH-0024,2023-11-29,43,0,partial
RTE-DET-20231129-003,HUB-DET,DRV-01046,VEH-0022,2023-11-29,49,3,completed
RTE-CIN-20231129-001,HUB-CIN,DRV-01008,VEH-0036,2023-11-29,31,6,completed
RTE-CIN-20231129-002,HUB-CIN,DRV-01008,VEH-0018,2023-11-29,32,0,completed
RTE-CIN-20231129-003,HUB-CIN,DRV-01002,VEH-0027,2023-11-29,64,0,completed
RTE-CMH-20231130-002,HUB-CMH,DRV-01189,VEH-0033,2023-11-30,32,0,completed
RTE-CMH-20231130-003,HUB-CMH,DRV-01189,VEH-0028,2023-11-30,18,0,completed
RTE-CHI-20231130-001,HUB-CHI,DRV-01012,VEH-0004,2023-11-30,38,0,completed
RTE-CHI-20231130-002,HUB-CHI,DRV-01007,VEH-0002,2023-11-30,37,0,completed
RTE-IND-20231130-001,HUB-IND,DRV-01191,VEH-0034,2023-11-30,43,0,completed
RTE-IND-20231130-002,HUB-IND,DRV-01042,VEH-0013,2023-11-30,32,6,completed
RTE-IND-20231130-003,HUB-IND,DRV-01045,VEH-0034,2023-11-30,49,0,completed
RTE-IND-20231130-004,HUB-IND,DRV-01191,VEH-0009,2023-11-30,34,0,completed
RTE-CIN-20231130-001,HUB-CIN,DRV-01027,VEH-0036,2023-11-30,39,0,completed
RTE-CIN-20231130-002,HUB-CIN,DRV-01041,VEH-0036,2023-11-30,58,0,completed
RTE-CIN-20231130-003,HUB-CIN,DRV-01008,VEH-0025,2023-11-30,27,0,completed
RTE-CIN-20231130-004,HUB-CIN,DRV-01041,VEH-0025,2023-11-30,63,0,completed
RTE-CIN-20231130-005,HUB-CIN,DRV-01008,VEH-0032,2023-11-30,51,0,completed
RTE-CMH-20231201-001,HUB-CMH,DRV-01001,VEH-0033,2023-12-01,61,1,completed
RTE-CHI-20231201-001,HUB-CHI,DRV-01020,VEH-0015,2023-12-01,53,4,partial
RTE-CHI-20231201-002,HUB-CHI,DRV-01035,VEH-0006,2023-12-01,35,0,completed
RTE-DET-20231201-001,HUB-DET,DRV-01021,VEH-0022,2023-12-01,47,0,completed
RTE-CIN-20231201-001,HUB-CIN,DRV-01034,VEH-0036,2023-12-01,55,0,completed
RTE-CIN-20231201-002,HUB-CIN,DRV-01019,VEH-0036,2023-12-01,46,0,completed
RTE-CIN-20231201-003,HUB-CIN,DRV-01025,VEH-0036,2023-12-01,63,6,completed
RTE-CIN-20231201-004,HUB-CIN,DRV-01034,VEH-0018,2023-12-01,18,0,completed
RTE-CIN-20231201-005,HUB-CIN,DRV-01025,VEH-0036,2023-12-01,20,0,completed
RTE-CHI-20231202-001,HUB-CHI,DRV-01020,VEH-0006,2023-12-02,20,1,completed
RTE-IND-20231202-001,HUB-IND,DRV-01045,VEH-0013,2023-12-02,65,0,completed
RTE-IND-20231202-003,HUB-IND,DRV-01191,VEH-0023,2023-12-02,65,0,completed
RTE-IND-20231202-004,HUB-IND,DRV-01191,VEH-0016,2023-12-02,20,0,completed
RTE-DET-20231202-001,HUB-DET,DRV-01022,VEH-0044,2023-12-02,47,0,completed
RTE-CMH-20231203-002,HUB-CMH,DRV-01009,VEH-0031,2023-12-03,44,0,completed
RTE-CIN-20231203-001,HUB-CIN,DRV-01025,VEH-0020,2023-12-03,25,0,partial
RTE-CMH-20231204-001,HUB-CMH,DRV-01009,VEH-0041,2023-12-04,62,0,completed
RTE-CMH-20231204-002,HUB-CMH,DRV-01013,VEH-0035,2023-12-04,55,0,completed
RTE-CMH-20231204-003,HUB-CMH,DRV-01036,VEH-0003,2023-12-04,46,0,completed
RTE-CHI-20231204-001,HUB-CHI,DRV-01020,VEH-0006,2023-12-04,32,0,completed
RTE-CHI-20231204-002,HUB-CHI,DRV-01005,VEH-0004,2023-12-04,63,0,completed
RTE-CHI-20231204-003,HUB-CHI,DRV-01020,VEH-0004,2023-12-04,54,0,partial
RTE-IND-20231204-001,HUB-IND,DRV-01033,VEH-0016,2023-12-04,46,0,completed
RTE-DET-20231204-001,HUB-DET,DRV-01022,VEH-0044,2023-12-04,29,0,completed
RTE-DET-20231204-002,HUB-DET,DRV-01022,VEH-0022,2023-12-04,39,0,completed
RTE-DET-20231204-003,HUB-DET,DRV-01021,VEH-0029,2023-12-04,50,0,partial
RTE-DET-20231204-004,HUB-DET,DRV-01014,VEH-0029,2023-12-04,20,0,completed
RTE-DET-20231204-005,HUB-DET,DRV-01037,VEH-0029,2023-12-04,31,0,completed
RTE-CIN-20231204-001,HUB-CIN,DRV-01008,VEH-0036,2023-12-04,64,0,completed
RTE-CIN-20231204-002,HUB-CIN,DRV-01003,VEH-0036,2023-12-04,23,0,completed
RTE-CIN-20231204-003,HUB-CIN,DRV-01002,VEH-0036,2023-12-04,23,5,partial
RTE-CIN-20231204-004,HUB-CIN,DRV-01008,VEH-0020,2023-12-04,36,0,completed
RTE-CIN-20231204-005,HUB-CIN,DRV-01023,VEH-0020,2023-12-04,42,2,completed
RTE-CIN-20231204-006,HUB-CIN,DRV-01002,VEH-0025,2023-12-04,39,3,completed
RTE-CMH-20231205-001,HUB-CMH,DRV-01009,VEH-0038,2023-12-05,54,2,completed
RTE-CMH-20231205-002,HUB-CMH,DRV-01043,VEH-0028,2023-12-05,51,0,partial
RTE-CMH-20231205-003,HUB-CMH,DRV-01044,VEH-0007,2023-12-05,29,0,completed
RTE-CMH-20231205-004,HUB-CMH,DRV-01043,VEH-0003,2023-12-05,53,0,completed
RTE-CHI-20231205-001,HUB-CHI,DRV-01017,VEH-0015,2023-12-05,44,0,partial
RTE-IND-20231205-001,HUB-IND,DRV-01191,VEH-0023,2023-12-05,19,0,partial
RTE-IND-20231205-002,HUB-IND,DRV-01042,VEH-0016,2023-12-05,44,0,completed
RTE-IND-20231205-003,HUB-IND,DRV-01024,VEH-0017,2023-12-05,55,0,completed
RTE-CIN-20231205-001,HUB-CIN,DRV-01003,VEH-0020,2023-12-05,35,0,completed
RTE-CIN-20231205-002,HUB-CIN,DRV-01003,VEH-0020,2023-12-05,34,6,completed
RTE-CMH-20231206-001,HUB-CMH,DRV-01036,VEH-0007,2023-12-06,62,4,completed
RTE-CMH-20231206-002,HUB-CMH,DRV-01015,VEH-0021,2023-12-06,19,0,completed
RTE-CMH-20231206-003,HUB-CMH,DRV-01016,VEH-0041,2023-12-06,29,0,completed
RTE-CHI-20231206-001,HUB-CHI,DRV-01020,VEH-0006,2023-12-06,19,0,partial
RTE-CHI-20231206-002,HUB-CHI,DRV-01007,VEH-0002,2023-12-06,24,0,partial
RTE-CHI-20231206-003,HUB-CHI,DRV-01005,VEH-0042,2023-12-06,31,0,completed
RTE-CHI-20231206-004,HUB-CHI,DRV-01047,VEH-0002,2023-12-06,56,0,completed
RTE-IND-20231206-001,HUB-IND,DRV-01042,VEH-0013,2023-12-06,48,0,completed
RTE-IND-20231206-002,HUB-IND,DRV-01032,VEH-0043,2023-12-06,19,0,completed
RTE-IND-20231206-003,HUB-IND,DRV-01042,VEH-0023,2023-12-06,27,2,completed
RTE-IND-20231206-004,HUB-IND,DRV-01033,VEH-0009,2023-12-06,44,0,completed
RTE-DET-20231206-001,HUB-DET,DRV-01021,VEH-0022,2023-12-06,50,0,completed
RTE-DET-20231206-003,HUB-DET,DRV-01046,VEH-0022,2023-12-06,42,0,completed
RTE-DET-20231206-004,HUB-DET,DRV-01022,VEH-0029,2023-12-06,25,0,completed
RTE-CIN-20231206-001,HUB-CIN,DRV-01025,VEH-0036,2023-12-06,36,6,completed
RTE-CIN-20231206-002,HUB-CIN,DRV-01008,VEH-0026,2023-12-06,61,0,completed
RTE-CIN-20231206-003,HUB-CIN,DRV-01023,VEH-0027,2023-12-06,28,0,completed
RTE-CIN-20231206-004,HUB-CIN,DRV-01041,VEH-0025,2023-12-06,30,0,completed
RTE-CMH-20231207-001,HUB-CMH,DRV-01009,VEH-0031,2023-12-07,58,0,completed
RTE-CMH-20231207-002,HUB-CMH,DRV-01043,VEH-0033,2023-12-07,47,0,completed
RTE-CMH-20231207-003,HUB-CMH,DRV-01036,VEH-0028,2023-12-07,51,2,completed
RTE-CHI-20231207-001,HUB-CHI,DRV-01017,VEH-0019,2023-12-07,51,4,completed
RTE-CHI-20231207-002,HUB-CHI,DRV-01020,VEH-0006,2023-12-07,27,0,completed
RTE-CHI-20231207-003,HUB-CHI,DRV-01048,VEH-0019,2023-12-07,28,3,completed
RTE-IND-20231207-001,HUB-IND,DRV-01188,VEH-0008,2023-12-07,21,0,completed
RTE-IND-20231207-002,HUB-IND,DRV-01042,VEH-0013,2023-12-07,54,0,partial
RTE-IND-20231207-003,HUB-IND,DRV-01006,VEH-0023,2023-12-07,21,0,completed
RTE-DET-20231207-001,HUB-DET,DRV-01037,VEH-0029,2023-12-07,43,0,completed
RTE-CIN-20231207-001,HUB-CIN,DRV-01003,VEH-0018,2023-12-07,22,0,completed
RTE-CIN-20231207-002,HUB-CIN,DRV-01003,VEH-0020,2023-12-07,39,0,completed
RTE-CMH-20231208-002,HUB-CMH,DRV-01009,VEH-0038,2023-12-08,46,0,completed
RTE-CMH-20231208-003,HUB-CMH,DRV-01043,VEH-0035,2023-12-08,56,0,completed
RTE-CMH-20231208-004,HUB-CMH,DRV-01040,VEH-0007,2023-12-08,22,0,completed
RTE-CHI-20231208-001,HUB-CHI,DRV-01012,VEH-0042,2023-12-08,30,0,completed
RTE-CHI-20231208-002,HUB-CHI,DRV-01035,VEH-0042,2023-12-08,42,0,canceled
RTE-CHI-20231208-003,HUB-CHI,DRV-01007,VEH-0005,2023-12-08,46,0,completed
RTE-IND-20231208-001,HUB-IND,DRV-01191,VEH-0043,2023-12-08,60,0,completed
RTE-IND-20231208-002,HUB-IND,DRV-01031,VEH-0008,2023-12-08,40,0,completed
RTE-IND-20231208-003,HUB-IND,DRV-01024,VEH-0013,2023-12-08,52,0,completed
RTE-IND-20231208-004,HUB-IND,DRV-01031,VEH-0034,2023-12-08,53,2,completed
RTE-IND-20231208-005,HUB-IND,DRV-01188,VEH-0009,2023-12-08,51,0,completed
RTE-CIN-20231208-001,HUB-CIN,DRV-01003,VEH-0036,2023-12-08,49,0,completed
RTE-CHI-20231209-001,HUB-CHI,DRV-01048,VEH-0042,2023-12-09,23,0,completed
RTE-IND-20231209-001,HUB-IND,DRV-01032,VEH-0009,2023-12-09,41,0,partial
RTE-DET-20231209-001,HUB-DET,DRV-01046,VEH-0029,2023-12-09,20,0,completed
RTE-CMH-20231210-001,HUB-CMH,DRV-01001,VEH-0035,2023-12-10,34,0,partial
RTE-DET-20231210-001,HUB-DET,DRV-01022,VEH-0029,2023-12-10,49,0,completed
RTE-CMH-20231211-001,HUB-CMH,DRV-01010,VEH-0031,2023-12-11,57,0,completed
RTE-CMH-20231211-002,HUB-CMH,DRV-01016,VEH-0001,2023-12-11,24,6,completed
RTE-CMH-20231211-003,HUB-CMH,DRV-01016,VEH-0031,2023-12-11,60,0,completed
RTE-CHI-20231211-001,HUB-CHI,DRV-01020,VEH-0015,2023-12-11,37,5,completed
RTE-CHI-20231211-002,HUB-CHI,DRV-01012,VEH-0042,2023-12-11,58,1,completed
RTE-IND-20231211-001,HUB-IND,DRV-01045,VEH-0023,2023-12-11,33,0,partial
RTE-IND-20231211-003,HUB-IND,DRV-01191,VEH-0016,2023-12-11,37,0,completed
RTE-IND-20231211-004,HUB-IND,DRV-01006,VEH-0013,2023-12-11,36,0,completed
RTE-DET-20231211-001,HUB-DET,DRV-01037,VEH-0022,2023-12-11,47,4,completed
RTE-DET-20231211-002,HUB-DET,DRV-01021,VEH-0022,2023-12-11,43,0,completed
RTE-DET-20231211-003,HUB-DET,DRV-01037,VEH-0024,2023-12-11,63,0,completed
RTE-CIN-20231211-002,HUB-CIN,DRV-01008,VEH-0027,2023-12-11,44,6,partial
RTE-CIN-20231211-004,HUB-CIN,DRV-01003,VEH-0032,2023-12-11,49,0,completed
RTE-CIN-20231211-005,HUB-CIN,DRV-01019,VEH-0032,2023-12-11,41,0,completed
RTE-CIN-20231211-006,HUB-CIN,DRV-01008,VEH-0026,2023-12-11,47,0,completed
RTE-CMH-20231212-001,HUB-CMH,DRV-01049,VEH-0001,2023-12-12,65,2,completed
RTE-CMH-20231212-002,HUB-CMH,DRV-01039,VEH-0003,2023-12-12,60,0,completed
RTE-CMH-20231212-003,HUB-CMH,DRV-01028,VEH-0041,2023-12-12,23,0,completed
RTE-CMH-20231212-004,HUB-CMH,DRV-01049,VEH-0035,2023-12-12,42,0,partial
RTE-CHI-20231212-001,HUB-CHI,DRV-01190,VEH-0002,2023-12-12,40,0,completed
RTE-CHI-20231212-002,HUB-CHI,DRV-01012,VEH-0006,2023-12-12,37,0,completed
RTE-CHI-20231212-003,HUB-CHI,DRV-01005,VEH-0019,2023-12-12,21,4,completed
RTE-CHI-20231212-004,HUB-CHI,DRV-01005,VEH-0005,2023-12-12,39,0,completed
RTE-CHI-20231212-005,HUB-CHI,DRV-01007,VEH-0002,2023-12-12,40,0,partial
RTE-IND-20231212-001,HUB-IND,DRV-01032,VEH-0034,2023-12-12,61,4,partial
RTE-DET-20231212-001,HUB-DET,DRV-01046,VEH-0044,2023-12-12,31,0,partial
RTE-DET-20231212-002,HUB-DET,DRV-01046,VEH-0022,2023-12-12,65,0,completed
RTE-DET-20231212-003,HUB-DET,DRV-01021,VEH-0044,2023-12-12,26,1,partial
RTE-CIN-20231212-001,HUB-CIN,DRV-01003,VEH-0020,2023-12-12,43,0,completed
RTE-CHI-20231213-001,HUB-CHI,DRV-01048,VEH-0004,2023-12-13,63,0,completed
RTE-CHI-20231213-002,HUB-CHI,DRV-01005,VEH-0006,2023-12-13,27,0,completed
RTE-CHI-20231213-003,HUB-CHI,DRV-01017,VEH-0002,2023-12-13,28,0,completed
RTE-IND-20231213-001,HUB-IND,DRV-01031,VEH-0043,2023-12-13,41,0,completed
RTE-DET-20231213-001,HUB-DET,DRV-01014,VEH-0029,2023-12-13,42,0,partial
RTE-DET-20231213-002,HUB-DET,DRV-01022,VEH-0022,2023-12-13,49,0,completed
RTE-DET-20231213-003,HUB-DET,DRV-01046,VEH-0024,2023-12-13,56,0,completed
RTE-DET-20231213-004,HUB-DET,DRV-01037,VEH-0029,2023-12-13,24,0,completed
RTE-DET-20231213-005,HUB-DET,DRV-01022,VEH-0029,2023-12-13,24,1,completed
RTE-CIN-20231213-001,HUB-CIN,DRV-01002,VEH-0027,2023-12-13,20,2,completed
RTE-CIN-20231213-002,HUB-CIN,DRV-01002,VEH-0020,2023-12-13,57,0,partial
RTE-CMH-20231214-002,HUB-CMH,DRV-01013,VEH-0038,2023-12-14,19,0,partial
RTE-CMH-20231214-003,HUB-CMH,DRV-01010,VEH-0007,2023-12-14,44,0,completed
RTE-CMH-20231214-004,HUB-CMH,DRV-01001,VEH-0035,2023-12-14,38,0,completed
RTE-CHI-20231214-001,HUB-CHI,DRV-01048,VEH-0042,2023-12-14,58,0,completed
RTE-CHI-20231214-002,HUB-CHI,DRV-01005,VEH-0006,2023-12-14,35,0,completed
RTE-IND-20231214-001,HUB-IND,DRV-01033,VEH-0017,2023-12-14,18,0,completed
RTE-DET-20231214-001,HUB-DET,DRV-01022,VEH-0044,2023-12-14,26,0,completed
RTE-DET-20231214-002,HUB-DET,DRV-01022,VEH-0044,2023-12-14,54,0,completed
RTE-CIN-20231214-001,HUB-CIN,DRV-01003,VEH-0018,2023-12-14,58,0,completed
RTE-CIN-20231214-002,HUB-CIN,DRV-01019,VEH-0026,2023-12-14,31,0,completed
RTE-CMH-20231215-001,HUB-CMH,DRV-01049,VEH-0035,2023-12-15,46,0,completed
RTE-CMH-20231215-002,HUB-CMH,DRV-01039,VEH-0031,2023-12-15,26,0,completed
RTE-CMH-20231215-003,HUB-CMH,DRV-01039,VEH-0001,2023-12-15,28,0,completed
RTE-CMH-20231215-004,HUB-CMH,DRV-01010,VEH-0031,2023-12-15,47,0,partial
RTE-IND-20231215-001,HUB-IND,DRV-01191,VEH-0009,2023-12-15,20,0,partial
RTE-DET-20231215-001,HUB-DET,DRV-01021,VEH-0029,2023-12-15,55,0,completed
RTE-DET-20231215-002,HUB-DET,DRV-01037,VEH-0024,2023-12-15,48,0,partial
RTE-DET-20231215-003,HUB-DET,DRV-01037,VEH-0024,2023-12-15,25,6,completed
RTE-CIN-20231215-001,HUB-CIN,DRV-01034,VEH-0036,2023-12-15,27,0,completed
RTE-CMH-20231216-001,HUB-CMH,DRV-01010,VEH-0007,2023-12-16,23,5,completed
RTE-CHI-20231216-001,HUB-CHI,DRV-01048,VEH-0042,2023-12-16,20,0,partial
RTE-IND-20231216-001,HUB-IND,DRV-01033,VEH-0034,2023-12-16,54,0,completed
RTE-DET-20231216-001,HUB-DET,DRV-01021,VEH-0029,2023-12-16,53,0,completed
RTE-DET-20231216-002,HUB-DET,DRV-01014,VEH-0024,2023-12-16,44,0,completed
RTE-DET-20231216-003,HUB-DET,DRV-01037,VEH-0044,2023-12-16,61,0,completed
RTE-CIN-20231216-001,HUB-CIN,DRV-01027,VEH-0018,2023-12-16,51,0,completed
RTE-CMH-20231218-001,HUB-CMH,DRV-01013,VEH-0003,2023-12-18,61,0,completed
RTE-CMH-20231218-003,HUB-CMH,DRV-01036,VEH-0003,2023-12-18,60,0,completed
RTE-CHI-20231218-001,HUB-CHI,DRV-01190,VEH-0037,2023-12-18,21,0,completed
RTE-CHI-20231218-002,HUB-CHI,DRV-01047,VEH-0004,2023-12-18,36,0,completed
RTE-CHI-20231218-003,HUB-CHI,DRV-01048,VEH-0037,2023-12-18,53,2,completed
RTE-CHI-20231218-004,HUB-CHI,DRV-01017,VEH-0006,2023-12-18,41,0,completed
RTE-IND-20231218-001,HUB-IND,DRV-01045,VEH-0023,2023-12-18,24,0,completed
RTE-IND-20231218-002,HUB-IND,DRV-01006,VEH-0008,2023-12-18,64,0,completed
RTE-IND-20231218-003,HUB-IND,DRV-01024,VEH-0008,2023-12-18,65,6,completed
RTE-IND-20231218-004,HUB-IND,DRV-01045,VEH-0034,2023-12-18,53,0,completed
RTE-IND-20231218-005,HUB-IND,DRV-01045,VEH-0008,2023-12-18,26,0,completed
RTE-DET-20231218-001,HUB-DET,DRV-01046,VEH-0024,2023-12-18,38,0,completed
RTE-CIN-20231218-001,HUB-CIN,DRV-01027,VEH-0036,2023-12-18,50,0,completed
RTE-CIN-20231218-002,HUB-CIN,DRV-01008,VEH-0032,2023-12-18,33,0,completed
RTE-CIN-20231218-004,HUB-CIN,DRV-01027,VEH-0026,2023-12-18,19,0,partial
RTE-CMH-20231219-001,HUB-CMH,DRV-01016,VEH-0031,2023-12-19,36,0,completed
RTE-CHI-20231219-001,HUB-CHI,DRV-01012,VEH-0042,2023-12-19,33,0,completed
RTE-CHI-20231219-002,HUB-CHI,DRV-01047,VEH-0019,2023-12-19,62,0,partial
RTE-CHI-20231219-003,HUB-CHI,DRV-01047,VEH-0037,2023-12-19,23,0,completed
RTE-CHI-20231219-004,HUB-CHI,DRV-01047,VEH-0006,2023-12-19,62,0,completed
RTE-IND-20231219-001,HUB-IND,DRV-01033,VEH-0008,2023-12-19,36,0,completed
RTE-IND-20231219-003,HUB-IND,DRV-01191,VEH-0023,2023-12-19,49,0,completed
RTE-IND-20231219-004,HUB-IND,DRV-01031,VEH-0043,2023-12-19,65,0,completed
RTE-IND-20231219-005,HUB-IND,DRV-01032,VEH-0008,2023-12-19,32,4,completed
RTE-DET-20231219-001,HUB-DET,DRV-01037,VEH-0029,2023-12-19,53,0,completed
RTE-CIN-20231219-001,HUB-CIN,DRV-01003,VEH-0025,2023-12-19,30,0,partial
RTE-CIN-20231219-002,HUB-CIN,DRV-01019,VEH-0036,2023-12-19,51,0,partial
RTE-CMH-20231220-001,HUB-CMH,DRV-01013,VEH-0021,2023-12-20,64,0,completed
RTE-CMH-20231220-002,HUB-CMH,DRV-01016,VEH-0041,2023-12-20,24,0,completed
RTE-CMH-20231220-003,HUB-CMH,DRV-01036,VEH-0038,2023-12-20,27,0,canceled
RTE-CHI-20231220-001,HUB-CHI,DRV-01047,VEH-0042,2023-12-20,18,0,completed
RTE-CHI-20231220-003,HUB-CHI,DRV-01005,VEH-0004,2023-12-20,36,0,completed
RTE-CHI-20231220-004,HUB-CHI,DRV-01048,VEH-0006,2023-12-20,43,0,completed
RTE-CHI-20231220-006,HUB-CHI,DRV-01012,VEH-0019,2023-12-20,65,0,completed
RTE-IND-20231220-001,HUB-IND,DRV-01042,VEH-0023,2023-12-20,26,0,partial
RTE-IND-20231220-002,HUB-IND,DRV-01032,VEH-0043,2023-12-20,31,0,completed
RTE-IND-20231220-003,HUB-IND,DRV-01045,VEH-0008,2023-12-20,49,0,completed
RTE-IND-20231220-004,HUB-IND,DRV-01006,VEH-0043,2023-12-20,53,0,completed
RTE-DET-20231220-001,HUB-DET,DRV-01021,VEH-0029,2023-12-20,61,0,completed
RTE-DET-20231220-002,HUB-DET,DRV-01046,VEH-0029,2023-12-20,58,0,completed
RTE-DET-20231220-003,HUB-DET,DRV-01014,VEH-0022,2023-12-20,37,0,completed
RTE-DET-20231220-004,HUB-DET,DRV-01046,VEH-0029,2023-12-20,25,0,completed
RTE-DET-20231220-005,HUB-DET,DRV-01014,VEH-0044,2023-12-20,57,0,completed
RTE-CIN-20231220-001,HUB-CIN,DRV-01019,VEH-0032,2023-12-20,20,0,completed
RTE-CIN-20231220-002,HUB-CIN,DRV-01002,VEH-0020,2023-12-20,54,0,completed
RTE-CIN-20231220-003,HUB-CIN,DRV-01026,VEH-0025,2023-12-20,34,3,completed
RTE-CIN-20231220-004,HUB-CIN,DRV-01041,VEH-0020,2023-12-20,37,0,completed
RTE-CMH-20231221-001,HUB-CMH,DRV-01044,VEH-0035,2023-12-21,34,0,completed
RTE-CHI-20231221-001,HUB-CHI,DRV-01190,VEH-0015,2023-12-21,35,3,completed
RTE-CHI-20231221-002,HUB-CHI,DRV-01020,VEH-0042,2023-12-21,43,0,completed
RTE-CHI-20231221-003,HUB-CHI,DRV-01190,VEH-0002,2023-12-21,54,0,completed
RTE-IND-20231221-001,HUB-IND,DRV-01191,VEH-0034,2023-12-21,51,0,completed
RTE-IND-20231221-002,HUB-IND,DRV-01006,VEH-0009,2023-12-21,51,3,completed
RTE-IND-20231221-003,HUB-IND,DRV-01031,VEH-0008,2023-12-21,63,0,completed
RTE-DET-20231221-001,HUB-DET,DRV-01046,VEH-0022,2023-12-21,60,0,completed
RTE-DET-20231221-002,HUB-DET,DRV-01037,VEH-0024,2023-12-21,39,5,completed
RTE-DET-20231221-003,HUB-DET,DRV-01014,VEH-0029,2023-12-21,27,0,completed
RTE-DET-20231221-004,HUB-DET,DRV-01022,VEH-0044,2023-12-21,25,0,completed
RTE-CIN-20231221-001,HUB-CIN,DRV-01002,VEH-0025,2023-12-21,21,0,completed
RTE-CIN-20231221-002,HUB-CIN,DRV-01023,VEH-0027,2023-12-21,49,0,completed
RTE-CIN-20231221-003,HUB-CIN,DRV-01034,VEH-0018,2023-12-21,57,0,completed
RTE-CMH-20231222-001,HUB-CMH,DRV-01043,VEH-0038,2023-12-22,39,0,completed
RTE-CMH-20231222-002,HUB-CMH,DRV-01040,VEH-0035,2023-12-22,34,0,completed
RTE-CHI-20231222-001,HUB-CHI,DRV-01035,VEH-0042,2023-12-22,25,0,completed
RTE-CHI-20231222-002,HUB-CHI,DRV-01190,VEH-0004,2023-12-22,25,0,completed
RTE-CHI-20231222-003,HUB-CHI,DRV-01035,VEH-0015,2023-12-22,56,0,completed
RTE-CHI-20231222-004,HUB-CHI,DRV-01035,VEH-0019,2023-12-22,63,0,completed
RTE-IND-20231222-001,HUB-IND,DRV-01191,VEH-0013,2023-12-22,57,0,completed
RTE-IND-20231222-002,HUB-IND,DRV-01033,VEH-0013,2023-12-22,27,0,completed
RTE-IND-20231222-003,HUB-IND,DRV-01024,VEH-0017,2023-12-22,30,0,completed
RTE-IND-20231222-004,HUB-IND,DRV-01006,VEH-0034,2023-12-22,64,0,completed
RTE-IND-20231222-005,HUB-IND,DRV-01031,VEH-0043,2023-12-22,51,2,completed
RTE-DET-20231222-001,HUB-DET,DRV-01022,VEH-0024,2023-12-22,40,0,completed
RTE-CIN-20231222-002,HUB-CIN,DRV-01019,VEH-0020,2023-12-22,53,0,completed
RTE-CIN-20231222-003,HUB-CIN,DRV-01041,VEH-0025,2023-12-22,58,0,completed
RTE-CMH-20231223-001,HUB-CMH,DRV-01013,VEH-0038,2023-12-23,26,0,completed
RTE-DET-20231223-001,HUB-DET,DRV-01021,VEH-0044,2023-12-23,35,3,completed
RTE-DET-20231223-002,HUB-DET,DRV-01046,VEH-0022,2023-12-23,52,3,completed
RTE-DET-20231223-003,HUB-DET,DRV-01037,VEH-0029,2023-12-23,40,3,completed
RTE-CMH-20231224-001,HUB-CMH,DRV-01040,VEH-0035,2023-12-24,38,0,partial
RTE-IND-20231224-001,HUB-IND,DRV-01006,VEH-0017,2023-12-24,25,0,completed
RTE-IND-20231224-002,HUB-IND,DRV-01045,VEH-0016,2023-12-24,59,5,completed
RTE-CMH-20231225-001,HUB-CMH,DRV-01040,VEH-0033,2023-12-25,40,0,completed
RTE-CMH-20231225-002,HUB-CMH,DRV-01015,VEH-0031,2023-12-25,57,0,completed
RTE-CMH-20231225-003,HUB-CMH,DRV-01015,VEH-0028,2023-12-25,23,0,completed
RTE-CHI-20231225-001,HUB-CHI,DRV-01048,VEH-0005,2023-12-25,47,0,partial
RTE-CHI-20231225-002,HUB-CHI,DRV-01047,VEH-0037,2023-12-25,37,0,completed
RTE-IND-20231225-001,HUB-IND,DRV-01024,VEH-0016,2023-12-25,56,0,completed
RTE-IND-20231225-002,HUB-IND,DRV-01191,VEH-0008,2023-12-25,53,5,completed
RTE-IND-20231225-003,HUB-IND,DRV-01191,VEH-0043,2023-12-25,54,2,completed
RTE-IND-20231225-004,HUB-IND,DRV-01006,VEH-0016,2023-12-25,63,0,partial
RTE-DET-20231225-001,HUB-DET,DRV-01022,VEH-0044,2023-12-25,48,0,completed
RTE-DET-20231225-002,HUB-DET,DRV-01014,VEH-0024,2023-12-25,59,0,completed
RTE-CIN-20231225-001,HUB-CIN,DRV-01026,VEH-0027,2023-12-25,58,0,completed
RTE-CMH-20231226-001,HUB-CMH,DRV-01049,VEH-0028,2023-12-26,42,2,completed
RTE-CMH-20231226-002,HUB-CMH,DRV-01039,VEH-0038,2023-12-26,18,6,completed
RTE-CMH-20231226-003,HUB-CMH,DRV-01189,VEH-0035,2023-12-26,25,0,completed
RTE-CHI-20231226-001,HUB-CHI,DRV-01035,VEH-0006,2023-12-26,36,4,completed
RTE-CHI-20231226-002,HUB-CHI,DRV-01017,VEH-0015,2023-12-26,50,0,completed
RTE-CHI-20231226-003,HUB-CHI,DRV-01035,VEH-0037,2023-12-26,20,0,partial
RTE-IND-20231226-001,HUB-IND,DRV-01032,VEH-0013,2023-12-26,43,2,completed
RTE-IND-20231226-002,HUB-IND,DRV-01032,VEH-0043,2023-12-26,34,0,completed
RTE-IND-20231226-003,HUB-IND,DRV-01024,VEH-0034,2023-12-26,25,0,completed
RTE-DET-20231226-001,HUB-DET,DRV-01014,VEH-0029,2023-12-26,49,0,completed
RTE-DET-20231226-002,HUB-DET,DRV-01014,VEH-0044,2023-12-26,38,0,partial
RTE-DET-20231226-003,HUB-DET,DRV-01014,VEH-0024,2023-12-26,48,0,completed
RTE-DET-20231226-004,HUB-DET,DRV-01022,VEH-0029,2023-12-26,20,2,completed
RTE-CIN-20231226-001,HUB-CIN,DRV-01034,VEH-0018,2023-12-26,45,1,completed
RTE-CIN-20231226-002,HUB-CIN,DRV-01025,VEH-0032,2023-12-26,40,0,completed
RTE-CMH-20231227-001,HUB-CMH,DRV-01015,VEH-0001,2023-12-27,44,0,completed
RTE-CMH-20231227-002,HUB-CMH,DRV-01013,VEH-0003,2023-12-27,22,0,completed
RTE-CMH-20231227-003,HUB-CMH,DRV-01016,VEH-0031,2023-12-27,25,0,completed
RTE-CHI-20231227-001,HUB-CHI,DRV-01012,VEH-0006,2023-12-27,55,0,completed
RTE-IND-20231227-001,HUB-IND,DRV-01024,VEH-0013,2023-12-27,24,0,partial
RTE-DET-20231227-001,HUB-DET,DRV-01022,VEH-0044,2023-12-27,27,0,completed
RTE-CIN-20231227-001,HUB-CIN,DRV-01003,VEH-0036,2023-12-27,64,0,completed
RTE-CIN-20231227-002,HUB-CIN,DRV-01002,VEH-0027,2023-12-27,19,0,completed
RTE-CMH-20231228-001,HUB-CMH,DRV-01044,VEH-0021,2023-12-28,42,0,partial
RTE-CMH-20231228-002,HUB-CMH,DRV-01043,VEH-0038,2023-12-28,36,0,completed
RTE-CHI-20231228-001,HUB-CHI,DRV-01020,VEH-0019,2023-12-28,36,0,completed
RTE-CHI-20231228-002,HUB-CHI,DRV-01007,VEH-0006,2023-12-28,23,0,completed
RTE-IND-20231228-001,HUB-IND,DRV-01033,VEH-0023,2023-12-28,59,0,completed
RTE-IND-20231228-002,HUB-IND,DRV-01188,VEH-0043,2023-12-28,62,0,completed
RTE-DET-20231228-001,HUB-DET,DRV-01021,VEH-0029,2023-12-28,44,0,completed
RTE-CIN-20231228-001,HUB-CIN,DRV-01008,VEH-0032,2023-12-28,48,0,partial
RTE-CMH-20231229-001,HUB-CMH,DRV-01001,VEH-0021,2023-12-29,46,0,completed
RTE-CMH-20231229-002,HUB-CMH,DRV-01043,VEH-0021,2023-12-29,18,0,completed
RTE-CMH-20231229-003,HUB-CMH,DRV-01009,VEH-0021,2023-12-29,50,0,completed
RTE-CHI-20231229-001,HUB-CHI,DRV-01005,VEH-0015,2023-12-29,36,0,completed
RTE-CHI-20231229-002,HUB-CHI,DRV-01012,VEH-0019,2023-12-29,22,5,completed
RTE-IND-20231229-001,HUB-IND,DRV-01188,VEH-0016,2023-12-29,50,2,completed
RTE-IND-20231229-003,HUB-IND,DRV-01031,VEH-0016,2023-12-29,20,0,completed
RTE-DET-20231229-001,HUB-DET,DRV-01014,VEH-0024,2023-12-29,33,0,completed
RTE-DET-20231229-002,HUB-DET,DRV-01014,VEH-0024,2023-12-29,63,0,completed
RTE-DET-20231229-003,HUB-DET,DRV-01037,VEH-0024,2023-12-29,39,0,completed
RTE-CIN-20231229-002,HUB-CIN,DRV-01027,VEH-0036,2023-12-29,47,0,completed
RTE-CIN-20231229-003,HUB-CIN,DRV-01019,VEH-0032,2023-12-29,29,0,completed
RTE-CIN-20231229-004,HUB-CIN,DRV-01034,VEH-0032,2023-12-29,20,0,completed
RTE-CMH-20231230-001,HUB-CMH,DRV-01016,VEH-0003,2023-12-30,63,0,completed
RTE-IND-20231230-001,HUB-IND,DRV-01031,VEH-0013,2023-12-30,46,0,completed
RTE-IND-20231230-002,HUB-IND,DRV-01045,VEH-0013,2023-12-30,42,0,completed
RTE-DET-20231230-001,HUB-DET,DRV-01022,VEH-0044,2023-12-30,46,0,partial
RTE-DET-20231230-002,HUB-DET,DRV-01021,VEH-0022,2023-12-30,50,0,completed
RTE-CMH-20231231-001,HUB-CMH,DRV-01016,VEH-0035,2023-12-31,29,0,completed
RTE-CHI-20231231-001,HUB-CHI,DRV-01190,VEH-0042,2023-12-31,20,0,completed
RTE-CIN-20231231-001,HUB-CIN,DRV-01041,VEH-0025,2023-12-31,49,0,completed
RTE-CIN-20231231-002,HUB-CIN,DRV-01034,VEH-0036,2023-12-31,34,3,completed
RTE-CHI-20240101-002,HUB-CHI,DRV-01020,VEH-0015,2024-01-01,41,2,completed
RTE-IND-20240101-001,HUB-IND,DRV-01188,VEH-0017,2024-01-01,38,6,partial
RTE-IND-20240101-002,HUB-IND,DRV-01006,VEH-0017,2024-01-01,31,0,completed
RTE-IND-20240101-003,HUB-IND,DRV-01045,VEH-0013,2024-01-01,24,6,completed
RTE-IND-20240101-004,HUB-IND,DRV-01042,VEH-0009,2024-01-01,38,0,completed
RTE-DET-20240101-001,HUB-DET,DRV-01022,VEH-0029,2024-01-01,44,0,completed
RTE-DET-20240101-002,HUB-DET,DRV-01046,VEH-0044,2024-01-01,43,0,completed
RTE-CIN-20240101-001,HUB-CIN,DRV-01019,VEH-0020,2024-01-01,42,0,completed
RTE-CIN-20240101-002,HUB-CIN,DRV-01008,VEH-0036,2024-01-01,38,0,completed
RTE-CIN-20240101-003,HUB-CIN,DRV-01002,VEH-0027,2024-01-01,51,0,completed
RTE-CIN-20240101-004,HUB-CIN,DRV-01027,VEH-0027,2024-01-01,36,4,completed
RTE-CMH-20240102-001,HUB-CMH,DRV-01013,VEH-0033,2024-01-02,42,0,completed
RTE-CMH-20240102-002,HUB-CMH,DRV-01043,VEH-0031,2024-01-02,20,3,completed
RTE-CMH-20240102-003,HUB-CMH,DRV-01016,VEH-0031,2024-01-02,33,0,completed
RTE-CMH-20240102-005,HUB-CMH,DRV-01040,VEH-0035,2024-01-02,56,0,completed
RTE-CHI-20240102-001,HUB-CHI,DRV-01035,VEH-0004,2024-01-02,26,4,completed
RTE-CHI-20240102-002,HUB-CHI,DRV-01048,VEH-0005,2024-01-02,58,1,completed
RTE-IND-20240102-001,HUB-IND,DRV-01033,VEH-0016,2024-01-02,25,0,completed
RTE-IND-20240102-002,HUB-IND,DRV-01191,VEH-0034,2024-01-02,19,0,completed
RTE-IND-20240102-003,HUB-IND,DRV-01031,VEH-0017,2024-01-02,40,0,completed
RTE-DET-20240102-001,HUB-DET,DRV-01046,VEH-0022,2024-01-02,35,0,partial
RTE-DET-20240102-002,HUB-DET,DRV-01014,VEH-0024,2024-01-02,20,0,partial
RTE-DET-20240102-003,HUB-DET,DRV-01022,VEH-0022,2024-01-02,43,0,completed
RTE-DET-20240102-004,HUB-DET,DRV-01021,VEH-0029,2024-01-02,35,0,completed
RTE-DET-20240102-005,HUB-DET,DRV-01014,VEH-0044,2024-01-02,42,0,completed
RTE-DET-20240102-006,HUB-DET,DRV-01037,VEH-0022,2024-01-02,19,0,partial
RTE-DET-20240102-007,HUB-DET,DRV-01014,VEH-0022,2024-01-02,55,0,completed
RTE-CMH-20240103-001,HUB-CMH,DRV-01039,VEH-0038,2024-01-03,64,0,partial
RTE-CMH-20240103-002,HUB-CMH,DRV-01189,VEH-0041,2024-01-03,45,0,completed
RTE-CMH-20240103-003,HUB-CMH,DRV-01028,VEH-0028,2024-01-03,54,0,completed
RTE-CMH-20240103-004,HUB-CMH,DRV-01015,VEH-0007,2024-01-03,44,0,completed
RTE-CMH-20240103-005,HUB-CMH,DRV-01001,VEH-0035,2024-01-03,54,0,completed
RTE-CMH-20240103-006,HUB-CMH,DRV-01016,VEH-0028,2024-01-03,49,0,completed
RTE-CHI-20240103-001,HUB-CHI,DRV-01035,VEH-0042,2024-01-03,19,0,completed
RTE-CHI-20240103-002,HUB-CHI,DRV-01047,VEH-0006,2024-01-03,31,0,completed
RTE-CHI-20240103-003,HUB-CHI,DRV-01020,VEH-0005,2024-01-03,36,0,completed
RTE-CHI-20240103-004,HUB-CHI,DRV-01005,VEH-0015,2024-01-03,21,0,completed
RTE-CHI-20240103-005,HUB-CHI,DRV-01005,VEH-0015,2024-01-03,40,0,completed
RTE-CHI-20240103-006,HUB-CHI,DRV-01020,VEH-0006,2024-01-03,40,0,completed
RTE-IND-20240103-001,HUB-IND,DRV-01006,VEH-0023,2024-01-03,60,0,completed
RTE-IND-20240103-002,HUB-IND,DRV-01033,VEH-0034,2024-01-03,51,0,completed
RTE-DET-20240103-001,HUB-DET,DRV-01022,VEH-0029,2024-01-03,35,0,completed
RTE-CIN-20240103-001,HUB-CIN,DRV-01002,VEH-0018,2024-01-03,26,5,completed
RTE-CIN-20240103-002,HUB-CIN,DRV-01027,VEH-0027,2024-01-03,28,1,completed
RTE-CIN-20240103-003,HUB-CIN,DRV-01019,VEH-0032,2024-01-03,58,0,completed
RTE-CMH-20240104-001,HUB-CMH,DRV-01010,VEH-0028,2024-01-04,45,0,completed
RTE-DET-20240104-001,HUB-DET,DRV-01014,VEH-0022,2024-01-04,57,0,completed
RTE-CIN-20240104-001,HUB-CIN,DRV-01023,VEH-0026,2024-01-04,26,0,partial
RTE-CMH-20240105-001,HUB-CMH,DRV-01036,VEH-0031,2024-01-05,59,6,completed
RTE-CMH-20240105-002,HUB-CMH,DRV-01036,VEH-0031,2024-01-05,62,0,completed
RTE-CMH-20240105-003,HUB-CMH,DRV-01039,VEH-0001,2024-01-05,36,4,completed
RTE-CMH-20240105-004,HUB-CMH,DRV-01189,VEH-0035,2024-01-05,32,5,completed
RTE-CMH-20240105-005,HUB-CMH,DRV-01009,VEH-0033,2024-01-05,43,0,completed
RTE-CHI-20240105-001,HUB-CHI,DRV-01005,VEH-0002,2024-01-05,34,0,completed
RTE-IND-20240105-001,HUB-IND,DRV-01006,VEH-0016,2024-01-05,20,0,completed
RTE-IND-20240105-002,HUB-IND,DRV-01045,VEH-0023,2024-01-05,50,0,completed
RTE-DET-20240105-001,HUB-DET,DRV-01037,VEH-0024,2024-01-05,35,0,completed
RTE-DET-20240105-003,HUB-DET,DRV-01021,VEH-0029,2024-01-05,45,0,completed
RTE-DET-20240105-004,HUB-DET,DRV-01014,VEH-0024,2024-01-05,22,0,completed
RTE-DET-20240105-005,HUB-DET,DRV-01037,VEH-0044,2024-01-05,56,0,completed
RTE-DET-20240105-006,HUB-DET,DRV-01022,VEH-0024,2024-01-05,59,1,completed
RTE-CIN-20240105-001,HUB-CIN,DRV-01027,VEH-0027,2024-01-05,36,4,completed
RTE-CIN-20240105-002,HUB-CIN,DRV-01034,VEH-0025,2024-01-05,41,0,completed
RTE-CIN-20240105-003,HUB-CIN,DRV-01019,VEH-0027,2024-01-05,51,0,completed
RTE-CIN-20240105-004,HUB-CIN,DRV-01008,VEH-0027,2024-01-05,59,0,completed
RTE-DET-20240106-001,HUB-DET,DRV-01046,VEH-0044,2024-01-06,28,0,completed
RTE-CHI-20240107-001,HUB-CHI,DRV-01020,VEH-0005,2024-01-07,20,0,completed
RTE-IND-20240107-001,HUB-IND,DRV-01006,VEH-0017,2024-01-07,49,0,completed
RTE-CMH-20240108-001,HUB-CMH,DRV-01044,VEH-0003,2024-01-08,49,0,completed
RTE-CHI-20240108-001,HUB-CHI,DRV-01007,VEH-0042,2024-01-08,59,0,completed
RTE-IND-20240108-001,HUB-IND,DRV-01006,VEH-0009,2024-01-08,27,6,completed
RTE-IND-20240108-002,HUB-IND,DRV-01006,VEH-0009,2024-01-08,61,6,completed
RTE-IND-20240108-003,HUB-IND,DRV-01033,VEH-0016,2024-01-08,56,0,completed
RTE-IND-20240108-004,HUB-IND,DRV-01032,VEH-0008,2024-01-08,18,0,completed
RTE-DET-20240108-001,HUB-DET,DRV-01037,VEH-0029,2024-01-08,27,0,completed
RTE-DET-20240108-002,HUB-DET,DRV-01037,VEH-0024,2024-01-08,55,0,completed
RTE-DET-20240108-003,HUB-DET,DRV-01014,VEH-0024,2024-01-08,35,1,completed
RTE-CIN-20240108-002,HUB-CIN,DRV-01019,VEH-0036,2024-01-08,57,0,completed
RTE-CIN-20240108-003,HUB-CIN,DRV-01027,VEH-0025,2024-01-08,45,0,completed
RTE-CMH-20240109-001,HUB-CMH,DRV-01013,VEH-0028,2024-01-09,57,0,partial
RTE-CHI-20240109-001,HUB-CHI,DRV-01020,VEH-0019,2024-01-09,32,0,completed
RTE-IND-20240109-001,HUB-IND,DRV-01024,VEH-0017,2024-01-09,49,1,completed
RTE-IND-20240109-002,HUB-IND,DRV-01188,VEH-0008,2024-01-09,54,0,completed
RTE-IND-20240109-003,HUB-IND,DRV-01031,VEH-0013,2024-01-09,35,2,completed
RTE-IND-20240109-004,HUB-IND,DRV-01188,VEH-0016,2024-01-09,23,0,completed
RTE-DET-20240109-001,HUB-DET,DRV-01037,VEH-0022,2024-01-09,40,0,completed
RTE-DET-20240109-002,HUB-DET,DRV-01014,VEH-0024,2024-01-09,62,0,partial
RTE-CIN-20240109-001,HUB-CIN,DRV-01002,VEH-0020,2024-01-09,38,0,completed
RTE-CIN-20240109-002,HUB-CIN,DRV-01019,VEH-0018,2024-01-09,38,0,completed
RTE-CIN-20240109-003,HUB-CIN,DRV-01025,VEH-0027,2024-01-09,23,6,completed
RTE-CMH-20240110-001,HUB-CMH,DRV-01016,VEH-0021,2024-01-10,53,2,completed
RTE-CMH-20240110-002,HUB-CMH,DRV-01049,VEH-0031,2024-01-10,40,0,completed
RTE-IND-20240110-001,HUB-IND,DRV-01033,VEH-0016,2024-01-10,44,1,completed
RTE-DET-20240110-001,HUB-DET,DRV-01037,VEH-0044,2024-01-10,61,0,completed
RTE-CIN-20240110-001,HUB-CIN,DRV-01023,VEH-0032,2024-01-10,28,0,completed
RTE-CIN-20240110-003,HUB-CIN,DRV-01019,VEH-0025,2024-01-10,29,0,completed
RTE-CIN-20240110-004,HUB-CIN,DRV-01025,VEH-0032,2024-01-10,23,0,completed
RTE-CMH-20240111-001,HUB-CMH,DRV-01016,VEH-0028,2024-01-11,33,0,partial
RTE-CMH-20240111-002,HUB-CMH,DRV-01040,VEH-0035,2024-01-11,36,0,completed
RTE-CMH-20240111-003,HUB-CMH,DRV-01039,VEH-0001,2024-01-11,40,0,completed
RTE-CMH-20240111-004,HUB-CMH,DRV-01039,VEH-0021,2024-01-11,30,0,partial
RTE-CHI-20240111-001,HUB-CHI,DRV-01007,VEH-0005,2024-01-11,47,0,completed
RTE-CHI-20240111-002,HUB-CHI,DRV-01048,VEH-0037,2024-01-11,27,0,completed
RTE-CHI-20240111-003,HUB-CHI,DRV-01012,VEH-0005,2024-01-11,57,0,partial
RTE-IND-20240111-001,HUB-IND,DRV-01188,VEH-0013,2024-01-11,22,0,completed
RTE-DET-20240111-001,HUB-DET,DRV-01021,VEH-0044,2024-01-11,44,0,completed
RTE-CMH-20240112-001,HUB-CMH,DRV-01013,VEH-0041,2024-01-12,50,0,completed
RTE-CMH-20240112-002,HUB-CMH,DRV-01015,VEH-0007,2024-01-12,30,0,completed
RTE-CMH-20240112-003,HUB-CMH,DRV-01036,VEH-0007,2024-01-12,29,2,completed
RTE-CMH-20240112-004,HUB-CMH,DRV-01036,VEH-0003,2024-01-12,33,0,partial
RTE-CMH-20240112-005,HUB-CMH,DRV-01044,VEH-0031,2024-01-12,28,0,completed
RTE-CHI-20240112-001,HUB-CHI,DRV-01007,VEH-0037,2024-01-12,25,0,completed
RTE-CHI-20240112-002,HUB-CHI,DRV-01190,VEH-0005,2024-01-12,62,0,completed
RTE-CHI-20240112-003,HUB-CHI,DRV-01005,VEH-0006,2024-01-12,62,0,completed
RTE-CHI-20240112-004,HUB-CHI,DRV-01190,VEH-0037,2024-01-12,51,0,partial
RTE-CHI-20240112-005,HUB-CHI,DRV-01048,VEH-0015,2024-01-12,22,0,completed
RTE-CHI-20240112-006,HUB-CHI,DRV-01048,VEH-0002,2024-01-12,19,0,completed
RTE-CHI-20240112-007,HUB-CHI,DRV-01012,VEH-0002,2024-01-12,64,0,completed
RTE-CHI-20240112-008,HUB-CHI,DRV-01012,VEH-0037,2024-01-12,54,0,completed
RTE-IND-20240112-001,HUB-IND,DRV-01024,VEH-0008,2024-01-12,47,0,completed
RTE-IND-20240112-002,HUB-IND,DRV-01188,VEH-0043,2024-01-12,65,0,completed
RTE-IND-20240112-003,HUB-IND,DRV-01024,VEH-0023,2024-01-12,41,0,completed
RTE-IND-20240112-004,HUB-IND,DRV-01191,VEH-0008,2024-01-12,47,0,completed
RTE-IND-20240112-005,HUB-IND,DRV-01006,VEH-0017,2024-01-12,60,0,completed
RTE-DET-20240112-001,HUB-DET,DRV-01022,VEH-0022,2024-01-12,49,0,completed
RTE-DET-20240112-002,HUB-DET,DRV-01014,VEH-0044,2024-01-12,50,1,completed
RTE-DET-20240112-003,HUB-DET,DRV-01022,VEH-0024,2024-01-12,31,5,completed
RTE-CIN-20240112-001,HUB-CIN,DRV-01023,VEH-0018,2024-01-12,51,0,completed
RTE-CIN-20240112-002,HUB-CIN,DRV-01027,VEH-0018,2024-01-12,60,0,completed
RTE-CIN-20240112-003,HUB-CIN,DRV-01019,VEH-0036,2024-01-12,36,0,completed
RTE-CIN-20240112-004,HUB-CIN,DRV-01034,VEH-0027,2024-01-12,45,0,completed
RTE-CIN-20240112-005,HUB-CIN,DRV-01025,VEH-0036,2024-01-12,46,0,completed
RTE-CHI-20240113-001,HUB-CHI,DRV-01005,VEH-0006,2024-01-13,19,0,completed
RTE-CHI-20240113-002,HUB-CHI,DRV-01017,VEH-0002,2024-01-13,46,0,completed
RTE-IND-20240113-001,HUB-IND,DRV-01188,VEH-0017,2024-01-13,27,0,completed
RTE-IND-20240113-002,HUB-IND,DRV-01006,VEH-0034,2024-01-13,39,0,completed
RTE-CIN-20240113-001,HUB-CIN,DRV-01003,VEH-0025,2024-01-13,19,1,completed
RTE-CHI-20240114-001,HUB-CHI,DRV-01005,VEH-0019,2024-01-14,47,0,completed
RTE-CHI-20240114-002,HUB-CHI,DRV-01190,VEH-0037,2024-01-14,25,0,completed
RTE-DET-20240114-001,HUB-DET,DRV-01022,VEH-0044,2024-01-14,46,0,completed
RTE-CIN-20240114-002,HUB-CIN,DRV-01019,VEH-0032,2024-01-14,54,0,completed
RTE-CMH-20240115-001,HUB-CMH,DRV-01043,VEH-0041,2024-01-15,39,0,completed
RTE-CMH-20240115-002,HUB-CMH,DRV-01009,VEH-0021,2024-01-15,56,0,completed
RTE-CMH-20240115-003,HUB-CMH,DRV-01028,VEH-0035,2024-01-15,62,0,completed
RTE-CMH-20240115-004,HUB-CMH,DRV-01043,VEH-0007,2024-01-15,42,0,completed
RTE-CHI-20240115-001,HUB-CHI,DRV-01047,VEH-0037,2024-01-15,48,0,completed
RTE-CHI-20240115-002,HUB-CHI,DRV-01007,VEH-0004,2024-01-15,34,0,completed
RTE-CHI-20240115-003,HUB-CHI,DRV-01047,VEH-0005,2024-01-15,55,0,completed
RTE-IND-20240115-001,HUB-IND,DRV-01045,VEH-0043,2024-01-15,42,0,completed
RTE-IND-20240115-002,HUB-IND,DRV-01045,VEH-0016,2024-01-15,27,0,completed
RTE-IND-20240115-003,HUB-IND,DRV-01032,VEH-0008,2024-01-15,57,0,completed
RTE-IND-20240115-004,HUB-IND,DRV-01031,VEH-0034,2024-01-15,25,0,completed
RTE-IND-20240115-005,HUB-IND,DRV-01188,VEH-0008,2024-01-15,23,0,partial
RTE-DET-20240115-001,HUB-DET,DRV-01021,VEH-0029,2024-01-15,28,0,completed
RTE-DET-20240115-002,HUB-DET,DRV-01014,VEH-0044,2024-01-15,58,0,completed
RTE-DET-20240115-003,HUB-DET,DRV-01022,VEH-0044,2024-01-15,64,3,completed
RTE-CIN-20240115-001,HUB-CIN,DRV-01002,VEH-0025,2024-01-15,18,0,completed
RTE-CIN-20240115-002,HUB-CIN,DRV-01025,VEH-0027,2024-01-15,27,0,completed
RTE-CIN-20240115-003,HUB-CIN,DRV-01034,VEH-0020,2024-01-15,47,0,canceled
RTE-CMH-20240116-001,HUB-CMH,DRV-01028,VEH-0007,2024-01-16,34,0,completed
RTE-CMH-20240116-002,HUB-CMH,DRV-01028,VEH-0033,2024-01-16,59,2,completed
RTE-CMH-20240116-003,HUB-CMH,DRV-01044,VEH-0041,2024-01-16,56,0,completed
RTE-CMH-20240116-004,HUB-CMH,DRV-01001,VEH-0033,2024-01-16,50,0,completed
RTE-CHI-20240116-001,HUB-CHI,DRV-01190,VEH-0042,2024-01-16,51,0,completed
RTE-CHI-20240116-002,HUB-CHI,DRV-01035,VEH-0015,2024-01-16,22,0,completed
RTE-CHI-20240116-003,HUB-CHI,DRV-01047,VEH-0015,2024-01-16,24,0,completed
RTE-CHI-20240116-004,HUB-CHI,DRV-01035,VEH-0019,2024-01-16,50,0,completed
RTE-CHI-20240116-005,HUB-CHI,DRV-01012,VEH-0002,2024-01-16,62,0,completed
RTE-IND-20240116-001,HUB-IND,DRV-01042,VEH-0023,2024-01-16,19,0,completed
RTE-IND-20240116-002,HUB-IND,DRV-01042,VEH-0043,2024-01-16,63,0,completed
RTE-IND-20240116-003,HUB-IND,DRV-01031,VEH-0023,2024-01-16,49,3,completed
RTE-IND-20240116-004,HUB-IND,DRV-01031,VEH-0013,2024-01-16,53,0,completed
RTE-IND-20240116-005,HUB-IND,DRV-01006,VEH-0034,2024-01-16,55,0,completed
RTE-DET-20240116-001,HUB-DET,DRV-01022,VEH-0024,2024-01-16,62,5,completed
RTE-DET-20240116-002,HUB-DET,DRV-01037,VEH-0022,2024-01-16,44,0,partial
RTE-CHI-20240117-001,HUB-CHI,DRV-01005,VEH-0006,2024-01-17,62,0,completed
RTE-CHI-20240117-002,HUB-CHI,DRV-01005,VEH-0004,2024-01-17,54,0,completed
RTE-CHI-20240117-003,HUB-CHI,DRV-01047,VEH-0002,2024-01-17,45,0,completed
RTE-CHI-20240117-004,HUB-CHI,DRV-01007,VEH-0004,2024-01-17,60,0,completed
RTE-IND-20240117-001,HUB-IND,DRV-01033,VEH-0008,2024-01-17,46,0,completed
RTE-IND-20240117-002,HUB-IND,DRV-01033,VEH-0043,2024-01-17,51,0,completed
RTE-IND-20240117-003,HUB-IND,DRV-01045,VEH-0043,2024-01-17,63,0,completed
RTE-DET-20240117-001,HUB-DET,DRV-01014,VEH-0024,2024-01-17,43,0,partial
RTE-CIN-20240117-001,HUB-CIN,DRV-01034,VEH-0036,2024-01-17,60,0,completed
RTE-CIN-20240117-002,HUB-CIN,DRV-01025,VEH-0032,2024-01-17,36,0,completed
RTE-CMH-20240118-001,HUB-CMH,DRV-01044,VEH-0041,2024-01-18,20,0,completed
RTE-CMH-20240118-002,HUB-CMH,DRV-01039,VEH-0031,2024-01-18,47,0,completed
RTE-CHI-20240118-001,HUB-CHI,DRV-01012,VEH-0004,2024-01-18,34,5,completed
RTE-IND-20240118-001,HUB-IND,DRV-01188,VEH-0043,2024-01-18,44,0,completed
RTE-DET-20240118-001,HUB-DET,DRV-01022,VEH-0029,2024-01-18,60,0,completed
RTE-DET-20240118-002,HUB-DET,DRV-01004,VEH-0024,2024-01-18,39,0,completed
RTE-DET-20240118-003,HUB-DET,DRV-01046,VEH-0022,2024-01-18,63,1,completed
RTE-DET-20240118-004,HUB-DET,DRV-01046,VEH-0022,2024-01-18,25,0,completed
RTE-DET-20240118-005,HUB-DET,DRV-01022,VEH-0024,2024-01-18,52,5,completed
RTE-DET-20240118-006,HUB-DET,DRV-01021,VEH-0044,2024-01-18,30,0,completed
RTE-DET-20240118-007,HUB-DET,DRV-01004,VEH-0029,2024-01-18,38,6,completed
RTE-DET-20240118-008,HUB-DET,DRV-01037,VEH-0022,2024-01-18,42,0,completed
RTE-CIN-20240118-001,HUB-CIN,DRV-01023,VEH-0026,2024-01-18,35,0,completed
RTE-CIN-20240118-002,HUB-CIN,DRV-01023,VEH-0027,2024-01-18,59,0,completed
RTE-CIN-20240118-003,HUB-CIN,DRV-01008,VEH-0025,2024-01-18,63,0,completed
RTE-CIN-20240118-004,HUB-CIN,DRV-01025,VEH-0027,2024-01-18,32,0,completed
RTE-CIN-20240118-005,HUB-CIN,DRV-01008,VEH-0036,2024-01-18,18,0,completed
RTE-CIN-20240118-006,HUB-CIN,DRV-01027,VEH-0036,2024-01-18,32,0,completed
RTE-CIN-20240118-007,HUB-CIN,DRV-01003,VEH-0025,2024-01-18,34,0,completed
RTE-CMH-20240119-001,HUB-CMH,DRV-01049,VEH-0031,2024-01-19,40,0,completed
RTE-CMH-20240119-002,HUB-CMH,DRV-01189,VEH-0001,2024-01-19,37,0,completed
RTE-CMH-20240119-003,HUB-CMH,DRV-01189,VEH-0041,2024-01-19,21,0,completed
RTE-CMH-20240119-004,HUB-CMH,DRV-01039,VEH-0031,2024-01-19,21,4,completed
RTE-CMH-20240119-005,HUB-CMH,DRV-01001,VEH-0041,2024-01-19,18,0,completed
RTE-CMH-20240119-006,HUB-CMH,DRV-01044,VEH-0001,2024-01-19,58,0,completed
RTE-CHI-20240119-001,HUB-CHI,DRV-01012,VEH-0037,2024-01-19,40,3,completed
RTE-CHI-20240119-002,HUB-CHI,DRV-01190,VEH-0006,2024-01-19,51,0,completed
RTE-CHI-20240119-003,HUB-CHI,DRV-01035,VEH-0002,2024-01-19,33,0,completed
RTE-CHI-20240119-004,HUB-CHI,DRV-01020,VEH-0004,2024-01-19,27,5,completed
RTE-CHI-20240119-005,HUB-CHI,DRV-01190,VEH-0004,2024-01-19,55,4,completed
RTE-IND-20240119-001,HUB-IND,DRV-01033,VEH-0009,2024-01-19,29,4,completed
RTE-IND-20240119-002,HUB-IND,DRV-01024,VEH-0043,2024-01-19,63,0,completed
RTE-IND-20240119-003,HUB-IND,DRV-01032,VEH-0034,2024-01-19,31,0,completed
RTE-IND-20240119-004,HUB-IND,DRV-01042,VEH-0009,2024-01-19,45,0,completed
RTE-IND-20240119-005,HUB-IND,DRV-01024,VEH-0016,2024-01-19,21,5,partial
RTE-DET-20240119-001,HUB-DET,DRV-01037,VEH-0024,2024-01-19,48,0,completed
RTE-DET-20240119-002,HUB-DET,DRV-01037,VEH-0044,2024-01-19,55,0,completed
RTE-DET-20240119-003,HUB-DET,DRV-01037,VEH-0024,2024-01-19,47,0,completed
RTE-DET-20240119-004,HUB-DET,DRV-01021,VEH-0022,2024-01-19,44,0,completed
RTE-DET-20240119-005,HUB-DET,DRV-01037,VEH-0044,2024-01-19,54,0,completed
RTE-CIN-20240119-001,HUB-CIN,DRV-01008,VEH-0027,2024-01-19,65,0,completed
RTE-CIN-20240119-002,HUB-CIN,DRV-01025,VEH-0027,2024-01-19,37,3,completed
RTE-CMH-20240120-001,HUB-CMH,DRV-01001,VEH-0038,2024-01-20,51,0,completed
RTE-CIN-20240120-001,HUB-CIN,DRV-01034,VEH-0032,2024-01-20,23,0,completed
RTE-CMH-20240121-001,HUB-CMH,DRV-01039,VEH-0028,2024-01-21,20,0,completed
RTE-CHI-20240121-001,HUB-CHI,DRV-01048,VEH-0015,2024-01-21,42,0,partial
RTE-DET-20240121-001,HUB-DET,DRV-01014,VEH-0022,2024-01-21,60,0,completed
RTE-CIN-20240121-001,HUB-CIN,DRV-01023,VEH-0020,2024-01-21,22,0,completed
RTE-CMH-20240122-001,HUB-CMH,DRV-01013,VEH-0031,2024-01-22,63,6,completed
RTE-CMH-20240122-002,HUB-CMH,DRV-01049,VEH-0003,2024-01-22,24,0,completed
RTE-CMH-20240122-003,HUB-CMH,DRV-01028,VEH-0031,2024-01-22,47,0,partial
RTE-CHI-20240122-001,HUB-CHI,DRV-01048,VEH-0019,2024-01-22,33,0,completed
RTE-IND-20240122-001,HUB-IND,DRV-01032,VEH-0016,2024-01-22,43,3,partial
RTE-IND-20240122-002,HUB-IND,DRV-01006,VEH-0008,2024-01-22,19,0,completed
RTE-IND-20240122-003,HUB-IND,DRV-01191,VEH-0023,2024-01-22,34,0,completed
RTE-IND-20240122-004,HUB-IND,DRV-01033,VEH-0034,2024-01-22,48,6,completed
RTE-IND-20240122-005,HUB-IND,DRV-01032,VEH-0016,2024-01-22,27,0,completed
RTE-IND-20240122-006,HUB-IND,DRV-01191,VEH-0009,2024-01-22,27,0,completed
RTE-IND-20240122-007,HUB-IND,DRV-01024,VEH-0023,2024-01-22,37,0,completed
RTE-IND-20240122-008,HUB-IND,DRV-01191,VEH-0016,2024-01-22,54,0,completed
RTE-DET-20240122-001,HUB-DET,DRV-01004,VEH-0022,2024-01-22,24,4,completed
RTE-CIN-20240122-001,HUB-CIN,DRV-01019,VEH-0027,2024-01-22,65,0,completed
RTE-CIN-20240122-002,HUB-CIN,DRV-01003,VEH-0032,2024-01-22,31,0,completed
RTE-CIN-20240122-003,HUB-CIN,DRV-01034,VEH-0026,2024-01-22,25,0,completed
RTE-CMH-20240123-001,HUB-CMH,DRV-01001,VEH-0003,2024-01-23,41,0,completed
RTE-CHI-20240123-001,HUB-CHI,DRV-01048,VEH-0042,2024-01-23,32,0,completed
RTE-CHI-20240123-002,HUB-CHI,DRV-01190,VEH-0015,2024-01-23,24,1,completed
RTE-CHI-20240123-003,HUB-CHI,DRV-01012,VEH-0015,2024-01-23,56,0,completed
RTE-CHI-20240123-004,HUB-CHI,DRV-01005,VEH-0006,2024-01-23,55,2,completed
RTE-IND-20240123-001,HUB-IND,DRV-01042,VEH-0008,2024-01-23,60,0,completed
RTE-DET-20240123-001,HUB-DET,DRV-01022,VEH-0044,2024-01-23,52,0,completed
RTE-DET-20240123-002,HUB-DET,DRV-01037,VEH-0024,2024-01-23,39,0,completed
RTE-CIN-20240123-001,HUB-CIN,DRV-01002,VEH-0026,2024-01-23,56,0,partial
RTE-CIN-20240123-002,HUB-CIN,DRV-01027,VEH-0020,2024-01-23,31,0,completed
RTE-CIN-20240123-003,HUB-CIN,DRV-01025,VEH-0020,2024-01-23,19,0,completed
RTE-CIN-20240123-004,HUB-CIN,DRV-01003,VEH-0018,2024-01-23,49,6,completed
RTE-CIN-20240123-005,HUB-CIN,DRV-01019,VEH-0025,2024-01-23,23,5,partial
RTE-CMH-20240124-001,HUB-CMH,DRV-01010,VEH-0001,2024-01-24,59,0,completed
RTE-CMH-20240124-002,HUB-CMH,DRV-01049,VEH-0003,2024-01-24,42,2,completed
RTE-CHI-20240124-001,HUB-CHI,DRV-01048,VEH-0019,2024-01-24,58,0,completed
RTE-IND-20240124-001,HUB-IND,DRV-01033,VEH-0008,2024-01-24,21,3,completed
RTE-DET-20240124-001,HUB-DET,DRV-01037,VEH-0029,2024-01-24,43,0,completed
RTE-DET-20240124-002,HUB-DET,DRV-01037,VEH-0024,2024-01-24,51,0,completed
RTE-CIN-20240124-001,HUB-CIN,DRV-01027,VEH-0020,2024-01-24,59,5,completed
RTE-CIN-20240124-002,HUB-CIN,DRV-01026,VEH-0026,2024-01-24,51,0,completed
RTE-CMH-20240125-001,HUB-CMH,DRV-01044,VEH-0028,2024-01-25,18,0,completed
RTE-CMH-20240125-002,HUB-CMH,DRV-01043,VEH-0033,2024-01-25,31,0,completed
RTE-CHI-20240125-001,HUB-CHI,DRV-01035,VEH-0006,2024-01-25,56,6,completed
RTE-CHI-20240125-002,HUB-CHI,DRV-01048,VEH-0019,2024-01-25,33,0,completed
RTE-DET-20240125-001,HUB-DET,DRV-01037,VEH-0022,2024-01-25,28,0,completed
RTE-DET-20240125-002,HUB-DET,DRV-01014,VEH-0022,2024-01-25,44,0,completed
RTE-CIN-20240125-001,HUB-CIN,DRV-01003,VEH-0025,2024-01-25,26,0,completed
RTE-CIN-20240125-002,HUB-CIN,DRV-01026,VEH-0020,2024-01-25,63,0,completed
RTE-CIN-20240125-003,HUB-CIN,DRV-01019,VEH-0025,2024-01-25,18,0,completed
RTE-CMH-20240126-001,HUB-CMH,DRV-01189,VEH-0021,2024-01-26,52,0,completed
RTE-CMH-20240126-002,HUB-CMH,DRV-01001,VEH-0035,2024-01-26,34,0,completed
RTE-CMH-20240126-003,HUB-CMH,DRV-01013,VEH-0041,2024-01-26,46,4,completed
RTE-CHI-20240126-001,HUB-CHI,DRV-01005,VEH-0019,2024-01-26,54,0,completed
RTE-CHI-20240126-002,HUB-CHI,DRV-01035,VEH-0004,2024-01-26,33,0,completed
RTE-IND-20240126-001,HUB-IND,DRV-01032,VEH-0023,2024-01-26,19,0,completed
RTE-IND-20240126-002,HUB-IND,DRV-01024,VEH-0043,2024-01-26,38,0,completed
RTE-IND-20240126-003,HUB-IND,DRV-01024,VEH-0023,2024-01-26,53,5,completed
RTE-DET-20240126-001,HUB-DET,DRV-01022,VEH-0022,2024-01-26,23,0,partial
RTE-DET-20240126-002,HUB-DET,DRV-01021,VEH-0044,2024-01-26,48,5,completed
RTE-DET-20240126-003,HUB-DET,DRV-01004,VEH-0024,2024-01-26,57,0,completed
RTE-DET-20240126-004,HUB-DET,DRV-01021,VEH-0044,2024-01-26,55,0,completed
RTE-DET-20240126-005,HUB-DET,DRV-01022,VEH-0022,2024-01-26,42,1,completed
RTE-DET-20240126-006,HUB-DET,DRV-01004,VEH-0029,2024-01-26,44,0,completed
RTE-CIN-20240126-001,HUB-CIN,DRV-01003,VEH-0032,2024-01-26,62,0,partial
RTE-CIN-20240126-002,HUB-CIN,DRV-01019,VEH-0032,2024-01-26,63,3,completed
RTE-CMH-20240127-001,HUB-CMH,DRV-01009,VEH-0041,2024-01-27,53,0,completed
RTE-IND-20240127-001,HUB-IND,DRV-01024,VEH-0034,2024-01-27,18,0,completed
RTE-CIN-20240127-001,HUB-CIN,DRV-01041,VEH-0032,2024-01-27,34,0,completed
RTE-IND-20240128-001,HUB-IND,DRV-01033,VEH-0034,2024-01-28,36,0,completed
RTE-DET-20240128-001,HUB-DET,DRV-01014,VEH-0024,2024-01-28,21,0,completed
RTE-CMH-20240129-001,HUB-CMH,DRV-01013,VEH-0021,2024-01-29,31,1,completed
RTE-CMH-20240129-002,HUB-CMH,DRV-01040,VEH-0031,2024-01-29,60,0,completed
RTE-IND-20240129-001,HUB-IND,DRV-01188,VEH-0017,2024-01-29,21,0,completed
RTE-DET-20240129-001,HUB-DET,DRV-01046,VEH-0024,2024-01-29,53,0,completed
RTE-DET-20240129-002,HUB-DET,DRV-01046,VEH-0029,2024-01-29,19,0,completed
RTE-CIN-20240129-001,HUB-CIN,DRV-01041,VEH-0025,2024-01-29,52,0,completed
RTE-CIN-20240129-002,HUB-CIN,DRV-01192,VEH-0026,2024-01-29,56,0,completed
RTE-CIN-20240129-004,HUB-CIN,DRV-01003,VEH-0018,2024-01-29,24,0,partial
RTE-CIN-20240129-005,HUB-CIN,DRV-01025,VEH-0020,2024-01-29,57,0,completed
RTE-CHI-20240130-001,HUB-CHI,DRV-01048,VEH-0002,2024-01-30,39,0,completed
RTE-CHI-20240130-002,HUB-CHI,DRV-01048,VEH-0042,2024-01-30,59,0,completed
RTE-IND-20240130-001,HUB-IND,DRV-01032,VEH-0017,2024-01-30,52,0,completed
RTE-IND-20240130-002,HUB-IND,DRV-01033,VEH-0017,2024-01-30,61,0,completed
RTE-DET-20240130-001,HUB-DET,DRV-01014,VEH-0024,2024-01-30,24,1,partial
RTE-DET-20240130-002,HUB-DET,DRV-01004,VEH-0022,2024-01-30,45,0,completed
RTE-DET-20240130-003,HUB-DET,DRV-01037,VEH-0024,2024-01-30,24,0,completed
RTE-DET-20240130-004,HUB-DET,DRV-01046,VEH-0029,2024-01-30,26,0,completed
RTE-CIN-20240130-001,HUB-CIN,DRV-01025,VEH-0032,2024-01-30,63,0,completed
RTE-CIN-20240130-002,HUB-CIN,DRV-01023,VEH-0032,2024-01-30,20,0,completed
RTE-CIN-20240130-003,HUB-CIN,DRV-01003,VEH-0027,2024-01-30,53,0,completed
RTE-CHI-20240131-001,HUB-CHI,DRV-01047,VEH-0037,2024-01-31,53,0,completed
RTE-CHI-20240131-002,HUB-CHI,DRV-01190,VEH-0006,2024-01-31,28,1,completed
RTE-CHI-20240131-003,HUB-CHI,DRV-01020,VEH-0002,2024-01-31,27,0,completed
RTE-IND-20240131-001,HUB-IND,DRV-01033,VEH-0023,2024-01-31,42,1,completed
RTE-IND-20240131-002,HUB-IND,DRV-01045,VEH-0043,2024-01-31,36,2,completed
RTE-IND-20240131-003,HUB-IND,DRV-01042,VEH-0016,2024-01-31,19,0,partial
RTE-IND-20240131-004,HUB-IND,DRV-01006,VEH-0009,2024-01-31,53,0,completed
RTE-IND-20240131-005,HUB-IND,DRV-01033,VEH-0043,2024-01-31,19,0,completed
RTE-IND-20240131-006,HUB-IND,DRV-01042,VEH-0013,2024-01-31,52,0,completed
RTE-DET-20240131-001,HUB-DET,DRV-01021,VEH-0029,2024-01-31,27,0,completed
RTE-DET-20240131-002,HUB-DET,DRV-01046,VEH-0022,2024-01-31,34,5,completed
RTE-CIN-20240131-001,HUB-CIN,DRV-01025,VEH-0032,2024-01-31,24,0,completed
RTE-CIN-20240131-002,HUB-CIN,DRV-01026,VEH-0020,2024-01-31,24,0,completed
RTE-CMH-20240201-001,HUB-CMH,DRV-01028,VEH-0021,2024-02-01,32,0,completed
RTE-CMH-20240201-002,HUB-CMH,DRV-01040,VEH-0035,2024-02-01,52,0,completed
RTE-CMH-20240201-003,HUB-CMH,DRV-01001,VEH-0041,2024-02-01,64,0,partial
RTE-CMH-20240201-004,HUB-CMH,DRV-01010,VEH-0038,2024-02-01,60,0,completed
RTE-CHI-20240201-001,HUB-CHI,DRV-01005,VEH-0037,2024-02-01,56,0,completed
RTE-CHI-20240201-002,HUB-CHI,DRV-01035,VEH-0005,2024-02-01,49,0,completed
RTE-CHI-20240201-003,HUB-CHI,DRV-01047,VEH-0042,2024-02-01,22,0,completed
RTE-IND-20240201-001,HUB-IND,DRV-01045,VEH-0009,2024-02-01,33,0,completed
RTE-IND-20240201-002,HUB-IND,DRV-01033,VEH-0034,2024-02-01,61,0,completed
RTE-DET-20240201-001,HUB-DET,DRV-01046,VEH-0024,2024-02-01,50,0,completed
RTE-DET-20240201-002,HUB-DET,DRV-01046,VEH-0022,2024-02-01,47,3,completed
RTE-DET-20240201-003,HUB-DET,DRV-01004,VEH-0044,2024-02-01,23,0,completed
RTE-DET-20240201-004,HUB-DET,DRV-01021,VEH-0029,2024-02-01,59,5,completed
RTE-CIN-20240201-001,HUB-CIN,DRV-01025,VEH-0020,2024-02-01,32,0,completed
RTE-CMH-20240202-001,HUB-CMH,DRV-01016,VEH-0003,2024-02-02,25,5,completed
RTE-CHI-20240202-001,HUB-CHI,DRV-01020,VEH-0042,2024-02-02,43,0,completed
RTE-CHI-20240202-002,HUB-CHI,DRV-01012,VEH-0004,2024-02-02,61,0,completed
RTE-CHI-20240202-003,HUB-CHI,DRV-01007,VEH-0015,2024-02-02,40,0,completed
RTE-CHI-20240202-004,HUB-CHI,DRV-01007,VEH-0019,2024-02-02,42,0,completed
RTE-IND-20240202-001,HUB-IND,DRV-01188,VEH-0017,2024-02-02,30,0,completed
RTE-IND-20240202-002,HUB-IND,DRV-01006,VEH-0013,2024-02-02,30,0,completed
RTE-DET-20240202-001,HUB-DET,DRV-01014,VEH-0024,2024-02-02,29,5,completed
RTE-DET-20240202-002,HUB-DET,DRV-01037,VEH-0029,2024-02-02,26,0,completed
RTE-DET-20240203-001,HUB-DET,DRV-01037,VEH-0024,2024-02-03,63,0,completed
RTE-CIN-20240203-001,HUB-CIN,DRV-01192,VEH-0026,2024-02-03,35,0,completed
RTE-CMH-20240204-001,HUB-CMH,DRV-01015,VEH-0033,2024-02-04,27,0,completed
RTE-CIN-20240204-001,HUB-CIN,DRV-01002,VEH-0020,2024-02-04,55,0,completed
RTE-CMH-20240205-001,HUB-CMH,DRV-01044,VEH-0031,2024-02-05,51,0,completed
RTE-CHI-20240205-001,HUB-CHI,DRV-01047,VEH-0006,2024-02-05,40,0,completed
RTE-IND-20240205-001,HUB-IND,DRV-01188,VEH-0023,2024-02-05,35,0,completed
RTE-IND-20240205-002,HUB-IND,DRV-01006,VEH-0013,2024-02-05,62,5,completed
RTE-IND-20240205-003,HUB-IND,DRV-01042,VEH-0043,2024-02-05,30,0,completed
RTE-DET-20240205-001,HUB-DET,DRV-01014,VEH-0022,2024-02-05,64,0,completed
RTE-DET-20240205-002,HUB-DET,DRV-01004,VEH-0044,2024-02-05,65,0,completed
RTE-DET-20240205-003,HUB-DET,DRV-01037,VEH-0044,2024-02-05,22,0,completed
RTE-DET-20240205-004,HUB-DET,DRV-01014,VEH-0024,2024-02-05,30,0,completed
RTE-CIN-20240205-001,HUB-CIN,DRV-01027,VEH-0027,2024-02-05,25,0,completed
RTE-CIN-20240205-002,HUB-CIN,DRV-01002,VEH-0036,2024-02-05,33,5,completed
RTE-CIN-20240205-003,HUB-CIN,DRV-01027,VEH-0036,2024-02-05,64,3,completed
RTE-CMH-20240206-001,HUB-CMH,DRV-01010,VEH-0033,2024-02-06,56,0,completed
RTE-CHI-20240206-001,HUB-CHI,DRV-01005,VEH-0002,2024-02-06,25,0,completed
RTE-IND-20240206-001,HUB-IND,DRV-01031,VEH-0043,2024-02-06,40,0,completed
RTE-IND-20240206-002,HUB-IND,DRV-01006,VEH-0034,2024-02-06,62,0,partial
RTE-DET-20240206-001,HUB-DET,DRV-01021,VEH-0024,2024-02-06,28,0,completed
RTE-CIN-20240206-003,HUB-CIN,DRV-01027,VEH-0027,2024-02-06,30,0,partial
RTE-CIN-20240206-004,HUB-CIN,DRV-01025,VEH-0036,2024-02-06,62,6,partial
RTE-CMH-20240207-001,HUB-CMH,DRV-01040,VEH-0031,2024-02-07,40,0,completed
RTE-CMH-20240207-002,HUB-CMH,DRV-01189,VEH-0035,2024-02-07,35,0,completed
RTE-CHI-20240207-001,HUB-CHI,DRV-01190,VEH-0042,2024-02-07,21,0,completed
RTE-CHI-20240207-002,HUB-CHI,DRV-01005,VEH-0042,2024-02-07,26,5,completed
RTE-CHI-20240207-003,HUB-CHI,DRV-01048,VEH-0019,2024-02-07,65,3,completed
RTE-CHI-20240207-004,HUB-CHI,DRV-01048,VEH-0015,2024-02-07,47,0,partial
RTE-IND-20240207-001,HUB-IND,DRV-01042,VEH-0013,2024-02-07,57,0,completed
RTE-IND-20240207-002,HUB-IND,DRV-01045,VEH-0016,2024-02-07,57,0,completed
RTE-IND-20240207-003,HUB-IND,DRV-01031,VEH-0023,2024-02-07,27,4,completed
RTE-IND-20240207-004,HUB-IND,DRV-01042,VEH-0017,2024-02-07,41,0,completed
RTE-CIN-20240207-001,HUB-CIN,DRV-01027,VEH-0018,2024-02-07,18,0,completed
RTE-CMH-20240208-001,HUB-CMH,DRV-01001,VEH-0028,2024-02-08,22,0,completed
RTE-CHI-20240208-001,HUB-CHI,DRV-01017,VEH-0037,2024-02-08,53,0,completed
RTE-IND-20240208-001,HUB-IND,DRV-01045,VEH-0008,2024-02-08,60,0,completed
RTE-IND-20240208-002,HUB-IND,DRV-01042,VEH-0008,2024-02-08,31,0,completed
RTE-IND-20240208-003,HUB-IND,DRV-01191,VEH-0043,2024-02-08,55,0,completed
RTE-IND-20240208-004,HUB-IND,DRV-01031,VEH-0008,2024-02-08,55,0,completed
RTE-DET-20240208-001,HUB-DET,DRV-01021,VEH-0022,2024-02-08,35,0,completed
RTE-DET-20240208-002,HUB-DET,DRV-01046,VEH-0024,2024-02-08,48,0,completed
RTE-CIN-20240208-001,HUB-CIN,DRV-01192,VEH-0032,2024-02-08,21,0,completed
RTE-CIN-20240208-002,HUB-CIN,DRV-01034,VEH-0032,2024-02-08,40,0,canceled
RTE-CIN-20240208-003,HUB-CIN,DRV-01025,VEH-0020,2024-02-08,55,0,completed
RTE-CMH-20240209-001,HUB-CMH,DRV-01009,VEH-0041,2024-02-09,53,0,completed
RTE-CMH-20240209-002,HUB-CMH,DRV-01043,VEH-0001,2024-02-09,30,0,completed
RTE-CMH-20240209-003,HUB-CMH,DRV-01016,VEH-0035,2024-02-09,41,0,completed
RTE-CMH-20240209-004,HUB-CMH,DRV-01044,VEH-0031,2024-02-09,46,0,completed
RTE-CHI-20240209-001,HUB-CHI,DRV-01190,VEH-0004,2024-02-09,62,0,partial
RTE-CHI-20240209-002,HUB-CHI,DRV-01048,VEH-0037,2024-02-09,18,0,completed
RTE-IND-20240209-001,HUB-IND,DRV-01031,VEH-0009,2024-02-09,27,0,completed
RTE-DET-20240209-001,HUB-DET,DRV-01037,VEH-0044,2024-02-09,50,0,completed
RTE-CIN-20240209-001,HUB-CIN,DRV-01034,VEH-0036,2024-02-09,18,0,canceled
RTE-CIN-20240209-002,HUB-CIN,DRV-01019,VEH-0027,2024-02-09,38,0,completed
RTE-CIN-20240209-003,HUB-CIN,DRV-01034,VEH-0026,2024-02-09,21,0,completed
RTE-CIN-20240209-004,HUB-CIN,DRV-01019,VEH-0032,2024-02-09,53,5,completed
RTE-CIN-20240209-005,HUB-CIN,DRV-01023,VEH-0026,2024-02-09,51,0,completed
RTE-CIN-20240209-006,HUB-CIN,DRV-01019,VEH-0018,2024-02-09,34,0,completed
RTE-IND-20240210-001,HUB-IND,DRV-01045,VEH-0016,2024-02-10,61,0,completed
RTE-DET-20240210-001,HUB-DET,DRV-01004,VEH-0022,2024-02-10,58,0,completed
RTE-DET-20240210-002,HUB-DET,DRV-01004,VEH-0024,2024-02-10,40,0,completed
RTE-DET-20240210-003,HUB-DET,DRV-01021,VEH-0022,2024-02-10,49,0,completed
RTE-CHI-20240211-001,HUB-CHI,DRV-01020,VEH-0042,2024-02-11,62,2,completed
RTE-CHI-20240211-002,HUB-CHI,DRV-01190,VEH-0006,2024-02-11,65,0,completed
RTE-DET-20240211-001,HUB-DET,DRV-01022,VEH-0024,2024-02-11,22,0,completed
RTE-DET-20240211-002,HUB-DET,DRV-01037,VEH-0029,2024-02-11,38,0,partial
RTE-CIN-20240211-001,HUB-CIN,DRV-01027,VEH-0032,2024-02-11,60,4,completed
RTE-CIN-20240211-002,HUB-CIN,DRV-01003,VEH-0025,2024-02-11,64,0,completed
RTE-CMH-20240212-001,HUB-CMH,DRV-01015,VEH-0021,2024-02-12,32,0,completed
RTE-CMH-20240212-002,HUB-CMH,DRV-01016,VEH-0007,2024-02-12,18,0,completed
RTE-CMH-20240212-003,HUB-CMH,DRV-01010,VEH-0031,2024-02-12,29,0,partial
RTE-CMH-20240212-004,HUB-CMH,DRV-01036,VEH-0035,2024-02-12,36,2,completed
RTE-CHI-20240212-001,HUB-CHI,DRV-01020,VEH-0019,2024-02-12,30,0,completed
RTE-CHI-20240212-002,HUB-CHI,DRV-01048,VEH-0006,2024-02-12,20,0,partial
RTE-CHI-20240212-003,HUB-CHI,DRV-01020,VEH-0005,2024-02-12,60,0,completed
RTE-IND-20240212-001,HUB-IND,DRV-01042,VEH-0009,2024-02-12,59,0,completed
RTE-DET-20240212-001,HUB-DET,DRV-01037,VEH-0022,2024-02-12,35,0,completed
RTE-DET-20240212-002,HUB-DET,DRV-01014,VEH-0029,2024-02-12,53,0,completed
RTE-CIN-20240212-001,HUB-CIN,DRV-01027,VEH-0027,2024-02-12,21,0,partial
RTE-CMH-20240213-001,HUB-CMH,DRV-01010,VEH-0001,2024-02-13,39,0,completed
RTE-CMH-20240213-002,HUB-CMH,DRV-01028,VEH-0038,2024-02-13,39,0,completed
RTE-CMH-20240213-003,HUB-CMH,DRV-01040,VEH-0041,2024-02-13,38,0,completed
RTE-CHI-20240213-001,HUB-CHI,DRV-01020,VEH-0019,2024-02-13,30,0,completed
RTE-IND-20240213-001,HUB-IND,DRV-01045,VEH-0034,2024-02-13,28,0,completed
RTE-IND-20240213-002,HUB-IND,DRV-01045,VEH-0034,2024-02-13,22,0,completed
RTE-CIN-20240213-001,HUB-CIN,DRV-01192,VEH-0026,2024-02-13,29,4,completed
RTE-CIN-20240213-002,HUB-CIN,DRV-01003,VEH-0032,2024-02-13,34,0,partial
RTE-CIN-20240213-003,HUB-CIN,DRV-01003,VEH-0027,2024-02-13,50,0,completed
RTE-CIN-20240213-004,HUB-CIN,DRV-01027,VEH-0032,2024-02-13,64,0,completed
RTE-CIN-20240213-005,HUB-CIN,DRV-01034,VEH-0018,2024-02-13,57,0,completed
RTE-CMH-20240214-001,HUB-CMH,DRV-01001,VEH-0028,2024-02-14,42,0,completed
RTE-CMH-20240214-002,HUB-CMH,DRV-01040,VEH-0001,2024-02-14,35,0,completed
RTE-CMH-20240214-003,HUB-CMH,DRV-01044,VEH-0003,2024-02-14,56,0,completed
RTE-CMH-20240214-004,HUB-CMH,DRV-01044,VEH-0001,2024-02-14,53,4,completed
RTE-CMH-20240214-005,HUB-CMH,DRV-01044,VEH-0021,2024-02-14,60,0,completed
RTE-CMH-20240214-006,HUB-CMH,DRV-01001,VEH-0003,2024-02-14,37,0,completed
RTE-CHI-20240214-001,HUB-CHI,DRV-01047,VEH-0005,2024-02-14,44,0,completed
RTE-CHI-20240214-002,HUB-CHI,DRV-01048,VEH-0004,2024-02-14,46,2,completed
RTE-CHI-20240214-003,HUB-CHI,DRV-01035,VEH-0042,2024-02-14,49,0,completed
RTE-CHI-20240214-004,HUB-CHI,DRV-01190,VEH-0002,2024-02-14,51,0,completed
RTE-CHI-20240214-005,HUB-CHI,DRV-01007,VEH-0037,2024-02-14,37,0,completed
RTE-IND-20240214-001,HUB-IND,DRV-01031,VEH-0008,2024-02-14,61,0,completed
RTE-IND-20240214-002,HUB-IND,DRV-01033,VEH-0009,2024-02-14,30,0,completed
RTE-IND-20240214-003,HUB-IND,DRV-01024,VEH-0023,2024-02-14,31,0,completed
RTE-CIN-20240214-001,HUB-CIN,DRV-01008,VEH-0026,2024-02-14,65,1,completed
RTE-CIN-20240214-002,HUB-CIN,DRV-01023,VEH-0020,2024-02-14,57,4,partial
RTE-CHI-20240215-001,HUB-CHI,DRV-01048,VEH-0042,2024-02-15,38,0,completed
RTE-IND-20240215-001,HUB-IND,DRV-01032,VEH-0034,2024-02-15,44,0,completed
RTE-DET-20240215-001,HUB-DET,DRV-01022,VEH-0022,2024-02-15,21,0,completed
RTE-DET-20240215-002,HUB-DET,DRV-01037,VEH-0022,2024-02-15,46,0,completed
RTE-DET-20240215-003,HUB-DET,DRV-01046,VEH-0024,2024-02-15,31,0,completed
RTE-DET-20240215-004,HUB-DET,DRV-01037,VEH-0044,2024-02-15,31,4,completed
RTE-DET-20240215-005,HUB-DET,DRV-01046,VEH-0024,2024-02-15,33,0,completed
RTE-CMH-20240216-001,HUB-CMH,DRV-01049,VEH-0021,2024-02-16,57,0,completed
RTE-CHI-20240216-001,HUB-CHI,DRV-01035,VEH-0004,2024-02-16,36,0,completed
RTE-CHI-20240216-002,HUB-CHI,DRV-01007,VEH-0006,2024-02-16,35,0,completed
RTE-IND-20240216-001,HUB-IND,DRV-01032,VEH-0013,2024-02-16,35,0,completed
RTE-IND-20240216-003,HUB-IND,DRV-01188,VEH-0034,2024-02-16,22,0,completed
RTE-IND-20240216-004,HUB-IND,DRV-01042,VEH-0008,2024-02-16,29,0,completed
RTE-DET-20240216-001,HUB-DET,DRV-01004,VEH-0022,2024-02-16,42,0,completed
RTE-CIN-20240216-001,HUB-CIN,DRV-01192,VEH-0036,2024-02-16,55,0,completed
RTE-CIN-20240216-002,HUB-CIN,DRV-01003,VEH-0020,2024-02-16,47,0,completed
RTE-CIN-20240216-004,HUB-CIN,DRV-01027,VEH-0020,2024-02-16,25,0,partial
RTE-CIN-20240216-005,HUB-CIN,DRV-01192,VEH-0032,2024-02-16,33,0,completed
RTE-CHI-20240217-001,HUB-CHI,DRV-01048,VEH-0005,2024-02-17,56,0,completed
RTE-IND-20240217-001,HUB-IND,DRV-01045,VEH-0023,2024-02-17,57,0,completed
RTE-IND-20240217-002,HUB-IND,DRV-01188,VEH-0043,2024-02-17,28,0,completed
RTE-DET-20240217-001,HUB-DET,DRV-01046,VEH-0024,2024-02-17,30,0,completed
RTE-CMH-20240218-001,HUB-CMH,DRV-01044,VEH-0035,2024-02-18,41,0,completed
RTE-IND-20240218-001,HUB-IND,DRV-01045,VEH-0013,2024-02-18,37,0,completed
RTE-IND-20240218-002,HUB-IND,DRV-01042,VEH-0043,2024-02-18,20,0,completed
RTE-DET-20240218-001,HUB-DET,DRV-01021,VEH-0024,2024-02-18,32,2,completed
RTE-DET-20240218-002,HUB-DET,DRV-01004,VEH-0022,2024-02-18,40,0,completed
RTE-DET-20240218-003,HUB-DET,DRV-01046,VEH-0022,2024-02-18,25,0,completed
RTE-CIN-20240218-001,HUB-CIN,DRV-01002,VEH-0018,2024-02-18,51,0,completed
RTE-CMH-20240219-001,HUB-CMH,DRV-01001,VEH-0007,2024-02-19,31,0,partial
RTE-CHI-20240219-001,HUB-CHI,DRV-01020,VEH-0006,2024-02-19,54,1,completed
RTE-CHI-20240219-003,HUB-CHI,DRV-01020,VEH-0037,2024-02-19,18,0,completed
RTE-IND-20240219-001,HUB-IND,DRV-01006,VEH-0016,2024-02-19,33,0,completed
RTE-IND-20240219-002,HUB-IND,DRV-01006,VEH-0034,2024-02-19,44,0,completed
RTE-DET-20240219-001,HUB-DET,DRV-01022,VEH-0029,2024-02-19,59,0,completed
RTE-DET-20240219-002,HUB-DET,DRV-01037,VEH-0044,2024-02-19,38,0,completed
RTE-DET-20240219-003,HUB-DET,DRV-01021,VEH-0029,2024-02-19,54,5,completed
RTE-CHI-20240220-001,HUB-CHI,DRV-01190,VEH-0002,2024-02-20,20,0,completed
RTE-CHI-20240220-002,HUB-CHI,DRV-01007,VEH-0005,2024-02-20,63,0,completed
RTE-IND-20240220-001,HUB-IND,DRV-01032,VEH-0043,2024-02-20,61,0,completed
RTE-IND-20240220-002,HUB-IND,DRV-01045,VEH-0016,2024-02-20,24,0,completed
RTE-IND-20240220-003,HUB-IND,DRV-01191,VEH-0016,2024-02-20,49,0,completed
RTE-IND-20240220-004,HUB-IND,DRV-01033,VEH-0013,2024-02-20,20,0,completed
RTE-DET-20240220-001,HUB-DET,DRV-01046,VEH-0044,2024-02-20,42,0,completed
RTE-DET-20240220-002,HUB-DET,DRV-01037,VEH-0022,2024-02-20,40,0,completed
RTE-DET-20240220-003,HUB-DET,DRV-01046,VEH-0044,2024-02-20,49,0,completed
RTE-CIN-20240220-001,HUB-CIN,DRV-01002,VEH-0036,2024-02-20,42,0,completed
RTE-CIN-20240220-002,HUB-CIN,DRV-01025,VEH-0025,2024-02-20,49,0,completed
RTE-CIN-20240220-003,HUB-CIN,DRV-01034,VEH-0027,2024-02-20,37,0,completed
RTE-CMH-20240221-001,HUB-CMH,DRV-01049,VEH-0028,2024-02-21,42,0,completed
RTE-CMH-20240221-002,HUB-CMH,DRV-01016,VEH-0035,2024-02-21,57,0,completed
RTE-CHI-20240221-001,HUB-CHI,DRV-01020,VEH-0042,2024-02-21,45,6,partial
RTE-CHI-20240221-002,HUB-CHI,DRV-01035,VEH-0015,2024-02-21,29,5,completed
RTE-IND-20240221-001,HUB-IND,DRV-01032,VEH-0017,2024-02-21,20,0,completed
RTE-IND-20240221-002,HUB-IND,DRV-01033,VEH-0016,2024-02-21,30,0,completed
RTE-CIN-20240221-001,HUB-CIN,DRV-01026,VEH-0025,2024-02-21,18,0,completed
RTE-CIN-20240221-002,HUB-CIN,DRV-01027,VEH-0025,2024-02-21,39,0,completed
RTE-CIN-20240221-003,HUB-CIN,DRV-01027,VEH-0018,2024-02-21,28,0,completed
RTE-CMH-20240222-001,HUB-CMH,DRV-01036,VEH-0031,2024-02-22,62,0,completed
RTE-CHI-20240222-001,HUB-CHI,DRV-01012,VEH-0002,2024-02-22,58,5,completed
RTE-CHI-20240222-002,HUB-CHI,DRV-01007,VEH-0005,2024-02-22,58,0,completed
RTE-IND-20240222-001,HUB-IND,DRV-01042,VEH-0008,2024-02-22,30,0,partial
RTE-DET-20240222-001,HUB-DET,DRV-01004,VEH-0022,2024-02-22,62,0,completed
RTE-DET-20240222-002,HUB-DET,DRV-01021,VEH-0022,2024-02-22,60,0,partial
RTE-CIN-20240222-001,HUB-CIN,DRV-01023,VEH-0018,2024-02-22,35,0,completed
RTE-CIN-20240222-002,HUB-CIN,DRV-01026,VEH-0026,2024-02-22,59,0,completed
RTE-CMH-20240223-001,HUB-CMH,DRV-01049,VEH-0035,2024-02-23,48,0,completed
RTE-CMH-20240223-002,HUB-CMH,DRV-01013,VEH-0033,2024-02-23,57,0,completed
RTE-CMH-20240223-003,HUB-CMH,DRV-01039,VEH-0001,2024-02-23,25,5,completed
RTE-CHI-20240223-001,HUB-CHI,DRV-01017,VEH-0019,2024-02-23,62,0,completed
RTE-CHI-20240223-002,HUB-CHI,DRV-01012,VEH-0002,2024-02-23,41,3,partial
RTE-CHI-20240223-003,HUB-CHI,DRV-01020,VEH-0006,2024-02-23,54,0,completed
RTE-IND-20240223-001,HUB-IND,DRV-01006,VEH-0009,2024-02-23,59,0,completed
RTE-IND-20240223-002,HUB-IND,DRV-01006,VEH-0009,2024-02-23,34,0,completed
RTE-IND-20240223-003,HUB-IND,DRV-01032,VEH-0034,2024-02-23,42,0,completed
RTE-DET-20240223-001,HUB-DET,DRV-01022,VEH-0029,2024-02-23,42,0,completed
RTE-DET-20240223-002,HUB-DET,DRV-01046,VEH-0024,2024-02-23,21,0,completed
RTE-CIN-20240223-001,HUB-CIN,DRV-01002,VEH-0026,2024-02-23,29,0,completed
RTE-CIN-20240223-003,HUB-CIN,DRV-01192,VEH-0036,2024-02-23,56,0,completed
RTE-CHI-20240224-001,HUB-CHI,DRV-01005,VEH-0005,2024-02-24,23,0,completed
RTE-IND-20240224-001,HUB-IND,DRV-01188,VEH-0023,2024-02-24,22,1,completed
RTE-DET-20240225-001,HUB-DET,DRV-01037,VEH-0029,2024-02-25,47,0,partial
RTE-DET-20240225-002,HUB-DET,DRV-01022,VEH-0044,2024-02-25,59,0,completed
RTE-CIN-20240225-001,HUB-CIN,DRV-01026,VEH-0027,2024-02-25,33,0,completed
RTE-CHI-20240226-001,HUB-CHI,DRV-01190,VEH-0004,2024-02-26,20,1,completed
RTE-IND-20240226-001,HUB-IND,DRV-01191,VEH-0043,2024-02-26,30,0,completed
RTE-IND-20240226-002,HUB-IND,DRV-01032,VEH-0009,2024-02-26,26,0,completed
RTE-IND-20240226-003,HUB-IND,DRV-01032,VEH-0008,2024-02-26,46,0,canceled
RTE-DET-20240226-001,HUB-DET,DRV-01014,VEH-0022,2024-02-26,19,0,completed
RTE-CIN-20240226-001,HUB-CIN,DRV-01192,VEH-0025,2024-02-26,26,0,completed
RTE-CIN-20240226-002,HUB-CIN,DRV-01002,VEH-0018,2024-02-26,51,0,completed
RTE-CIN-20240226-003,HUB-CIN,DRV-01027,VEH-0027,2024-02-26,30,0,completed
RTE-CIN-20240226-004,HUB-CIN,DRV-01002,VEH-0026,2024-02-26,52,0,completed
RTE-CMH-20240227-001,HUB-CMH,DRV-01049,VEH-0033,2024-02-27,20,0,completed
RTE-CHI-20240227-001,HUB-CHI,DRV-01190,VEH-0015,2024-02-27,61,0,completed
RTE-IND-20240227-001,HUB-IND,DRV-01045,VEH-0016,2024-02-27,19,1,completed
RTE-IND-20240227-002,HUB-IND,DRV-01042,VEH-0043,2024-02-27,62,0,partial
RTE-DET-20240227-001,HUB-DET,DRV-01046,VEH-0029,2024-02-27,25,0,completed
RTE-DET-20240227-002,HUB-DET,DRV-01014,VEH-0024,2024-02-27,44,0,completed
RTE-CIN-20240227-001,HUB-CIN,DRV-01192,VEH-0032,2024-02-27,39,0,completed
RTE-CMH-20240228-001,HUB-CMH,DRV-01040,VEH-0028,2024-02-28,22,0,completed
RTE-CHI-20240228-001,HUB-CHI,DRV-01017,VEH-0019,2024-02-28,46,0,completed
RTE-IND-20240228-001,HUB-IND,DRV-01045,VEH-0008,2024-02-28,47,5,completed
RTE-DET-20240228-001,HUB-DET,DRV-01046,VEH-0044,2024-02-28,18,0,completed
RTE-CIN-20240228-001,HUB-CIN,DRV-01034,VEH-0025,2024-02-28,57,0,completed
RTE-CIN-20240228-002,HUB-CIN,DRV-01025,VEH-0027,2024-02-28,37,0,completed
RTE-CIN-20240228-003,HUB-CIN,DRV-01041,VEH-0027,2024-02-28,63,5,completed
RTE-CIN-20240228-004,HUB-CIN,DRV-01003,VEH-0020,2024-02-28,58,0,completed
RTE-CIN-20240228-005,HUB-CIN,DRV-01019,VEH-0026,2024-02-28,18,0,completed
RTE-CMH-20240229-001,HUB-CMH,DRV-01040,VEH-0001,2024-02-29,47,0,partial
RTE-CMH-20240229-002,HUB-CMH,DRV-01015,VEH-0028,2024-02-29,50,2,completed
RTE-CMH-20240229-003,HUB-CMH,DRV-01036,VEH-0028,2024-02-29,50,0,completed
RTE-CHI-20240229-001,HUB-CHI,DRV-01012,VEH-0002,2024-02-29,24,0,completed
RTE-CHI-20240229-002,HUB-CHI,DRV-01017,VEH-0019,2024-02-29,60,4,completed
RTE-CHI-20240229-003,HUB-CHI,DRV-01048,VEH-0004,2024-02-29,49,0,completed
RTE-CHI-20240229-004,HUB-CHI,DRV-01005,VEH-0002,2024-02-29,56,5,completed
RTE-IND-20240229-001,HUB-IND,DRV-01042,VEH-0017,2024-02-29,32,0,completed
RTE-IND-20240229-002,HUB-IND,DRV-01032,VEH-0013,2024-02-29,43,0,completed
RTE-IND-20240229-003,HUB-IND,DRV-01032,VEH-0023,2024-02-29,34,0,partial
RTE-DET-20240229-001,HUB-DET,DRV-01004,VEH-0029,2024-02-29,35,0,completed
RTE-CMH-20240301-001,HUB-CMH,DRV-01049,VEH-0028,2024-03-01,20,0,completed
RTE-CHI-20240301-001,HUB-CHI,DRV-01020,VEH-0002,2024-03-01,22,0,completed
RTE-CHI-20240301-003,HUB-CHI,DRV-01007,VEH-0005,2024-03-01,32,3,completed
RTE-IND-20240301-001,HUB-IND,DRV-01045,VEH-0043,2024-03-01,58,6,completed
RTE-DET-20240301-001,HUB-DET,DRV-01014,VEH-0024,2024-03-01,37,0,completed
RTE-DET-20240301-002,HUB-DET,DRV-01046,VEH-0044,2024-03-01,35,0,completed
RTE-DET-20240301-003,HUB-DET,DRV-01022,VEH-0029,2024-03-01,37,3,completed
RTE-CIN-20240301-001,HUB-CIN,DRV-01023,VEH-0036,2024-03-01,54,0,completed
RTE-CIN-20240301-002,HUB-CIN,DRV-01192,VEH-0025,2024-03-01,54,0,completed
RTE-CIN-20240301-003,HUB-CIN,DRV-01019,VEH-0036,2024-03-01,51,0,completed
RTE-CIN-20240302-001,HUB-CIN,DRV-01027,VEH-0027,2024-03-02,38,0,completed
RTE-IND-20240303-001,HUB-IND,DRV-01024,VEH-0009,2024-03-03,29,0,completed
RTE-DET-20240303-001,HUB-DET,DRV-01022,VEH-0024,2024-03-03,33,0,partial
RTE-DET-20240303-002,HUB-DET,DRV-01004,VEH-0044,2024-03-03,56,5,completed
RTE-DET-20240303-003,HUB-DET,DRV-01004,VEH-0024,2024-03-03,20,0,completed
RTE-CMH-20240304-001,HUB-CMH,DRV-01015,VEH-0031,2024-03-04,28,0,partial
RTE-CHI-20240304-001,HUB-CHI,DRV-01017,VEH-0042,2024-03-04,65,3,completed
RTE-CHI-20240304-002,HUB-CHI,DRV-01012,VEH-0019,2024-03-04,27,0,completed
RTE-CHI-20240304-003,HUB-CHI,DRV-01035,VEH-0002,2024-03-04,20,5,completed
RTE-DET-20240304-001,HUB-DET,DRV-01046,VEH-0022,2024-03-04,25,0,completed
RTE-DET-20240304-002,HUB-DET,DRV-01037,VEH-0022,2024-03-04,30,2,partial
RTE-CIN-20240304-001,HUB-CIN,DRV-01027,VEH-0020,2024-03-04,34,2,completed
RTE-CIN-20240304-002,HUB-CIN,DRV-01034,VEH-0018,2024-03-04,19,0,completed
RTE-CIN-20240304-003,HUB-CIN,DRV-01027,VEH-0036,2024-03-04,57,3,completed
RTE-CMH-20240305-001,HUB-CMH,DRV-01039,VEH-0033,2024-03-05,38,5,completed
RTE-CMH-20240305-002,HUB-CMH,DRV-01039,VEH-0021,2024-03-05,34,0,completed
RTE-CMH-20240305-003,HUB-CMH,DRV-01010,VEH-0003,2024-03-05,61,0,completed
RTE-CHI-20240305-001,HUB-CHI,DRV-01007,VEH-0042,2024-03-05,56,0,completed
RTE-CHI-20240305-002,HUB-CHI,DRV-01020,VEH-0019,2024-03-05,37,0,completed
RTE-CHI-20240305-003,HUB-CHI,DRV-01048,VEH-0042,2024-03-05,29,0,completed
RTE-IND-20240305-001,HUB-IND,DRV-01045,VEH-0034,2024-03-05,58,0,completed
RTE-IND-20240305-002,HUB-IND,DRV-01042,VEH-0009,2024-03-05,18,0,completed
RTE-IND-20240305-003,HUB-IND,DRV-01032,VEH-0009,2024-03-05,62,0,completed
RTE-IND-20240305-004,HUB-IND,DRV-01024,VEH-0009,2024-03-05,59,0,completed
RTE-DET-20240305-001,HUB-DET,DRV-01014,VEH-0024,2024-03-05,18,0,completed
RTE-DET-20240305-002,HUB-DET,DRV-01046,VEH-0044,2024-03-05,53,3,completed
RTE-CMH-20240306-001,HUB-CMH,DRV-01189,VEH-0041,2024-03-06,56,1,completed
RTE-CMH-20240306-002,HUB-CMH,DRV-01013,VEH-0033,2024-03-06,57,4,completed
RTE-CMH-20240306-003,HUB-CMH,DRV-01028,VEH-0038,2024-03-06,46,0,completed
RTE-IND-20240306-001,HUB-IND,DRV-01032,VEH-0013,2024-03-06,57,0,completed
RTE-IND-20240306-002,HUB-IND,DRV-01031,VEH-0034,2024-03-06,62,0,completed
RTE-IND-20240306-003,HUB-IND,DRV-01042,VEH-0009,2024-03-06,35,0,completed
RTE-DET-20240306-001,HUB-DET,DRV-01037,VEH-0044,2024-03-06,34,0,completed
RTE-DET-20240306-002,HUB-DET,DRV-01004,VEH-0022,2024-03-06,30,0,completed
RTE-DET-20240306-003,HUB-DET,DRV-01004,VEH-0024,2024-03-06,20,0,completed
RTE-DET-20240306-004,HUB-DET,DRV-01046,VEH-0024,2024-03-06,64,0,completed
RTE-CIN-20240306-001,HUB-CIN,DRV-01041,VEH-0026,2024-03-06,36,3,completed
RTE-CIN-20240306-002,HUB-CIN,DRV-01003,VEH-0026,2024-03-06,53,0,completed
RTE-CIN-20240306-003,HUB-CIN,DRV-01019,VEH-0020,2024-03-06,22,5,completed
RTE-CMH-20240307-001,HUB-CMH,DRV-01018,VEH-0031,2024-03-07,45,0,completed
RTE-CMH-20240307-002,HUB-CMH,DRV-01049,VEH-0003,2024-03-07,32,5,completed
RTE-CHI-20240307-001,HUB-CHI,DRV-01007,VEH-0042,2024-03-07,28,0,canceled
RTE-CHI-20240307-002,HUB-CHI,DRV-01190,VEH-0006,2024-03-07,62,0,partial
RTE-CHI-20240307-003,HUB-CHI,DRV-01012,VEH-0019,2024-03-07,49,0,completed
RTE-CHI-20240307-004,HUB-CHI,DRV-01005,VEH-0005,2024-03-07,29,0,completed
RTE-IND-20240307-001,HUB-IND,DRV-01024,VEH-0023,2024-03-07,47,0,completed
RTE-DET-20240307-001,HUB-DET,DRV-01021,VEH-0022,2024-03-07,41,0,completed
RTE-DET-20240307-002,HUB-DET,DRV-01014,VEH-0024,2024-03-07,31,0,completed
RTE-CIN-20240307-001,HUB-CIN,DRV-01008,VEH-0025,2024-03-07,41,0,completed
RTE-CIN-20240307-002,HUB-CIN,DRV-01023,VEH-0027,2024-03-07,55,1,completed
RTE-CIN-20240307-003,HUB-CIN,DRV-01008,VEH-0025,2024-03-07,36,0,completed
RTE-CIN-20240307-004,HUB-CIN,DRV-01034,VEH-0027,2024-03-07,53,5,completed
RTE-CMH-20240308-001,HUB-CMH,DRV-01028,VEH-0001,2024-03-08,42,0,completed
RTE-CMH-20240308-002,HUB-CMH,DRV-01013,VEH-0038,2024-03-08,60,0,completed
RTE-CMH-20240308-003,HUB-CMH,DRV-01049,VEH-0033,2024-03-08,60,0,completed
RTE-CHI-20240308-001,HUB-CHI,DRV-01020,VEH-0002,2024-03-08,54,0,partial
RTE-CHI-20240308-002,HUB-CHI,DRV-01048,VEH-0006,2024-03-08,32,0,completed
RTE-IND-20240308-001,HUB-IND,DRV-01024,VEH-0043,2024-03-08,57,0,completed
RTE-DET-20240308-001,HUB-DET,DRV-01004,VEH-0044,2024-03-08,41,0,completed
RTE-DET-20240308-002,HUB-DET,DRV-01046,VEH-0044,2024-03-08,65,0,completed
RTE-DET-20240308-003,HUB-DET,DRV-01014,VEH-0024,2024-03-08,29,6,completed
RTE-CIN-20240308-001,HUB-CIN,DRV-01041,VEH-0027,2024-03-08,50,0,completed
RTE-CIN-20240308-002,HUB-CIN,DRV-01023,VEH-0027,2024-03-08,56,0,completed
RTE-CHI-20240309-001,HUB-CHI,DRV-01035,VEH-0015,2024-03-09,24,0,completed
RTE-IND-20240309-001,HUB-IND,DRV-01045,VEH-0043,2024-03-09,55,0,completed
RTE-IND-20240309-002,HUB-IND,DRV-01006,VEH-0008,2024-03-09,19,0,completed
RTE-CMH-20240310-001,HUB-CMH,DRV-01189,VEH-0028,2024-03-10,45,0,completed
RTE-CHI-20240310-001,HUB-CHI,DRV-01047,VEH-0002,2024-03-10,22,0,completed
RTE-IND-20240310-001,HUB-IND,DRV-01191,VEH-0023,2024-03-10,40,0,completed
RTE-CMH-20240311-001,HUB-CMH,DRV-01015,VEH-0003,2024-03-11,44,0,completed
RTE-CMH-20240311-002,HUB-CMH,DRV-01018,VEH-0035,2024-03-11,57,0,completed
RTE-CMH-20240311-003,HUB-CMH,DRV-01010,VEH-0021,2024-03-11,42,0,completed
RTE-IND-20240311-001,HUB-IND,DRV-01042,VEH-0008,2024-03-11,40,0,completed
RTE-IND-20240311-002,HUB-IND,DRV-01188,VEH-0016,2024-03-11,51,0,partial
RTE-IND-20240311-003,HUB-IND,DRV-01032,VEH-0043,2024-03-11,21,0,completed
RTE-DET-20240311-001,HUB-DET,DRV-01021,VEH-0022,2024-03-11,29,0,completed
RTE-DET-20240311-002,HUB-DET,DRV-01021,VEH-0024,2024-03-11,40,0,completed
RTE-CIN-20240311-001,HUB-CIN,DRV-01041,VEH-0025,2024-03-11,39,5,partial
RTE-CMH-20240312-001,HUB-CMH,DRV-01028,VEH-0038,2024-03-12,47,0,completed
RTE-CMH-20240312-002,HUB-CMH,DRV-01189,VEH-0001,2024-03-12,56,0,completed
RTE-CMH-20240312-003,HUB-CMH,DRV-01189,VEH-0001,2024-03-12,45,0,partial
RTE-CHI-20240312-002,HUB-CHI,DRV-01020,VEH-0006,2024-03-12,60,0,partial
RTE-CHI-20240312-003,HUB-CHI,DRV-01035,VEH-0004,2024-03-12,42,0,completed
RTE-CHI-20240312-004,HUB-CHI,DRV-01017,VEH-0006,2024-03-12,52,0,completed
RTE-CHI-20240312-005,HUB-CHI,DRV-01020,VEH-0037,2024-03-12,24,0,completed
RTE-DET-20240312-001,HUB-DET,DRV-01021,VEH-0024,2024-03-12,29,0,completed
RTE-DET-20240312-002,HUB-DET,DRV-01021,VEH-0024,2024-03-12,48,0,completed
RTE-CIN-20240312-001,HUB-CIN,DRV-01003,VEH-0020,2024-03-12,54,0,completed
RTE-CIN-20240312-002,HUB-CIN,DRV-01027,VEH-0025,2024-03-12,43,0,completed
RTE-CIN-20240312-003,HUB-CIN,DRV-01003,VEH-0027,2024-03-12,52,0,completed
RTE-CMH-20240313-001,HUB-CMH,DRV-01044,VEH-0007,2024-03-13,34,0,completed
RTE-CMH-20240313-002,HUB-CMH,DRV-01044,VEH-0035,2024-03-13,19,0,partial
RTE-CMH-20240313-003,HUB-CMH,DRV-01016,VEH-0035,2024-03-13,35,0,completed
RTE-CHI-20240313-001,HUB-CHI,DRV-01047,VEH-0037,2024-03-13,18,0,completed
RTE-CHI-20240313-002,HUB-CHI,DRV-01020,VEH-0006,2024-03-13,42,0,completed
RTE-CHI-20240313-003,HUB-CHI,DRV-01007,VEH-0004,2024-03-13,18,0,completed
RTE-IND-20240313-001,HUB-IND,DRV-01031,VEH-0017,2024-03-13,22,0,completed
RTE-IND-20240313-002,HUB-IND,DRV-01188,VEH-0043,2024-03-13,51,0,completed
RTE-IND-20240313-003,HUB-IND,DRV-01191,VEH-0023,2024-03-13,37,0,completed
RTE-DET-20240313-001,HUB-DET,DRV-01014,VEH-0044,2024-03-13,62,3,completed
RTE-DET-20240313-002,HUB-DET,DRV-01022,VEH-0024,2024-03-13,61,0,completed
RTE-DET-20240313-003,HUB-DET,DRV-01014,VEH-0024,2024-03-13,58,0,completed
RTE-CIN-20240313-001,HUB-CIN,DRV-01002,VEH-0032,2024-03-13,51,0,partial
RTE-CIN-20240313-002,HUB-CIN,DRV-01192,VEH-0036,2024-03-13,62,0,completed
RTE-CMH-20240314-001,HUB-CMH,DRV-01039,VEH-0007,2024-03-14,46,0,partial
RTE-CHI-20240314-001,HUB-CHI,DRV-01047,VEH-0037,2024-03-14,35,0,completed
RTE-IND-20240314-001,HUB-IND,DRV-01006,VEH-0009,2024-03-14,46,0,completed
RTE-IND-20240314-002,HUB-IND,DRV-01033,VEH-0017,2024-03-14,42,0,completed
RTE-DET-20240314-001,HUB-DET,DRV-01046,VEH-0024,2024-03-14,61,0,completed
RTE-DET-20240314-002,HUB-DET,DRV-01037,VEH-0029,2024-03-14,47,0,completed
RTE-CIN-20240314-001,HUB-CIN,DRV-01041,VEH-0027,2024-03-14,47,0,completed
RTE-CIN-20240314-002,HUB-CIN,DRV-01034,VEH-0032,2024-03-14,64,1,completed
RTE-CIN-20240314-003,HUB-CIN,DRV-01003,VEH-0036,2024-03-14,31,4,completed
RTE-CIN-20240314-004,HUB-CIN,DRV-01041,VEH-0036,2024-03-14,58,0,completed
RTE-CMH-20240315-001,HUB-CMH,DRV-01016,VEH-0021,2024-03-15,53,0,completed
RTE-CMH-20240315-002,HUB-CMH,DRV-01015,VEH-0038,2024-03-15,27,0,completed
RTE-CHI-20240315-001,HUB-CHI,DRV-01035,VEH-0037,2024-03-15,27,5,completed
RTE-CHI-20240315-002,HUB-CHI,DRV-01017,VEH-0037,2024-03-15,20,0,completed
RTE-IND-20240315-001,HUB-IND,DRV-01031,VEH-0008,2024-03-15,45,0,completed
RTE-IND-20240315-002,HUB-IND,DRV-01042,VEH-0023,2024-03-15,47,0,completed
RTE-DET-20240315-001,HUB-DET,DRV-01004,VEH-0024,2024-03-15,48,0,completed
RTE-DET-20240315-002,HUB-DET,DRV-01037,VEH-0022,2024-03-15,30,0,completed
RTE-DET-20240315-003,HUB-DET,DRV-01021,VEH-0029,2024-03-15,20,0,completed
RTE-CIN-20240315-001,HUB-CIN,DRV-01023,VEH-0026,2024-03-15,21,0,completed
RTE-CIN-20240315-002,HUB-CIN,DRV-01027,VEH-0020,2024-03-15,57,0,completed
RTE-CMH-20240316-001,HUB-CMH,DRV-01189,VEH-0031,2024-03-16,21,0,completed
RTE-CMH-20240316-002,HUB-CMH,DRV-01189,VEH-0021,2024-03-16,27,0,completed
RTE-CHI-20240316-001,HUB-CHI,DRV-01047,VEH-0002,2024-03-16,32,0,completed
RTE-CHI-20240316-002,HUB-CHI,DRV-01017,VEH-0006,2024-03-16,44,0,completed
RTE-CHI-20240317-001,HUB-CHI,DRV-01020,VEH-0042,2024-03-17,54,0,completed
RTE-IND-20240317-001,HUB-IND,DRV-01033,VEH-0009,2024-03-17,39,0,completed
RTE-IND-20240317-002,HUB-IND,DRV-01031,VEH-0016,2024-03-17,19,0,completed
RTE-IND-20240317-003,HUB-IND,DRV-01033,VEH-0043,2024-03-17,29,4,completed
RTE-DET-20240317-001,HUB-DET,DRV-01046,VEH-0024,2024-03-17,22,0,completed
RTE-DET-20240317-002,HUB-DET,DRV-01014,VEH-0044,2024-03-17,19,4,completed
RTE-CMH-20240318-001,HUB-CMH,DRV-01018,VEH-0007,2024-03-18,38,0,completed
RTE-CMH-20240318-002,HUB-CMH,DRV-01040,VEH-0028,2024-03-18,37,0,completed
RTE-CMH-20240318-003,HUB-CMH,DRV-01028,VEH-0001,2024-03-18,49,0,completed
RTE-CHI-20240318-001,HUB-CHI,DRV-01005,VEH-0037,2024-03-18,56,0,partial
RTE-CHI-20240318-002,HUB-CHI,DRV-01190,VEH-0005,2024-03-18,56,4,completed
RTE-IND-20240318-001,HUB-IND,DRV-01191,VEH-0009,2024-03-18,56,0,completed
RTE-DET-20240318-001,HUB-DET,DRV-01037,VEH-0029,2024-03-18,57,0,completed
RTE-DET-20240318-002,HUB-DET,DRV-01046,VEH-0029,2024-03-18,65,0,completed
RTE-DET-20240318-003,HUB-DET,DRV-01021,VEH-0022,2024-03-18,29,0,completed
RTE-DET-20240318-004,HUB-DET,DRV-01004,VEH-0044,2024-03-18,23,0,completed
RTE-CIN-20240318-001,HUB-CIN,DRV-01002,VEH-0036,2024-03-18,49,1,completed
RTE-CMH-20240319-001,HUB-CMH,DRV-01018,VEH-0038,2024-03-19,35,2,completed
RTE-CMH-20240319-002,HUB-CMH,DRV-01018,VEH-0001,2024-03-19,50,0,completed
RTE-CMH-20240319-003,HUB-CMH,DRV-01189,VEH-0028,2024-03-19,42,0,completed
RTE-CMH-20240319-004,HUB-CMH,DRV-01036,VEH-0033,2024-03-19,51,0,partial
RTE-CHI-20240319-001,HUB-CHI,DRV-01048,VEH-0037,2024-03-19,46,0,completed
RTE-IND-20240319-001,HUB-IND,DRV-01191,VEH-0008,2024-03-19,29,0,completed
RTE-IND-20240319-002,HUB-IND,DRV-01188,VEH-0034,2024-03-19,31,0,partial
RTE-IND-20240319-003,HUB-IND,DRV-01031,VEH-0034,2024-03-19,21,0,completed
RTE-IND-20240319-004,HUB-IND,DRV-01191,VEH-0034,2024-03-19,23,0,completed
RTE-CMH-20240320-001,HUB-CMH,DRV-01044,VEH-0038,2024-03-20,32,0,completed
RTE-CHI-20240320-001,HUB-CHI,DRV-01017,VEH-0004,2024-03-20,59,0,completed
RTE-CHI-20240320-002,HUB-CHI,DRV-01007,VEH-0006,2024-03-20,52,0,completed
RTE-CHI-20240320-003,HUB-CHI,DRV-01017,VEH-0004,2024-03-20,28,0,completed
RTE-IND-20240320-001,HUB-IND,DRV-01033,VEH-0008,2024-03-20,21,0,completed
RTE-IND-20240320-003,HUB-IND,DRV-01032,VEH-0023,2024-03-20,56,0,completed
RTE-IND-20240320-004,HUB-IND,DRV-01032,VEH-0034,2024-03-20,27,0,completed
RTE-DET-20240320-001,HUB-DET,DRV-01004,VEH-0029,2024-03-20,32,0,partial
RTE-CIN-20240320-001,HUB-CIN,DRV-01027,VEH-0026,2024-03-20,37,0,completed
RTE-CIN-20240320-002,HUB-CIN,DRV-01025,VEH-0032,2024-03-20,21,0,completed
RTE-CMH-20240321-001,HUB-CMH,DRV-01028,VEH-0031,2024-03-21,53,0,completed
RTE-CMH-20240321-002,HUB-CMH,DRV-01009,VEH-0028,2024-03-21,58,0,completed
RTE-CMH-20240321-003,HUB-CMH,DRV-01039,VEH-0041,2024-03-21,21,3,completed
RTE-CHI-20240321-001,HUB-CHI,DRV-01005,VEH-0004,2024-03-21,46,0,completed
RTE-IND-20240321-001,HUB-IND,DRV-01045,VEH-0023,2024-03-21,22,0,completed
RTE-IND-20240321-002,HUB-IND,DRV-01024,VEH-0023,2024-03-21,58,0,completed
RTE-IND-20240321-003,HUB-IND,DRV-01032,VEH-0023,2024-03-21,37,5,completed
RTE-DET-20240321-001,HUB-DET,DRV-01014,VEH-0024,2024-03-21,29,0,completed
RTE-CIN-20240321-001,HUB-CIN,DRV-01026,VEH-0020,2024-03-21,29,0,completed
RTE-CIN-20240321-002,HUB-CIN,DRV-01038,VEH-0036,2024-03-21,64,0,completed
RTE-CIN-20240321-003,HUB-CIN,DRV-01026,VEH-0036,2024-03-21,38,0,completed
RTE-CMH-20240322-001,HUB-CMH,DRV-01015,VEH-0007,2024-03-22,48,5,partial
RTE-CMH-20240322-002,HUB-CMH,DRV-01015,VEH-0007,2024-03-22,27,0,completed
RTE-CMH-20240322-003,HUB-CMH,DRV-01010,VEH-0003,2024-03-22,21,0,completed
RTE-CHI-20240322-001,HUB-CHI,DRV-01005,VEH-0006,2024-03-22,30,3,completed
RTE-CHI-20240322-002,HUB-CHI,DRV-01017,VEH-0006,2024-03-22,39,0,completed
RTE-CHI-20240322-003,HUB-CHI,DRV-01012,VEH-0006,2024-03-22,49,0,completed
RTE-IND-20240322-001,HUB-IND,DRV-01006,VEH-0016,2024-03-22,26,0,completed
RTE-IND-20240322-002,HUB-IND,DRV-01024,VEH-0034,2024-03-22,64,0,completed
RTE-IND-20240322-003,HUB-IND,DRV-01191,VEH-0034,2024-03-22,42,0,completed
RTE-IND-20240322-004,HUB-IND,DRV-01006,VEH-0009,2024-03-22,25,0,completed
RTE-IND-20240322-005,HUB-IND,DRV-01033,VEH-0016,2024-03-22,32,0,partial
RTE-DET-20240322-001,HUB-DET,DRV-01046,VEH-0024,2024-03-22,37,4,completed
RTE-CIN-20240322-001,HUB-CIN,DRV-01023,VEH-0036,2024-03-22,54,0,partial
RTE-CIN-20240322-002,HUB-CIN,DRV-01038,VEH-0020,2024-03-22,63,0,completed
RTE-CMH-20240323-001,HUB-CMH,DRV-01189,VEH-0031,2024-03-23,62,0,partial
RTE-CMH-20240323-002,HUB-CMH,DRV-01049,VEH-0003,2024-03-23,33,1,completed
RTE-CHI-20240323-001,HUB-CHI,DRV-01190,VEH-0019,2024-03-23,58,5,completed
RTE-IND-20240323-001,HUB-IND,DRV-01042,VEH-0016,2024-03-23,24,1,completed
RTE-CHI-20240324-001,HUB-CHI,DRV-01020,VEH-0019,2024-03-24,22,6,completed
RTE-CHI-20240324-002,HUB-CHI,DRV-01012,VEH-0005,2024-03-24,55,0,completed
RTE-CMH-20240325-002,HUB-CMH,DRV-01036,VEH-0021,2024-03-25,34,0,completed
RTE-CMH-20240325-003,HUB-CMH,DRV-01013,VEH-0028,2024-03-25,51,0,completed
RTE-CMH-20240325-004,HUB-CMH,DRV-01043,VEH-0041,2024-03-25,50,2,completed
RTE-CMH-20240325-005,HUB-CMH,DRV-01036,VEH-0001,2024-03-25,29,0,completed
RTE-CMH-20240325-006,HUB-CMH,DRV-01001,VEH-0007,2024-03-25,26,0,completed
RTE-CHI-20240325-001,HUB-CHI,DRV-01048,VEH-0015,2024-03-25,49,0,completed
RTE-CHI-20240325-002,HUB-CHI,DRV-01007,VEH-0006,2024-03-25,18,4,completed
RTE-CHI-20240325-004,HUB-CHI,DRV-01020,VEH-0006,2024-03-25,50,2,completed
RTE-IND-20240325-001,HUB-IND,DRV-01188,VEH-0043,2024-03-25,52,0,completed
RTE-IND-20240325-002,HUB-IND,DRV-01031,VEH-0008,2024-03-25,60,0,completed
RTE-IND-20240325-003,HUB-IND,DRV-01024,VEH-0016,2024-03-25,59,6,completed
RTE-DET-20240325-001,HUB-DET,DRV-01021,VEH-0022,2024-03-25,37,0,completed
RTE-DET-20240325-002,HUB-DET,DRV-01014,VEH-0022,2024-03-25,56,4,completed
RTE-DET-20240325-003,HUB-DET,DRV-01046,VEH-0024,2024-03-25,50,0,partial
RTE-CIN-20240325-001,HUB-CIN,DRV-01019,VEH-0036,2024-03-25,54,0,completed
RTE-CIN-20240325-002,HUB-CIN,DRV-01034,VEH-0026,2024-03-25,50,0,completed
RTE-CIN-20240325-003,HUB-CIN,DRV-01038,VEH-0018,2024-03-25,33,0,completed
RTE-CIN-20240325-004,HUB-CIN,DRV-01034,VEH-0036,2024-03-25,49,0,completed
RTE-CMH-20240326-001,HUB-CMH,DRV-01016,VEH-0001,2024-03-26,18,4,partial
RTE-CMH-20240326-002,HUB-CMH,DRV-01015,VEH-0028,2024-03-26,28,5,completed
RTE-CMH-20240326-003,HUB-CMH,DRV-01013,VEH-0041,2024-03-26,47,0,canceled
RTE-CMH-20240326-004,HUB-CMH,DRV-01049,VEH-0021,2024-03-26,45,6,partial
RTE-CMH-20240326-005,HUB-CMH,DRV-01043,VEH-0028,2024-03-26,60,0,partial
RTE-CHI-20240326-001,HUB-CHI,DRV-01017,VEH-0019,2024-03-26,53,4,completed
RTE-CHI-20240326-002,HUB-CHI,DRV-01012,VEH-0006,2024-03-26,49,0,completed
RTE-IND-20240326-001,HUB-IND,DRV-01031,VEH-0016,2024-03-26,20,0,completed
RTE-DET-20240326-001,HUB-DET,DRV-01014,VEH-0022,2024-03-26,46,0,completed
RTE-DET-20240326-002,HUB-DET,DRV-01021,VEH-0024,2024-03-26,59,0,partial
RTE-CIN-20240326-002,HUB-CIN,DRV-01041,VEH-0036,2024-03-26,56,2,completed
RTE-CIN-20240326-003,HUB-CIN,DRV-01003,VEH-0032,2024-03-26,25,0,completed
RTE-CIN-20240326-004,HUB-CIN,DRV-01026,VEH-0032,2024-03-26,35,6,completed
RTE-CIN-20240326-005,HUB-CIN,DRV-01025,VEH-0032,2024-03-26,52,0,completed
RTE-CIN-20240326-006,HUB-CIN,DRV-01027,VEH-0036,2024-03-26,61,0,completed
RTE-CIN-20240326-007,HUB-CIN,DRV-01002,VEH-0036,2024-03-26,62,0,completed
RTE-CMH-20240327-001,HUB-CMH,DRV-01039,VEH-0003,2024-03-27,19,0,completed
RTE-CMH-20240327-002,HUB-CMH,DRV-01010,VEH-0003,2024-03-27,20,0,completed
RTE-CMH-20240327-003,HUB-CMH,DRV-01049,VEH-0038,2024-03-27,51,0,partial
RTE-CMH-20240327-004,HUB-CMH,DRV-01039,VEH-0021,2024-03-27,55,6,completed
RTE-DET-20240327-001,HUB-DET,DRV-01014,VEH-0022,2024-03-27,47,0,completed
RTE-CIN-20240327-001,HUB-CIN,DRV-01002,VEH-0025,2024-03-27,22,2,partial
RTE-CIN-20240327-002,HUB-CIN,DRV-01026,VEH-0020,2024-03-27,37,0,completed
RTE-CIN-20240327-003,HUB-CIN,DRV-01025,VEH-0018,2024-03-27,20,0,partial
RTE-CIN-20240327-004,HUB-CIN,DRV-01008,VEH-0025,2024-03-27,35,0,completed
RTE-CIN-20240327-005,HUB-CIN,DRV-01027,VEH-0036,2024-03-27,25,0,completed
RTE-CMH-20240328-001,HUB-CMH,DRV-01010,VEH-0038,2024-03-28,22,0,completed
RTE-IND-20240328-001,HUB-IND,DRV-01042,VEH-0008,2024-03-28,35,0,completed
RTE-IND-20240328-002,HUB-IND,DRV-01006,VEH-0009,2024-03-28,38,0,completed
RTE-CIN-20240328-001,HUB-CIN,DRV-01041,VEH-0036,2024-03-28,41,0,completed
RTE-CIN-20240328-002,HUB-CIN,DRV-01003,VEH-0020,2024-03-28,20,0,completed
RTE-CMH-20240329-001,HUB-CMH,DRV-01189,VEH-0003,2024-03-29,28,6,completed
RTE-CMH-20240329-002,HUB-CMH,DRV-01018,VEH-0033,2024-03-29,65,4,completed
RTE-CMH-20240329-003,HUB-CMH,DRV-01010,VEH-0038,2024-03-29,48,0,completed
RTE-CMH-20240329-004,HUB-CMH,DRV-01039,VEH-0001,2024-03-29,36,0,completed
RTE-CMH-20240329-005,HUB-CMH,DRV-01013,VEH-0001,2024-03-29,40,0,completed
RTE-CMH-20240329-006,HUB-CMH,DRV-01013,VEH-0021,2024-03-29,63,0,completed
RTE-CHI-20240329-001,HUB-CHI,DRV-01190,VEH-0019,2024-03-29,61,0,completed
RTE-CHI-20240329-002,HUB-CHI,DRV-01017,VEH-0042,2024-03-29,44,0,completed
RTE-CHI-20240329-003,HUB-CHI,DRV-01017,VEH-0037,2024-03-29,53,0,completed
RTE-CHI-20240329-004,HUB-CHI,DRV-01005,VEH-0042,2024-03-29,25,0,completed
RTE-CHI-20240329-005,HUB-CHI,DRV-01190,VEH-0037,2024-03-29,59,0,completed
RTE-IND-20240329-001,HUB-IND,DRV-01031,VEH-0009,2024-03-29,38,0,completed
RTE-IND-20240329-002,HUB-IND,DRV-01024,VEH-0016,2024-03-29,50,0,completed
RTE-DET-20240329-001,HUB-DET,DRV-01021,VEH-0024,2024-03-29,26,0,completed
RTE-DET-20240329-002,HUB-DET,DRV-01037,VEH-0029,2024-03-29,33,6,completed
RTE-DET-20240329-003,HUB-DET,DRV-01004,VEH-0022,2024-03-29,64,0,completed
RTE-DET-20240329-004,HUB-DET,DRV-01014,VEH-0029,2024-03-29,20,0,completed
RTE-CIN-20240329-001,HUB-CIN,DRV-01025,VEH-0027,2024-03-29,25,0,completed
RTE-CIN-20240329-002,HUB-CIN,DRV-01027,VEH-0036,2024-03-29,21,6,completed
RTE-CIN-20240329-003,HUB-CIN,DRV-01026,VEH-0026,2024-03-29,38,6,completed
RTE-CIN-20240329-004,HUB-CIN,DRV-01025,VEH-0025,2024-03-29,41,0,completed
RTE-CMH-20240330-001,HUB-CMH,DRV-01010,VEH-0038,2024-03-30,51,6,partial
RTE-CMH-20240330-002,HUB-CMH,DRV-01036,VEH-0003,2024-03-30,20,0,completed
RTE-CHI-20240330-001,HUB-CHI,DRV-01005,VEH-0004,2024-03-30,38,0,completed
RTE-CIN-20240330-001,HUB-CIN,DRV-01192,VEH-0020,2024-03-30,21,3,completed
RTE-CIN-20240331-001,HUB-CIN,DRV-01003,VEH-0032,2024-03-31,40,0,completed
RTE-CMH-20240401-001,HUB-CMH,DRV-01013,VEH-0035,2024-04-01,19,0,completed
RTE-CMH-20240401-002,HUB-CMH,DRV-01013,VEH-0031,2024-04-01,63,6,completed
RTE-CMH-20240401-003,HUB-CMH,DRV-01040,VEH-0035,2024-04-01,57,0,partial
RTE-CMH-20240401-004,HUB-CMH,DRV-01016,VEH-0031,2024-04-01,22,0,completed
RTE-CHI-20240401-001,HUB-CHI,DRV-01190,VEH-0006,2024-04-01,36,0,completed
RTE-CHI-20240401-002,HUB-CHI,DRV-01047,VEH-0004,2024-04-01,58,0,completed
RTE-DET-20240401-001,HUB-DET,DRV-01004,VEH-0022,2024-04-01,19,0,completed
RTE-CIN-20240401-001,HUB-CIN,DRV-01038,VEH-0032,2024-04-01,42,0,completed
RTE-CIN-20240401-002,HUB-CIN,DRV-01192,VEH-0025,2024-04-01,42,4,completed
RTE-CIN-20240401-003,HUB-CIN,DRV-01025,VEH-0032,2024-04-01,57,5,completed
RTE-CHI-20240402-001,HUB-CHI,DRV-01190,VEH-0006,2024-04-02,60,0,partial
RTE-CHI-20240402-002,HUB-CHI,DRV-01007,VEH-0037,2024-04-02,55,0,completed
RTE-IND-20240402-001,HUB-IND,DRV-01032,VEH-0008,2024-04-02,31,0,completed
RTE-DET-20240402-001,HUB-DET,DRV-01022,VEH-0024,2024-04-02,61,0,completed
RTE-DET-20240402-002,HUB-DET,DRV-01004,VEH-0022,2024-04-02,59,2,completed
RTE-CIN-20240402-001,HUB-CIN,DRV-01041,VEH-0036,2024-04-02,28,0,completed
RTE-CIN-20240402-002,HUB-CIN,DRV-01008,VEH-0018,2024-04-02,58,0,completed
RTE-CIN-20240402-003,HUB-CIN,DRV-01025,VEH-0027,2024-04-02,25,0,completed
RTE-CIN-20240402-004,HUB-CIN,DRV-01026,VEH-0026,2024-04-02,64,0,completed
RTE-CMH-20240403-001,HUB-CMH,DRV-01028,VEH-0038,2024-04-03,31,0,completed
RTE-CMH-20240403-002,HUB-CMH,DRV-01043,VEH-0031,2024-04-03,32,3,completed
RTE-CHI-20240403-001,HUB-CHI,DRV-01035,VEH-0015,2024-04-03,47,0,completed
RTE-CHI-20240403-002,HUB-CHI,DRV-01017,VEH-0004,2024-04-03,22,4,completed
RTE-CHI-20240403-003,HUB-CHI,DRV-01005,VEH-0037,2024-04-03,61,0,partial
RTE-CHI-20240403-004,HUB-CHI,DRV-01020,VEH-0037,2024-04-03,48,2,partial
RTE-CHI-20240403-005,HUB-CHI,DRV-01047,VEH-0002,2024-04-03,28,0,completed
RTE-IND-20240403-001,HUB-IND,DRV-01032,VEH-0008,2024-04-03,28,0,partial
RTE-IND-20240403-002,HUB-IND,DRV-01188,VEH-0008,2024-04-03,26,0,partial
RTE-DET-20240403-001,HUB-DET,DRV-01037,VEH-0044,2024-04-03,53,0,completed
RTE-CIN-20240403-001,HUB-CIN,DRV-01041,VEH-0027,2024-04-03,50,6,completed
RTE-CMH-20240404-001,HUB-CMH,DRV-01028,VEH-0041,2024-04-04,56,4,completed
RTE-CHI-20240404-001,HUB-CHI,DRV-01017,VEH-0015,2024-04-04,43,0,completed
RTE-CHI-20240404-002,HUB-CHI,DRV-01005,VEH-0037,2024-04-04,51,2,completed
RTE-IND-20240404-001,HUB-IND,DRV-01045,VEH-0043,2024-04-04,32,0,completed
RTE-IND-20240404-002,HUB-IND,DRV-01006,VEH-0009,2024-04-04,46,0,completed
RTE-IND-20240404-003,HUB-IND,DRV-01024,VEH-0043,2024-04-04,29,4,completed
RTE-IND-20240404-004,HUB-IND,DRV-01188,VEH-0013,2024-04-04,62,0,completed
RTE-IND-20240404-005,HUB-IND,DRV-01024,VEH-0009,2024-04-04,44,0,completed
RTE-DET-20240404-001,HUB-DET,DRV-01021,VEH-0024,2024-04-04,36,0,completed
RTE-DET-20240404-002,HUB-DET,DRV-01046,VEH-0044,2024-04-04,56,0,completed
RTE-DET-20240404-003,HUB-DET,DRV-01022,VEH-0022,2024-04-04,54,0,completed
RTE-CIN-20240404-001,HUB-CIN,DRV-01027,VEH-0018,2024-04-04,21,0,completed
RTE-CIN-20240404-002,HUB-CIN,DRV-01003,VEH-0036,2024-04-04,60,3,completed
RTE-CIN-20240404-003,HUB-CIN,DRV-01002,VEH-0018,2024-04-04,34,0,completed
RTE-CIN-20240404-004,HUB-CIN,DRV-01038,VEH-0027,2024-04-04,39,0,partial
RTE-CMH-20240405-001,HUB-CMH,DRV-01044,VEH-0031,2024-04-05,36,0,completed
RTE-CMH-20240405-002,HUB-CMH,DRV-01036,VEH-0007,2024-04-05,56,0,completed
RTE-CHI-20240405-001,HUB-CHI,DRV-01048,VEH-0006,2024-04-05,56,0,completed
RTE-CHI-20240405-002,HUB-CHI,DRV-01012,VEH-0004,2024-04-05,18,0,completed
RTE-CHI-20240405-003,HUB-CHI,DRV-01007,VEH-0042,2024-04-05,42,0,completed
RTE-IND-20240405-001,HUB-IND,DRV-01032,VEH-0034,2024-04-05,50,0,completed
RTE-IND-20240405-002,HUB-IND,DRV-01024,VEH-0016,2024-04-05,54,0,completed
RTE-IND-20240405-003,HUB-IND,DRV-01033,VEH-0034,2024-04-05,50,0,completed
RTE-DET-20240405-001,HUB-DET,DRV-01046,VEH-0022,2024-04-05,63,3,partial
RTE-DET-20240405-002,HUB-DET,DRV-01022,VEH-0029,2024-04-05,62,0,completed
RTE-DET-20240405-003,HUB-DET,DRV-01014,VEH-0044,2024-04-05,39,0,completed
RTE-DET-20240405-004,HUB-DET,DRV-01022,VEH-0024,2024-04-05,63,0,completed
RTE-CHI-20240406-001,HUB-CHI,DRV-01035,VEH-0019,2024-04-06,32,3,completed
RTE-CHI-20240406-002,HUB-CHI,DRV-01005,VEH-0002,2024-04-06,21,0,completed
RTE-CHI-20240406-004,HUB-CHI,DRV-01048,VEH-0005,2024-04-06,28,0,completed
RTE-IND-20240406-001,HUB-IND,DRV-01191,VEH-0043,2024-04-06,20,0,partial
RTE-CIN-20240406-001,HUB-CIN,DRV-01038,VEH-0020,2024-04-06,33,0,completed
RTE-CIN-20240406-002,HUB-CIN,DRV-01002,VEH-0032,2024-04-06,63,2,completed
RTE-CIN-20240406-003,HUB-CIN,DRV-01003,VEH-0026,2024-04-06,52,0,completed
RTE-CIN-20240406-004,HUB-CIN,DRV-01192,VEH-0018,2024-04-06,31,0,completed
RTE-CHI-20240407-001,HUB-CHI,DRV-01005,VEH-0004,2024-04-07,65,0,completed
RTE-CHI-20240407-002,HUB-CHI,DRV-01047,VEH-0019,2024-04-07,61,0,completed
RTE-IND-20240407-001,HUB-IND,DRV-01188,VEH-0008,2024-04-07,23,1,completed
RTE-IND-20240407-002,HUB-IND,DRV-01031,VEH-0009,2024-04-07,34,0,completed
RTE-DET-20240407-001,HUB-DET,DRV-01021,VEH-0029,2024-04-07,60,0,completed
RTE-DET-20240407-002,HUB-DET,DRV-01004,VEH-0029,2024-04-07,56,0,completed
RTE-DET-20240407-003,HUB-DET,DRV-01021,VEH-0024,2024-04-07,33,0,completed
RTE-CMH-20240408-001,HUB-CMH,DRV-01016,VEH-0028,2024-04-08,60,1,completed
RTE-CMH-20240408-002,HUB-CMH,DRV-01009,VEH-0031,2024-04-08,35,0,completed
RTE-CMH-20240408-003,HUB-CMH,DRV-01049,VEH-0021,2024-04-08,39,0,completed
RTE-CMH-20240408-004,HUB-CMH,DRV-01013,VEH-0003,2024-04-08,25,0,completed
RTE-CMH-20240408-005,HUB-CMH,DRV-01016,VEH-0038,2024-04-08,55,0,completed
RTE-CHI-20240408-001,HUB-CHI,DRV-01017,VEH-0005,2024-04-08,41,4,completed
RTE-DET-20240408-001,HUB-DET,DRV-01046,VEH-0022,2024-04-08,38,0,completed
RTE-DET-20240408-002,HUB-DET,DRV-01021,VEH-0044,2024-04-08,18,0,completed
RTE-DET-20240408-003,HUB-DET,DRV-01022,VEH-0024,2024-04-08,64,0,completed
RTE-DET-20240408-004,HUB-DET,DRV-01021,VEH-0044,2024-04-08,45,0,completed
RTE-DET-20240408-005,HUB-DET,DRV-01004,VEH-0029,2024-04-08,51,0,completed
RTE-CIN-20240408-001,HUB-CIN,DRV-01027,VEH-0025,2024-04-08,39,0,completed
RTE-CIN-20240408-002,HUB-CIN,DRV-01026,VEH-0020,2024-04-08,23,0,completed
RTE-CMH-20240409-001,HUB-CMH,DRV-01016,VEH-0041,2024-04-09,54,0,completed
RTE-CMH-20240409-002,HUB-CMH,DRV-01040,VEH-0028,2024-04-09,19,1,completed
RTE-CMH-20240409-003,HUB-CMH,DRV-01036,VEH-0035,2024-04-09,59,0,partial
RTE-CMH-20240409-004,HUB-CMH,DRV-01013,VEH-0035,2024-04-09,63,5,completed
RTE-CHI-20240409-001,HUB-CHI,DRV-01190,VEH-0015,2024-04-09,33,0,completed
RTE-CHI-20240409-002,HUB-CHI,DRV-01035,VEH-0042,2024-04-09,30,0,completed
RTE-CHI-20240409-003,HUB-CHI,DRV-01007,VEH-0006,2024-04-09,44,0,partial
RTE-CHI-20240409-004,HUB-CHI,DRV-01035,VEH-0004,2024-04-09,44,0,completed
RTE-CHI-20240409-005,HUB-CHI,DRV-01017,VEH-0019,2024-04-09,42,0,completed
RTE-CHI-20240409-006,HUB-CHI,DRV-01035,VEH-0037,2024-04-09,61,2,completed
RTE-CHI-20240409-007,HUB-CHI,DRV-01035,VEH-0002,2024-04-09,65,0,completed
RTE-IND-20240409-001,HUB-IND,DRV-01031,VEH-0043,2024-04-09,30,0,partial
RTE-DET-20240409-001,HUB-DET,DRV-01014,VEH-0029,2024-04-09,51,6,completed
RTE-CIN-20240409-001,HUB-CIN,DRV-01041,VEH-0020,2024-04-09,31,0,completed
RTE-CIN-20240409-002,HUB-CIN,DRV-01019,VEH-0027,2024-04-09,56,4,completed
RTE-CIN-20240409-003,HUB-CIN,DRV-01025,VEH-0025,2024-04-09,58,0,completed
RTE-CIN-20240409-004,HUB-CIN,DRV-01034,VEH-0018,2024-04-09,32,3,completed
RTE-CIN-20240409-005,HUB-CIN,DRV-01002,VEH-0018,2024-04-09,65,0,completed
RTE-CIN-20240409-006,HUB-CIN,DRV-01027,VEH-0036,2024-04-09,63,0,completed
RTE-CIN-20240409-007,HUB-CIN,DRV-01041,VEH-0032,2024-04-09,29,0,completed
RTE-CIN-20240409-008,HUB-CIN,DRV-01008,VEH-0026,2024-04-09,36,0,canceled
RTE-CMH-20240410-001,HUB-CMH,DRV-01189,VEH-0003,2024-04-10,55,0,completed
RTE-CMH-20240410-002,HUB-CMH,DRV-01028,VEH-0038,2024-04-10,28,0,completed
RTE-CMH-20240410-003,HUB-CMH,DRV-01009,VEH-0021,2024-04-10,25,0,completed
RTE-CHI-20240410-001,HUB-CHI,DRV-01035,VEH-0015,2024-04-10,54,0,completed
RTE-CHI-20240410-002,HUB-CHI,DRV-01007,VEH-0042,2024-04-10,27,1,completed
RTE-CHI-20240410-003,HUB-CHI,DRV-01007,VEH-0037,2024-04-10,27,0,completed
RTE-IND-20240410-001,HUB-IND,DRV-01031,VEH-0017,2024-04-10,55,2,completed
RTE-IND-20240410-002,HUB-IND,DRV-01006,VEH-0034,2024-04-10,50,0,completed
RTE-DET-20240410-001,HUB-DET,DRV-01014,VEH-0044,2024-04-10,49,0,completed
RTE-DET-20240410-002,HUB-DET,DRV-01021,VEH-0029,2024-04-10,56,0,completed
RTE-DET-20240410-003,HUB-DET,DRV-01022,VEH-0044,2024-04-10,39,0,completed
RTE-DET-20240410-004,HUB-DET,DRV-01014,VEH-0044,2024-04-10,53,0,completed
RTE-CIN-20240410-001,HUB-CIN,DRV-01041,VEH-0026,2024-04-10,51,4,partial
RTE-CIN-20240410-002,HUB-CIN,DRV-01034,VEH-0027,2024-04-10,61,0,completed
RTE-CMH-20240411-001,HUB-CMH,DRV-01044,VEH-0035,2024-04-11,36,5,completed
RTE-CHI-20240411-001,HUB-CHI,DRV-01007,VEH-0006,2024-04-11,62,0,completed
RTE-CHI-20240411-003,HUB-CHI,DRV-01017,VEH-0015,2024-04-11,62,0,completed
RTE-IND-20240411-001,HUB-IND,DRV-01024,VEH-0008,2024-04-11,63,0,completed
RTE-IND-20240411-002,HUB-IND,DRV-01042,VEH-0016,2024-04-11,58,0,completed
RTE-CIN-20240411-001,HUB-CIN,DRV-01034,VEH-0025,2024-04-11,48,0,completed
RTE-CMH-20240412-001,HUB-CMH,DRV-01040,VEH-0033,2024-04-12,44,0,completed
RTE-CMH-20240412-002,HUB-CMH,DRV-01028,VEH-0038,2024-04-12,58,0,completed
RTE-IND-20240412-001,HUB-IND,DRV-01032,VEH-0023,2024-04-12,26,0,partial
RTE-IND-20240412-002,HUB-IND,DRV-01006,VEH-0008,2024-04-12,52,0,completed
RTE-DET-20240412-001,HUB-DET,DRV-01022,VEH-0044,2024-04-12,30,0,canceled
RTE-DET-20240412-002,HUB-DET,DRV-01193,VEH-0029,2024-04-12,20,0,completed
RTE-DET-20240412-003,HUB-DET,DRV-01046,VEH-0024,2024-04-12,36,0,partial
RTE-DET-20240412-004,HUB-DET,DRV-01021,VEH-0029,2024-04-12,25,6,completed
RTE-CIN-20240412-001,HUB-CIN,DRV-01008,VEH-0026,2024-04-12,55,1,completed
RTE-CIN-20240412-002,HUB-CIN,DRV-01027,VEH-0027,2024-04-12,50,6,completed
RTE-DET-20240413-001,HUB-DET,DRV-01193,VEH-0022,2024-04-13,63,0,partial
RTE-DET-20240413-002,HUB-DET,DRV-01046,VEH-0024,2024-04-13,55,0,completed
RTE-CIN-20240413-001,HUB-CIN,DRV-01041,VEH-0025,2024-04-13,18,0,completed
RTE-DET-20240414-001,HUB-DET,DRV-01022,VEH-0044,2024-04-14,32,5,completed
RTE-CIN-20240414-001,HUB-CIN,DRV-01023,VEH-0018,2024-04-14,28,0,completed
RTE-CMH-20240415-001,HUB-CMH,DRV-01013,VEH-0003,2024-04-15,31,0,completed
RTE-CMH-20240415-002,HUB-CMH,DRV-01009,VEH-0021,2024-04-15,34,0,completed
RTE-CMH-20240415-003,HUB-CMH,DRV-01015,VEH-0001,2024-04-15,26,0,completed
RTE-CMH-20240415-004,HUB-CMH,DRV-01043,VEH-0031,2024-04-15,23,0,completed
RTE-CHI-20240415-001,HUB-CHI,DRV-01020,VEH-0019,2024-04-15,63,6,completed
RTE-CHI-20240415-002,HUB-CHI,DRV-01005,VEH-0004,2024-04-15,42,0,completed
RTE-CHI-20240415-003,HUB-CHI,DRV-01048,VEH-0006,2024-04-15,63,5,completed
RTE-IND-20240415-001,HUB-IND,DRV-01042,VEH-0009,2024-04-15,28,4,completed
RTE-IND-20240415-002,HUB-IND,DRV-01188,VEH-0017,2024-04-15,57,0,partial
RTE-DET-20240415-001,HUB-DET,DRV-01004,VEH-0029,2024-04-15,61,0,canceled
RTE-DET-20240415-002,HUB-DET,DRV-01004,VEH-0044,2024-04-15,54,1,completed
RTE-DET-20240415-003,HUB-DET,DRV-01193,VEH-0044,2024-04-15,35,0,partial
RTE-CIN-20240415-001,HUB-CIN,DRV-01026,VEH-0027,2024-04-15,34,2,completed
RTE-CMH-20240416-001,HUB-CMH,DRV-01036,VEH-0028,2024-04-16,65,0,partial
RTE-CMH-20240416-002,HUB-CMH,DRV-01001,VEH-0031,2024-04-16,46,0,completed
RTE-CHI-20240416-001,HUB-CHI,DRV-01020,VEH-0042,2024-04-16,60,0,partial
RTE-CHI-20240416-002,HUB-CHI,DRV-01190,VEH-0002,2024-04-16,51,0,completed
RTE-CHI-20240416-003,HUB-CHI,DRV-01007,VEH-0015,2024-04-16,29,2,completed
RTE-IND-20240416-001,HUB-IND,DRV-01006,VEH-0023,2024-04-16,63,0,partial
RTE-DET-20240416-001,HUB-DET,DRV-01022,VEH-0024,2024-04-16,24,0,completed
RTE-DET-20240416-002,HUB-DET,DRV-01022,VEH-0029,2024-04-16,27,5,completed
RTE-DET-20240416-003,HUB-DET,DRV-01046,VEH-0024,2024-04-16,31,0,completed
RTE-CIN-20240416-001,HUB-CIN,DRV-01192,VEH-0027,2024-04-16,34,0,completed
RTE-CMH-20240417-001,HUB-CMH,DRV-01016,VEH-0041,2024-04-17,27,0,completed
RTE-CMH-20240417-002,HUB-CMH,DRV-01039,VEH-0021,2024-04-17,36,0,completed
RTE-CMH-20240417-003,HUB-CMH,DRV-01015,VEH-0007,2024-04-17,47,0,completed
RTE-CHI-20240417-001,HUB-CHI,DRV-01017,VEH-0037,2024-04-17,57,0,completed
RTE-CHI-20240417-002,HUB-CHI,DRV-01048,VEH-0006,2024-04-17,19,0,completed
RTE-CHI-20240417-003,HUB-CHI,DRV-01190,VEH-0006,2024-04-17,47,1,completed
RTE-IND-20240417-001,HUB-IND,DRV-01033,VEH-0013,2024-04-17,38,1,partial
RTE-IND-20240417-002,HUB-IND,DRV-01191,VEH-0016,2024-04-17,63,0,completed
RTE-IND-20240417-003,HUB-IND,DRV-01031,VEH-0016,2024-04-17,32,0,completed
RTE-DET-20240417-001,HUB-DET,DRV-01046,VEH-0022,2024-04-17,22,0,completed
RTE-CIN-20240417-001,HUB-CIN,DRV-01192,VEH-0018,2024-04-17,50,0,completed
RTE-CIN-20240417-002,HUB-CIN,DRV-01025,VEH-0020,2024-04-17,47,0,partial
RTE-CIN-20240417-003,HUB-CIN,DRV-01192,VEH-0025,2024-04-17,51,0,completed
RTE-CMH-20240418-001,HUB-CMH,DRV-01039,VEH-0007,2024-04-18,20,0,completed
RTE-CHI-20240418-001,HUB-CHI,DRV-01007,VEH-0042,2024-04-18,33,0,completed
RTE-CHI-20240418-002,HUB-CHI,DRV-01017,VEH-0042,2024-04-18,39,0,partial
RTE-IND-20240418-001,HUB-IND,DRV-01191,VEH-0008,2024-04-18,56,5,completed
RTE-DET-20240418-001,HUB-DET,DRV-01004,VEH-0044,2024-04-18,38,0,completed
RTE-DET-20240418-002,HUB-DET,DRV-01004,VEH-0022,2024-04-18,50,0,completed
RTE-CIN-20240418-001,HUB-CIN,DRV-01025,VEH-0018,2024-04-18,55,0,completed
RTE-CIN-20240418-002,HUB-CIN,DRV-01027,VEH-0025,2024-04-18,52,0,partial
RTE-CIN-20240418-003,HUB-CIN,DRV-01003,VEH-0025,2024-04-18,57,0,completed
RTE-CMH-20240419-001,HUB-CMH,DRV-01009,VEH-0031,2024-04-19,43,0,completed
RTE-CMH-20240419-002,HUB-CMH,DRV-01189,VEH-0035,2024-04-19,35,0,completed
RTE-CMH-20240419-003,HUB-CMH,DRV-01044,VEH-0031,2024-04-19,35,6,completed
RTE-CMH-20240419-004,HUB-CMH,DRV-01049,VEH-0007,2024-04-19,57,0,completed
RTE-CHI-20240419-001,HUB-CHI,DRV-01190,VEH-0002,2024-04-19,45,6,completed
RTE-CHI-20240419-002,HUB-CHI,DRV-01047,VEH-0019,2024-04-19,53,0,completed
RTE-CHI-20240419-003,HUB-CHI,DRV-01005,VEH-0004,2024-04-19,44,0,completed
RTE-CHI-20240419-004,HUB-CHI,DRV-01035,VEH-0042,2024-04-19,57,0,completed
RTE-IND-20240419-001,HUB-IND,DRV-01045,VEH-0009,2024-04-19,28,0,completed
RTE-DET-20240419-001,HUB-DET,DRV-01021,VEH-0029,2024-04-19,34,0,completed
RTE-CIN-20240419-001,HUB-CIN,DRV-01025,VEH-0027,2024-04-19,34,0,completed
RTE-CMH-20240420-001,HUB-CMH,DRV-01036,VEH-0033,2024-04-20,64,0,completed
RTE-IND-20240420-001,HUB-IND,DRV-01045,VEH-0017,2024-04-20,24,0,completed
RTE-DET-20240420-001,HUB-DET,DRV-01021,VEH-0029,2024-04-20,39,0,completed
RTE-CIN-20240420-001,HUB-CIN,DRV-01008,VEH-0026,2024-04-20,19,6,completed
RTE-CIN-20240420-002,HUB-CIN,DRV-01003,VEH-0018,2024-04-20,18,0,completed
RTE-CMH-20240421-001,HUB-CMH,DRV-01015,VEH-0028,2024-04-21,55,0,completed
RTE-CHI-20240421-001,HUB-CHI,DRV-01005,VEH-0006,2024-04-21,18,1,completed
RTE-CHI-20240421-002,HUB-CHI,DRV-01035,VEH-0015,2024-04-21,57,3,completed
RTE-CIN-20240421-001,HUB-CIN,DRV-01002,VEH-0026,2024-04-21,45,0,completed
RTE-CHI-20240422-002,HUB-CHI,DRV-01007,VEH-0006,2024-04-22,56,0,completed
RTE-CHI-20240422-003,HUB-CHI,DRV-01012,VEH-0006,2024-04-22,43,0,completed
RTE-IND-20240422-001,HUB-IND,DRV-01032,VEH-0034,2024-04-22,38,0,completed
RTE-IND-20240422-002,HUB-IND,DRV-01042,VEH-0016,2024-04-22,50,0,completed
RTE-DET-20240422-002,HUB-DET,DRV-01021,VEH-0044,2024-04-22,58,0,completed
RTE-CIN-20240422-001,HUB-CIN,DRV-01038,VEH-0026,2024-04-22,21,5,completed
RTE-CMH-20240423-001,HUB-CMH,DRV-01044,VEH-0028,2024-04-23,46,0,completed
RTE-CMH-20240423-002,HUB-CMH,DRV-01044,VEH-0001,2024-04-23,61,0,canceled
RTE-IND-20240423-001,HUB-IND,DRV-01033,VEH-0043,2024-04-23,54,0,completed
RTE-IND-20240423-002,HUB-IND,DRV-01031,VEH-0009,2024-04-23,41,0,completed
RTE-DET-20240423-001,HUB-DET,DRV-01037,VEH-0022,2024-04-23,35,0,completed
RTE-DET-20240423-002,HUB-DET,DRV-01037,VEH-0022,2024-04-23,19,0,completed
RTE-CIN-20240423-001,HUB-CIN,DRV-01019,VEH-0026,2024-04-23,33,0,completed
RTE-CMH-20240424-001,HUB-CMH,DRV-01044,VEH-0021,2024-04-24,48,6,completed
RTE-CMH-20240424-003,HUB-CMH,DRV-01001,VEH-0041,2024-04-24,50,0,completed
RTE-CHI-20240424-001,HUB-CHI,DRV-01047,VEH-0042,2024-04-24,29,0,completed
RTE-IND-20240424-001,HUB-IND,DRV-01188,VEH-0017,2024-04-24,55,0,completed
RTE-DET-20240424-001,HUB-DET,DRV-01046,VEH-0044,2024-04-24,20,0,completed
RTE-DET-20240424-002,HUB-DET,DRV-01037,VEH-0022,2024-04-24,27,3,completed
RTE-DET-20240424-003,HUB-DET,DRV-01193,VEH-0022,2024-04-24,56,0,completed
RTE-CIN-20240424-001,HUB-CIN,DRV-01019,VEH-0025,2024-04-24,57,0,completed
RTE-CIN-20240424-002,HUB-CIN,DRV-01002,VEH-0018,2024-04-24,18,5,completed
RTE-CIN-20240424-003,HUB-CIN,DRV-01025,VEH-0018,2024-04-24,43,0,completed
RTE-CIN-20240424-004,HUB-CIN,DRV-01038,VEH-0026,2024-04-24,62,0,completed
RTE-CMH-20240425-001,HUB-CMH,DRV-01013,VEH-0001,2024-04-25,34,0,completed
RTE-CMH-20240425-002,HUB-CMH,DRV-01043,VEH-0028,2024-04-25,63,0,completed
RTE-CMH-20240425-003,HUB-CMH,DRV-01018,VEH-0038,2024-04-25,54,0,completed
RTE-CMH-20240425-004,HUB-CMH,DRV-01039,VEH-0038,2024-04-25,58,0,partial
RTE-CHI-20240425-001,HUB-CHI,DRV-01012,VEH-0042,2024-04-25,41,4,completed
RTE-CHI-20240425-002,HUB-CHI,DRV-01005,VEH-0042,2024-04-25,46,0,completed
RTE-IND-20240425-001,HUB-IND,DRV-01033,VEH-0023,2024-04-25,63,0,completed
RTE-IND-20240425-003,HUB-IND,DRV-01033,VEH-0043,2024-04-25,65,0,completed
RTE-IND-20240425-004,HUB-IND,DRV-01033,VEH-0008,2024-04-25,25,0,completed
RTE-DET-20240425-001,HUB-DET,DRV-01022,VEH-0022,2024-04-25,39,0,completed
RTE-DET-20240425-002,HUB-DET,DRV-01004,VEH-0022,2024-04-25,21,0,completed
RTE-CIN-20240425-001,HUB-CIN,DRV-01023,VEH-0032,2024-04-25,52,0,completed
RTE-CIN-20240425-002,HUB-CIN,DRV-01002,VEH-0018,2024-04-25,45,2,completed
RTE-CIN-20240425-003,HUB-CIN,DRV-01025,VEH-0026,2024-04-25,32,3,completed
RTE-CMH-20240426-001,HUB-CMH,DRV-01018,VEH-0003,2024-04-26,48,0,completed
RTE-CMH-20240426-002,HUB-CMH,DRV-01016,VEH-0038,2024-04-26,54,0,completed
RTE-CHI-20240426-001,HUB-CHI,DRV-01047,VEH-0005,2024-04-26,29,0,completed
RTE-CHI-20240426-002,HUB-CHI,DRV-01017,VEH-0002,2024-04-26,60,0,completed
RTE-IND-20240426-001,HUB-IND,DRV-01006,VEH-0034,2024-04-26,45,0,partial
RTE-IND-20240426-002,HUB-IND,DRV-01188,VEH-0043,2024-04-26,42,2,completed
RTE-IND-20240426-003,HUB-IND,DRV-01006,VEH-0043,2024-04-26,50,0,completed
RTE-DET-20240426-001,HUB-DET,DRV-01193,VEH-0024,2024-04-26,21,0,partial
RTE-DET-20240426-002,HUB-DET,DRV-01046,VEH-0044,2024-04-26,39,0,partial
RTE-DET-20240426-003,HUB-DET,DRV-01022,VEH-0044,2024-04-26,50,0,completed
RTE-CIN-20240426-001,HUB-CIN,DRV-01038,VEH-0032,2024-04-26,65,0,completed
RTE-CIN-20240426-002,HUB-CIN,DRV-01003,VEH-0036,2024-04-26,49,0,completed
RTE-CIN-20240426-003,HUB-CIN,DRV-01034,VEH-0026,2024-04-26,21,0,completed
RTE-CIN-20240426-004,HUB-CIN,DRV-01003,VEH-0018,2024-04-26,40,5,completed
RTE-CIN-20240426-005,HUB-CIN,DRV-01019,VEH-0032,2024-04-26,65,0,completed
RTE-CHI-20240427-001,HUB-CHI,DRV-01190,VEH-0006,2024-04-27,49,0,completed
RTE-DET-20240427-001,HUB-DET,DRV-01022,VEH-0024,2024-04-27,30,0,completed
RTE-DET-20240427-002,HUB-DET,DRV-01004,VEH-0024,2024-04-27,34,1,completed
RTE-CHI-20240428-001,HUB-CHI,DRV-01017,VEH-0002,2024-04-28,30,4,completed
RTE-IND-20240428-001,HUB-IND,DRV-01188,VEH-0034,2024-04-28,62,0,completed
RTE-DET-20240428-001,HUB-DET,DRV-01037,VEH-0044,2024-04-28,45,0,completed
RTE-DET-20240428-002,HUB-DET,DRV-01014,VEH-0044,2024-04-28,42,2,completed
RTE-CIN-20240428-001,HUB-CIN,DRV-01034,VEH-0025,2024-04-28,41,0,completed
RTE-CIN-20240428-002,HUB-CIN,DRV-01192,VEH-0026,2024-04-28,32,0,completed
RTE-CMH-20240429-001,HUB-CMH,DRV-01028,VEH-0033,2024-04-29,61,0,completed
RTE-CMH-20240429-002,HUB-CMH,DRV-01009,VEH-0033,2024-04-29,56,0,completed
RTE-IND-20240429-001,HUB-IND,DRV-01191,VEH-0016,2024-04-29,43,0,completed
RTE-DET-20240429-001,HUB-DET,DRV-01193,VEH-0022,2024-04-29,25,6,completed
RTE-DET-20240429-002,HUB-DET,DRV-01004,VEH-0022,2024-04-29,27,0,completed
RTE-DET-20240429-003,HUB-DET,DRV-01021,VEH-0022,2024-04-29,28,0,completed
RTE-CIN-20240429-001,HUB-CIN,DRV-01003,VEH-0018,2024-04-29,61,0,completed
RTE-CIN-20240429-002,HUB-CIN,DRV-01003,VEH-0020,2024-04-29,52,0,completed
RTE-CMH-20240430-001,HUB-CMH,DRV-01018,VEH-0035,2024-04-30,31,0,completed
RTE-CMH-20240430-002,HUB-CMH,DRV-01036,VEH-0003,2024-04-30,61,0,completed
RTE-CMH-20240430-003,HUB-CMH,DRV-01001,VEH-0007,2024-04-30,21,0,completed
RTE-CMH-20240430-004,HUB-CMH,DRV-01189,VEH-0033,2024-04-30,29,0,partial
RTE-CHI-20240430-001,HUB-CHI,DRV-01005,VEH-0002,2024-04-30,64,6,completed
RTE-CHI-20240430-002,HUB-CHI,DRV-01017,VEH-0006,2024-04-30,57,0,completed
RTE-DET-20240430-001,HUB-DET,DRV-01022,VEH-0022,2024-04-30,20,0,completed
RTE-DET-20240430-002,HUB-DET,DRV-01021,VEH-0044,2024-04-30,57,0,completed
RTE-CIN-20240430-001,HUB-CIN,DRV-01034,VEH-0027,2024-04-30,38,0,completed
RTE-CMH-20240501-001,HUB-CMH,DRV-01049,VEH-0038,2024-05-01,64,6,completed
RTE-CHI-20240501-001,HUB-CHI,DRV-01047,VEH-0015,2024-05-01,37,0,completed
RTE-CHI-20240501-002,HUB-CHI,DRV-01048,VEH-0005,2024-05-01,48,1,partial
RTE-CHI-20240501-003,HUB-CHI,DRV-01012,VEH-0006,2024-05-01,62,0,completed
RTE-IND-20240501-001,HUB-IND,DRV-01188,VEH-0023,2024-05-01,64,0,completed
RTE-IND-20240501-002,HUB-IND,DRV-01031,VEH-0023,2024-05-01,40,0,completed
RTE-DET-20240501-001,HUB-DET,DRV-01004,VEH-0044,2024-05-01,25,0,partial
RTE-DET-20240501-002,HUB-DET,DRV-01193,VEH-0029,2024-05-01,38,0,completed
RTE-DET-20240501-003,HUB-DET,DRV-01021,VEH-0024,2024-05-01,61,0,completed
RTE-DET-20240501-004,HUB-DET,DRV-01014,VEH-0024,2024-05-01,46,0,completed
RTE-DET-20240501-005,HUB-DET,DRV-01046,VEH-0022,2024-05-01,43,0,completed
RTE-CIN-20240501-001,HUB-CIN,DRV-01192,VEH-0018,2024-05-01,52,0,partial
RTE-CMH-20240502-001,HUB-CMH,DRV-01039,VEH-0021,2024-05-02,52,0,completed
RTE-CMH-20240502-002,HUB-CMH,DRV-01010,VEH-0028,2024-05-02,29,0,completed
RTE-CHI-20240502-001,HUB-CHI,DRV-01012,VEH-0037,2024-05-02,48,0,completed
RTE-CHI-20240502-002,HUB-CHI,DRV-01007,VEH-0042,2024-05-02,21,0,completed
RTE-CHI-20240502-003,HUB-CHI,DRV-01007,VEH-0015,2024-05-02,29,4,completed
RTE-CHI-20240502-004,HUB-CHI,DRV-01020,VEH-0015,2024-05-02,56,0,completed
RTE-CHI-20240502-005,HUB-CHI,DRV-01012,VEH-0006,2024-05-02,31,0,completed
RTE-CHI-20240502-006,HUB-CHI,DRV-01048,VEH-0037,2024-05-02,62,6,completed
RTE-CHI-20240502-007,HUB-CHI,DRV-01005,VEH-0005,2024-05-02,48,0,completed
RTE-CHI-20240502-008,HUB-CHI,DRV-01190,VEH-0005,2024-05-02,44,0,partial
RTE-IND-20240502-001,HUB-IND,DRV-01045,VEH-0013,2024-05-02,50,0,partial
RTE-IND-20240502-002,HUB-IND,DRV-01045,VEH-0034,2024-05-02,31,5,completed
RTE-IND-20240502-003,HUB-IND,DRV-01006,VEH-0016,2024-05-02,61,0,completed
RTE-DET-20240502-001,HUB-DET,DRV-01004,VEH-0029,2024-05-02,39,0,completed
RTE-DET-20240502-002,HUB-DET,DRV-01014,VEH-0029,2024-05-02,32,0,completed
RTE-DET-20240502-003,HUB-DET,DRV-01004,VEH-0022,2024-05-02,53,0,completed
RTE-DET-20240502-004,HUB-DET,DRV-01004,VEH-0044,2024-05-02,62,3,completed
RTE-CIN-20240502-001,HUB-CIN,DRV-01026,VEH-0020,2024-05-02,47,0,completed
RTE-CIN-20240502-002,HUB-CIN,DRV-01034,VEH-0025,2024-05-02,47,0,completed
RTE-CMH-20240503-001,HUB-CMH,DRV-01036,VEH-0041,2024-05-03,65,0,partial
RTE-CMH-20240503-002,HUB-CMH,DRV-01009,VEH-0028,2024-05-03,64,6,completed
RTE-CHI-20240503-001,HUB-CHI,DRV-01017,VEH-0037,2024-05-03,45,0,completed
RTE-IND-20240503-001,HUB-IND,DRV-01033,VEH-0013,2024-05-03,62,0,completed
RTE-IND-20240503-002,HUB-IND,DRV-01031,VEH-0023,2024-05-03,23,0,completed
RTE-IND-20240503-003,HUB-IND,DRV-01032,VEH-0023,2024-05-03,38,0,completed
RTE-DET-20240503-001,HUB-DET,DRV-01022,VEH-0024,2024-05-03,63,5,completed
RTE-DET-20240503-002,HUB-DET,DRV-01193,VEH-0044,2024-05-03,35,0,completed
RTE-DET-20240503-003,HUB-DET,DRV-01022,VEH-0029,2024-05-03,30,1,completed
RTE-DET-20240503-004,HUB-DET,DRV-01021,VEH-0022,2024-05-03,57,0,completed
RTE-CIN-20240503-001,HUB-CIN,DRV-01025,VEH-0026,2024-05-03,65,0,completed
RTE-CIN-20240503-002,HUB-CIN,DRV-01041,VEH-0020,2024-05-03,31,0,completed
RTE-CIN-20240503-003,HUB-CIN,DRV-01002,VEH-0036,2024-05-03,22,6,completed
RTE-CIN-20240503-004,HUB-CIN,DRV-01002,VEH-0025,2024-05-03,37,0,completed
RTE-CHI-20240504-001,HUB-CHI,DRV-01020,VEH-0004,2024-05-04,51,0,completed
RTE-IND-20240504-001,HUB-IND,DRV-01188,VEH-0043,2024-05-04,46,5,completed
RTE-DET-20240504-001,HUB-DET,DRV-01193,VEH-0029,2024-05-04,36,5,completed
RTE-CMH-20240505-001,HUB-CMH,DRV-01036,VEH-0007,2024-05-05,57,0,partial
RTE-CMH-20240505-002,HUB-CMH,DRV-01036,VEH-0035,2024-05-05,44,0,completed
RTE-CMH-20240506-001,HUB-CMH,DRV-01043,VEH-0035,2024-05-06,45,0,completed
RTE-CMH-20240506-002,HUB-CMH,DRV-01015,VEH-0031,2024-05-06,50,0,completed
RTE-CMH-20240506-003,HUB-CMH,DRV-01028,VEH-0021,2024-05-06,20,0,completed
RTE-CHI-20240506-001,HUB-CHI,DRV-01047,VEH-0037,2024-05-06,50,0,completed
RTE-CHI-20240506-002,HUB-CHI,DRV-01190,VEH-0004,2024-05-06,23,0,completed
RTE-CHI-20240506-003,HUB-CHI,DRV-01017,VEH-0015,2024-05-06,58,0,completed
RTE-IND-20240506-001,HUB-IND,DRV-01033,VEH-0016,2024-05-06,56,0,partial
RTE-IND-20240506-002,HUB-IND,DRV-01006,VEH-0023,2024-05-06,34,0,completed
RTE-DET-20240506-001,HUB-DET,DRV-01046,VEH-0044,2024-05-06,49,0,partial
RTE-DET-20240506-002,HUB-DET,DRV-01046,VEH-0022,2024-05-06,19,6,completed
RTE-CIN-20240506-001,HUB-CIN,DRV-01034,VEH-0018,2024-05-06,21,0,completed
RTE-CIN-20240506-002,HUB-CIN,DRV-01003,VEH-0018,2024-05-06,51,0,completed
RTE-CMH-20240507-001,HUB-CMH,DRV-01043,VEH-0033,2024-05-07,20,0,completed
RTE-CHI-20240507-001,HUB-CHI,DRV-01005,VEH-0005,2024-05-07,26,1,completed
RTE-IND-20240507-001,HUB-IND,DRV-01024,VEH-0013,2024-05-07,51,0,completed
RTE-DET-20240507-001,HUB-DET,DRV-01022,VEH-0024,2024-05-07,20,6,completed
RTE-CIN-20240507-001,HUB-CIN,DRV-01038,VEH-0020,2024-05-07,58,0,completed
RTE-CIN-20240507-002,HUB-CIN,DRV-01038,VEH-0020,2024-05-07,50,0,completed
RTE-CIN-20240507-003,HUB-CIN,DRV-01034,VEH-0032,2024-05-07,30,0,completed
RTE-CMH-20240508-001,HUB-CMH,DRV-01018,VEH-0001,2024-05-08,57,0,completed
RTE-CHI-20240508-001,HUB-CHI,DRV-01017,VEH-0019,2024-05-08,46,0,completed
RTE-CHI-20240508-002,HUB-CHI,DRV-01048,VEH-0042,2024-05-08,59,0,partial
RTE-CHI-20240508-003,HUB-CHI,DRV-01007,VEH-0037,2024-05-08,45,0,partial
RTE-IND-20240508-001,HUB-IND,DRV-01045,VEH-0016,2024-05-08,63,0,completed
RTE-IND-20240508-002,HUB-IND,DRV-01031,VEH-0017,2024-05-08,38,3,completed
RTE-IND-20240508-003,HUB-IND,DRV-01033,VEH-0008,2024-05-08,63,0,partial
RTE-DET-20240508-001,HUB-DET,DRV-01014,VEH-0022,2024-05-08,26,0,completed
RTE-DET-20240508-002,HUB-DET,DRV-01021,VEH-0022,2024-05-08,24,0,completed
RTE-CIN-20240508-002,HUB-CIN,DRV-01023,VEH-0020,2024-05-08,30,0,completed
RTE-CMH-20240509-001,HUB-CMH,DRV-01039,VEH-0038,2024-05-09,38,0,completed
RTE-CHI-20240509-001,HUB-CHI,DRV-01005,VEH-0006,2024-05-09,23,1,completed
RTE-IND-20240509-001,HUB-IND,DRV-01024,VEH-0043,2024-05-09,48,0,completed
RTE-IND-20240509-002,HUB-IND,DRV-01191,VEH-0017,2024-05-09,49,2,completed
RTE-IND-20240509-003,HUB-IND,DRV-01042,VEH-0016,2024-05-09,24,0,completed
RTE-IND-20240509-004,HUB-IND,DRV-01188,VEH-0013,2024-05-09,29,0,partial
RTE-DET-20240509-001,HUB-DET,DRV-01022,VEH-0044,2024-05-09,36,0,completed
RTE-DET-20240509-002,HUB-DET,DRV-01021,VEH-0022,2024-05-09,25,0,completed
RTE-DET-20240509-003,HUB-DET,DRV-01014,VEH-0044,2024-05-09,18,0,completed
RTE-CIN-20240509-001,HUB-CIN,DRV-01002,VEH-0026,2024-05-09,61,0,partial
RTE-CIN-20240509-002,HUB-CIN,DRV-01034,VEH-0020,2024-05-09,52,0,completed
RTE-CMH-20240510-001,HUB-CMH,DRV-01018,VEH-0021,2024-05-10,22,0,completed
RTE-CMH-20240510-002,HUB-CMH,DRV-01039,VEH-0007,2024-05-10,63,5,completed
RTE-CMH-20240510-003,HUB-CMH,DRV-01009,VEH-0031,2024-05-10,54,0,partial
RTE-IND-20240510-001,HUB-IND,DRV-01045,VEH-0013,2024-05-10,33,0,completed
RTE-IND-20240510-002,HUB-IND,DRV-01006,VEH-0008,2024-05-10,58,0,completed
RTE-IND-20240510-003,HUB-IND,DRV-01032,VEH-0023,2024-05-10,22,5,completed
RTE-IND-20240510-004,HUB-IND,DRV-01191,VEH-0016,2024-05-10,18,5,completed
RTE-DET-20240510-001,HUB-DET,DRV-01021,VEH-0029,2024-05-10,39,0,completed
RTE-DET-20240510-002,HUB-DET,DRV-01021,VEH-0024,2024-05-10,61,0,completed
RTE-CIN-20240510-001,HUB-CIN,DRV-01034,VEH-0026,2024-05-10,38,0,completed
RTE-CIN-20240510-002,HUB-CIN,DRV-01026,VEH-0026,2024-05-10,51,0,completed
RTE-CIN-20240510-003,HUB-CIN,DRV-01027,VEH-0026,2024-05-10,45,0,completed
RTE-CHI-20240511-001,HUB-CHI,DRV-01012,VEH-0015,2024-05-11,31,0,completed
RTE-CHI-20240511-002,HUB-CHI,DRV-01190,VEH-0019,2024-05-11,57,1,completed
RTE-DET-20240511-001,HUB-DET,DRV-01046,VEH-0029,2024-05-11,62,0,completed
RTE-DET-20240511-002,HUB-DET,DRV-01021,VEH-0024,2024-05-11,33,0,completed
RTE-DET-20240512-001,HUB-DET,DRV-01037,VEH-0024,2024-05-12,33,0,completed
RTE-CIN-20240512-001,HUB-CIN,DRV-01025,VEH-0032,2024-05-12,56,0,completed
RTE-CIN-20240512-002,HUB-CIN,DRV-01019,VEH-0020,2024-05-12,64,0,completed
RTE-CMH-20240513-001,HUB-CMH,DRV-01018,VEH-0038,2024-05-13,26,0,completed
RTE-CMH-20240513-002,HUB-CMH,DRV-01015,VEH-0001,2024-05-13,65,0,completed
RTE-CMH-20240513-003,HUB-CMH,DRV-01044,VEH-0028,2024-05-13,36,0,completed
RTE-CHI-20240513-001,HUB-CHI,DRV-01047,VEH-0006,2024-05-13,65,3,completed
RTE-CHI-20240513-002,HUB-CHI,DRV-01048,VEH-0042,2024-05-13,34,0,partial
RTE-CHI-20240513-003,HUB-CHI,DRV-01012,VEH-0006,2024-05-13,19,0,completed
RTE-IND-20240513-001,HUB-IND,DRV-01024,VEH-0017,2024-05-13,64,3,completed
RTE-DET-20240513-001,HUB-DET,DRV-01014,VEH-0044,2024-05-13,60,0,completed
RTE-CIN-20240513-001,HUB-CIN,DRV-01003,VEH-0027,2024-05-13,43,2,completed
RTE-CMH-20240514-001,HUB-CMH,DRV-01028,VEH-0038,2024-05-14,28,0,completed
RTE-CMH-20240514-002,HUB-CMH,DRV-01036,VEH-0007,2024-05-14,43,0,completed
RTE-IND-20240514-001,HUB-IND,DRV-01188,VEH-0009,2024-05-14,45,0,completed
RTE-IND-20240514-002,HUB-IND,DRV-01188,VEH-0016,2024-05-14,32,0,partial
RTE-IND-20240514-003,HUB-IND,DRV-01033,VEH-0023,2024-05-14,29,3,completed
RTE-IND-20240514-004,HUB-IND,DRV-01191,VEH-0008,2024-05-14,33,0,completed
RTE-IND-20240514-005,HUB-IND,DRV-01006,VEH-0008,2024-05-14,52,1,completed
RTE-DET-20240514-001,HUB-DET,DRV-01193,VEH-0022,2024-05-14,48,0,completed
RTE-DET-20240514-002,HUB-DET,DRV-01021,VEH-0029,2024-05-14,63,0,completed
RTE-CMH-20240515-001,HUB-CMH,DRV-01036,VEH-0003,2024-05-15,62,3,completed
RTE-CMH-20240515-002,HUB-CMH,DRV-01043,VEH-0041,2024-05-15,47,0,partial
RTE-CHI-20240515-001,HUB-CHI,DRV-01017,VEH-0006,2024-05-15,21,4,completed
RTE-CHI-20240515-002,HUB-CHI,DRV-01048,VEH-0015,2024-05-15,58,0,completed
RTE-CHI-20240515-003,HUB-CHI,DRV-01190,VEH-0037,2024-05-15,27,0,completed
RTE-CHI-20240515-004,HUB-CHI,DRV-01012,VEH-0002,2024-05-15,21,0,completed
RTE-IND-20240515-001,HUB-IND,DRV-01024,VEH-0008,2024-05-15,47,0,completed
RTE-IND-20240515-002,HUB-IND,DRV-01006,VEH-0013,2024-05-15,54,5,partial
RTE-DET-20240515-001,HUB-DET,DRV-01022,VEH-0022,2024-05-15,53,0,completed
RTE-CIN-20240515-001,HUB-CIN,DRV-01008,VEH-0027,2024-05-15,48,2,completed
RTE-CIN-20240515-002,HUB-CIN,DRV-01027,VEH-0026,2024-05-15,48,0,completed
RTE-CIN-20240515-003,HUB-CIN,DRV-01192,VEH-0025,2024-05-15,40,0,completed
RTE-CIN-20240515-004,HUB-CIN,DRV-01192,VEH-0020,2024-05-15,23,0,partial
RTE-CIN-20240515-005,HUB-CIN,DRV-01003,VEH-0020,2024-05-15,52,0,completed
RTE-CMH-20240516-001,HUB-CMH,DRV-01028,VEH-0021,2024-05-16,57,0,partial
RTE-CMH-20240516-002,HUB-CMH,DRV-01040,VEH-0001,2024-05-16,59,0,partial
RTE-CHI-20240516-001,HUB-CHI,DRV-01020,VEH-0037,2024-05-16,56,0,partial
RTE-CHI-20240516-002,HUB-CHI,DRV-01005,VEH-0005,2024-05-16,47,0,completed
RTE-IND-20240516-001,HUB-IND,DRV-01031,VEH-0013,2024-05-16,65,0,completed
RTE-IND-20240516-002,HUB-IND,DRV-01006,VEH-0043,2024-05-16,46,2,completed
RTE-DET-20240516-001,HUB-DET,DRV-01022,VEH-0044,2024-05-16,19,4,completed
RTE-CIN-20240516-001,HUB-CIN,DRV-01034,VEH-0032,2024-05-16,50,0,completed
RTE-CIN-20240516-002,HUB-CIN,DRV-01041,VEH-0036,2024-05-16,21,0,completed
RTE-CMH-20240517-001,HUB-CMH,DRV-01010,VEH-0028,2024-05-17,40,6,completed
RTE-CMH-20240517-002,HUB-CMH,DRV-01018,VEH-0038,2024-05-17,38,0,completed
RTE-CMH-20240517-003,HUB-CMH,DRV-01016,VEH-0028,2024-05-17,41,0,completed
RTE-CMH-20240517-004,HUB-CMH,DRV-01013,VEH-0035,2024-05-17,52,0,completed
RTE-CHI-20240517-001,HUB-CHI,DRV-01048,VEH-0006,2024-05-17,65,4,partial
RTE-IND-20240517-002,HUB-IND,DRV-01191,VEH-0008,2024-05-17,57,0,completed
RTE-IND-20240517-003,HUB-IND,DRV-01191,VEH-0008,2024-05-17,63,0,completed
RTE-IND-20240517-004,HUB-IND,DRV-01033,VEH-0016,2024-05-17,25,3,completed
RTE-DET-20240517-001,HUB-DET,DRV-01014,VEH-0029,2024-05-17,28,0,completed
RTE-DET-20240517-002,HUB-DET,DRV-01004,VEH-0029,2024-05-17,33,0,completed
RTE-CIN-20240517-001,HUB-CIN,DRV-01041,VEH-0026,2024-05-17,32,0,completed
RTE-CIN-20240517-002,HUB-CIN,DRV-01034,VEH-0036,2024-05-17,21,2,completed
RTE-CHI-20240518-001,HUB-CHI,DRV-01190,VEH-0019,2024-05-18,26,0,completed
RTE-CHI-20240518-002,HUB-CHI,DRV-01035,VEH-0002,2024-05-18,28,0,completed
RTE-IND-20240518-001,HUB-IND,DRV-01006,VEH-0034,2024-05-18,53,0,partial
RTE-IND-20240519-001,HUB-IND,DRV-01188,VEH-0017,2024-05-19,62,0,completed
RTE-CMH-20240520-001,HUB-CMH,DRV-01040,VEH-0035,2024-05-20,47,0,completed
RTE-CHI-20240520-001,HUB-CHI,DRV-01012,VEH-0005,2024-05-20,45,0,completed
RTE-CHI-20240520-002,HUB-CHI,DRV-01017,VEH-0006,2024-05-20,33,0,completed
RTE-CHI-20240520-003,HUB-CHI,DRV-01017,VEH-0015,2024-05-20,41,0,completed
RTE-CHI-20240520-004,HUB-CHI,DRV-01190,VEH-0042,2024-05-20,51,0,completed
RTE-IND-20240520-001,HUB-IND,DRV-01032,VEH-0016,2024-05-20,55,0,completed
RTE-IND-20240520-002,HUB-IND,DRV-01033,VEH-0009,2024-05-20,25,0,completed
RTE-DET-20240520-001,HUB-DET,DRV-01046,VEH-0022,2024-05-20,41,0,completed
RTE-DET-20240520-002,HUB-DET,DRV-01037,VEH-0029,2024-05-20,19,0,completed
RTE-CIN-20240520-001,HUB-CIN,DRV-01002,VEH-0020,2024-05-20,32,0,completed
RTE-CIN-20240520-002,HUB-CIN,DRV-01008,VEH-0032,2024-05-20,61,0,completed
RTE-CIN-20240520-003,HUB-CIN,DRV-01019,VEH-0025,2024-05-20,63,0,partial
RTE-CHI-20240521-001,HUB-CHI,DRV-01048,VEH-0042,2024-05-21,55,0,completed
RTE-CHI-20240521-002,HUB-CHI,DRV-01048,VEH-0004,2024-05-21,22,0,completed
RTE-CHI-20240521-003,HUB-CHI,DRV-01190,VEH-0002,2024-05-21,40,0,completed
RTE-CHI-20240521-004,HUB-CHI,DRV-01190,VEH-0005,2024-05-21,41,0,completed
RTE-IND-20240521-001,HUB-IND,DRV-01031,VEH-0043,2024-05-21,39,4,completed
RTE-IND-20240521-002,HUB-IND,DRV-01032,VEH-0034,2024-05-21,38,0,completed
RTE-DET-20240521-001,HUB-DET,DRV-01046,VEH-0029,2024-05-21,62,0,completed
RTE-CMH-20240522-001,HUB-CMH,DRV-01001,VEH-0001,2024-05-22,34,0,completed
RTE-IND-20240522-001,HUB-IND,DRV-01045,VEH-0013,2024-05-22,46,0,completed
RTE-IND-20240522-002,HUB-IND,DRV-01033,VEH-0017,2024-05-22,34,0,completed
RTE-IND-20240522-003,HUB-IND,DRV-01024,VEH-0017,2024-05-22,52,0,completed
RTE-DET-20240522-001,HUB-DET,DRV-01037,VEH-0022,2024-05-22,29,0,completed
RTE-DET-20240522-002,HUB-DET,DRV-01037,VEH-0029,2024-05-22,52,5,completed
RTE-DET-20240522-003,HUB-DET,DRV-01046,VEH-0022,2024-05-22,45,0,partial
RTE-CMH-20240523-001,HUB-CMH,DRV-01016,VEH-0007,2024-05-23,19,0,completed
RTE-CHI-20240523-001,HUB-CHI,DRV-01048,VEH-0006,2024-05-23,56,4,partial
RTE-CHI-20240523-002,HUB-CHI,DRV-01190,VEH-0006,2024-05-23,48,0,completed
RTE-CHI-20240523-003,HUB-CHI,DRV-01190,VEH-0019,2024-05-23,29,0,completed
RTE-IND-20240523-001,HUB-IND,DRV-01033,VEH-0023,2024-05-23,58,2,completed
RTE-IND-20240523-002,HUB-IND,DRV-01032,VEH-0009,2024-05-23,46,0,completed
RTE-IND-20240523-003,HUB-IND,DRV-01031,VEH-0016,2024-05-23,57,5,completed
RTE-IND-20240523-004,HUB-IND,DRV-01188,VEH-0043,2024-05-23,59,0,completed
RTE-IND-20240523-005,HUB-IND,DRV-01032,VEH-0034,2024-05-23,36,3,completed
RTE-DET-20240523-001,HUB-DET,DRV-01004,VEH-0022,2024-05-23,22,0,completed
RTE-DET-20240523-002,HUB-DET,DRV-01004,VEH-0029,2024-05-23,34,0,completed
RTE-CIN-20240523-002,HUB-CIN,DRV-01002,VEH-0032,2024-05-23,63,0,completed
RTE-CMH-20240524-001,HUB-CMH,DRV-01043,VEH-0033,2024-05-24,34,0,completed
RTE-CHI-20240524-001,HUB-CHI,DRV-01048,VEH-0037,2024-05-24,32,3,completed
RTE-CHI-20240524-002,HUB-CHI,DRV-01020,VEH-0042,2024-05-24,41,0,completed
RTE-IND-20240524-001,HUB-IND,DRV-01024,VEH-0023,2024-05-24,24,2,completed
RTE-CMH-20240525-001,HUB-CMH,DRV-01015,VEH-0041,2024-05-25,24,2,completed
RTE-IND-20240525-001,HUB-IND,DRV-01191,VEH-0008,2024-05-25,50,3,completed
RTE-IND-20240525-002,HUB-IND,DRV-01006,VEH-0034,2024-05-25,31,0,completed
RTE-DET-20240526-001,HUB-DET,DRV-01014,VEH-0022,2024-05-26,37,0,completed
RTE-CMH-20240527-001,HUB-CMH,DRV-01189,VEH-0038,2024-05-27,23,2,completed
RTE-CMH-20240527-002,HUB-CMH,DRV-01044,VEH-0038,2024-05-27,50,6,completed
RTE-CHI-20240527-001,HUB-CHI,DRV-01190,VEH-0042,2024-05-27,53,0,completed
RTE-CHI-20240527-002,HUB-CHI,DRV-01005,VEH-0042,2024-05-27,29,0,completed
RTE-CHI-20240527-003,HUB-CHI,DRV-01005,VEH-0004,2024-05-27,61,0,completed
RTE-CHI-20240527-005,HUB-CHI,DRV-01007,VEH-0042,2024-05-27,62,0,completed
RTE-IND-20240527-001,HUB-IND,DRV-01045,VEH-0017,2024-05-27,39,0,completed
RTE-IND-20240527-002,HUB-IND,DRV-01031,VEH-0017,2024-05-27,39,0,completed
RTE-IND-20240527-003,HUB-IND,DRV-01045,VEH-0034,2024-05-27,33,0,completed
RTE-IND-20240527-004,HUB-IND,DRV-01032,VEH-0017,2024-05-27,29,3,completed
RTE-IND-20240527-005,HUB-IND,DRV-01188,VEH-0008,2024-05-27,48,4,completed
RTE-DET-20240527-001,HUB-DET,DRV-01021,VEH-0022,2024-05-27,46,0,completed
RTE-DET-20240527-002,HUB-DET,DRV-01037,VEH-0044,2024-05-27,42,0,completed
RTE-CIN-20240527-001,HUB-CIN,DRV-01034,VEH-0026,2024-05-27,20,0,partial
RTE-CIN-20240527-002,HUB-CIN,DRV-01019,VEH-0032,2024-05-27,53,0,completed
RTE-CIN-20240527-003,HUB-CIN,DRV-01002,VEH-0025,2024-05-27,32,0,completed
RTE-CMH-20240528-001,HUB-CMH,DRV-01039,VEH-0021,2024-05-28,64,0,partial
RTE-CMH-20240528-002,HUB-CMH,DRV-01016,VEH-0021,2024-05-28,40,3,completed
RTE-CHI-20240528-001,HUB-CHI,DRV-01007,VEH-0019,2024-05-28,21,4,completed
RTE-IND-20240528-001,HUB-IND,DRV-01033,VEH-0034,2024-05-28,54,0,completed
RTE-IND-20240528-002,HUB-IND,DRV-01033,VEH-0008,2024-05-28,44,0,completed
RTE-DET-20240528-001,HUB-DET,DRV-01022,VEH-0024,2024-05-28,50,0,completed
RTE-DET-20240528-002,HUB-DET,DRV-01193,VEH-0044,2024-05-28,21,3,completed
RTE-CIN-20240528-001,HUB-CIN,DRV-01192,VEH-0036,2024-05-28,43,5,partial
RTE-CIN-20240528-002,HUB-CIN,DRV-01026,VEH-0036,2024-05-28,25,0,completed
RTE-CIN-20240528-003,HUB-CIN,DRV-01041,VEH-0025,2024-05-28,55,0,completed
RTE-CIN-20240528-004,HUB-CIN,DRV-01041,VEH-0018,2024-05-28,28,0,completed
RTE-CIN-20240528-005,HUB-CIN,DRV-01019,VEH-0036,2024-05-28,63,0,completed
RTE-CMH-20240529-001,HUB-CMH,DRV-01001,VEH-0028,2024-05-29,55,0,completed
RTE-CMH-20240529-002,HUB-CMH,DRV-01036,VEH-0033,2024-05-29,50,0,completed
RTE-CMH-20240529-003,HUB-CMH,DRV-01016,VEH-0031,2024-05-29,56,0,completed
RTE-IND-20240529-001,HUB-IND,DRV-01045,VEH-0017,2024-05-29,24,5,completed
RTE-IND-20240529-002,HUB-IND,DRV-01006,VEH-0008,2024-05-29,51,0,partial
RTE-IND-20240529-003,HUB-IND,DRV-01006,VEH-0008,2024-05-29,24,0,completed
RTE-IND-20240529-004,HUB-IND,DRV-01045,VEH-0008,2024-05-29,25,0,completed
RTE-DET-20240529-001,HUB-DET,DRV-01193,VEH-0029,2024-05-29,35,5,completed
RTE-DET-20240529-002,HUB-DET,DRV-01046,VEH-0022,2024-05-29,22,0,completed
RTE-CIN-20240529-001,HUB-CIN,DRV-01003,VEH-0020,2024-05-29,45,0,completed
RTE-CMH-20240530-001,HUB-CMH,DRV-01040,VEH-0031,2024-05-30,42,0,completed
RTE-CHI-20240530-001,HUB-CHI,DRV-01005,VEH-0004,2024-05-30,18,0,completed
RTE-CHI-20240530-002,HUB-CHI,DRV-01190,VEH-0005,2024-05-30,30,0,completed
RTE-CHI-20240530-003,HUB-CHI,DRV-01047,VEH-0004,2024-05-30,27,0,completed
RTE-IND-20240530-002,HUB-IND,DRV-01033,VEH-0008,2024-05-30,29,0,completed
RTE-IND-20240530-003,HUB-IND,DRV-01188,VEH-0016,2024-05-30,63,0,completed
RTE-DET-20240530-001,HUB-DET,DRV-01193,VEH-0022,2024-05-30,61,0,completed
RTE-DET-20240530-002,HUB-DET,DRV-01193,VEH-0022,2024-05-30,43,0,completed
RTE-CIN-20240530-001,HUB-CIN,DRV-01019,VEH-0027,2024-05-30,38,0,partial
RTE-CIN-20240530-002,HUB-CIN,DRV-01041,VEH-0036,2024-05-30,47,0,completed
RTE-CMH-20240531-001,HUB-CMH,DRV-01189,VEH-0001,2024-05-31,65,0,completed
RTE-IND-20240531-001,HUB-IND,DRV-01006,VEH-0009,2024-05-31,58,6,completed
RTE-IND-20240531-002,HUB-IND,DRV-01191,VEH-0043,2024-05-31,38,0,partial
RTE-DET-20240531-001,HUB-DET,DRV-01014,VEH-0022,2024-05-31,24,0,completed
RTE-DET-20240531-002,HUB-DET,DRV-01021,VEH-0024,2024-05-31,40,0,partial
RTE-CIN-20240531-001,HUB-CIN,DRV-01038,VEH-0032,2024-05-31,62,0,completed
RTE-CIN-20240531-003,HUB-CIN,DRV-01023,VEH-0032,2024-05-31,59,0,completed
RTE-CMH-20240601-001,HUB-CMH,DRV-01010,VEH-0021,2024-06-01,52,0,completed
RTE-IND-20240601-001,HUB-IND,DRV-01191,VEH-0008,2024-06-01,39,0,completed
RTE-DET-20240601-001,HUB-DET,DRV-01046,VEH-0044,2024-06-01,25,6,completed
RTE-CMH-20240602-001,HUB-CMH,DRV-01036,VEH-0028,2024-06-02,36,2,completed
RTE-CHI-20240602-001,HUB-CHI,DRV-01011,VEH-0005,2024-06-02,34,0,completed
RTE-IND-20240602-001,HUB-IND,DRV-01031,VEH-0008,2024-06-02,31,0,partial
RTE-IND-20240602-002,HUB-IND,DRV-01188,VEH-0017,2024-06-02,59,0,completed
RTE-CMH-20240603-001,HUB-CMH,DRV-01189,VEH-0038,2024-06-03,23,0,completed
RTE-CMH-20240603-002,HUB-CMH,DRV-01189,VEH-0021,2024-06-03,31,0,completed
RTE-CHI-20240603-001,HUB-CHI,DRV-01020,VEH-0004,2024-06-03,36,0,completed
RTE-CHI-20240603-002,HUB-CHI,DRV-01035,VEH-0005,2024-06-03,41,0,completed
RTE-CHI-20240603-003,HUB-CHI,DRV-01190,VEH-0004,2024-06-03,40,0,completed
RTE-CHI-20240603-004,HUB-CHI,DRV-01007,VEH-0006,2024-06-03,48,0,completed
RTE-CHI-20240603-005,HUB-CHI,DRV-01017,VEH-0019,2024-06-03,52,0,completed
RTE-IND-20240603-001,HUB-IND,DRV-01042,VEH-0034,2024-06-03,48,2,completed
RTE-DET-20240603-001,HUB-DET,DRV-01037,VEH-0044,2024-06-03,27,1,completed
RTE-CIN-20240603-001,HUB-CIN,DRV-01026,VEH-0036,2024-06-03,27,0,completed
RTE-CIN-20240603-002,HUB-CIN,DRV-01023,VEH-0036,2024-06-03,29,0,completed
RTE-CIN-20240603-003,HUB-CIN,DRV-01026,VEH-0026,2024-06-03,36,1,completed
RTE-CIN-20240603-004,HUB-CIN,DRV-01192,VEH-0036,2024-06-03,65,0,completed
RTE-CIN-20240603-005,HUB-CIN,DRV-01192,VEH-0036,2024-06-03,31,0,completed
RTE-CMH-20240604-001,HUB-CMH,DRV-01013,VEH-0021,2024-06-04,56,0,completed
RTE-CHI-20240604-001,HUB-CHI,DRV-01190,VEH-0037,2024-06-04,31,0,completed
RTE-CHI-20240604-002,HUB-CHI,DRV-01011,VEH-0005,2024-06-04,33,2,completed
RTE-IND-20240604-001,HUB-IND,DRV-01033,VEH-0009,2024-06-04,51,0,completed
RTE-IND-20240604-002,HUB-IND,DRV-01191,VEH-0043,2024-06-04,42,5,completed
RTE-IND-20240604-003,HUB-IND,DRV-01024,VEH-0043,2024-06-04,34,0,completed
RTE-IND-20240604-004,HUB-IND,DRV-01033,VEH-0043,2024-06-04,38,0,completed
RTE-IND-20240604-005,HUB-IND,DRV-01045,VEH-0034,2024-06-04,35,0,completed
RTE-IND-20240604-006,HUB-IND,DRV-01024,VEH-0008,2024-06-04,65,0,partial
RTE-IND-20240604-007,HUB-IND,DRV-01031,VEH-0017,2024-06-04,25,0,completed
RTE-DET-20240604-001,HUB-DET,DRV-01046,VEH-0044,2024-06-04,21,0,completed
RTE-DET-20240604-002,HUB-DET,DRV-01022,VEH-0024,2024-06-04,38,0,completed
RTE-DET-20240604-003,HUB-DET,DRV-01021,VEH-0044,2024-06-04,41,0,completed
RTE-CIN-20240604-001,HUB-CIN,DRV-01002,VEH-0018,2024-06-04,37,0,completed
RTE-CIN-20240604-002,HUB-CIN,DRV-01003,VEH-0032,2024-06-04,48,6,completed
RTE-CIN-20240604-003,HUB-CIN,DRV-01008,VEH-0018,2024-06-04,56,0,completed
RTE-CIN-20240604-004,HUB-CIN,DRV-01023,VEH-0026,2024-06-04,40,0,completed
RTE-CIN-20240604-005,HUB-CIN,DRV-01027,VEH-0027,2024-06-04,54,0,completed
RTE-CMH-20240605-001,HUB-CMH,DRV-01039,VEH-0007,2024-06-05,49,0,completed
RTE-CHI-20240605-001,HUB-CHI,DRV-01017,VEH-0006,2024-06-05,39,0,partial
RTE-IND-20240605-001,HUB-IND,DRV-01024,VEH-0034,2024-06-05,43,0,completed
RTE-IND-20240605-002,HUB-IND,DRV-01042,VEH-0008,2024-06-05,60,2,completed
RTE-IND-20240605-003,HUB-IND,DRV-01006,VEH-0023,2024-06-05,30,0,partial
RTE-IND-20240605-004,HUB-IND,DRV-01006,VEH-0013,2024-06-05,32,0,completed
RTE-IND-20240605-005,HUB-IND,DRV-01032,VEH-0013,2024-06-05,41,5,completed
RTE-DET-20240605-001,HUB-DET,DRV-01046,VEH-0024,2024-06-05,43,0,partial
RTE-DET-20240605-002,HUB-DET,DRV-01022,VEH-0024,2024-06-05,20,0,completed
RTE-CIN-20240605-001,HUB-CIN,DRV-01003,VEH-0036,2024-06-05,47,0,completed
RTE-CIN-20240605-002,HUB-CIN,DRV-01002,VEH-0025,2024-06-05,44,0,completed
RTE-CIN-20240605-003,HUB-CIN,DRV-01008,VEH-0018,2024-06-05,55,6,completed
RTE-CIN-20240605-004,HUB-CIN,DRV-01023,VEH-0025,2024-06-05,61,0,completed
RTE-IND-20240606-001,HUB-IND,DRV-01006,VEH-0008,2024-06-06,39,5,completed
RTE-DET-20240606-002,HUB-DET,DRV-01046,VEH-0022,2024-06-06,30,0,partial
RTE-DET-20240606-003,HUB-DET,DRV-01037,VEH-0022,2024-06-06,28,0,partial
RTE-DET-20240606-004,HUB-DET,DRV-01014,VEH-0029,2024-06-06,62,0,partial
RTE-CIN-20240606-001,HUB-CIN,DRV-01008,VEH-0036,2024-06-06,51,0,completed
RTE-CIN-20240606-002,HUB-CIN,DRV-01038,VEH-0036,2024-06-06,65,0,completed
RTE-CMH-20240607-001,HUB-CMH,DRV-01015,VEH-0031,2024-06-07,61,0,completed
RTE-CMH-20240607-002,HUB-CMH,DRV-01009,VEH-0003,2024-06-07,23,4,completed
RTE-CHI-20240607-001,HUB-CHI,DRV-01048,VEH-0015,2024-06-07,38,5,completed
RTE-CHI-20240607-002,HUB-CHI,DRV-01012,VEH-0015,2024-06-07,41,0,completed
RTE-CHI-20240607-003,HUB-CHI,DRV-01007,VEH-0037,2024-06-07,27,0,partial
RTE-IND-20240607-001,HUB-IND,DRV-01188,VEH-0013,2024-06-07,44,0,completed
RTE-IND-20240607-002,HUB-IND,DRV-01045,VEH-0013,2024-06-07,25,5,completed
RTE-IND-20240607-003,HUB-IND,DRV-01042,VEH-0017,2024-06-07,55,0,completed
RTE-DET-20240607-001,HUB-DET,DRV-01021,VEH-0024,2024-06-07,38,0,completed
RTE-CIN-20240607-001,HUB-CIN,DRV-01192,VEH-0018,2024-06-07,21,0,completed
RTE-CMH-20240608-001,HUB-CMH,DRV-01010,VEH-0035,2024-06-08,31,4,completed
RTE-CHI-20240608-001,HUB-CHI,DRV-01020,VEH-0004,2024-06-08,59,1,completed
RTE-DET-20240608-001,HUB-DET,DRV-01037,VEH-0044,2024-06-08,39,6,completed
RTE-CIN-20240608-001,HUB-CIN,DRV-01034,VEH-0027,2024-06-08,56,0,completed
RTE-CHI-20240609-001,HUB-CHI,DRV-01190,VEH-0042,2024-06-09,24,0,completed
RTE-DET-20240609-001,HUB-DET,DRV-01037,VEH-0024,2024-06-09,43,2,partial
RTE-DET-20240609-002,HUB-DET,DRV-01021,VEH-0029,2024-06-09,43,2,partial
RTE-CMH-20240610-001,HUB-CMH,DRV-01018,VEH-0001,2024-06-10,58,0,completed
RTE-CMH-20240610-002,HUB-CMH,DRV-01018,VEH-0007,2024-06-10,30,0,completed
RTE-CMH-20240610-003,HUB-CMH,DRV-01036,VEH-0035,2024-06-10,33,0,completed
RTE-CHI-20240610-001,HUB-CHI,DRV-01007,VEH-0004,2024-06-10,33,3,completed
RTE-CHI-20240610-002,HUB-CHI,DRV-01017,VEH-0005,2024-06-10,48,0,completed
RTE-CHI-20240610-003,HUB-CHI,DRV-01190,VEH-0019,2024-06-10,22,0,completed
RTE-IND-20240610-001,HUB-IND,DRV-01031,VEH-0013,2024-06-10,21,0,completed
RTE-IND-20240610-002,HUB-IND,DRV-01032,VEH-0017,2024-06-10,43,0,completed
RTE-DET-20240610-001,HUB-DET,DRV-01022,VEH-0024,2024-06-10,55,0,completed
RTE-DET-20240610-003,HUB-DET,DRV-01004,VEH-0022,2024-06-10,60,0,completed
RTE-CIN-20240610-001,HUB-CIN,DRV-01026,VEH-0027,2024-06-10,62,5,partial
RTE-CIN-20240610-002,HUB-CIN,DRV-01023,VEH-0027,2024-06-10,60,0,completed
RTE-CIN-20240610-003,HUB-CIN,DRV-01023,VEH-0020,2024-06-10,34,3,canceled
RTE-CMH-20240611-001,HUB-CMH,DRV-01016,VEH-0003,2024-06-11,24,0,completed
RTE-CMH-20240611-002,HUB-CMH,DRV-01049,VEH-0007,2024-06-11,51,0,completed
RTE-CMH-20240611-003,HUB-CMH,DRV-01015,VEH-0007,2024-06-11,44,0,completed
RTE-CHI-20240611-001,HUB-CHI,DRV-01005,VEH-0005,2024-06-11,37,0,completed
RTE-CHI-20240611-002,HUB-CHI,DRV-01012,VEH-0002,2024-06-11,46,2,completed
RTE-IND-20240611-001,HUB-IND,DRV-01024,VEH-0017,2024-06-11,44,0,partial
RTE-IND-20240611-002,HUB-IND,DRV-01032,VEH-0043,2024-06-11,56,0,completed
RTE-IND-20240611-003,HUB-IND,DRV-01033,VEH-0008,2024-06-11,52,0,completed
RTE-IND-20240611-004,HUB-IND,DRV-01031,VEH-0013,2024-06-11,39,3,completed
RTE-DET-20240611-001,HUB-DET,DRV-01022,VEH-0029,2024-06-11,32,5,completed
RTE-DET-20240611-002,HUB-DET,DRV-01037,VEH-0024,2024-06-11,23,0,partial
RTE-DET-20240611-003,HUB-DET,DRV-01014,VEH-0024,2024-06-11,49,0,completed
RTE-CIN-20240611-001,HUB-CIN,DRV-01041,VEH-0025,2024-06-11,39,0,completed
RTE-CIN-20240611-002,HUB-CIN,DRV-01192,VEH-0036,2024-06-11,59,5,completed
RTE-CIN-20240611-003,HUB-CIN,DRV-01008,VEH-0027,2024-06-11,51,0,completed
RTE-CIN-20240611-004,HUB-CIN,DRV-01025,VEH-0025,2024-06-11,42,0,completed
RTE-CMH-20240612-001,HUB-CMH,DRV-01040,VEH-0035,2024-06-12,60,0,completed
RTE-CMH-20240612-002,HUB-CMH,DRV-01010,VEH-0035,2024-06-12,55,0,completed
RTE-CMH-20240612-003,HUB-CMH,DRV-01028,VEH-0033,2024-06-12,20,4,completed
RTE-CMH-20240612-004,HUB-CMH,DRV-01013,VEH-0001,2024-06-12,26,4,completed
RTE-CHI-20240612-001,HUB-CHI,DRV-01017,VEH-0005,2024-06-12,65,0,partial
RTE-CHI-20240612-002,HUB-CHI,DRV-01005,VEH-0002,2024-06-12,28,0,partial
RTE-IND-20240612-001,HUB-IND,DRV-01032,VEH-0023,2024-06-12,21,0,completed
RTE-IND-20240612-002,HUB-IND,DRV-01031,VEH-0043,2024-06-12,38,0,completed
RTE-DET-20240612-001,HUB-DET,DRV-01021,VEH-0044,2024-06-12,55,0,completed
RTE-DET-20240612-002,HUB-DET,DRV-01014,VEH-0044,2024-06-12,29,6,completed
RTE-DET-20240612-003,HUB-DET,DRV-01046,VEH-0024,2024-06-12,23,0,completed
RTE-CIN-20240612-001,HUB-CIN,DRV-01019,VEH-0025,2024-06-12,37,0,completed
RTE-CIN-20240612-002,HUB-CIN,DRV-01026,VEH-0026,2024-06-12,60,4,completed
RTE-CIN-20240612-003,HUB-CIN,DRV-01003,VEH-0036,2024-06-12,61,0,completed
RTE-CIN-20240612-004,HUB-CIN,DRV-01023,VEH-0026,2024-06-12,60,0,completed
RTE-CMH-20240613-001,HUB-CMH,DRV-01039,VEH-0028,2024-06-13,59,0,partial
RTE-CMH-20240613-002,HUB-CMH,DRV-01010,VEH-0001,2024-06-13,32,5,completed
RTE-CHI-20240613-001,HUB-CHI,DRV-01020,VEH-0037,2024-06-13,58,0,completed
RTE-IND-20240613-001,HUB-IND,DRV-01045,VEH-0017,2024-06-13,31,0,completed
RTE-IND-20240613-002,HUB-IND,DRV-01191,VEH-0043,2024-06-13,23,0,completed
RTE-CIN-20240613-001,HUB-CIN,DRV-01002,VEH-0026,2024-06-13,37,0,completed
RTE-CIN-20240613-002,HUB-CIN,DRV-01003,VEH-0027,2024-06-13,20,0,partial
RTE-CIN-20240613-003,HUB-CIN,DRV-01038,VEH-0025,2024-06-13,40,2,completed
RTE-CMH-20240614-001,HUB-CMH,DRV-01010,VEH-0021,2024-06-14,18,0,completed
RTE-CMH-20240614-002,HUB-CMH,DRV-01016,VEH-0033,2024-06-14,27,0,completed
RTE-CHI-20240614-001,HUB-CHI,DRV-01048,VEH-0037,2024-06-14,25,0,completed
RTE-CHI-20240614-002,HUB-CHI,DRV-01048,VEH-0015,2024-06-14,50,0,completed
RTE-CHI-20240614-003,HUB-CHI,DRV-01017,VEH-0005,2024-06-14,30,0,completed
RTE-IND-20240614-001,HUB-IND,DRV-01032,VEH-0023,2024-06-14,62,0,completed
RTE-IND-20240614-002,HUB-IND,DRV-01033,VEH-0023,2024-06-14,46,0,completed
RTE-IND-20240614-003,HUB-IND,DRV-01033,VEH-0023,2024-06-14,34,0,completed
RTE-IND-20240614-004,HUB-IND,DRV-01042,VEH-0043,2024-06-14,56,3,completed
RTE-IND-20240614-005,HUB-IND,DRV-01188,VEH-0017,2024-06-14,58,0,completed
RTE-DET-20240614-001,HUB-DET,DRV-01037,VEH-0022,2024-06-14,49,0,completed
RTE-DET-20240614-002,HUB-DET,DRV-01014,VEH-0024,2024-06-14,23,0,completed
RTE-DET-20240614-004,HUB-DET,DRV-01004,VEH-0044,2024-06-14,50,0,completed
RTE-DET-20240614-005,HUB-DET,DRV-01004,VEH-0022,2024-06-14,40,0,completed
RTE-DET-20240614-006,HUB-DET,DRV-01021,VEH-0022,2024-06-14,64,3,completed
RTE-CIN-20240614-001,HUB-CIN,DRV-01038,VEH-0027,2024-06-14,64,0,completed
RTE-CIN-20240614-002,HUB-CIN,DRV-01026,VEH-0026,2024-06-14,34,0,completed
RTE-CIN-20240614-003,HUB-CIN,DRV-01008,VEH-0032,2024-06-14,49,1,completed
RTE-CIN-20240614-004,HUB-CIN,DRV-01192,VEH-0027,2024-06-14,33,0,completed
RTE-DET-20240615-001,HUB-DET,DRV-01046,VEH-0024,2024-06-15,24,0,completed
RTE-CHI-20240616-001,HUB-CHI,DRV-01048,VEH-0037,2024-06-16,22,6,completed
RTE-CIN-20240616-001,HUB-CIN,DRV-01192,VEH-0026,2024-06-16,29,0,completed
RTE-CMH-20240617-001,HUB-CMH,DRV-01049,VEH-0028,2024-06-17,47,0,canceled
RTE-CHI-20240617-001,HUB-CHI,DRV-01005,VEH-0037,2024-06-17,38,0,completed
RTE-IND-20240617-001,HUB-IND,DRV-01006,VEH-0009,2024-06-17,60,0,completed
RTE-IND-20240617-002,HUB-IND,DRV-01045,VEH-0016,2024-06-17,44,0,completed
RTE-IND-20240617-003,HUB-IND,DRV-01032,VEH-0009,2024-06-17,25,0,completed
RTE-DET-20240617-001,HUB-DET,DRV-01022,VEH-0024,2024-06-17,58,0,completed
RTE-CIN-20240617-001,HUB-CIN,DRV-01025,VEH-0020,2024-06-17,59,0,completed
RTE-CIN-20240617-002,HUB-CIN,DRV-01008,VEH-0018,2024-06-17,22,0,completed
RTE-CIN-20240617-003,HUB-CIN,DRV-01008,VEH-0032,2024-06-17,48,6,completed
RTE-CMH-20240618-001,HUB-CMH,DRV-01015,VEH-0031,2024-06-18,39,4,partial
RTE-CMH-20240618-002,HUB-CMH,DRV-01039,VEH-0001,2024-06-18,51,0,completed
RTE-CHI-20240618-001,HUB-CHI,DRV-01190,VEH-0042,2024-06-18,59,0,completed
RTE-CHI-20240618-002,HUB-CHI,DRV-01007,VEH-0015,2024-06-18,27,0,partial
RTE-CHI-20240618-003,HUB-CHI,DRV-01005,VEH-0005,2024-06-18,25,0,completed
RTE-DET-20240618-001,HUB-DET,DRV-01193,VEH-0024,2024-06-18,37,0,completed
RTE-DET-20240618-002,HUB-DET,DRV-01022,VEH-0044,2024-06-18,61,0,completed
RTE-DET-20240618-003,HUB-DET,DRV-01004,VEH-0029,2024-06-18,38,0,completed
RTE-DET-20240618-004,HUB-DET,DRV-01046,VEH-0022,2024-06-18,23,0,completed
RTE-DET-20240618-006,HUB-DET,DRV-01046,VEH-0022,2024-06-18,35,0,completed
RTE-CIN-20240618-001,HUB-CIN,DRV-01023,VEH-0032,2024-06-18,36,0,completed
RTE-CIN-20240618-002,HUB-CIN,DRV-01041,VEH-0036,2024-06-18,31,0,completed
RTE-CIN-20240618-003,HUB-CIN,DRV-01034,VEH-0025,2024-06-18,19,0,completed
RTE-CMH-20240619-001,HUB-CMH,DRV-01010,VEH-0031,2024-06-19,63,0,completed
RTE-CMH-20240619-002,HUB-CMH,DRV-01009,VEH-0031,2024-06-19,56,0,completed
RTE-CHI-20240619-001,HUB-CHI,DRV-01047,VEH-0002,2024-06-19,20,0,partial
RTE-CHI-20240619-002,HUB-CHI,DRV-01047,VEH-0015,2024-06-19,25,0,completed
RTE-IND-20240619-001,HUB-IND,DRV-01024,VEH-0008,2024-06-19,26,2,completed
RTE-IND-20240619-002,HUB-IND,DRV-01188,VEH-0043,2024-06-19,34,0,completed
RTE-DET-20240619-001,HUB-DET,DRV-01022,VEH-0022,2024-06-19,41,0,completed
RTE-CIN-20240619-001,HUB-CIN,DRV-01038,VEH-0036,2024-06-19,20,0,completed
RTE-CIN-20240619-002,HUB-CIN,DRV-01002,VEH-0025,2024-06-19,33,0,completed
RTE-CIN-20240619-003,HUB-CIN,DRV-01002,VEH-0025,2024-06-19,43,0,completed
RTE-CMH-20240620-001,HUB-CMH,DRV-01018,VEH-0001,2024-06-20,53,4,completed
RTE-CMH-20240620-002,HUB-CMH,DRV-01043,VEH-0007,2024-06-20,54,0,completed
RTE-CHI-20240620-001,HUB-CHI,DRV-01020,VEH-0037,2024-06-20,39,0,completed
RTE-CHI-20240620-002,HUB-CHI,DRV-01047,VEH-0006,2024-06-20,41,0,completed
RTE-CHI-20240620-003,HUB-CHI,DRV-01020,VEH-0042,2024-06-20,45,0,completed
RTE-IND-20240620-001,HUB-IND,DRV-01006,VEH-0034,2024-06-20,27,6,partial
RTE-IND-20240620-002,HUB-IND,DRV-01033,VEH-0009,2024-06-20,48,0,completed
RTE-IND-20240620-003,HUB-IND,DRV-01191,VEH-0023,2024-06-20,63,0,completed
RTE-IND-20240620-004,HUB-IND,DRV-01031,VEH-0034,2024-06-20,24,0,completed
RTE-DET-20240620-001,HUB-DET,DRV-01004,VEH-0022,2024-06-20,28,0,completed
RTE-DET-20240620-002,HUB-DET,DRV-01193,VEH-0029,2024-06-20,49,0,completed
RTE-DET-20240620-003,HUB-DET,DRV-01004,VEH-0024,2024-06-20,38,0,completed
RTE-DET-20240620-004,HUB-DET,DRV-01037,VEH-0024,2024-06-20,31,0,completed
RTE-DET-20240620-005,HUB-DET,DRV-01021,VEH-0044,2024-06-20,49,1,completed
RTE-CIN-20240620-001,HUB-CIN,DRV-01003,VEH-0032,2024-06-20,23,0,completed
RTE-CMH-20240621-001,HUB-CMH,DRV-01015,VEH-0028,2024-06-21,44,0,completed
RTE-CMH-20240621-002,HUB-CMH,DRV-01015,VEH-0001,2024-06-21,43,0,completed
RTE-CMH-20240621-003,HUB-CMH,DRV-01001,VEH-0041,2024-06-21,46,0,completed
RTE-CMH-20240621-004,HUB-CMH,DRV-01043,VEH-0021,2024-06-21,51,4,completed
RTE-CMH-20240621-005,HUB-CMH,DRV-01015,VEH-0001,2024-06-21,62,0,completed
RTE-CHI-20240621-001,HUB-CHI,DRV-01020,VEH-0005,2024-06-21,50,0,completed
RTE-CHI-20240621-002,HUB-CHI,DRV-01048,VEH-0006,2024-06-21,37,3,completed
RTE-IND-20240621-001,HUB-IND,DRV-01191,VEH-0008,2024-06-21,46,2,completed
RTE-DET-20240621-002,HUB-DET,DRV-01014,VEH-0022,2024-06-21,46,0,completed
RTE-DET-20240621-003,HUB-DET,DRV-01046,VEH-0029,2024-06-21,57,0,completed
RTE-DET-20240621-004,HUB-DET,DRV-01193,VEH-0029,2024-06-21,20,3,completed
RTE-DET-20240621-005,HUB-DET,DRV-01004,VEH-0024,2024-06-21,28,0,completed
RTE-DET-20240621-006,HUB-DET,DRV-01046,VEH-0044,2024-06-21,26,0,completed
RTE-CHI-20240622-001,HUB-CHI,DRV-01048,VEH-0015,2024-06-22,40,1,completed
RTE-CHI-20240622-002,HUB-CHI,DRV-01005,VEH-0002,2024-06-22,57,0,completed
RTE-IND-20240622-001,HUB-IND,DRV-01033,VEH-0008,2024-06-22,34,0,completed
RTE-DET-20240622-001,HUB-DET,DRV-01046,VEH-0044,2024-06-22,26,0,completed
RTE-DET-20240622-002,HUB-DET,DRV-01004,VEH-0024,2024-06-22,18,0,completed
RTE-CIN-20240622-001,HUB-CIN,DRV-01008,VEH-0020,2024-06-22,56,0,completed
RTE-CIN-20240622-002,HUB-CIN,DRV-01034,VEH-0026,2024-06-22,32,0,completed
RTE-CHI-20240623-001,HUB-CHI,DRV-01012,VEH-0004,2024-06-23,29,0,completed
RTE-IND-20240623-001,HUB-IND,DRV-01006,VEH-0016,2024-06-23,61,0,completed
RTE-DET-20240623-001,HUB-DET,DRV-01014,VEH-0044,2024-06-23,32,2,partial
RTE-DET-20240623-002,HUB-DET,DRV-01046,VEH-0029,2024-06-23,23,0,partial
RTE-DET-20240623-003,HUB-DET,DRV-01014,VEH-0024,2024-06-23,60,0,completed
RTE-DET-20240623-004,HUB-DET,DRV-01004,VEH-0029,2024-06-23,29,1,completed
RTE-CMH-20240624-001,HUB-CMH,DRV-01036,VEH-0031,2024-06-24,21,0,completed
RTE-CMH-20240624-002,HUB-CMH,DRV-01028,VEH-0038,2024-06-24,35,0,completed
RTE-CHI-20240624-001,HUB-CHI,DRV-01047,VEH-0037,2024-06-24,31,0,completed
RTE-CHI-20240624-002,HUB-CHI,DRV-01048,VEH-0019,2024-06-24,26,0,completed
RTE-CHI-20240624-003,HUB-CHI,DRV-01190,VEH-0015,2024-06-24,44,0,completed
RTE-IND-20240624-001,HUB-IND,DRV-01006,VEH-0008,2024-06-24,19,2,completed
RTE-IND-20240624-002,HUB-IND,DRV-01188,VEH-0043,2024-06-24,63,0,completed
RTE-IND-20240624-003,HUB-IND,DRV-01045,VEH-0013,2024-06-24,20,0,completed
RTE-IND-20240624-004,HUB-IND,DRV-01031,VEH-0017,2024-06-24,38,0,completed
RTE-IND-20240624-005,HUB-IND,DRV-01024,VEH-0013,2024-06-24,54,0,completed
RTE-DET-20240624-001,HUB-DET,DRV-01021,VEH-0022,2024-06-24,55,4,completed
RTE-DET-20240624-002,HUB-DET,DRV-01004,VEH-0044,2024-06-24,26,0,canceled
RTE-DET-20240624-003,HUB-DET,DRV-01022,VEH-0029,2024-06-24,58,0,completed
RTE-DET-20240624-004,HUB-DET,DRV-01004,VEH-0022,2024-06-24,52,0,completed
RTE-CIN-20240624-001,HUB-CIN,DRV-01041,VEH-0027,2024-06-24,29,0,partial
RTE-CIN-20240624-002,HUB-CIN,DRV-01034,VEH-0026,2024-06-24,32,0,completed
RTE-CMH-20240625-001,HUB-CMH,DRV-01049,VEH-0021,2024-06-25,38,0,completed
RTE-CMH-20240625-002,HUB-CMH,DRV-01013,VEH-0021,2024-06-25,62,0,completed
RTE-CMH-20240625-003,HUB-CMH,DRV-01015,VEH-0028,2024-06-25,25,6,completed
RTE-CHI-20240625-001,HUB-CHI,DRV-01017,VEH-0015,2024-06-25,44,0,completed
RTE-IND-20240625-001,HUB-IND,DRV-01188,VEH-0008,2024-06-25,21,0,completed
RTE-DET-20240625-001,HUB-DET,DRV-01021,VEH-0022,2024-06-25,45,0,completed
RTE-CIN-20240625-001,HUB-CIN,DRV-01027,VEH-0032,2024-06-25,18,0,completed
RTE-CMH-20240626-001,HUB-CMH,DRV-01189,VEH-0021,2024-06-26,49,0,completed
RTE-CMH-20240626-002,HUB-CMH,DRV-01001,VEH-0033,2024-06-26,25,0,completed
RTE-CMH-20240626-003,HUB-CMH,DRV-01040,VEH-0003,2024-06-26,49,0,completed
RTE-CMH-20240626-004,HUB-CMH,DRV-01189,VEH-0007,2024-06-26,47,0,completed
RTE-CMH-20240626-005,HUB-CMH,DRV-01016,VEH-0007,2024-06-26,18,0,completed
RTE-CMH-20240626-006,HUB-CMH,DRV-01189,VEH-0035,2024-06-26,20,0,completed
RTE-CMH-20240626-007,HUB-CMH,DRV-01001,VEH-0021,2024-06-26,24,0,completed
RTE-CMH-20240626-008,HUB-CMH,DRV-01189,VEH-0041,2024-06-26,55,0,completed
RTE-CHI-20240626-001,HUB-CHI,DRV-01005,VEH-0015,2024-06-26,53,0,completed
RTE-CHI-20240626-002,HUB-CHI,DRV-01005,VEH-0019,2024-06-26,45,0,completed
RTE-CHI-20240626-003,HUB-CHI,DRV-01190,VEH-0006,2024-06-26,55,0,completed
RTE-CHI-20240626-004,HUB-CHI,DRV-01047,VEH-0042,2024-06-26,42,0,completed
RTE-IND-20240626-001,HUB-IND,DRV-01188,VEH-0034,2024-06-26,63,0,completed
RTE-DET-20240626-001,HUB-DET,DRV-01046,VEH-0024,2024-06-26,27,0,completed
RTE-DET-20240626-003,HUB-DET,DRV-01014,VEH-0022,2024-06-26,63,0,completed
RTE-CMH-20240627-001,HUB-CMH,DRV-01009,VEH-0028,2024-06-27,19,4,partial
RTE-CHI-20240627-001,HUB-CHI,DRV-01017,VEH-0006,2024-06-27,54,1,completed
RTE-CHI-20240627-002,HUB-CHI,DRV-01020,VEH-0037,2024-06-27,33,0,completed
RTE-CHI-20240627-003,HUB-CHI,DRV-01011,VEH-0005,2024-06-27,26,0,completed
RTE-IND-20240627-001,HUB-IND,DRV-01024,VEH-0017,2024-06-27,29,5,completed
RTE-IND-20240627-002,HUB-IND,DRV-01032,VEH-0023,2024-06-27,18,0,completed
RTE-IND-20240627-003,HUB-IND,DRV-01006,VEH-0009,2024-06-27,27,0,completed
RTE-IND-20240627-004,HUB-IND,DRV-01031,VEH-0009,2024-06-27,55,0,completed
RTE-DET-20240627-001,HUB-DET,DRV-01004,VEH-0024,2024-06-27,30,0,completed
RTE-DET-20240627-002,HUB-DET,DRV-01046,VEH-0044,2024-06-27,53,4,completed
RTE-CIN-20240627-001,HUB-CIN,DRV-01003,VEH-0025,2024-06-27,49,0,completed
RTE-CIN-20240627-002,HUB-CIN,DRV-01041,VEH-0025,2024-06-27,24,0,completed
RTE-CIN-20240627-004,HUB-CIN,DRV-01025,VEH-0018,2024-06-27,65,0,completed
RTE-CMH-20240628-001,HUB-CMH,DRV-01013,VEH-0041,2024-06-28,35,6,completed
RTE-CMH-20240628-002,HUB-CMH,DRV-01049,VEH-0001,2024-06-28,44,0,completed
RTE-CMH-20240628-003,HUB-CMH,DRV-01044,VEH-0041,2024-06-28,45,0,completed
RTE-CHI-20240628-001,HUB-CHI,DRV-01007,VEH-0002,2024-06-28,48,3,completed
RTE-CHI-20240628-002,HUB-CHI,DRV-01005,VEH-0042,2024-06-28,46,0,completed
RTE-CHI-20240628-003,HUB-CHI,DRV-01020,VEH-0005,2024-06-28,51,0,completed
RTE-IND-20240628-001,HUB-IND,DRV-01024,VEH-0013,2024-06-28,23,0,completed
RTE-IND-20240628-002,HUB-IND,DRV-01024,VEH-0017,2024-06-28,60,0,completed
RTE-DET-20240628-001,HUB-DET,DRV-01046,VEH-0029,2024-06-28,56,0,partial
RTE-DET-20240628-002,HUB-DET,DRV-01022,VEH-0024,2024-06-28,55,0,completed
RTE-DET-20240628-003,HUB-DET,DRV-01046,VEH-0022,2024-06-28,44,0,completed
RTE-DET-20240628-004,HUB-DET,DRV-01021,VEH-0044,2024-06-28,28,0,completed
RTE-CIN-20240628-001,HUB-CIN,DRV-01027,VEH-0027,2024-06-28,43,0,partial
RTE-CIN-20240628-002,HUB-CIN,DRV-01008,VEH-0026,2024-06-28,53,0,completed
RTE-IND-20240629-001,HUB-IND,DRV-01188,VEH-0017,2024-06-29,45,0,partial
RTE-DET-20240629-001,HUB-DET,DRV-01046,VEH-0044,2024-06-29,53,0,completed
RTE-DET-20240629-002,HUB-DET,DRV-01046,VEH-0022,2024-06-29,40,0,partial
RTE-IND-20240630-001,HUB-IND,DRV-01033,VEH-0009,2024-06-30,39,3,completed
RTE-DET-20240630-001,HUB-DET,DRV-01004,VEH-0029,2024-06-30,65,0,partial
RTE-CIN-20240630-001,HUB-CIN,DRV-01192,VEH-0018,2024-06-30,41,0,completed
RTE-CMH-20240701-001,HUB-CMH,DRV-01039,VEH-0041,2024-07-01,18,0,completed
RTE-CHI-20240701-001,HUB-CHI,DRV-01190,VEH-0004,2024-07-01,41,0,completed
RTE-CHI-20240701-002,HUB-CHI,DRV-01047,VEH-0002,2024-07-01,47,0,completed
RTE-CHI-20240701-003,HUB-CHI,DRV-01047,VEH-0037,2024-07-01,50,0,completed
RTE-CHI-20240701-004,HUB-CHI,DRV-01007,VEH-0019,2024-07-01,21,0,completed
RTE-CHI-20240701-005,HUB-CHI,DRV-01011,VEH-0004,2024-07-01,22,0,completed
RTE-IND-20240701-001,HUB-IND,DRV-01042,VEH-0043,2024-07-01,31,0,completed
RTE-IND-20240701-002,HUB-IND,DRV-01045,VEH-0023,2024-07-01,33,6,completed
RTE-IND-20240701-003,HUB-IND,DRV-01188,VEH-0009,2024-07-01,36,0,completed
RTE-IND-20240701-004,HUB-IND,DRV-01033,VEH-0008,2024-07-01,26,4,completed
RTE-IND-20240701-005,HUB-IND,DRV-01024,VEH-0043,2024-07-01,28,0,completed
RTE-DET-20240701-001,HUB-DET,DRV-01004,VEH-0024,2024-07-01,30,0,completed
RTE-DET-20240701-002,HUB-DET,DRV-01014,VEH-0029,2024-07-01,52,5,completed
RTE-CIN-20240701-001,HUB-CIN,DRV-01034,VEH-0036,2024-07-01,65,0,completed
RTE-CIN-20240701-002,HUB-CIN,DRV-01034,VEH-0026,2024-07-01,24,5,completed
RTE-CIN-20240701-003,HUB-CIN,DRV-01041,VEH-0025,2024-07-01,61,0,completed
RTE-CHI-20240702-001,HUB-CHI,DRV-01007,VEH-0037,2024-07-02,43,0,completed
RTE-IND-20240702-001,HUB-IND,DRV-01006,VEH-0034,2024-07-02,26,0,completed
RTE-IND-20240702-002,HUB-IND,DRV-01032,VEH-0034,2024-07-02,37,0,completed
RTE-DET-20240702-001,HUB-DET,DRV-01037,VEH-0022,2024-07-02,44,0,completed
RTE-DET-20240702-002,HUB-DET,DRV-01046,VEH-0024,2024-07-02,53,0,completed
RTE-DET-20240702-003,HUB-DET,DRV-01021,VEH-0024,2024-07-02,41,0,completed
RTE-DET-20240702-004,HUB-DET,DRV-01193,VEH-0022,2024-07-02,54,0,completed
RTE-CIN-20240702-001,HUB-CIN,DRV-01034,VEH-0027,2024-07-02,47,0,completed
RTE-CIN-20240702-002,HUB-CIN,DRV-01002,VEH-0018,2024-07-02,37,0,completed
RTE-CIN-20240702-003,HUB-CIN,DRV-01019,VEH-0025,2024-07-02,24,0,completed
RTE-CMH-20240703-001,HUB-CMH,DRV-01049,VEH-0035,2024-07-03,38,0,completed
RTE-CMH-20240703-002,HUB-CMH,DRV-01036,VEH-0038,2024-07-03,20,0,completed
RTE-CMH-20240703-003,HUB-CMH,DRV-01039,VEH-0007,2024-07-03,26,0,completed
RTE-CMH-20240703-004,HUB-CMH,DRV-01189,VEH-0021,2024-07-03,26,0,completed
RTE-CHI-20240703-001,HUB-CHI,DRV-01190,VEH-0002,2024-07-03,28,0,completed
RTE-CHI-20240703-002,HUB-CHI,DRV-01011,VEH-0042,2024-07-03,18,0,completed
RTE-IND-20240703-001,HUB-IND,DRV-01045,VEH-0013,2024-07-03,20,0,partial
RTE-DET-20240703-001,HUB-DET,DRV-01037,VEH-0024,2024-07-03,24,0,completed
RTE-DET-20240703-002,HUB-DET,DRV-01037,VEH-0029,2024-07-03,27,0,completed
RTE-CIN-20240703-001,HUB-CIN,DRV-01026,VEH-0027,2024-07-03,64,3,completed
RTE-CIN-20240703-002,HUB-CIN,DRV-01003,VEH-0026,2024-07-03,64,3,completed
RTE-CIN-20240703-003,HUB-CIN,DRV-01002,VEH-0020,2024-07-03,25,0,completed
RTE-CIN-20240703-004,HUB-CIN,DRV-01026,VEH-0026,2024-07-03,27,0,completed
RTE-CMH-20240704-001,HUB-CMH,DRV-01015,VEH-0038,2024-07-04,47,0,completed
RTE-CMH-20240704-003,HUB-CMH,DRV-01189,VEH-0033,2024-07-04,24,0,completed
RTE-CMH-20240704-004,HUB-CMH,DRV-01040,VEH-0003,2024-07-04,18,0,completed
RTE-CMH-20240704-005,HUB-CMH,DRV-01040,VEH-0007,2024-07-04,30,0,completed
RTE-CHI-20240704-001,HUB-CHI,DRV-01005,VEH-0002,2024-07-04,55,0,completed
RTE-CHI-20240704-002,HUB-CHI,DRV-01190,VEH-0015,2024-07-04,25,0,completed
RTE-IND-20240704-001,HUB-IND,DRV-01042,VEH-0016,2024-07-04,18,0,completed
RTE-DET-20240704-001,HUB-DET,DRV-01014,VEH-0029,2024-07-04,25,0,completed
RTE-DET-20240704-002,HUB-DET,DRV-01022,VEH-0044,2024-07-04,32,0,completed
RTE-CIN-20240704-001,HUB-CIN,DRV-01003,VEH-0026,2024-07-04,27,0,completed
RTE-CIN-20240704-002,HUB-CIN,DRV-01019,VEH-0026,2024-07-04,49,0,completed
RTE-CMH-20240705-001,HUB-CMH,DRV-01040,VEH-0031,2024-07-05,21,0,completed
RTE-CMH-20240705-002,HUB-CMH,DRV-01040,VEH-0028,2024-07-05,26,1,completed
RTE-CHI-20240705-001,HUB-CHI,DRV-01190,VEH-0042,2024-07-05,23,0,partial
RTE-CHI-20240705-002,HUB-CHI,DRV-01190,VEH-0002,2024-07-05,33,0,completed
RTE-CHI-20240705-003,HUB-CHI,DRV-01017,VEH-0037,2024-07-05,26,0,partial
RTE-IND-20240705-001,HUB-IND,DRV-01032,VEH-0034,2024-07-05,20,4,completed
RTE-DET-20240705-001,HUB-DET,DRV-01014,VEH-0022,2024-07-05,37,0,completed
RTE-DET-20240705-002,HUB-DET,DRV-01004,VEH-0024,2024-07-05,21,2,partial
RTE-DET-20240705-003,HUB-DET,DRV-01021,VEH-0044,2024-07-05,53,0,completed
RTE-CIN-20240705-001,HUB-CIN,DRV-01026,VEH-0026,2024-07-05,62,0,partial
RTE-CIN-20240705-002,HUB-CIN,DRV-01019,VEH-0036,2024-07-05,45,0,completed
RTE-CIN-20240705-003,HUB-CIN,DRV-01023,VEH-0018,2024-07-05,22,0,completed
RTE-CIN-20240705-004,HUB-CIN,DRV-01002,VEH-0032,2024-07-05,58,4,partial
RTE-CIN-20240705-005,HUB-CIN,DRV-01003,VEH-0036,2024-07-05,56,0,partial
RTE-CIN-20240705-006,HUB-CIN,DRV-01041,VEH-0032,2024-07-05,26,0,partial
RTE-CIN-20240705-007,HUB-CIN,DRV-01023,VEH-0018,2024-07-05,60,0,completed
RTE-CHI-20240706-001,HUB-CHI,DRV-01017,VEH-0037,2024-07-06,23,1,completed
RTE-IND-20240706-001,HUB-IND,DRV-01045,VEH-0023,2024-07-06,48,0,completed
RTE-CMH-20240707-001,HUB-CMH,DRV-01189,VEH-0033,2024-07-07,53,0,completed
RTE-CIN-20240707-001,HUB-CIN,DRV-01023,VEH-0018,2024-07-07,49,0,completed
RTE-CIN-20240707-002,HUB-CIN,DRV-01026,VEH-0032,2024-07-07,38,0,canceled
RTE-CIN-20240707-003,HUB-CIN,DRV-01008,VEH-0027,2024-07-07,31,0,completed
RTE-CMH-20240708-001,HUB-CMH,DRV-01028,VEH-0035,2024-07-08,58,0,completed
RTE-CHI-20240708-001,HUB-CHI,DRV-01005,VEH-0019,2024-07-08,60,0,completed
RTE-CHI-20240708-002,HUB-CHI,DRV-01020,VEH-0042,2024-07-08,30,0,completed
RTE-CHI-20240708-003,HUB-CHI,DRV-01020,VEH-0037,2024-07-08,39,0,completed
RTE-IND-20240708-001,HUB-IND,DRV-01188,VEH-0043,2024-07-08,55,1,completed
RTE-IND-20240708-002,HUB-IND,DRV-01031,VEH-0016,2024-07-08,37,0,completed
RTE-DET-20240708-001,HUB-DET,DRV-01037,VEH-0024,2024-07-08,59,0,completed
RTE-DET-20240708-002,HUB-DET,DRV-01004,VEH-0029,2024-07-08,59,0,partial
RTE-CIN-20240708-001,HUB-CIN,DRV-01034,VEH-0020,2024-07-08,29,0,completed
RTE-CIN-20240708-002,HUB-CIN,DRV-01002,VEH-0036,2024-07-08,56,0,completed
RTE-CIN-20240708-003,HUB-CIN,DRV-01041,VEH-0018,2024-07-08,34,0,completed
RTE-CMH-20240709-001,HUB-CMH,DRV-01189,VEH-0031,2024-07-09,32,1,completed
RTE-CMH-20240709-002,HUB-CMH,DRV-01043,VEH-0028,2024-07-09,37,0,partial
RTE-CHI-20240709-001,HUB-CHI,DRV-01005,VEH-0037,2024-07-09,19,0,completed
RTE-CHI-20240709-002,HUB-CHI,DRV-01007,VEH-0015,2024-07-09,50,0,completed
RTE-CHI-20240709-003,HUB-CHI,DRV-01190,VEH-0019,2024-07-09,60,3,completed
RTE-IND-20240709-001,HUB-IND,DRV-01042,VEH-0043,2024-07-09,31,0,completed
RTE-IND-20240709-002,HUB-IND,DRV-01042,VEH-0016,2024-07-09,27,3,completed
RTE-DET-20240709-001,HUB-DET,DRV-01004,VEH-0029,2024-07-09,31,0,completed
RTE-DET-20240709-002,HUB-DET,DRV-01193,VEH-0024,2024-07-09,51,0,partial
RTE-DET-20240709-003,HUB-DET,DRV-01014,VEH-0029,2024-07-09,39,0,partial
RTE-DET-20240709-004,HUB-DET,DRV-01021,VEH-0024,2024-07-09,26,0,completed
RTE-CIN-20240709-001,HUB-CIN,DRV-01038,VEH-0026,2024-07-09,54,0,completed
RTE-CIN-20240709-002,HUB-CIN,DRV-01038,VEH-0018,2024-07-09,31,0,completed
RTE-CMH-20240710-001,HUB-CMH,DRV-01044,VEH-0007,2024-07-10,24,0,completed
RTE-CMH-20240710-002,HUB-CMH,DRV-01009,VEH-0033,2024-07-10,60,1,completed
RTE-CMH-20240710-003,HUB-CMH,DRV-01189,VEH-0031,2024-07-10,23,0,completed
RTE-CMH-20240710-004,HUB-CMH,DRV-01049,VEH-0038,2024-07-10,44,1,completed
RTE-CHI-20240710-001,HUB-CHI,DRV-01048,VEH-0037,2024-07-10,44,0,completed
RTE-CHI-20240710-002,HUB-CHI,DRV-01017,VEH-0019,2024-07-10,27,0,completed
RTE-IND-20240710-001,HUB-IND,DRV-01006,VEH-0023,2024-07-10,47,0,completed
RTE-DET-20240710-001,HUB-DET,DRV-01046,VEH-0024,2024-07-10,24,0,completed
RTE-CIN-20240710-001,HUB-CIN,DRV-01041,VEH-0036,2024-07-10,36,0,completed
RTE-CMH-20240711-001,HUB-CMH,DRV-01016,VEH-0041,2024-07-11,19,0,completed
RTE-CHI-20240711-001,HUB-CHI,DRV-01017,VEH-0005,2024-07-11,39,0,completed
RTE-CHI-20240711-002,HUB-CHI,DRV-01017,VEH-0042,2024-07-11,60,1,completed
RTE-IND-20240711-001,HUB-IND,DRV-01024,VEH-0009,2024-07-11,50,0,completed
RTE-IND-20240711-002,HUB-IND,DRV-01024,VEH-0023,2024-07-11,65,0,completed
RTE-IND-20240711-003,HUB-IND,DRV-01006,VEH-0017,2024-07-11,24,4,completed
RTE-IND-20240711-004,HUB-IND,DRV-01033,VEH-0043,2024-07-11,20,0,partial
RTE-DET-20240711-001,HUB-DET,DRV-01004,VEH-0022,2024-07-11,41,0,completed
RTE-DET-20240711-002,HUB-DET,DRV-01014,VEH-0044,2024-07-11,25,2,completed
RTE-DET-20240711-003,HUB-DET,DRV-01014,VEH-0029,2024-07-11,30,6,completed
RTE-DET-20240711-004,HUB-DET,DRV-01037,VEH-0024,2024-07-11,49,0,completed
RTE-CIN-20240711-001,HUB-CIN,DRV-01192,VEH-0020,2024-07-11,38,0,completed
RTE-CIN-20240711-002,HUB-CIN,DRV-01041,VEH-0018,2024-07-11,29,0,completed
RTE-CIN-20240711-003,HUB-CIN,DRV-01038,VEH-0020,2024-07-11,27,0,completed
RTE-CIN-20240711-004,HUB-CIN,DRV-01023,VEH-0036,2024-07-11,42,0,completed
RTE-CMH-20240712-001,HUB-CMH,DRV-01009,VEH-0041,2024-07-12,24,0,completed
RTE-CMH-20240712-002,HUB-CMH,DRV-01040,VEH-0028,2024-07-12,61,0,completed
RTE-CHI-20240712-001,HUB-CHI,DRV-01005,VEH-0037,2024-07-12,56,0,completed
RTE-CHI-20240712-002,HUB-CHI,DRV-01012,VEH-0015,2024-07-12,33,0,completed
RTE-CHI-20240712-003,HUB-CHI,DRV-01005,VEH-0005,2024-07-12,31,0,completed
RTE-IND-20240712-001,HUB-IND,DRV-01032,VEH-0017,2024-07-12,23,0,completed
RTE-DET-20240712-001,HUB-DET,DRV-01004,VEH-0044,2024-07-12,36,0,completed
RTE-DET-20240712-002,HUB-DET,DRV-01037,VEH-0029,2024-07-12,30,0,completed
RTE-CIN-20240712-001,HUB-CIN,DRV-01023,VEH-0025,2024-07-12,62,0,completed
RTE-CIN-20240712-002,HUB-CIN,DRV-01019,VEH-0026,2024-07-12,38,0,completed
RTE-CHI-20240713-001,HUB-CHI,DRV-01017,VEH-0006,2024-07-13,36,0,completed
RTE-DET-20240713-001,HUB-DET,DRV-01046,VEH-0044,2024-07-13,33,1,completed
RTE-CIN-20240713-002,HUB-CIN,DRV-01002,VEH-0018,2024-07-13,65,0,completed
RTE-CIN-20240713-003,HUB-CIN,DRV-01026,VEH-0036,2024-07-13,64,0,completed
RTE-CIN-20240713-004,HUB-CIN,DRV-01026,VEH-0026,2024-07-13,50,0,completed
RTE-CMH-20240714-001,HUB-CMH,DRV-01040,VEH-0035,2024-07-14,37,0,completed
RTE-CHI-20240714-001,HUB-CHI,DRV-01020,VEH-0006,2024-07-14,21,5,completed
RTE-CIN-20240714-001,HUB-CIN,DRV-01008,VEH-0036,2024-07-14,46,0,completed
RTE-CIN-20240714-002,HUB-CIN,DRV-01027,VEH-0036,2024-07-14,18,0,completed
RTE-CMH-20240715-001,HUB-CMH,DRV-01016,VEH-0031,2024-07-15,47,0,completed
RTE-CMH-20240715-002,HUB-CMH,DRV-01028,VEH-0033,2024-07-15,54,0,completed
RTE-CMH-20240715-003,HUB-CMH,DRV-01036,VEH-0003,2024-07-15,47,0,completed
RTE-CHI-20240715-001,HUB-CHI,DRV-01012,VEH-0002,2024-07-15,38,0,completed
RTE-CHI-20240715-002,HUB-CHI,DRV-01011,VEH-0019,2024-07-15,42,0,completed
RTE-CHI-20240715-003,HUB-CHI,DRV-01007,VEH-0006,2024-07-15,32,0,completed
RTE-CHI-20240715-004,HUB-CHI,DRV-01011,VEH-0019,2024-07-15,40,3,completed
RTE-IND-20240715-001,HUB-IND,DRV-01031,VEH-0043,2024-07-15,21,0,completed
RTE-IND-20240715-002,HUB-IND,DRV-01024,VEH-0008,2024-07-15,30,0,completed
RTE-DET-20240715-001,HUB-DET,DRV-01193,VEH-0044,2024-07-15,20,0,completed
RTE-DET-20240715-002,HUB-DET,DRV-01193,VEH-0044,2024-07-15,29,0,completed
RTE-DET-20240715-003,HUB-DET,DRV-01004,VEH-0029,2024-07-15,22,0,partial
RTE-DET-20240715-004,HUB-DET,DRV-01193,VEH-0024,2024-07-15,23,0,completed
RTE-DET-20240715-005,HUB-DET,DRV-01037,VEH-0022,2024-07-15,36,0,completed
RTE-CIN-20240715-001,HUB-CIN,DRV-01025,VEH-0032,2024-07-15,26,0,completed
RTE-CIN-20240715-002,HUB-CIN,DRV-01041,VEH-0025,2024-07-15,56,0,completed
RTE-CIN-20240715-003,HUB-CIN,DRV-01192,VEH-0027,2024-07-15,43,0,completed
RTE-CMH-20240716-001,HUB-CMH,DRV-01040,VEH-0035,2024-07-16,45,0,completed
RTE-CMH-20240716-002,HUB-CMH,DRV-01010,VEH-0033,2024-07-16,55,0,completed
RTE-CMH-20240716-003,HUB-CMH,DRV-01010,VEH-0031,2024-07-16,44,0,completed
RTE-CHI-20240716-001,HUB-CHI,DRV-01012,VEH-0004,2024-07-16,54,0,completed
RTE-CHI-20240716-002,HUB-CHI,DRV-01005,VEH-0002,2024-07-16,35,0,completed
RTE-IND-20240716-001,HUB-IND,DRV-01191,VEH-0017,2024-07-16,41,6,completed
RTE-IND-20240716-002,HUB-IND,DRV-01042,VEH-0017,2024-07-16,64,0,completed
RTE-IND-20240716-003,HUB-IND,DRV-01024,VEH-0043,2024-07-16,49,0,completed
RTE-DET-20240716-001,HUB-DET,DRV-01193,VEH-0022,2024-07-16,26,0,completed
RTE-DET-20240716-002,HUB-DET,DRV-01004,VEH-0022,2024-07-16,19,3,completed
RTE-DET-20240716-003,HUB-DET,DRV-01037,VEH-0022,2024-07-16,54,0,completed
RTE-DET-20240716-004,HUB-DET,DRV-01046,VEH-0044,2024-07-16,19,0,completed
RTE-CMH-20240717-001,HUB-CMH,DRV-01036,VEH-0035,2024-07-17,55,0,completed
RTE-CMH-20240717-002,HUB-CMH,DRV-01040,VEH-0021,2024-07-17,52,0,completed
RTE-CMH-20240717-003,HUB-CMH,DRV-01028,VEH-0041,2024-07-17,45,0,completed
RTE-CMH-20240717-004,HUB-CMH,DRV-01189,VEH-0021,2024-07-17,50,0,completed
RTE-CMH-20240717-005,HUB-CMH,DRV-01018,VEH-0003,2024-07-17,23,0,completed
RTE-CMH-20240717-006,HUB-CMH,DRV-01013,VEH-0001,2024-07-17,28,0,completed
RTE-CHI-20240717-001,HUB-CHI,DRV-01007,VEH-0037,2024-07-17,63,3,completed
RTE-CHI-20240717-002,HUB-CHI,DRV-01048,VEH-0006,2024-07-17,52,0,completed
RTE-IND-20240717-001,HUB-IND,DRV-01042,VEH-0009,2024-07-17,30,0,completed
RTE-IND-20240717-002,HUB-IND,DRV-01188,VEH-0017,2024-07-17,56,0,completed
RTE-DET-20240717-001,HUB-DET,DRV-01022,VEH-0022,2024-07-17,60,0,completed
RTE-CIN-20240717-001,HUB-CIN,DRV-01019,VEH-0032,2024-07-17,47,0,completed
RTE-CIN-20240717-002,HUB-CIN,DRV-01019,VEH-0018,2024-07-17,21,3,completed
RTE-CMH-20240718-001,HUB-CMH,DRV-01039,VEH-0007,2024-07-18,56,0,completed
RTE-CMH-20240718-002,HUB-CMH,DRV-01010,VEH-0031,2024-07-18,52,0,completed
RTE-CMH-20240718-004,HUB-CMH,DRV-01009,VEH-0001,2024-07-18,60,0,completed
RTE-CMH-20240718-005,HUB-CMH,DRV-01043,VEH-0007,2024-07-18,24,0,partial
RTE-CHI-20240718-001,HUB-CHI,DRV-01035,VEH-0002,2024-07-18,25,1,completed
RTE-CHI-20240718-002,HUB-CHI,DRV-01047,VEH-0019,2024-07-18,50,3,completed
RTE-CHI-20240718-003,HUB-CHI,DRV-01020,VEH-0002,2024-07-18,47,0,completed
RTE-CHI-20240718-004,HUB-CHI,DRV-01012,VEH-0006,2024-07-18,56,0,completed
RTE-CHI-20240718-005,HUB-CHI,DRV-01035,VEH-0042,2024-07-18,62,0,completed
RTE-CHI-20240718-006,HUB-CHI,DRV-01035,VEH-0006,2024-07-18,50,0,completed
RTE-IND-20240718-001,HUB-IND,DRV-01032,VEH-0043,2024-07-18,23,0,completed
RTE-IND-20240718-002,HUB-IND,DRV-01024,VEH-0023,2024-07-18,20,0,completed
RTE-IND-20240718-003,HUB-IND,DRV-01042,VEH-0009,2024-07-18,40,0,completed
RTE-IND-20240718-004,HUB-IND,DRV-01033,VEH-0013,2024-07-18,24,2,completed
RTE-IND-20240718-005,HUB-IND,DRV-01006,VEH-0016,2024-07-18,57,0,completed
RTE-IND-20240718-006,HUB-IND,DRV-01191,VEH-0013,2024-07-18,25,4,completed
RTE-DET-20240718-001,HUB-DET,DRV-01037,VEH-0024,2024-07-18,30,0,completed
RTE-CIN-20240718-001,HUB-CIN,DRV-01038,VEH-0020,2024-07-18,50,0,completed
RTE-CIN-20240718-002,HUB-CIN,DRV-01041,VEH-0020,2024-07-18,40,0,completed
RTE-CMH-20240719-001,HUB-CMH,DRV-01044,VEH-0007,2024-07-19,42,0,partial
RTE-CMH-20240719-002,HUB-CMH,DRV-01189,VEH-0028,2024-07-19,59,0,completed
RTE-CMH-20240719-004,HUB-CMH,DRV-01013,VEH-0035,2024-07-19,53,0,completed
RTE-CMH-20240719-005,HUB-CMH,DRV-01043,VEH-0038,2024-07-19,59,0,partial
RTE-CHI-20240719-001,HUB-CHI,DRV-01007,VEH-0015,2024-07-19,32,0,completed
RTE-CHI-20240719-002,HUB-CHI,DRV-01047,VEH-0037,2024-07-19,39,0,completed
RTE-CHI-20240719-003,HUB-CHI,DRV-01048,VEH-0042,2024-07-19,53,0,completed
RTE-DET-20240719-001,HUB-DET,DRV-01037,VEH-0024,2024-07-19,46,0,completed
RTE-DET-20240719-002,HUB-DET,DRV-01004,VEH-0022,2024-07-19,31,0,completed
RTE-DET-20240719-004,HUB-DET,DRV-01046,VEH-0029,2024-07-19,18,1,completed
RTE-DET-20240719-005,HUB-DET,DRV-01193,VEH-0029,2024-07-19,38,0,partial
RTE-DET-20240719-006,HUB-DET,DRV-01022,VEH-0022,2024-07-19,54,0,completed
RTE-CIN-20240719-001,HUB-CIN,DRV-01008,VEH-0032,2024-07-19,59,0,partial
RTE-CIN-20240719-002,HUB-CIN,DRV-01027,VEH-0020,2024-07-19,20,2,completed
RTE-CMH-20240720-001,HUB-CMH,DRV-01010,VEH-0038,2024-07-20,23,0,completed
RTE-CMH-20240720-002,HUB-CMH,DRV-01043,VEH-0031,2024-07-20,62,0,completed
RTE-IND-20240720-001,HUB-IND,DRV-01191,VEH-0017,2024-07-20,49,0,completed
RTE-DET-20240720-001,HUB-DET,DRV-01037,VEH-0029,2024-07-20,31,0,completed
RTE-CMH-20240721-001,HUB-CMH,DRV-01010,VEH-0038,2024-07-21,29,4,completed
RTE-IND-20240721-001,HUB-IND,DRV-01024,VEH-0034,2024-07-21,25,0,completed
RTE-DET-20240721-001,HUB-DET,DRV-01022,VEH-0044,2024-07-21,21,6,completed
RTE-DET-20240721-002,HUB-DET,DRV-01046,VEH-0029,2024-07-21,63,0,completed
RTE-CMH-20240722-001,HUB-CMH,DRV-01009,VEH-0021,2024-07-22,41,0,partial
RTE-CMH-20240722-002,HUB-CMH,DRV-01039,VEH-0001,2024-07-22,53,0,partial
RTE-DET-20240722-001,HUB-DET,DRV-01193,VEH-0024,2024-07-22,55,0,completed
RTE-CIN-20240722-002,HUB-CIN,DRV-01192,VEH-0036,2024-07-22,37,0,partial
RTE-CIN-20240722-003,HUB-CIN,DRV-01023,VEH-0020,2024-07-22,44,0,completed
RTE-CIN-20240722-004,HUB-CIN,DRV-01038,VEH-0036,2024-07-22,62,0,completed
RTE-CIN-20240722-005,HUB-CIN,DRV-01023,VEH-0025,2024-07-22,48,0,partial
RTE-CMH-20240723-001,HUB-CMH,DRV-01015,VEH-0035,2024-07-23,21,0,completed
RTE-CMH-20240723-002,HUB-CMH,DRV-01009,VEH-0041,2024-07-23,27,0,completed
RTE-CMH-20240723-003,HUB-CMH,DRV-01018,VEH-0033,2024-07-23,36,0,completed
RTE-CMH-20240723-004,HUB-CMH,DRV-01039,VEH-0028,2024-07-23,58,0,partial
RTE-CHI-20240723-001,HUB-CHI,DRV-01035,VEH-0015,2024-07-23,35,2,completed
RTE-IND-20240723-001,HUB-IND,DRV-01042,VEH-0043,2024-07-23,45,0,completed
RTE-IND-20240723-002,HUB-IND,DRV-01042,VEH-0043,2024-07-23,48,0,completed
RTE-IND-20240723-003,HUB-IND,DRV-01191,VEH-0013,2024-07-23,60,4,completed
RTE-IND-20240723-004,HUB-IND,DRV-01042,VEH-0023,2024-07-23,49,0,completed
RTE-DET-20240723-001,HUB-DET,DRV-01022,VEH-0024,2024-07-23,31,0,completed
RTE-CIN-20240723-001,HUB-CIN,DRV-01192,VEH-0020,2024-07-23,42,0,completed
RTE-CMH-20240724-001,HUB-CMH,DRV-01016,VEH-0031,2024-07-24,61,0,partial
RTE-CMH-20240724-002,HUB-CMH,DRV-01016,VEH-0033,2024-07-24,38,0,partial
RTE-CMH-20240724-003,HUB-CMH,DRV-01013,VEH-0033,2024-07-24,50,0,completed
RTE-CMH-20240724-004,HUB-CMH,DRV-01013,VEH-0021,2024-07-24,58,0,completed
RTE-CHI-20240724-001,HUB-CHI,DRV-01190,VEH-0015,2024-07-24,26,3,completed
RTE-CHI-20240724-002,HUB-CHI,DRV-01047,VEH-0015,2024-07-24,42,0,completed
RTE-IND-20240724-001,HUB-IND,DRV-01191,VEH-0013,2024-07-24,61,0,completed
RTE-IND-20240724-002,HUB-IND,DRV-01045,VEH-0008,2024-07-24,35,0,partial
RTE-IND-20240724-003,HUB-IND,DRV-01033,VEH-0043,2024-07-24,27,0,completed
RTE-IND-20240724-004,HUB-IND,DRV-01042,VEH-0023,2024-07-24,54,4,completed
RTE-DET-20240724-001,HUB-DET,DRV-01046,VEH-0029,2024-07-24,52,0,completed
RTE-DET-20240724-002,HUB-DET,DRV-01014,VEH-0022,2024-07-24,49,5,completed
RTE-CIN-20240724-001,HUB-CIN,DRV-01038,VEH-0026,2024-07-24,25,0,completed
RTE-CMH-20240725-001,HUB-CMH,DRV-01013,VEH-0021,2024-07-25,48,1,completed
RTE-CMH-20240725-002,HUB-CMH,DRV-01039,VEH-0038,2024-07-25,21,0,completed
RTE-CMH-20240725-003,HUB-CMH,DRV-01030,VEH-0041,2024-07-25,27,0,partial
RTE-CMH-20240725-004,HUB-CMH,DRV-01030,VEH-0021,2024-07-25,57,0,partial
RTE-CMH-20240725-005,HUB-CMH,DRV-01010,VEH-0028,2024-07-25,26,0,completed
RTE-CMH-20240725-006,HUB-CMH,DRV-01043,VEH-0028,2024-07-25,22,0,completed
RTE-IND-20240725-001,HUB-IND,DRV-01188,VEH-0017,2024-07-25,24,2,completed
RTE-DET-20240725-001,HUB-DET,DRV-01193,VEH-0024,2024-07-25,32,0,completed
RTE-DET-20240725-002,HUB-DET,DRV-01046,VEH-0044,2024-07-25,47,0,partial
RTE-DET-20240725-003,HUB-DET,DRV-01021,VEH-0029,2024-07-25,19,0,completed
RTE-DET-20240725-004,HUB-DET,DRV-01046,VEH-0044,2024-07-25,21,4,completed
RTE-CIN-20240725-001,HUB-CIN,DRV-01026,VEH-0020,2024-07-25,21,3,partial
RTE-CMH-20240726-001,HUB-CMH,DRV-01030,VEH-0033,2024-07-26,18,2,completed
RTE-CHI-20240726-001,HUB-CHI,DRV-01011,VEH-0004,2024-07-26,57,0,completed
RTE-CHI-20240726-002,HUB-CHI,DRV-01007,VEH-0042,2024-07-26,33,6,completed
RTE-CHI-20240726-003,HUB-CHI,DRV-01190,VEH-0015,2024-07-26,23,0,completed
RTE-DET-20240726-001,HUB-DET,DRV-01004,VEH-0029,2024-07-26,38,0,completed
RTE-CIN-20240726-001,HUB-CIN,DRV-01038,VEH-0025,2024-07-26,59,0,completed
RTE-CIN-20240726-002,HUB-CIN,DRV-01019,VEH-0032,2024-07-26,64,0,completed
RTE-DET-20240727-001,HUB-DET,DRV-01046,VEH-0022,2024-07-27,18,0,completed
RTE-DET-20240727-002,HUB-DET,DRV-01014,VEH-0024,2024-07-27,52,0,completed
RTE-CIN-20240727-001,HUB-CIN,DRV-01034,VEH-0026,2024-07-27,64,0,completed
RTE-CHI-20240728-001,HUB-CHI,DRV-01011,VEH-0019,2024-07-28,51,0,completed
RTE-IND-20240728-001,HUB-IND,DRV-01191,VEH-0043,2024-07-28,47,0,completed
RTE-CHI-20240729-001,HUB-CHI,DRV-01047,VEH-0005,2024-07-29,61,5,completed
RTE-CHI-20240729-002,HUB-CHI,DRV-01047,VEH-0015,2024-07-29,57,0,completed
RTE-CHI-20240729-003,HUB-CHI,DRV-01190,VEH-0019,2024-07-29,19,0,completed
RTE-IND-20240729-001,HUB-IND,DRV-01042,VEH-0016,2024-07-29,57,0,partial
RTE-IND-20240729-002,HUB-IND,DRV-01191,VEH-0008,2024-07-29,57,0,completed
RTE-IND-20240729-003,HUB-IND,DRV-01188,VEH-0016,2024-07-29,62,0,completed
RTE-DET-20240729-001,HUB-DET,DRV-01021,VEH-0024,2024-07-29,49,0,completed
RTE-CIN-20240729-001,HUB-CIN,DRV-01025,VEH-0020,2024-07-29,43,0,completed
RTE-CIN-20240729-002,HUB-CIN,DRV-01192,VEH-0018,2024-07-29,51,0,completed
RTE-CIN-20240729-003,HUB-CIN,DRV-01023,VEH-0036,2024-07-29,23,0,canceled
RTE-CMH-20240730-001,HUB-CMH,DRV-01030,VEH-0003,2024-07-30,20,0,completed
RTE-CMH-20240730-002,HUB-CMH,DRV-01043,VEH-0007,2024-07-30,43,0,completed
RTE-CMH-20240730-003,HUB-CMH,DRV-01040,VEH-0003,2024-07-30,21,0,partial
RTE-CHI-20240730-001,HUB-CHI,DRV-01190,VEH-0042,2024-07-30,20,0,partial
RTE-CHI-20240730-002,HUB-CHI,DRV-01007,VEH-0037,2024-07-30,38,0,completed
RTE-IND-20240730-001,HUB-IND,DRV-01033,VEH-0013,2024-07-30,18,0,completed
RTE-IND-20240730-002,HUB-IND,DRV-01042,VEH-0008,2024-07-30,29,0,completed
RTE-DET-20240730-001,HUB-DET,DRV-01046,VEH-0029,2024-07-30,43,4,completed
RTE-DET-20240730-002,HUB-DET,DRV-01046,VEH-0022,2024-07-30,24,0,completed
RTE-DET-20240730-003,HUB-DET,DRV-01193,VEH-0024,2024-07-30,19,1,completed
RTE-DET-20240730-004,HUB-DET,DRV-01004,VEH-0022,2024-07-30,41,2,completed
RTE-CIN-20240730-001,HUB-CIN,DRV-01034,VEH-0025,2024-07-30,30,0,completed
RTE-CIN-20240730-002,HUB-CIN,DRV-01038,VEH-0020,2024-07-30,57,5,completed
RTE-CIN-20240730-003,HUB-CIN,DRV-01038,VEH-0036,2024-07-30,64,6,completed
RTE-CMH-20240731-001,HUB-CMH,DRV-01009,VEH-0028,2024-07-31,52,0,partial
RTE-CMH-20240731-002,HUB-CMH,DRV-01013,VEH-0021,2024-07-31,46,4,completed
RTE-CHI-20240731-001,HUB-CHI,DRV-01005,VEH-0015,2024-07-31,46,0,partial
RTE-CHI-20240731-002,HUB-CHI,DRV-01035,VEH-0004,2024-07-31,43,0,completed
RTE-CHI-20240731-003,HUB-CHI,DRV-01017,VEH-0015,2024-07-31,62,6,completed
RTE-IND-20240731-001,HUB-IND,DRV-01024,VEH-0023,2024-07-31,24,0,partial
RTE-IND-20240731-002,HUB-IND,DRV-01033,VEH-0016,2024-07-31,29,0,completed
RTE-DET-20240731-001,HUB-DET,DRV-01046,VEH-0029,2024-07-31,36,0,partial
RTE-DET-20240731-002,HUB-DET,DRV-01037,VEH-0044,2024-07-31,22,2,completed
RTE-DET-20240731-003,HUB-DET,DRV-01193,VEH-0024,2024-07-31,40,0,completed
RTE-CIN-20240731-001,HUB-CIN,DRV-01192,VEH-0018,2024-07-31,64,0,completed
RTE-CIN-20240731-002,HUB-CIN,DRV-01192,VEH-0036,2024-07-31,49,0,completed
RTE-CIN-20240731-003,HUB-CIN,DRV-01003,VEH-0025,2024-07-31,27,0,completed
RTE-CHI-20240801-001,HUB-CHI,DRV-01017,VEH-0002,2024-08-01,23,0,partial
RTE-IND-20240801-001,HUB-IND,DRV-01042,VEH-0017,2024-08-01,56,6,partial
RTE-IND-20240801-002,HUB-IND,DRV-01033,VEH-0013,2024-08-01,37,6,completed
RTE-DET-20240801-001,HUB-DET,DRV-01037,VEH-0024,2024-08-01,49,0,completed
RTE-DET-20240801-002,HUB-DET,DRV-01046,VEH-0022,2024-08-01,18,0,completed
RTE-DET-20240801-003,HUB-DET,DRV-01046,VEH-0029,2024-08-01,29,0,completed
RTE-CIN-20240801-001,HUB-CIN,DRV-01003,VEH-0036,2024-08-01,50,0,completed
RTE-CIN-20240801-002,HUB-CIN,DRV-01192,VEH-0027,2024-08-01,39,0,completed
RTE-CMH-20240802-001,HUB-CMH,DRV-01009,VEH-0021,2024-08-02,22,0,completed
RTE-CMH-20240802-002,HUB-CMH,DRV-01010,VEH-0033,2024-08-02,22,0,completed
RTE-CHI-20240802-001,HUB-CHI,DRV-01047,VEH-0004,2024-08-02,26,0,completed
RTE-CHI-20240802-002,HUB-CHI,DRV-01007,VEH-0037,2024-08-02,33,0,completed
RTE-CHI-20240802-003,HUB-CHI,DRV-01047,VEH-0015,2024-08-02,19,0,completed
RTE-CHI-20240802-004,HUB-CHI,DRV-01011,VEH-0042,2024-08-02,26,0,completed
RTE-IND-20240802-001,HUB-IND,DRV-01031,VEH-0016,2024-08-02,49,0,completed
RTE-IND-20240802-002,HUB-IND,DRV-01033,VEH-0016,2024-08-02,30,0,partial
RTE-IND-20240802-003,HUB-IND,DRV-01188,VEH-0017,2024-08-02,42,0,completed
RTE-DET-20240802-001,HUB-DET,DRV-01046,VEH-0024,2024-08-02,42,0,completed
RTE-DET-20240802-002,HUB-DET,DRV-01037,VEH-0022,2024-08-02,50,0,completed
RTE-DET-20240802-003,HUB-DET,DRV-01193,VEH-0022,2024-08-02,20,0,completed
RTE-CIN-20240802-001,HUB-CIN,DRV-01008,VEH-0027,2024-08-02,52,0,completed
RTE-CMH-20240803-001,HUB-CMH,DRV-01001,VEH-0003,2024-08-03,57,0,partial
RTE-IND-20240803-001,HUB-IND,DRV-01045,VEH-0013,2024-08-03,18,0,canceled
RTE-CIN-20240803-001,HUB-CIN,DRV-01027,VEH-0026,2024-08-03,44,1,completed
RTE-IND-20240804-001,HUB-IND,DRV-01006,VEH-0043,2024-08-04,58,0,completed
RTE-CMH-20240805-001,HUB-CMH,DRV-01049,VEH-0021,2024-08-05,42,0,completed
RTE-CMH-20240805-002,HUB-CMH,DRV-01013,VEH-0001,2024-08-05,27,1,completed
RTE-CMH-20240805-003,HUB-CMH,DRV-01043,VEH-0001,2024-08-05,65,0,completed
RTE-CHI-20240805-001,HUB-CHI,DRV-01012,VEH-0037,2024-08-05,38,0,completed
RTE-IND-20240805-001,HUB-IND,DRV-01031,VEH-0017,2024-08-05,63,0,completed
RTE-IND-20240805-002,HUB-IND,DRV-01045,VEH-0008,2024-08-05,57,0,completed
RTE-DET-20240805-001,HUB-DET,DRV-01021,VEH-0022,2024-08-05,40,0,completed
RTE-CIN-20240805-001,HUB-CIN,DRV-01003,VEH-0026,2024-08-05,63,0,partial
RTE-CIN-20240805-002,HUB-CIN,DRV-01019,VEH-0027,2024-08-05,34,0,completed
RTE-CIN-20240805-003,HUB-CIN,DRV-01041,VEH-0025,2024-08-05,50,0,completed
RTE-CMH-20240806-001,HUB-CMH,DRV-01043,VEH-0031,2024-08-06,51,0,completed
RTE-CMH-20240806-002,HUB-CMH,DRV-01194,VEH-0038,2024-08-06,41,0,completed
RTE-CMH-20240806-003,HUB-CMH,DRV-01044,VEH-0003,2024-08-06,57,0,completed
RTE-IND-20240806-001,HUB-IND,DRV-01032,VEH-0034,2024-08-06,36,0,completed
RTE-IND-20240806-002,HUB-IND,DRV-01191,VEH-0023,2024-08-06,37,0,completed
RTE-DET-20240806-001,HUB-DET,DRV-01021,VEH-0029,2024-08-06,24,0,completed
RTE-CIN-20240806-001,HUB-CIN,DRV-01192,VEH-0018,2024-08-06,62,0,completed
RTE-CIN-20240806-002,HUB-CIN,DRV-01025,VEH-0027,2024-08-06,46,0,completed
RTE-CIN-20240806-003,HUB-CIN,DRV-01019,VEH-0026,2024-08-06,50,0,canceled
RTE-CIN-20240806-004,HUB-CIN,DRV-01041,VEH-0032,2024-08-06,57,4,completed
RTE-CIN-20240806-005,HUB-CIN,DRV-01041,VEH-0036,2024-08-06,36,0,completed
RTE-CHI-20240807-001,HUB-CHI,DRV-01048,VEH-0019,2024-08-07,20,0,completed
RTE-IND-20240807-001,HUB-IND,DRV-01042,VEH-0016,2024-08-07,61,0,completed
RTE-DET-20240807-001,HUB-DET,DRV-01004,VEH-0024,2024-08-07,30,2,completed
RTE-DET-20240807-002,HUB-DET,DRV-01193,VEH-0044,2024-08-07,38,2,completed
RTE-DET-20240807-003,HUB-DET,DRV-01193,VEH-0024,2024-08-07,18,0,completed
RTE-CIN-20240807-001,HUB-CIN,DRV-01038,VEH-0026,2024-08-07,36,0,canceled
RTE-CIN-20240807-002,HUB-CIN,DRV-01003,VEH-0036,2024-08-07,24,0,completed
RTE-CIN-20240807-003,HUB-CIN,DRV-01003,VEH-0025,2024-08-07,27,0,completed
RTE-CMH-20240808-001,HUB-CMH,DRV-01043,VEH-0007,2024-08-08,23,0,completed
RTE-CHI-20240808-001,HUB-CHI,DRV-01048,VEH-0005,2024-08-08,30,0,completed
RTE-IND-20240808-001,HUB-IND,DRV-01031,VEH-0013,2024-08-08,18,0,completed
RTE-IND-20240808-002,HUB-IND,DRV-01191,VEH-0016,2024-08-08,54,0,completed
RTE-DET-20240808-001,HUB-DET,DRV-01037,VEH-0029,2024-08-08,26,0,completed
RTE-DET-20240808-002,HUB-DET,DRV-01021,VEH-0044,2024-08-08,48,0,partial
RTE-DET-20240808-003,HUB-DET,DRV-01022,VEH-0044,2024-08-08,44,3,completed
RTE-CIN-20240808-001,HUB-CIN,DRV-01025,VEH-0027,2024-08-08,46,0,partial
RTE-CIN-20240808-002,HUB-CIN,DRV-01034,VEH-0025,2024-08-08,36,0,completed
RTE-CIN-20240808-003,HUB-CIN,DRV-01026,VEH-0036,2024-08-08,34,0,completed
RTE-CMH-20240809-001,HUB-CMH,DRV-01049,VEH-0003,2024-08-09,32,0,completed
RTE-CMH-20240809-002,HUB-CMH,DRV-01001,VEH-0021,2024-08-09,51,1,completed
RTE-CMH-20240809-003,HUB-CMH,DRV-01189,VEH-0033,2024-08-09,25,0,completed
RTE-CHI-20240809-001,HUB-CHI,DRV-01047,VEH-0004,2024-08-09,48,0,completed
RTE-CHI-20240809-002,HUB-CHI,DRV-01012,VEH-0005,2024-08-09,29,0,completed
RTE-CHI-20240809-003,HUB-CHI,DRV-01011,VEH-0006,2024-08-09,29,1,completed
RTE-CHI-20240809-005,HUB-CHI,DRV-01190,VEH-0005,2024-08-09,29,0,completed
RTE-DET-20240809-001,HUB-DET,DRV-01193,VEH-0024,2024-08-09,28,0,canceled
RTE-DET-20240809-002,HUB-DET,DRV-01021,VEH-0022,2024-08-09,61,0,completed
RTE-CIN-20240809-001,HUB-CIN,DRV-01025,VEH-0025,2024-08-09,61,0,completed
RTE-CMH-20240810-001,HUB-CMH,DRV-01028,VEH-0038,2024-08-10,18,0,completed
RTE-CHI-20240810-001,HUB-CHI,DRV-01047,VEH-0015,2024-08-10,23,0,completed
RTE-IND-20240810-001,HUB-IND,DRV-01024,VEH-0009,2024-08-10,58,0,completed
RTE-DET-20240810-001,HUB-DET,DRV-01193,VEH-0024,2024-08-10,18,0,completed
RTE-CIN-20240810-001,HUB-CIN,DRV-01008,VEH-0036,2024-08-10,41,0,completed
RTE-IND-20240811-001,HUB-IND,DRV-01033,VEH-0017,2024-08-11,59,0,completed
RTE-IND-20240811-002,HUB-IND,DRV-01032,VEH-0023,2024-08-11,33,4,completed
RTE-DET-20240811-001,HUB-DET,DRV-01046,VEH-0029,2024-08-11,37,0,completed
RTE-CIN-20240811-001,HUB-CIN,DRV-01027,VEH-0018,2024-08-11,62,0,completed
RTE-CIN-20240811-002,HUB-CIN,DRV-01026,VEH-0020,2024-08-11,42,0,completed
RTE-CMH-20240812-001,HUB-CMH,DRV-01015,VEH-0028,2024-08-12,31,6,completed
RTE-CMH-20240812-002,HUB-CMH,DRV-01013,VEH-0041,2024-08-12,39,3,completed
RTE-CMH-20240812-003,HUB-CMH,DRV-01013,VEH-0001,2024-08-12,51,0,completed
RTE-CMH-20240812-004,HUB-CMH,DRV-01194,VEH-0001,2024-08-12,55,0,partial
RTE-CHI-20240812-001,HUB-CHI,DRV-01035,VEH-0002,2024-08-12,19,0,partial
RTE-IND-20240812-001,HUB-IND,DRV-01006,VEH-0013,2024-08-12,41,0,completed
RTE-IND-20240812-002,HUB-IND,DRV-01006,VEH-0013,2024-08-12,21,0,completed
RTE-DET-20240812-001,HUB-DET,DRV-01004,VEH-0022,2024-08-12,36,0,completed
RTE-DET-20240812-002,HUB-DET,DRV-01046,VEH-0024,2024-08-12,52,0,completed
RTE-CIN-20240812-001,HUB-CIN,DRV-01026,VEH-0026,2024-08-12,51,0,completed
RTE-CMH-20240813-001,HUB-CMH,DRV-01028,VEH-0003,2024-08-13,46,0,completed
RTE-CHI-20240813-001,HUB-CHI,DRV-01011,VEH-0006,2024-08-13,58,3,completed
RTE-CHI-20240813-002,HUB-CHI,DRV-01047,VEH-0002,2024-08-13,55,0,completed
RTE-CHI-20240813-003,HUB-CHI,DRV-01011,VEH-0005,2024-08-13,57,0,completed
RTE-CHI-20240813-004,HUB-CHI,DRV-01012,VEH-0042,2024-08-13,53,0,completed
RTE-CHI-20240813-005,HUB-CHI,DRV-01035,VEH-0015,2024-08-13,51,0,completed
RTE-CHI-20240813-006,HUB-CHI,DRV-01035,VEH-0042,2024-08-13,25,4,completed
RTE-IND-20240813-001,HUB-IND,DRV-01031,VEH-0016,2024-08-13,22,0,completed
RTE-IND-20240813-002,HUB-IND,DRV-01032,VEH-0008,2024-08-13,46,6,completed
RTE-DET-20240813-001,HUB-DET,DRV-01037,VEH-0022,2024-08-13,25,0,completed
RTE-DET-20240813-002,HUB-DET,DRV-01193,VEH-0022,2024-08-13,30,0,completed
RTE-DET-20240813-003,HUB-DET,DRV-01193,VEH-0044,2024-08-13,35,0,completed
RTE-DET-20240813-004,HUB-DET,DRV-01037,VEH-0029,2024-08-13,36,0,completed
RTE-CIN-20240813-001,HUB-CIN,DRV-01002,VEH-0025,2024-08-13,44,0,completed
RTE-CIN-20240813-002,HUB-CIN,DRV-01003,VEH-0027,2024-08-13,55,0,completed
RTE-CIN-20240813-003,HUB-CIN,DRV-01027,VEH-0018,2024-08-13,43,0,completed
RTE-CIN-20240813-004,HUB-CIN,DRV-01041,VEH-0032,2024-08-13,54,3,completed
RTE-CMH-20240814-001,HUB-CMH,DRV-01049,VEH-0035,2024-08-14,56,0,completed
RTE-CMH-20240814-002,HUB-CMH,DRV-01189,VEH-0028,2024-08-14,40,1,completed
RTE-CMH-20240814-003,HUB-CMH,DRV-01018,VEH-0038,2024-08-14,53,0,completed
RTE-IND-20240814-001,HUB-IND,DRV-01006,VEH-0043,2024-08-14,50,0,completed
RTE-IND-20240814-002,HUB-IND,DRV-01045,VEH-0017,2024-08-14,49,0,completed
RTE-IND-20240814-003,HUB-IND,DRV-01045,VEH-0023,2024-08-14,65,0,completed
RTE-DET-20240814-001,HUB-DET,DRV-01046,VEH-0024,2024-08-14,65,0,completed
RTE-CMH-20240815-001,HUB-CMH,DRV-01013,VEH-0031,2024-08-15,31,0,completed
RTE-CMH-20240815-002,HUB-CMH,DRV-01039,VEH-0003,2024-08-15,49,0,completed
RTE-CMH-20240815-003,HUB-CMH,DRV-01009,VEH-0038,2024-08-15,23,0,completed
RTE-CMH-20240815-004,HUB-CMH,DRV-01001,VEH-0021,2024-08-15,22,0,completed
RTE-CMH-20240815-005,HUB-CMH,DRV-01001,VEH-0035,2024-08-15,18,0,completed
RTE-DET-20240815-001,HUB-DET,DRV-01046,VEH-0044,2024-08-15,21,6,completed
RTE-DET-20240815-002,HUB-DET,DRV-01004,VEH-0024,2024-08-15,63,0,completed
RTE-DET-20240815-003,HUB-DET,DRV-01022,VEH-0029,2024-08-15,53,0,completed
RTE-CIN-20240815-001,HUB-CIN,DRV-01003,VEH-0036,2024-08-15,60,6,completed
RTE-CMH-20240816-001,HUB-CMH,DRV-01044,VEH-0028,2024-08-16,60,0,partial
RTE-CMH-20240816-002,HUB-CMH,DRV-01001,VEH-0035,2024-08-16,57,0,completed
RTE-CHI-20240816-001,HUB-CHI,DRV-01048,VEH-0042,2024-08-16,47,0,completed
RTE-CHI-20240816-002,HUB-CHI,DRV-01190,VEH-0042,2024-08-16,33,0,completed
RTE-IND-20240816-001,HUB-IND,DRV-01191,VEH-0034,2024-08-16,59,3,completed
RTE-IND-20240816-002,HUB-IND,DRV-01032,VEH-0043,2024-08-16,63,0,completed
RTE-DET-20240816-001,HUB-DET,DRV-01022,VEH-0044,2024-08-16,19,0,completed
RTE-DET-20240816-002,HUB-DET,DRV-01014,VEH-0024,2024-08-16,42,0,completed
RTE-DET-20240816-003,HUB-DET,DRV-01037,VEH-0024,2024-08-16,28,2,completed
RTE-DET-20240816-004,HUB-DET,DRV-01004,VEH-0024,2024-08-16,49,0,completed
RTE-DET-20240816-005,HUB-DET,DRV-01021,VEH-0022,2024-08-16,51,3,completed
RTE-CIN-20240816-001,HUB-CIN,DRV-01041,VEH-0027,2024-08-16,58,0,completed
RTE-CMH-20240817-001,HUB-CMH,DRV-01028,VEH-0035,2024-08-17,44,0,completed
RTE-DET-20240817-001,HUB-DET,DRV-01014,VEH-0044,2024-08-17,26,0,completed
RTE-CHI-20240818-001,HUB-CHI,DRV-01035,VEH-0037,2024-08-18,25,0,completed
RTE-CHI-20240818-002,HUB-CHI,DRV-01007,VEH-0005,2024-08-18,30,0,completed
RTE-IND-20240818-001,HUB-IND,DRV-01188,VEH-0013,2024-08-18,60,0,completed
RTE-CMH-20240819-001,HUB-CMH,DRV-01189,VEH-0003,2024-08-19,59,0,completed
RTE-CHI-20240819-001,HUB-CHI,DRV-01005,VEH-0015,2024-08-19,57,4,partial
RTE-CHI-20240819-002,HUB-CHI,DRV-01007,VEH-0006,2024-08-19,30,0,completed
RTE-CHI-20240819-003,HUB-CHI,DRV-01048,VEH-0037,2024-08-19,46,0,completed
RTE-IND-20240819-001,HUB-IND,DRV-01032,VEH-0013,2024-08-19,52,0,completed
RTE-IND-20240819-002,HUB-IND,DRV-01033,VEH-0017,2024-08-19,24,0,completed
RTE-IND-20240819-003,HUB-IND,DRV-01033,VEH-0034,2024-08-19,41,5,partial
RTE-IND-20240819-004,HUB-IND,DRV-01032,VEH-0034,2024-08-19,43,0,completed
RTE-DET-20240819-001,HUB-DET,DRV-01193,VEH-0044,2024-08-19,34,0,completed
RTE-DET-20240819-002,HUB-DET,DRV-01193,VEH-0029,2024-08-19,18,0,completed
RTE-DET-20240819-003,HUB-DET,DRV-01046,VEH-0024,2024-08-19,64,0,completed
RTE-DET-20240819-004,HUB-DET,DRV-01037,VEH-0022,2024-08-19,51,2,completed
RTE-CIN-20240819-001,HUB-CIN,DRV-01025,VEH-0027,2024-08-19,51,0,completed
RTE-CIN-20240819-002,HUB-CIN,DRV-01192,VEH-0032,2024-08-19,42,0,completed
RTE-CIN-20240819-003,HUB-CIN,DRV-01038,VEH-0036,2024-08-19,21,0,completed
RTE-CIN-20240819-004,HUB-CIN,DRV-01026,VEH-0018,2024-08-19,59,3,completed
RTE-CIN-20240819-005,HUB-CIN,DRV-01003,VEH-0026,2024-08-19,41,0,partial
RTE-CIN-20240819-006,HUB-CIN,DRV-01034,VEH-0026,2024-08-19,42,6,completed
RTE-CIN-20240819-007,HUB-CIN,DRV-01002,VEH-0032,2024-08-19,29,0,completed
RTE-CMH-20240820-001,HUB-CMH,DRV-01043,VEH-0031,2024-08-20,25,0,completed
RTE-CHI-20240820-001,HUB-CHI,DRV-01012,VEH-0037,2024-08-20,44,0,partial
RTE-CHI-20240820-002,HUB-CHI,DRV-01011,VEH-0037,2024-08-20,58,0,completed
RTE-CHI-20240820-003,HUB-CHI,DRV-01020,VEH-0004,2024-08-20,50,0,completed
RTE-CHI-20240820-004,HUB-CHI,DRV-01020,VEH-0002,2024-08-20,34,0,completed
RTE-IND-20240820-001,HUB-IND,DRV-01031,VEH-0034,2024-08-20,42,0,completed
RTE-IND-20240820-002,HUB-IND,DRV-01188,VEH-0013,2024-08-20,54,0,completed
RTE-IND-20240820-003,HUB-IND,DRV-01045,VEH-0043,2024-08-20,24,0,completed
RTE-IND-20240820-004,HUB-IND,DRV-01032,VEH-0008,2024-08-20,40,0,completed
RTE-IND-20240820-005,HUB-IND,DRV-01024,VEH-0009,2024-08-20,54,4,completed
RTE-DET-20240820-001,HUB-DET,DRV-01014,VEH-0029,2024-08-20,33,3,completed
RTE-DET-20240820-002,HUB-DET,DRV-01046,VEH-0044,2024-08-20,24,0,completed
RTE-DET-20240820-003,HUB-DET,DRV-01193,VEH-0024,2024-08-20,23,0,completed
RTE-CIN-20240820-001,HUB-CIN,DRV-01025,VEH-0026,2024-08-20,63,0,completed
RTE-CIN-20240820-002,HUB-CIN,DRV-01192,VEH-0026,2024-08-20,28,0,completed
RTE-CMH-20240821-001,HUB-CMH,DRV-01013,VEH-0041,2024-08-21,34,1,partial
RTE-CHI-20240821-001,HUB-CHI,DRV-01190,VEH-0006,2024-08-21,33,0,completed
RTE-CHI-20240821-002,HUB-CHI,DRV-01047,VEH-0006,2024-08-21,24,0,completed
RTE-CHI-20240821-004,HUB-CHI,DRV-01190,VEH-0019,2024-08-21,61,0,completed
RTE-IND-20240821-001,HUB-IND,DRV-01188,VEH-0016,2024-08-21,28,2,completed
RTE-IND-20240821-002,HUB-IND,DRV-01031,VEH-0023,2024-08-21,45,0,completed
RTE-IND-20240821-003,HUB-IND,DRV-01006,VEH-0017,2024-08-21,56,3,completed
RTE-DET-20240821-001,HUB-DET,DRV-01021,VEH-0022,2024-08-21,24,0,completed
RTE-CIN-20240821-001,HUB-CIN,DRV-01003,VEH-0036,2024-08-21,61,0,completed
RTE-CIN-20240821-002,HUB-CIN,DRV-01027,VEH-0020,2024-08-21,25,0,completed
RTE-CIN-20240821-003,HUB-CIN,DRV-01027,VEH-0026,2024-08-21,65,0,completed
RTE-CIN-20240821-004,HUB-CIN,DRV-01008,VEH-0027,2024-08-21,39,0,partial
RTE-CMH-20240822-001,HUB-CMH,DRV-01013,VEH-0031,2024-08-22,65,5,completed
RTE-CMH-20240822-002,HUB-CMH,DRV-01018,VEH-0041,2024-08-22,26,0,completed
RTE-CHI-20240822-001,HUB-CHI,DRV-01005,VEH-0006,2024-08-22,19,0,completed
RTE-IND-20240822-001,HUB-IND,DRV-01033,VEH-0034,2024-08-22,55,0,completed
RTE-DET-20240822-001,HUB-DET,DRV-01022,VEH-0044,2024-08-22,35,5,completed
RTE-DET-20240822-002,HUB-DET,DRV-01046,VEH-0029,2024-08-22,38,0,completed
RTE-DET-20240822-003,HUB-DET,DRV-01021,VEH-0024,2024-08-22,23,0,completed
RTE-DET-20240822-004,HUB-DET,DRV-01193,VEH-0044,2024-08-22,52,0,completed
RTE-CMH-20240823-001,HUB-CMH,DRV-01001,VEH-0001,2024-08-23,32,0,partial
RTE-CMH-20240823-002,HUB-CMH,DRV-01016,VEH-0031,2024-08-23,45,6,completed
RTE-CMH-20240823-003,HUB-CMH,DRV-01028,VEH-0021,2024-08-23,33,0,completed
RTE-CMH-20240823-004,HUB-CMH,DRV-01013,VEH-0031,2024-08-23,52,0,completed
RTE-CMH-20240823-005,HUB-CMH,DRV-01018,VEH-0007,2024-08-23,38,0,completed
RTE-CHI-20240823-001,HUB-CHI,DRV-01190,VEH-0006,2024-08-23,47,0,completed
RTE-CHI-20240823-002,HUB-CHI,DRV-01035,VEH-0019,2024-08-23,62,0,completed
RTE-CHI-20240823-003,HUB-CHI,DRV-01190,VEH-0002,2024-08-23,23,0,completed
RTE-CHI-20240823-004,HUB-CHI,DRV-01011,VEH-0002,2024-08-23,25,0,completed
RTE-CHI-20240823-005,HUB-CHI,DRV-01035,VEH-0005,2024-08-23,22,0,completed
RTE-CHI-20240823-006,HUB-CHI,DRV-01011,VEH-0019,2024-08-23,54,0,completed
RTE-IND-20240823-001,HUB-IND,DRV-01006,VEH-0043,2024-08-23,40,0,partial
RTE-DET-20240823-001,HUB-DET,DRV-01014,VEH-0022,2024-08-23,39,0,completed
RTE-CMH-20240824-001,HUB-CMH,DRV-01194,VEH-0007,2024-08-24,22,0,completed
RTE-DET-20240824-001,HUB-DET,DRV-01021,VEH-0029,2024-08-24,50,0,completed
RTE-DET-20240824-002,HUB-DET,DRV-01004,VEH-0044,2024-08-24,22,0,completed
RTE-CIN-20240824-001,HUB-CIN,DRV-01192,VEH-0018,2024-08-24,37,2,completed
RTE-CMH-20240825-001,HUB-CMH,DRV-01039,VEH-0001,2024-08-25,52,6,completed
RTE-IND-20240825-001,HUB-IND,DRV-01033,VEH-0023,2024-08-25,33,0,completed
RTE-DET-20240825-001,HUB-DET,DRV-01046,VEH-0029,2024-08-25,33,0,completed
RTE-DET-20240825-002,HUB-DET,DRV-01004,VEH-0029,2024-08-25,60,0,completed
RTE-CHI-20240826-001,HUB-CHI,DRV-01011,VEH-0004,2024-08-26,57,0,completed
RTE-IND-20240826-001,HUB-IND,DRV-01191,VEH-0034,2024-08-26,34,0,completed
RTE-DET-20240826-001,HUB-DET,DRV-01022,VEH-0044,2024-08-26,28,0,completed
RTE-DET-20240826-002,HUB-DET,DRV-01046,VEH-0044,2024-08-26,31,0,completed
RTE-CIN-20240826-001,HUB-CIN,DRV-01192,VEH-0026,2024-08-26,47,4,completed
RTE-CIN-20240826-002,HUB-CIN,DRV-01023,VEH-0025,2024-08-26,27,0,completed
RTE-CMH-20240827-001,HUB-CMH,DRV-01001,VEH-0001,2024-08-27,19,0,completed
RTE-CMH-20240827-002,HUB-CMH,DRV-01036,VEH-0031,2024-08-27,43,4,partial
RTE-CMH-20240827-003,HUB-CMH,DRV-01030,VEH-0038,2024-08-27,65,0,completed
RTE-CMH-20240827-004,HUB-CMH,DRV-01044,VEH-0001,2024-08-27,42,0,completed
RTE-CMH-20240827-005,HUB-CMH,DRV-01189,VEH-0035,2024-08-27,22,0,completed
RTE-CHI-20240827-001,HUB-CHI,DRV-01048,VEH-0006,2024-08-27,18,0,completed
RTE-CHI-20240827-002,HUB-CHI,DRV-01020,VEH-0004,2024-08-27,38,0,completed
RTE-IND-20240827-001,HUB-IND,DRV-01024,VEH-0008,2024-08-27,47,0,partial
RTE-IND-20240827-002,HUB-IND,DRV-01024,VEH-0043,2024-08-27,63,0,completed
RTE-IND-20240827-003,HUB-IND,DRV-01024,VEH-0017,2024-08-27,65,0,completed
RTE-IND-20240827-004,HUB-IND,DRV-01188,VEH-0017,2024-08-27,58,0,completed
RTE-CIN-20240827-001,HUB-CIN,DRV-01002,VEH-0026,2024-08-27,28,0,completed
RTE-CMH-20240828-001,HUB-CMH,DRV-01189,VEH-0031,2024-08-28,46,0,completed
RTE-CMH-20240828-002,HUB-CMH,DRV-01015,VEH-0033,2024-08-28,20,0,completed
RTE-CMH-20240828-003,HUB-CMH,DRV-01189,VEH-0028,2024-08-28,48,0,completed
RTE-IND-20240828-001,HUB-IND,DRV-01031,VEH-0017,2024-08-28,57,3,completed
RTE-DET-20240828-001,HUB-DET,DRV-01004,VEH-0029,2024-08-28,42,5,completed
RTE-DET-20240828-002,HUB-DET,DRV-01014,VEH-0022,2024-08-28,39,0,completed
RTE-DET-20240828-003,HUB-DET,DRV-01021,VEH-0029,2024-08-28,21,0,completed
RTE-CIN-20240828-001,HUB-CIN,DRV-01002,VEH-0027,2024-08-28,24,0,completed
RTE-CIN-20240828-002,HUB-CIN,DRV-01023,VEH-0025,2024-08-28,25,0,completed
RTE-CIN-20240828-003,HUB-CIN,DRV-01002,VEH-0036,2024-08-28,40,0,completed
RTE-CIN-20240828-004,HUB-CIN,DRV-01041,VEH-0036,2024-08-28,24,0,completed
RTE-CMH-20240829-001,HUB-CMH,DRV-01001,VEH-0041,2024-08-29,24,0,completed
RTE-CMH-20240829-002,HUB-CMH,DRV-01015,VEH-0001,2024-08-29,54,0,partial
RTE-CMH-20240829-003,HUB-CMH,DRV-01010,VEH-0007,2024-08-29,19,4,completed
RTE-CHI-20240829-001,HUB-CHI,DRV-01007,VEH-0005,2024-08-29,41,0,completed
RTE-CHI-20240829-002,HUB-CHI,DRV-01011,VEH-0019,2024-08-29,28,0,completed
RTE-CHI-20240829-003,HUB-CHI,DRV-01048,VEH-0042,2024-08-29,48,0,completed
RTE-CHI-20240829-004,HUB-CHI,DRV-01017,VEH-0004,2024-08-29,40,0,completed
RTE-DET-20240829-001,HUB-DET,DRV-01022,VEH-0022,2024-08-29,33,2,completed
RTE-DET-20240829-003,HUB-DET,DRV-01022,VEH-0022,2024-08-29,20,0,completed
RTE-DET-20240829-004,HUB-DET,DRV-01014,VEH-0024,2024-08-29,22,6,completed
RTE-DET-20240829-005,HUB-DET,DRV-01004,VEH-0044,2024-08-29,62,0,completed
RTE-CIN-20240829-001,HUB-CIN,DRV-01192,VEH-0027,2024-08-29,24,0,completed
RTE-CIN-20240829-002,HUB-CIN,DRV-01041,VEH-0018,2024-08-29,52,0,completed
RTE-CIN-20240829-003,HUB-CIN,DRV-01026,VEH-0027,2024-08-29,21,0,completed
RTE-IND-20240830-001,HUB-IND,DRV-01024,VEH-0017,2024-08-30,39,0,completed
RTE-DET-20240830-001,HUB-DET,DRV-01021,VEH-0029,2024-08-30,53,0,completed
RTE-DET-20240830-002,HUB-DET,DRV-01193,VEH-0044,2024-08-30,53,0,completed
RTE-CIN-20240830-001,HUB-CIN,DRV-01003,VEH-0025,2024-08-30,52,0,completed
RTE-IND-20240831-001,HUB-IND,DRV-01033,VEH-0009,2024-08-31,61,6,completed
RTE-IND-20240831-002,HUB-IND,DRV-01045,VEH-0034,2024-08-31,58,0,completed
RTE-IND-20240831-003,HUB-IND,DRV-01032,VEH-0008,2024-08-31,48,5,completed
RTE-DET-20240831-001,HUB-DET,DRV-01193,VEH-0024,2024-08-31,44,0,completed
RTE-CIN-20240831-001,HUB-CIN,DRV-01034,VEH-0025,2024-08-31,46,4,completed
RTE-CIN-20240831-002,HUB-CIN,DRV-01019,VEH-0036,2024-08-31,26,0,completed
RTE-CMH-20240901-001,HUB-CMH,DRV-01043,VEH-0038,2024-09-01,20,0,completed
RTE-CMH-20240901-002,HUB-CMH,DRV-01036,VEH-0035,2024-09-01,65,0,completed
RTE-IND-20240901-001,HUB-IND,DRV-01006,VEH-0009,2024-09-01,24,0,completed
RTE-IND-20240901-002,HUB-IND,DRV-01042,VEH-0017,2024-09-01,60,0,completed
RTE-DET-20240901-001,HUB-DET,DRV-01014,VEH-0022,2024-09-01,20,0,completed
RTE-DET-20240901-002,HUB-DET,DRV-01014,VEH-0024,2024-09-01,39,0,completed
RTE-CMH-20240902-003,HUB-CMH,DRV-01189,VEH-0041,2024-09-02,21,0,completed
RTE-CHI-20240902-001,HUB-CHI,DRV-01048,VEH-0042,2024-09-02,63,0,completed
RTE-DET-20240902-001,HUB-DET,DRV-01046,VEH-0029,2024-09-02,39,0,completed
RTE-DET-20240902-002,HUB-DET,DRV-01037,VEH-0044,2024-09-02,63,0,completed
RTE-DET-20240902-003,HUB-DET,DRV-01021,VEH-0022,2024-09-02,31,0,completed
RTE-CIN-20240902-001,HUB-CIN,DRV-01026,VEH-0027,2024-09-02,41,0,completed
RTE-CIN-20240902-002,HUB-CIN,DRV-01025,VEH-0036,2024-09-02,32,0,completed
RTE-CIN-20240902-003,HUB-CIN,DRV-01002,VEH-0018,2024-09-02,31,3,completed
RTE-CMH-20240903-001,HUB-CMH,DRV-01039,VEH-0007,2024-09-03,20,0,completed
RTE-CMH-20240903-002,HUB-CMH,DRV-01030,VEH-0035,2024-09-03,61,0,completed
RTE-CHI-20240903-001,HUB-CHI,DRV-01007,VEH-0042,2024-09-03,45,0,partial
RTE-CHI-20240903-002,HUB-CHI,DRV-01012,VEH-0006,2024-09-03,60,0,completed
RTE-CHI-20240903-003,HUB-CHI,DRV-01007,VEH-0037,2024-09-03,18,0,completed
RTE-IND-20240903-001,HUB-IND,DRV-01191,VEH-0008,2024-09-03,33,0,completed
RTE-IND-20240903-002,HUB-IND,DRV-01006,VEH-0013,2024-09-03,49,0,completed
RTE-DET-20240903-001,HUB-DET,DRV-01037,VEH-0044,2024-09-03,51,0,completed
RTE-CIN-20240903-001,HUB-CIN,DRV-01003,VEH-0020,2024-09-03,21,0,completed
RTE-CIN-20240903-002,HUB-CIN,DRV-01027,VEH-0036,2024-09-03,54,0,completed
RTE-CIN-20240903-003,HUB-CIN,DRV-01008,VEH-0027,2024-09-03,20,1,completed
RTE-CHI-20240904-002,HUB-CHI,DRV-01035,VEH-0006,2024-09-04,41,0,completed
RTE-CHI-20240904-003,HUB-CHI,DRV-01020,VEH-0005,2024-09-04,44,4,completed
RTE-CHI-20240904-004,HUB-CHI,DRV-01020,VEH-0042,2024-09-04,30,0,completed
RTE-IND-20240904-002,HUB-IND,DRV-01031,VEH-0009,2024-09-04,43,0,completed
RTE-DET-20240904-001,HUB-DET,DRV-01037,VEH-0022,2024-09-04,40,0,partial
RTE-CIN-20240904-001,HUB-CIN,DRV-01034,VEH-0032,2024-09-04,50,0,completed
RTE-CIN-20240904-002,HUB-CIN,DRV-01029,VEH-0020,2024-09-04,59,0,completed
RTE-CIN-20240904-003,HUB-CIN,DRV-01025,VEH-0026,2024-09-04,60,0,completed
RTE-CMH-20240905-001,HUB-CMH,DRV-01036,VEH-0007,2024-09-05,63,0,completed
RTE-CMH-20240905-002,HUB-CMH,DRV-01036,VEH-0007,2024-09-05,48,6,completed
RTE-CHI-20240905-001,HUB-CHI,DRV-01020,VEH-0042,2024-09-05,60,3,completed
RTE-CHI-20240905-002,HUB-CHI,DRV-01047,VEH-0037,2024-09-05,36,0,completed
RTE-CHI-20240905-003,HUB-CHI,DRV-01017,VEH-0002,2024-09-05,29,0,completed
RTE-CHI-20240905-004,HUB-CHI,DRV-01020,VEH-0006,2024-09-05,57,0,completed
RTE-CHI-20240905-005,HUB-CHI,DRV-01005,VEH-0042,2024-09-05,51,0,completed
RTE-IND-20240905-001,HUB-IND,DRV-01024,VEH-0023,2024-09-05,55,0,completed
RTE-IND-20240905-002,HUB-IND,DRV-01006,VEH-0017,2024-09-05,33,0,completed
RTE-IND-20240905-003,HUB-IND,DRV-01033,VEH-0009,2024-09-05,42,0,partial
RTE-IND-20240905-004,HUB-IND,DRV-01045,VEH-0023,2024-09-05,55,1,partial
RTE-IND-20240905-005,HUB-IND,DRV-01045,VEH-0009,2024-09-05,53,0,completed
RTE-DET-20240905-001,HUB-DET,DRV-01021,VEH-0029,2024-09-05,41,0,partial
RTE-DET-20240905-002,HUB-DET,DRV-01037,VEH-0024,2024-09-05,48,3,completed
RTE-DET-20240905-003,HUB-DET,DRV-01037,VEH-0029,2024-09-05,22,0,completed
RTE-DET-20240905-004,HUB-DET,DRV-01037,VEH-0044,2024-09-05,33,0,completed
RTE-CIN-20240905-001,HUB-CIN,DRV-01019,VEH-0018,2024-09-05,18,5,completed
RTE-CMH-20240906-002,HUB-CMH,DRV-01009,VEH-0035,2024-09-06,33,1,completed
RTE-CMH-20240906-003,HUB-CMH,DRV-01030,VEH-0031,2024-09-06,62,0,completed
RTE-CHI-20240906-001,HUB-CHI,DRV-01005,VEH-0005,2024-09-06,46,0,completed
RTE-CHI-20240906-002,HUB-CHI,DRV-01012,VEH-0005,2024-09-06,45,0,completed
RTE-CHI-20240906-003,HUB-CHI,DRV-01007,VEH-0002,2024-09-06,56,5,completed
RTE-IND-20240906-001,HUB-IND,DRV-01188,VEH-0017,2024-09-06,44,0,completed
RTE-DET-20240906-001,HUB-DET,DRV-01021,VEH-0029,2024-09-06,62,4,completed
RTE-DET-20240906-003,HUB-DET,DRV-01021,VEH-0022,2024-09-06,44,0,completed
RTE-CIN-20240906-001,HUB-CIN,DRV-01025,VEH-0036,2024-09-06,39,0,completed
RTE-CIN-20240906-002,HUB-CIN,DRV-01192,VEH-0032,2024-09-06,30,0,completed
RTE-CIN-20240906-003,HUB-CIN,DRV-01023,VEH-0020,2024-09-06,58,0,completed
RTE-IND-20240907-001,HUB-IND,DRV-01042,VEH-0016,2024-09-07,58,0,completed
RTE-IND-20240908-001,HUB-IND,DRV-01006,VEH-0043,2024-09-08,55,0,completed
RTE-CIN-20240908-001,HUB-CIN,DRV-01023,VEH-0026,2024-09-08,39,0,completed
RTE-CMH-20240909-001,HUB-CMH,DRV-01001,VEH-0028,2024-09-09,33,0,partial
RTE-CMH-20240909-002,HUB-CMH,DRV-01194,VEH-0031,2024-09-09,45,3,completed
RTE-CMH-20240909-003,HUB-CMH,DRV-01044,VEH-0001,2024-09-09,18,6,completed
RTE-CHI-20240909-001,HUB-CHI,DRV-01007,VEH-0006,2024-09-09,43,6,completed
RTE-CHI-20240909-002,HUB-CHI,DRV-01005,VEH-0037,2024-09-09,33,0,completed
RTE-IND-20240909-001,HUB-IND,DRV-01032,VEH-0034,2024-09-09,61,0,completed
RTE-IND-20240909-002,HUB-IND,DRV-01006,VEH-0009,2024-09-09,64,4,completed
RTE-IND-20240909-003,HUB-IND,DRV-01024,VEH-0013,2024-09-09,44,0,completed
RTE-IND-20240909-004,HUB-IND,DRV-01033,VEH-0009,2024-09-09,31,0,completed
RTE-IND-20240909-005,HUB-IND,DRV-01033,VEH-0034,2024-09-09,43,0,completed
RTE-DET-20240909-001,HUB-DET,DRV-01022,VEH-0029,2024-09-09,64,0,completed
RTE-DET-20240909-002,HUB-DET,DRV-01193,VEH-0044,2024-09-09,55,1,completed
RTE-CIN-20240909-001,HUB-CIN,DRV-01038,VEH-0032,2024-09-09,55,0,completed
RTE-CMH-20240910-001,HUB-CMH,DRV-01015,VEH-0028,2024-09-10,27,0,completed
RTE-CMH-20240910-002,HUB-CMH,DRV-01016,VEH-0001,2024-09-10,41,2,completed
RTE-CMH-20240910-003,HUB-CMH,DRV-01001,VEH-0033,2024-09-10,49,0,completed
RTE-CMH-20240910-004,HUB-CMH,DRV-01013,VEH-0041,2024-09-10,29,0,completed
RTE-CMH-20240910-005,HUB-CMH,DRV-01009,VEH-0038,2024-09-10,48,0,completed
RTE-CMH-20240910-006,HUB-CMH,DRV-01010,VEH-0038,2024-09-10,46,0,completed
RTE-CHI-20240910-001,HUB-CHI,DRV-01005,VEH-0042,2024-09-10,49,0,completed
RTE-CHI-20240910-002,HUB-CHI,DRV-01190,VEH-0002,2024-09-10,39,3,completed
RTE-CHI-20240910-003,HUB-CHI,DRV-01007,VEH-0015,2024-09-10,54,0,partial
RTE-IND-20240910-001,HUB-IND,DRV-01045,VEH-0009,2024-09-10,56,0,completed
RTE-IND-20240910-002,HUB-IND,DRV-01031,VEH-0043,2024-09-10,64,0,completed
RTE-CIN-20240910-001,HUB-CIN,DRV-01003,VEH-0025,2024-09-10,22,2,completed
RTE-CMH-20240911-001,HUB-CMH,DRV-01009,VEH-0028,2024-09-11,41,0,completed
RTE-CMH-20240911-002,HUB-CMH,DRV-01013,VEH-0007,2024-09-11,51,0,completed
RTE-CHI-20240911-001,HUB-CHI,DRV-01012,VEH-0006,2024-09-11,53,0,partial
RTE-IND-20240911-001,HUB-IND,DRV-01045,VEH-0013,2024-09-11,41,3,completed
RTE-IND-20240911-002,HUB-IND,DRV-01045,VEH-0023,2024-09-11,21,0,completed
RTE-DET-20240911-001,HUB-DET,DRV-01037,VEH-0022,2024-09-11,53,0,canceled
RTE-DET-20240911-002,HUB-DET,DRV-01014,VEH-0029,2024-09-11,21,0,completed
RTE-DET-20240911-003,HUB-DET,DRV-01021,VEH-0044,2024-09-11,47,0,completed
RTE-DET-20240911-004,HUB-DET,DRV-01014,VEH-0022,2024-09-11,62,0,completed
RTE-CIN-20240911-001,HUB-CIN,DRV-01019,VEH-0026,2024-09-11,26,0,completed
RTE-CIN-20240911-002,HUB-CIN,DRV-01027,VEH-0025,2024-09-11,59,3,completed
RTE-CIN-20240911-003,HUB-CIN,DRV-01041,VEH-0036,2024-09-11,42,4,completed
RTE-CIN-20240911-004,HUB-CIN,DRV-01038,VEH-0020,2024-09-11,35,0,completed
RTE-CMH-20240912-001,HUB-CMH,DRV-01016,VEH-0001,2024-09-12,39,0,completed
RTE-CHI-20240912-001,HUB-CHI,DRV-01035,VEH-0015,2024-09-12,37,3,completed
RTE-CHI-20240912-002,HUB-CHI,DRV-01005,VEH-0004,2024-09-12,58,0,completed
RTE-CHI-20240912-003,HUB-CHI,DRV-01005,VEH-0015,2024-09-12,51,0,partial
RTE-CHI-20240912-004,HUB-CHI,DRV-01035,VEH-0015,2024-09-12,48,0,partial
RTE-CHI-20240912-005,HUB-CHI,DRV-01017,VEH-0042,2024-09-12,40,0,completed
RTE-IND-20240912-001,HUB-IND,DRV-01033,VEH-0008,2024-09-12,25,0,completed
RTE-IND-20240912-002,HUB-IND,DRV-01031,VEH-0009,2024-09-12,36,0,partial
RTE-DET-20240912-001,HUB-DET,DRV-01022,VEH-0022,2024-09-12,34,0,completed
RTE-DET-20240912-002,HUB-DET,DRV-01022,VEH-0029,2024-09-12,59,0,completed
RTE-CIN-20240912-001,HUB-CIN,DRV-01038,VEH-0018,2024-09-12,38,0,completed
RTE-CIN-20240912-002,HUB-CIN,DRV-01019,VEH-0020,2024-09-12,29,0,completed
RTE-CMH-20240913-001,HUB-CMH,DRV-01001,VEH-0003,2024-09-13,29,0,completed
RTE-CMH-20240913-002,HUB-CMH,DRV-01015,VEH-0035,2024-09-13,28,0,completed
RTE-CHI-20240913-001,HUB-CHI,DRV-01035,VEH-0006,2024-09-13,52,0,completed
RTE-CHI-20240913-002,HUB-CHI,DRV-01017,VEH-0004,2024-09-13,20,4,partial
RTE-CHI-20240913-003,HUB-CHI,DRV-01035,VEH-0004,2024-09-13,27,4,completed
RTE-IND-20240913-001,HUB-IND,DRV-01032,VEH-0013,2024-09-13,24,0,completed
RTE-IND-20240913-002,HUB-IND,DRV-01032,VEH-0043,2024-09-13,26,0,completed
RTE-IND-20240913-003,HUB-IND,DRV-01024,VEH-0013,2024-09-13,27,6,completed
RTE-DET-20240913-001,HUB-DET,DRV-01022,VEH-0024,2024-09-13,18,0,completed
RTE-DET-20240913-002,HUB-DET,DRV-01037,VEH-0029,2024-09-13,59,0,completed
RTE-DET-20240913-003,HUB-DET,DRV-01014,VEH-0024,2024-09-13,48,0,completed
RTE-DET-20240913-004,HUB-DET,DRV-01193,VEH-0029,2024-09-13,64,5,completed
RTE-CIN-20240913-002,HUB-CIN,DRV-01003,VEH-0027,2024-09-13,25,0,completed
RTE-CIN-20240913-003,HUB-CIN,DRV-01003,VEH-0027,2024-09-13,42,0,completed
RTE-CIN-20240913-004,HUB-CIN,DRV-01038,VEH-0036,2024-09-13,56,0,completed
RTE-CIN-20240913-005,HUB-CIN,DRV-01034,VEH-0036,2024-09-13,64,0,completed
RTE-CMH-20240914-001,HUB-CMH,DRV-01009,VEH-0001,2024-09-14,47,0,completed
RTE-CIN-20240914-001,HUB-CIN,DRV-01192,VEH-0025,2024-09-14,30,0,completed
RTE-CMH-20240915-001,HUB-CMH,DRV-01001,VEH-0035,2024-09-15,50,0,completed
RTE-CHI-20240915-001,HUB-CHI,DRV-01190,VEH-0002,2024-09-15,60,0,completed
RTE-DET-20240915-001,HUB-DET,DRV-01022,VEH-0044,2024-09-15,51,0,completed
RTE-DET-20240915-002,HUB-DET,DRV-01004,VEH-0022,2024-09-15,28,0,completed
RTE-CMH-20240916-001,HUB-CMH,DRV-01189,VEH-0021,2024-09-16,34,0,completed
RTE-CMH-20240916-002,HUB-CMH,DRV-01013,VEH-0033,2024-09-16,19,0,completed
RTE-CHI-20240916-001,HUB-CHI,DRV-01005,VEH-0019,2024-09-16,25,0,completed
RTE-CHI-20240916-002,HUB-CHI,DRV-01011,VEH-0019,2024-09-16,50,0,completed
RTE-DET-20240916-001,HUB-DET,DRV-01021,VEH-0024,2024-09-16,32,3,completed
RTE-CIN-20240916-001,HUB-CIN,DRV-01192,VEH-0027,2024-09-16,32,0,completed
RTE-CIN-20240916-002,HUB-CIN,DRV-01192,VEH-0032,2024-09-16,36,0,completed
RTE-CIN-20240916-003,HUB-CIN,DRV-01029,VEH-0026,2024-09-16,34,6,completed
RTE-CMH-20240917-001,HUB-CMH,DRV-01036,VEH-0028,2024-09-17,61,0,completed
RTE-CMH-20240917-002,HUB-CMH,DRV-01039,VEH-0001,2024-09-17,43,0,completed
RTE-CMH-20240917-003,HUB-CMH,DRV-01189,VEH-0035,2024-09-17,38,0,completed
RTE-CMH-20240917-004,HUB-CMH,DRV-01030,VEH-0041,2024-09-17,46,0,completed
RTE-CMH-20240917-005,HUB-CMH,DRV-01030,VEH-0035,2024-09-17,43,0,completed
RTE-CMH-20240917-006,HUB-CMH,DRV-01049,VEH-0031,2024-09-17,21,0,partial
RTE-CHI-20240917-001,HUB-CHI,DRV-01035,VEH-0042,2024-09-17,60,0,completed
RTE-CHI-20240917-002,HUB-CHI,DRV-01047,VEH-0019,2024-09-17,20,0,completed
RTE-IND-20240917-001,HUB-IND,DRV-01191,VEH-0008,2024-09-17,29,0,completed
RTE-IND-20240917-002,HUB-IND,DRV-01042,VEH-0043,2024-09-17,61,0,completed
RTE-DET-20240917-001,HUB-DET,DRV-01037,VEH-0024,2024-09-17,55,0,completed
RTE-DET-20240917-002,HUB-DET,DRV-01046,VEH-0029,2024-09-17,50,3,completed
RTE-DET-20240917-003,HUB-DET,DRV-01037,VEH-0044,2024-09-17,29,0,completed
RTE-CIN-20240917-001,HUB-CIN,DRV-01034,VEH-0025,2024-09-17,56,0,completed
RTE-CMH-20240918-001,HUB-CMH,DRV-01009,VEH-0033,2024-09-18,65,6,completed
RTE-CHI-20240918-001,HUB-CHI,DRV-01035,VEH-0037,2024-09-18,65,0,completed
RTE-CHI-20240918-002,HUB-CHI,DRV-01190,VEH-0006,2024-09-18,55,3,completed
RTE-CHI-20240918-003,HUB-CHI,DRV-01005,VEH-0004,2024-09-18,22,0,partial
RTE-IND-20240918-001,HUB-IND,DRV-01188,VEH-0009,2024-09-18,35,0,completed
RTE-IND-20240918-002,HUB-IND,DRV-01031,VEH-0043,2024-09-18,40,0,completed
RTE-CIN-20240918-001,HUB-CIN,DRV-01041,VEH-0032,2024-09-18,30,0,completed
RTE-CIN-20240918-002,HUB-CIN,DRV-01027,VEH-0026,2024-09-18,29,4,completed
RTE-CIN-20240918-003,HUB-CIN,DRV-01038,VEH-0036,2024-09-18,28,0,completed
RTE-CMH-20240919-001,HUB-CMH,DRV-01016,VEH-0033,2024-09-19,19,0,partial
RTE-CMH-20240919-002,HUB-CMH,DRV-01028,VEH-0021,2024-09-19,18,0,completed
RTE-CMH-20240919-003,HUB-CMH,DRV-01044,VEH-0041,2024-09-19,41,1,completed
RTE-CMH-20240919-004,HUB-CMH,DRV-01001,VEH-0033,2024-09-19,46,0,completed
RTE-CMH-20240919-005,HUB-CMH,DRV-01018,VEH-0021,2024-09-19,28,0,completed
RTE-CMH-20240919-006,HUB-CMH,DRV-01015,VEH-0001,2024-09-19,63,0,completed
RTE-CHI-20240919-001,HUB-CHI,DRV-01190,VEH-0002,2024-09-19,47,0,completed
RTE-CHI-20240919-002,HUB-CHI,DRV-01020,VEH-0037,2024-09-19,60,0,completed
RTE-CHI-20240919-003,HUB-CHI,DRV-01047,VEH-0006,2024-09-19,23,0,completed
RTE-CHI-20240919-004,HUB-CHI,DRV-01035,VEH-0002,2024-09-19,64,0,completed
RTE-IND-20240919-001,HUB-IND,DRV-01045,VEH-0008,2024-09-19,46,4,completed
RTE-DET-20240919-001,HUB-DET,DRV-01021,VEH-0029,2024-09-19,27,0,completed
RTE-DET-20240919-002,HUB-DET,DRV-01014,VEH-0044,2024-09-19,42,0,completed
RTE-DET-20240919-003,HUB-DET,DRV-01193,VEH-0029,2024-09-19,39,0,completed
RTE-CIN-20240919-001,HUB-CIN,DRV-01038,VEH-0025,2024-09-19,59,0,completed
RTE-CIN-20240919-002,HUB-CIN,DRV-01025,VEH-0026,2024-09-19,53,0,partial
RTE-CIN-20240919-003,HUB-CIN,DRV-01038,VEH-0036,2024-09-19,65,0,completed
RTE-CMH-20240920-001,HUB-CMH,DRV-01010,VEH-0003,2024-09-20,48,0,completed
RTE-CMH-20240920-002,HUB-CMH,DRV-01044,VEH-0028,2024-09-20,46,0,canceled
RTE-CMH-20240920-003,HUB-CMH,DRV-01018,VEH-0038,2024-09-20,25,5,completed
RTE-IND-20240920-001,HUB-IND,DRV-01191,VEH-0023,2024-09-20,36,0,partial
RTE-IND-20240920-002,HUB-IND,DRV-01024,VEH-0016,2024-09-20,24,0,completed
RTE-IND-20240920-003,HUB-IND,DRV-01191,VEH-0016,2024-09-20,54,1,completed
RTE-DET-20240920-001,HUB-DET,DRV-01193,VEH-0044,2024-09-20,22,0,completed
RTE-DET-20240920-002,HUB-DET,DRV-01022,VEH-0044,2024-09-20,43,0,completed
RTE-DET-20240920-003,HUB-DET,DRV-01193,VEH-0029,2024-09-20,19,1,completed
RTE-DET-20240920-004,HUB-DET,DRV-01021,VEH-0022,2024-09-20,52,0,completed
RTE-CIN-20240920-001,HUB-CIN,DRV-01019,VEH-0036,2024-09-20,57,3,partial
RTE-CIN-20240920-002,HUB-CIN,DRV-01025,VEH-0020,2024-09-20,19,0,completed
RTE-CMH-20240921-001,HUB-CMH,DRV-01036,VEH-0033,2024-09-21,48,0,completed
RTE-CMH-20240921-002,HUB-CMH,DRV-01044,VEH-0028,2024-09-21,47,0,completed
RTE-CMH-20240921-003,HUB-CMH,DRV-01030,VEH-0001,2024-09-21,39,0,completed
RTE-IND-20240921-001,HUB-IND,DRV-01045,VEH-0008,2024-09-21,41,3,completed
RTE-IND-20240921-002,HUB-IND,DRV-01006,VEH-0034,2024-09-21,36,0,completed
RTE-CHI-20240922-001,HUB-CHI,DRV-01011,VEH-0004,2024-09-22,44,0,partial
RTE-IND-20240922-001,HUB-IND,DRV-01033,VEH-0013,2024-09-22,28,0,completed
RTE-CMH-20240923-001,HUB-CMH,DRV-01030,VEH-0007,2024-09-23,59,0,completed
RTE-CHI-20240923-001,HUB-CHI,DRV-01047,VEH-0037,2024-09-23,42,0,completed
RTE-CHI-20240923-002,HUB-CHI,DRV-01017,VEH-0042,2024-09-23,20,0,completed
RTE-CHI-20240923-003,HUB-CHI,DRV-01017,VEH-0005,2024-09-23,39,0,completed
RTE-CHI-20240923-004,HUB-CHI,DRV-01035,VEH-0042,2024-09-23,49,6,completed
RTE-CHI-20240923-005,HUB-CHI,DRV-01007,VEH-0004,2024-09-23,26,0,completed
RTE-CHI-20240923-006,HUB-CHI,DRV-01190,VEH-0004,2024-09-23,33,0,completed
RTE-CHI-20240923-007,HUB-CHI,DRV-01012,VEH-0015,2024-09-23,50,0,completed
RTE-IND-20240923-001,HUB-IND,DRV-01042,VEH-0017,2024-09-23,51,0,completed
RTE-IND-20240923-002,HUB-IND,DRV-01045,VEH-0013,2024-09-23,58,0,completed
RTE-IND-20240923-003,HUB-IND,DRV-01031,VEH-0034,2024-09-23,63,0,completed
RTE-IND-20240923-004,HUB-IND,DRV-01006,VEH-0009,2024-09-23,33,1,completed
RTE-IND-20240923-005,HUB-IND,DRV-01033,VEH-0034,2024-09-23,56,0,completed
RTE-IND-20240923-006,HUB-IND,DRV-01191,VEH-0009,2024-09-23,18,0,completed
RTE-DET-20240923-001,HUB-DET,DRV-01022,VEH-0022,2024-09-23,35,0,completed
RTE-CIN-20240923-001,HUB-CIN,DRV-01003,VEH-0032,2024-09-23,22,0,completed
RTE-CIN-20240923-002,HUB-CIN,DRV-01026,VEH-0018,2024-09-23,54,0,completed
RTE-CIN-20240923-003,HUB-CIN,DRV-01192,VEH-0018,2024-09-23,43,0,completed
RTE-CIN-20240923-004,HUB-CIN,DRV-01023,VEH-0032,2024-09-23,54,0,completed
RTE-CMH-20240924-001,HUB-CMH,DRV-01043,VEH-0035,2024-09-24,45,0,completed
RTE-CMH-20240924-002,HUB-CMH,DRV-01013,VEH-0038,2024-09-24,22,3,completed
RTE-CMH-20240924-003,HUB-CMH,DRV-01016,VEH-0038,2024-09-24,46,0,completed
RTE-CHI-20240924-001,HUB-CHI,DRV-01011,VEH-0019,2024-09-24,34,0,completed
RTE-CHI-20240924-002,HUB-CHI,DRV-01005,VEH-0037,2024-09-24,46,0,completed
RTE-CHI-20240924-003,HUB-CHI,DRV-01035,VEH-0006,2024-09-24,40,0,completed
RTE-CHI-20240924-004,HUB-CHI,DRV-01012,VEH-0006,2024-09-24,56,5,completed
RTE-IND-20240924-001,HUB-IND,DRV-01033,VEH-0017,2024-09-24,57,0,completed
RTE-DET-20240924-001,HUB-DET,DRV-01021,VEH-0024,2024-09-24,34,0,completed
RTE-DET-20240924-002,HUB-DET,DRV-01014,VEH-0029,2024-09-24,43,0,partial
RTE-DET-20240924-003,HUB-DET,DRV-01022,VEH-0024,2024-09-24,19,0,completed
RTE-DET-20240924-004,HUB-DET,DRV-01046,VEH-0029,2024-09-24,24,5,completed
RTE-CIN-20240924-001,HUB-CIN,DRV-01025,VEH-0020,2024-09-24,53,5,partial
RTE-CIN-20240924-002,HUB-CIN,DRV-01034,VEH-0036,2024-09-24,45,4,completed
RTE-CIN-20240924-003,HUB-CIN,DRV-01023,VEH-0032,2024-09-24,23,0,completed
RTE-CMH-20240925-001,HUB-CMH,DRV-01030,VEH-0033,2024-09-25,18,0,completed
RTE-CMH-20240925-002,HUB-CMH,DRV-01040,VEH-0038,2024-09-25,60,6,completed
RTE-CHI-20240925-001,HUB-CHI,DRV-01047,VEH-0005,2024-09-25,49,4,completed
RTE-CHI-20240925-002,HUB-CHI,DRV-01020,VEH-0004,2024-09-25,30,0,completed
RTE-CHI-20240925-003,HUB-CHI,DRV-01047,VEH-0037,2024-09-25,51,0,completed
RTE-IND-20240925-001,HUB-IND,DRV-01042,VEH-0023,2024-09-25,46,0,completed
RTE-DET-20240925-001,HUB-DET,DRV-01021,VEH-0029,2024-09-25,41,0,completed
RTE-DET-20240925-002,HUB-DET,DRV-01037,VEH-0029,2024-09-25,29,0,completed
RTE-DET-20240925-003,HUB-DET,DRV-01004,VEH-0024,2024-09-25,62,0,completed
RTE-DET-20240925-004,HUB-DET,DRV-01037,VEH-0044,2024-09-25,29,0,completed
RTE-DET-20240925-005,HUB-DET,DRV-01193,VEH-0044,2024-09-25,55,0,completed
RTE-DET-20240925-006,HUB-DET,DRV-01193,VEH-0044,2024-09-25,36,0,completed
RTE-CIN-20240925-001,HUB-CIN,DRV-01002,VEH-0036,2024-09-25,58,0,completed
RTE-CIN-20240925-002,HUB-CIN,DRV-01029,VEH-0018,2024-09-25,40,0,completed
RTE-CIN-20240925-003,HUB-CIN,DRV-01034,VEH-0025,2024-09-25,41,0,completed
RTE-CHI-20240926-001,HUB-CHI,DRV-01035,VEH-0002,2024-09-26,37,0,completed
RTE-CHI-20240926-002,HUB-CHI,DRV-01012,VEH-0006,2024-09-26,61,5,completed
RTE-IND-20240926-001,HUB-IND,DRV-01188,VEH-0017,2024-09-26,47,6,completed
RTE-IND-20240926-002,HUB-IND,DRV-01042,VEH-0009,2024-09-26,26,2,completed
RTE-DET-20240926-001,HUB-DET,DRV-01021,VEH-0022,2024-09-26,40,1,partial
RTE-DET-20240926-002,HUB-DET,DRV-01021,VEH-0022,2024-09-26,49,0,partial
RTE-DET-20240926-003,HUB-DET,DRV-01046,VEH-0022,2024-09-26,38,0,completed
RTE-DET-20240926-004,HUB-DET,DRV-01037,VEH-0044,2024-09-26,54,0,completed
RTE-DET-20240926-005,HUB-DET,DRV-01037,VEH-0029,2024-09-26,40,0,completed
RTE-CIN-20240926-001,HUB-CIN,DRV-01029,VEH-0018,2024-09-26,31,6,completed
RTE-CIN-20240926-002,HUB-CIN,DRV-01029,VEH-0032,2024-09-26,22,0,completed
RTE-CMH-20240927-001,HUB-CMH,DRV-01044,VEH-0021,2024-09-27,40,0,completed
RTE-CMH-20240927-002,HUB-CMH,DRV-01009,VEH-0001,2024-09-27,29,2,completed
RTE-CMH-20240927-003,HUB-CMH,DRV-01030,VEH-0001,2024-09-27,45,1,completed
RTE-CMH-20240927-004,HUB-CMH,DRV-01001,VEH-0041,2024-09-27,63,0,completed
RTE-CMH-20240927-005,HUB-CMH,DRV-01043,VEH-0041,2024-09-27,47,0,completed
RTE-CMH-20240927-006,HUB-CMH,DRV-01039,VEH-0033,2024-09-27,50,0,completed
RTE-CHI-20240927-002,HUB-CHI,DRV-01048,VEH-0015,2024-09-27,57,0,completed
RTE-CHI-20240927-003,HUB-CHI,DRV-01007,VEH-0002,2024-09-27,53,0,completed
RTE-IND-20240927-001,HUB-IND,DRV-01042,VEH-0034,2024-09-27,35,0,canceled
RTE-IND-20240927-002,HUB-IND,DRV-01031,VEH-0009,2024-09-27,28,0,completed
RTE-IND-20240927-003,HUB-IND,DRV-01031,VEH-0013,2024-09-27,42,0,completed
RTE-IND-20240927-004,HUB-IND,DRV-01042,VEH-0023,2024-09-27,60,0,completed
RTE-IND-20240927-005,HUB-IND,DRV-01042,VEH-0017,2024-09-27,27,3,completed
RTE-DET-20240927-001,HUB-DET,DRV-01014,VEH-0024,2024-09-27,64,0,completed
RTE-DET-20240927-002,HUB-DET,DRV-01037,VEH-0029,2024-09-27,23,5,completed
RTE-CIN-20240927-001,HUB-CIN,DRV-01027,VEH-0025,2024-09-27,25,5,completed
RTE-CIN-20240927-002,HUB-CIN,DRV-01029,VEH-0036,2024-09-27,36,0,completed
RTE-CHI-20240928-001,HUB-CHI,DRV-01005,VEH-0019,2024-09-28,19,6,completed
RTE-CHI-20240928-002,HUB-CHI,DRV-01020,VEH-0037,2024-09-28,35,0,completed
RTE-IND-20240928-001,HUB-IND,DRV-01191,VEH-0023,2024-09-28,42,0,completed
RTE-DET-20240928-001,HUB-DET,DRV-01193,VEH-0044,2024-09-28,52,0,completed
RTE-DET-20240928-002,HUB-DET,DRV-01046,VEH-0022,2024-09-28,28,4,completed
RTE-DET-20240928-003,HUB-DET,DRV-01004,VEH-0044,2024-09-28,23,0,partial
RTE-DET-20240928-004,HUB-DET,DRV-01037,VEH-0024,2024-09-28,43,0,completed
RTE-CMH-20240929-001,HUB-CMH,DRV-01044,VEH-0031,2024-09-29,60,0,partial
RTE-IND-20240929-001,HUB-IND,DRV-01031,VEH-0009,2024-09-29,64,0,completed
RTE-IND-20240929-002,HUB-IND,DRV-01191,VEH-0016,2024-09-29,39,0,completed
RTE-DET-20240929-001,HUB-DET,DRV-01004,VEH-0022,2024-09-29,59,0,completed
RTE-CIN-20240929-001,HUB-CIN,DRV-01026,VEH-0020,2024-09-29,63,0,partial
RTE-CIN-20240929-002,HUB-CIN,DRV-01025,VEH-0026,2024-09-29,52,4,completed
RTE-CMH-20240930-001,HUB-CMH,DRV-01030,VEH-0033,2024-09-30,24,0,completed
RTE-CHI-20240930-001,HUB-CHI,DRV-01047,VEH-0002,2024-09-30,65,0,completed
RTE-CHI-20240930-002,HUB-CHI,DRV-01007,VEH-0002,2024-09-30,56,0,completed
RTE-CHI-20240930-003,HUB-CHI,DRV-01048,VEH-0002,2024-09-30,34,6,completed
RTE-IND-20240930-001,HUB-IND,DRV-01188,VEH-0043,2024-09-30,56,2,completed
RTE-IND-20240930-002,HUB-IND,DRV-01032,VEH-0009,2024-09-30,23,3,completed
RTE-IND-20240930-003,HUB-IND,DRV-01191,VEH-0023,2024-09-30,65,0,partial
RTE-IND-20240930-004,HUB-IND,DRV-01024,VEH-0009,2024-09-30,47,0,completed
RTE-IND-20240930-005,HUB-IND,DRV-01031,VEH-0023,2024-09-30,55,0,completed
RTE-IND-20240930-006,HUB-IND,DRV-01024,VEH-0016,2024-09-30,64,0,completed
RTE-DET-20240930-001,HUB-DET,DRV-01014,VEH-0024,2024-09-30,61,0,completed
RTE-DET-20240930-002,HUB-DET,DRV-01046,VEH-0044,2024-09-30,21,0,completed
RTE-CIN-20240930-001,HUB-CIN,DRV-01002,VEH-0026,2024-09-30,23,0,partial
RTE-CIN-20240930-002,HUB-CIN,DRV-01025,VEH-0032,2024-09-30,48,0,completed
RTE-CIN-20240930-003,HUB-CIN,DRV-01002,VEH-0020,2024-09-30,46,0,completed
RTE-CMH-20241001-001,HUB-CMH,DRV-01030,VEH-0033,2024-10-01,24,0,partial
RTE-CMH-20241001-002,HUB-CMH,DRV-01018,VEH-0035,2024-10-01,65,0,completed
RTE-CHI-20241001-001,HUB-CHI,DRV-01048,VEH-0037,2024-10-01,27,0,completed
RTE-CHI-20241001-002,HUB-CHI,DRV-01012,VEH-0004,2024-10-01,33,0,completed
RTE-IND-20241001-001,HUB-IND,DRV-01042,VEH-0008,2024-10-01,64,0,completed
RTE-DET-20241001-001,HUB-DET,DRV-01014,VEH-0024,2024-10-01,63,5,completed
RTE-DET-20241001-002,HUB-DET,DRV-01037,VEH-0029,2024-10-01,23,0,completed
RTE-DET-20241001-003,HUB-DET,DRV-01014,VEH-0044,2024-10-01,46,0,completed
RTE-CIN-20241001-001,HUB-CIN,DRV-01029,VEH-0026,2024-10-01,61,0,completed
RTE-CIN-20241001-002,HUB-CIN,DRV-01041,VEH-0018,2024-10-01,60,0,completed
RTE-CMH-20241002-001,HUB-CMH,DRV-01016,VEH-0031,2024-10-02,42,0,partial
RTE-CMH-20241002-003,HUB-CMH,DRV-01030,VEH-0007,2024-10-02,57,0,partial
RTE-CMH-20241002-004,HUB-CMH,DRV-01016,VEH-0007,2024-10-02,22,0,completed
RTE-CHI-20241002-001,HUB-CHI,DRV-01020,VEH-0037,2024-10-02,20,2,completed
RTE-CHI-20241002-002,HUB-CHI,DRV-01020,VEH-0005,2024-10-02,31,0,completed
RTE-CHI-20241002-003,HUB-CHI,DRV-01020,VEH-0015,2024-10-02,37,0,completed
RTE-IND-20241002-001,HUB-IND,DRV-01032,VEH-0016,2024-10-02,62,5,completed
RTE-IND-20241002-002,HUB-IND,DRV-01188,VEH-0013,2024-10-02,33,0,completed
RTE-DET-20241002-001,HUB-DET,DRV-01037,VEH-0029,2024-10-02,58,0,completed
RTE-DET-20241002-002,HUB-DET,DRV-01193,VEH-0029,2024-10-02,48,0,completed
RTE-DET-20241002-003,HUB-DET,DRV-01004,VEH-0044,2024-10-02,54,0,completed
RTE-CIN-20241002-001,HUB-CIN,DRV-01019,VEH-0032,2024-10-02,62,0,completed
RTE-CIN-20241002-002,HUB-CIN,DRV-01038,VEH-0036,2024-10-02,40,3,completed
RTE-CIN-20241002-003,HUB-CIN,DRV-01025,VEH-0018,2024-10-02,60,0,partial
RTE-CIN-20241002-004,HUB-CIN,DRV-01023,VEH-0025,2024-10-02,64,0,completed
RTE-CMH-20241003-001,HUB-CMH,DRV-01040,VEH-0007,2024-10-03,46,0,completed
RTE-CHI-20241003-001,HUB-CHI,DRV-01048,VEH-0042,2024-10-03,33,0,completed
RTE-CHI-20241003-002,HUB-CHI,DRV-01007,VEH-0015,2024-10-03,35,0,completed
RTE-IND-20241003-001,HUB-IND,DRV-01191,VEH-0034,2024-10-03,51,3,completed
RTE-IND-20241003-002,HUB-IND,DRV-01024,VEH-0013,2024-10-03,42,0,completed
RTE-IND-20241003-003,HUB-IND,DRV-01191,VEH-0023,2024-10-03,54,0,completed
RTE-DET-20241003-001,HUB-DET,DRV-01022,VEH-0022,2024-10-03,47,0,completed
RTE-DET-20241003-002,HUB-DET,DRV-01014,VEH-0044,2024-10-03,40,0,completed
RTE-CIN-20241003-001,HUB-CIN,DRV-01003,VEH-0025,2024-10-03,64,0,completed
RTE-CIN-20241003-002,HUB-CIN,DRV-01003,VEH-0032,2024-10-03,43,0,completed
RTE-CMH-20241004-001,HUB-CMH,DRV-01044,VEH-0028,2024-10-04,65,0,completed
RTE-CMH-20241004-002,HUB-CMH,DRV-01030,VEH-0003,2024-10-04,45,0,completed
RTE-CMH-20241004-003,HUB-CMH,DRV-01044,VEH-0031,2024-10-04,49,4,completed
RTE-CMH-20241004-004,HUB-CMH,DRV-01040,VEH-0031,2024-10-04,32,0,completed
RTE-CMH-20241004-005,HUB-CMH,DRV-01030,VEH-0003,2024-10-04,31,2,completed
RTE-CMH-20241004-006,HUB-CMH,DRV-01009,VEH-0028,2024-10-04,42,4,completed
RTE-CHI-20241004-001,HUB-CHI,DRV-01011,VEH-0006,2024-10-04,32,0,completed
RTE-CHI-20241004-002,HUB-CHI,DRV-01047,VEH-0037,2024-10-04,57,0,completed
RTE-IND-20241004-001,HUB-IND,DRV-01006,VEH-0016,2024-10-04,56,4,completed
RTE-IND-20241004-002,HUB-IND,DRV-01191,VEH-0016,2024-10-04,41,0,completed
RTE-DET-20241004-001,HUB-DET,DRV-01022,VEH-0022,2024-10-04,33,0,completed
RTE-DET-20241004-002,HUB-DET,DRV-01014,VEH-0022,2024-10-04,58,0,completed
RTE-DET-20241004-003,HUB-DET,DRV-01193,VEH-0024,2024-10-04,32,0,completed
RTE-DET-20241004-004,HUB-DET,DRV-01046,VEH-0022,2024-10-04,58,4,completed
RTE-CIN-20241004-001,HUB-CIN,DRV-01034,VEH-0027,2024-10-04,41,0,partial
RTE-CHI-20241005-001,HUB-CHI,DRV-01020,VEH-0019,2024-10-05,25,0,completed
RTE-IND-20241005-001,HUB-IND,DRV-01191,VEH-0043,2024-10-05,43,0,completed
RTE-IND-20241005-002,HUB-IND,DRV-01024,VEH-0016,2024-10-05,37,0,completed
RTE-IND-20241005-003,HUB-IND,DRV-01042,VEH-0008,2024-10-05,39,0,completed
RTE-IND-20241006-001,HUB-IND,DRV-01024,VEH-0017,2024-10-06,51,0,completed
RTE-CIN-20241006-001,HUB-CIN,DRV-01025,VEH-0020,2024-10-06,42,0,completed
RTE-CIN-20241006-002,HUB-CIN,DRV-01038,VEH-0036,2024-10-06,38,0,completed
RTE-CMH-20241007-001,HUB-CMH,DRV-01189,VEH-0001,2024-10-07,41,0,completed
RTE-CMH-20241007-002,HUB-CMH,DRV-01040,VEH-0028,2024-10-07,49,0,completed
RTE-CMH-20241007-003,HUB-CMH,DRV-01044,VEH-0041,2024-10-07,60,0,completed
RTE-IND-20241007-001,HUB-IND,DRV-01042,VEH-0013,2024-10-07,48,0,completed
RTE-IND-20241007-002,HUB-IND,DRV-01045,VEH-0013,2024-10-07,35,0,completed
RTE-DET-20241007-001,HUB-DET,DRV-01021,VEH-0022,2024-10-07,21,0,completed
RTE-CIN-20241007-001,HUB-CIN,DRV-01041,VEH-0032,2024-10-07,63,3,completed
RTE-CIN-20241007-002,HUB-CIN,DRV-01026,VEH-0027,2024-10-07,28,5,partial
RTE-CMH-20241008-001,HUB-CMH,DRV-01049,VEH-0001,2024-10-08,64,0,completed
RTE-CMH-20241008-002,HUB-CMH,DRV-01049,VEH-0007,2024-10-08,19,5,completed
RTE-CHI-20241008-001,HUB-CHI,DRV-01035,VEH-0006,2024-10-08,24,0,completed
RTE-IND-20241008-001,HUB-IND,DRV-01031,VEH-0023,2024-10-08,47,0,completed
RTE-IND-20241008-002,HUB-IND,DRV-01031,VEH-0017,2024-10-08,21,0,completed
RTE-IND-20241008-003,HUB-IND,DRV-01031,VEH-0017,2024-10-08,61,0,completed
RTE-IND-20241008-004,HUB-IND,DRV-01042,VEH-0013,2024-10-08,33,0,completed
RTE-CIN-20241008-001,HUB-CIN,DRV-01008,VEH-0018,2024-10-08,53,0,completed
RTE-CIN-20241008-002,HUB-CIN,DRV-01003,VEH-0018,2024-10-08,34,5,completed
RTE-CIN-20241008-004,HUB-CIN,DRV-01008,VEH-0020,2024-10-08,26,4,completed
RTE-CMH-20241009-001,HUB-CMH,DRV-01015,VEH-0003,2024-10-09,54,0,completed
RTE-CMH-20241009-002,HUB-CMH,DRV-01044,VEH-0035,2024-10-09,39,0,canceled
RTE-CMH-20241009-003,HUB-CMH,DRV-01001,VEH-0031,2024-10-09,51,0,completed
RTE-CHI-20241009-001,HUB-CHI,DRV-01005,VEH-0042,2024-10-09,30,0,completed
RTE-CHI-20241009-002,HUB-CHI,DRV-01012,VEH-0002,2024-10-09,41,0,completed
RTE-CHI-20241009-003,HUB-CHI,DRV-01047,VEH-0002,2024-10-09,27,0,partial
RTE-DET-20241009-001,HUB-DET,DRV-01021,VEH-0044,2024-10-09,51,0,completed
RTE-DET-20241009-002,HUB-DET,DRV-01193,VEH-0044,2024-10-09,50,0,completed
RTE-CIN-20241009-001,HUB-CIN,DRV-01026,VEH-0027,2024-10-09,62,4,completed
RTE-CMH-20241010-001,HUB-CMH,DRV-01016,VEH-0003,2024-10-10,36,0,completed
RTE-CMH-20241010-002,HUB-CMH,DRV-01040,VEH-0038,2024-10-10,26,0,completed
RTE-CHI-20241010-001,HUB-CHI,DRV-01017,VEH-0015,2024-10-10,36,0,completed
RTE-CHI-20241010-002,HUB-CHI,DRV-01035,VEH-0019,2024-10-10,19,0,completed
RTE-CHI-20241010-003,HUB-CHI,DRV-01017,VEH-0006,2024-10-10,50,0,partial
RTE-CHI-20241010-004,HUB-CHI,DRV-01007,VEH-0019,2024-10-10,20,0,completed
RTE-IND-20241010-001,HUB-IND,DRV-01031,VEH-0008,2024-10-10,37,0,completed
RTE-DET-20241010-001,HUB-DET,DRV-01193,VEH-0044,2024-10-10,28,0,completed
RTE-DET-20241010-002,HUB-DET,DRV-01021,VEH-0044,2024-10-10,50,0,completed
RTE-CIN-20241010-001,HUB-CIN,DRV-01029,VEH-0020,2024-10-10,43,0,completed
RTE-CMH-20241011-001,HUB-CMH,DRV-01194,VEH-0001,2024-10-11,42,1,completed
RTE-CMH-20241011-002,HUB-CMH,DRV-01018,VEH-0021,2024-10-11,35,0,completed
RTE-CMH-20241011-003,HUB-CMH,DRV-01036,VEH-0033,2024-10-11,41,0,completed
RTE-CHI-20241011-001,HUB-CHI,DRV-01190,VEH-0002,2024-10-11,26,0,completed
RTE-CHI-20241011-002,HUB-CHI,DRV-01012,VEH-0037,2024-10-11,31,0,completed
RTE-CHI-20241011-003,HUB-CHI,DRV-01012,VEH-0015,2024-10-11,54,0,partial
RTE-CHI-20241011-004,HUB-CHI,DRV-01012,VEH-0019,2024-10-11,51,0,completed
RTE-CHI-20241011-005,HUB-CHI,DRV-01190,VEH-0015,2024-10-11,50,0,partial
RTE-IND-20241011-001,HUB-IND,DRV-01188,VEH-0009,2024-10-11,40,0,completed
RTE-DET-20241011-001,HUB-DET,DRV-01022,VEH-0044,2024-10-11,21,0,completed
RTE-DET-20241011-002,HUB-DET,DRV-01014,VEH-0022,2024-10-11,22,0,completed
RTE-DET-20241011-003,HUB-DET,DRV-01021,VEH-0044,2024-10-11,37,0,completed
RTE-DET-20241011-004,HUB-DET,DRV-01022,VEH-0022,2024-10-11,39,0,completed
RTE-DET-20241011-005,HUB-DET,DRV-01004,VEH-0044,2024-10-11,20,0,completed
RTE-DET-20241011-006,HUB-DET,DRV-01037,VEH-0044,2024-10-11,30,0,completed
RTE-DET-20241011-007,HUB-DET,DRV-01046,VEH-0022,2024-10-11,24,1,partial
RTE-DET-20241011-008,HUB-DET,DRV-01021,VEH-0044,2024-10-11,48,0,completed
RTE-CIN-20241011-001,HUB-CIN,DRV-01038,VEH-0026,2024-10-11,18,0,partial
RTE-CHI-20241012-001,HUB-CHI,DRV-01190,VEH-0042,2024-10-12,34,0,completed
RTE-CHI-20241012-002,HUB-CHI,DRV-01020,VEH-0005,2024-10-12,29,0,completed
RTE-CHI-20241012-003,HUB-CHI,DRV-01007,VEH-0006,2024-10-12,54,0,completed
RTE-IND-20241012-002,HUB-IND,DRV-01191,VEH-0017,2024-10-12,29,0,partial
RTE-DET-20241012-001,HUB-DET,DRV-01193,VEH-0044,2024-10-12,55,0,completed
RTE-CIN-20241012-001,HUB-CIN,DRV-01029,VEH-0020,2024-10-12,61,0,completed
RTE-CMH-20241014-002,HUB-CMH,DRV-01028,VEH-0028,2024-10-14,62,2,completed
RTE-CMH-20241014-003,HUB-CMH,DRV-01039,VEH-0001,2024-10-14,21,0,completed
RTE-CHI-20241014-001,HUB-CHI,DRV-01012,VEH-0002,2024-10-14,43,0,completed
RTE-CHI-20241014-002,HUB-CHI,DRV-01020,VEH-0002,2024-10-14,26,0,canceled
RTE-IND-20241014-001,HUB-IND,DRV-01188,VEH-0008,2024-10-14,19,0,completed
RTE-IND-20241014-003,HUB-IND,DRV-01033,VEH-0043,2024-10-14,26,0,completed
RTE-IND-20241014-004,HUB-IND,DRV-01024,VEH-0008,2024-10-14,31,0,partial
RTE-DET-20241014-001,HUB-DET,DRV-01014,VEH-0029,2024-10-14,26,0,completed
RTE-CIN-20241014-001,HUB-CIN,DRV-01192,VEH-0020,2024-10-14,21,0,completed
RTE-CIN-20241014-002,HUB-CIN,DRV-01019,VEH-0036,2024-10-14,63,0,partial
RTE-CIN-20241014-003,HUB-CIN,DRV-01034,VEH-0027,2024-10-14,37,0,completed
RTE-CIN-20241014-004,HUB-CIN,DRV-01026,VEH-0018,2024-10-14,47,0,completed
RTE-CMH-20241015-001,HUB-CMH,DRV-01010,VEH-0035,2024-10-15,65,0,completed
RTE-CMH-20241015-002,HUB-CMH,DRV-01010,VEH-0031,2024-10-15,37,0,completed
RTE-CMH-20241015-003,HUB-CMH,DRV-01001,VEH-0007,2024-10-15,61,0,completed
RTE-CHI-20241015-001,HUB-CHI,DRV-01011,VEH-0004,2024-10-15,27,0,completed
RTE-CHI-20241015-002,HUB-CHI,DRV-01047,VEH-0002,2024-10-15,37,0,completed
RTE-IND-20241015-001,HUB-IND,DRV-01031,VEH-0013,2024-10-15,62,3,completed
RTE-IND-20241015-002,HUB-IND,DRV-01033,VEH-0017,2024-10-15,44,0,completed
RTE-IND-20241015-003,HUB-IND,DRV-01188,VEH-0008,2024-10-15,39,2,completed
RTE-DET-20241015-001,HUB-DET,DRV-01046,VEH-0022,2024-10-15,18,0,completed
RTE-CIN-20241015-001,HUB-CIN,DRV-01027,VEH-0025,2024-10-15,59,0,completed
RTE-CIN-20241015-002,HUB-CIN,DRV-01023,VEH-0027,2024-10-15,43,2,completed
RTE-CIN-20241015-003,HUB-CIN,DRV-01038,VEH-0026,2024-10-15,44,0,completed
RTE-CMH-20241016-001,HUB-CMH,DRV-01044,VEH-0007,2024-10-16,35,0,completed
RTE-CMH-20241016-002,HUB-CMH,DRV-01015,VEH-0038,2024-10-16,28,3,completed
RTE-CMH-20241016-003,HUB-CMH,DRV-01030,VEH-0041,2024-10-16,52,0,completed
RTE-CMH-20241016-004,HUB-CMH,DRV-01044,VEH-0041,2024-10-16,56,6,completed
RTE-IND-20241016-001,HUB-IND,DRV-01031,VEH-0034,2024-10-16,62,0,completed
RTE-IND-20241016-002,HUB-IND,DRV-01045,VEH-0043,2024-10-16,21,0,completed
RTE-DET-20241016-001,HUB-DET,DRV-01022,VEH-0022,2024-10-16,35,0,completed
RTE-CIN-20241016-001,HUB-CIN,DRV-01029,VEH-0025,2024-10-16,21,0,completed
RTE-CIN-20241016-002,HUB-CIN,DRV-01019,VEH-0020,2024-10-16,54,0,completed
RTE-CMH-20241017-001,HUB-CMH,DRV-01015,VEH-0028,2024-10-17,52,0,completed
RTE-CMH-20241017-002,HUB-CMH,DRV-01016,VEH-0041,2024-10-17,62,0,completed
RTE-CMH-20241017-003,HUB-CMH,DRV-01044,VEH-0038,2024-10-17,55,0,completed
RTE-CMH-20241017-004,HUB-CMH,DRV-01015,VEH-0041,2024-10-17,18,0,completed
RTE-CMH-20241017-005,HUB-CMH,DRV-01016,VEH-0021,2024-10-17,30,0,completed
RTE-CMH-20241017-006,HUB-CMH,DRV-01013,VEH-0035,2024-10-17,39,0,partial
RTE-CHI-20241017-001,HUB-CHI,DRV-01012,VEH-0019,2024-10-17,28,0,completed
RTE-CHI-20241017-002,HUB-CHI,DRV-01012,VEH-0042,2024-10-17,54,0,completed
RTE-IND-20241017-001,HUB-IND,DRV-01032,VEH-0043,2024-10-17,47,0,completed
RTE-IND-20241017-002,HUB-IND,DRV-01024,VEH-0034,2024-10-17,56,0,completed
RTE-DET-20241017-001,HUB-DET,DRV-01193,VEH-0024,2024-10-17,63,4,completed
RTE-DET-20241017-002,HUB-DET,DRV-01037,VEH-0022,2024-10-17,33,0,completed
RTE-DET-20241017-003,HUB-DET,DRV-01014,VEH-0029,2024-10-17,37,0,completed
RTE-CMH-20241018-001,HUB-CMH,DRV-01001,VEH-0035,2024-10-18,22,0,completed
RTE-CMH-20241018-002,HUB-CMH,DRV-01013,VEH-0021,2024-10-18,58,0,completed
RTE-CMH-20241018-003,HUB-CMH,DRV-01009,VEH-0031,2024-10-18,38,0,completed
RTE-CHI-20241018-001,HUB-CHI,DRV-01020,VEH-0006,2024-10-18,22,0,completed
RTE-CHI-20241018-002,HUB-CHI,DRV-01007,VEH-0042,2024-10-18,33,0,completed
RTE-IND-20241018-001,HUB-IND,DRV-01033,VEH-0013,2024-10-18,53,0,completed
RTE-IND-20241018-002,HUB-IND,DRV-01042,VEH-0013,2024-10-18,43,0,completed
RTE-IND-20241018-003,HUB-IND,DRV-01006,VEH-0008,2024-10-18,50,0,completed
RTE-IND-20241018-004,HUB-IND,DRV-01032,VEH-0009,2024-10-18,35,3,completed
RTE-IND-20241018-005,HUB-IND,DRV-01045,VEH-0023,2024-10-18,23,1,completed
RTE-IND-20241018-006,HUB-IND,DRV-01188,VEH-0017,2024-10-18,26,2,completed
RTE-DET-20241018-001,HUB-DET,DRV-01037,VEH-0022,2024-10-18,60,1,completed
RTE-DET-20241018-002,HUB-DET,DRV-01021,VEH-0029,2024-10-18,36,0,partial
RTE-CIN-20241018-001,HUB-CIN,DRV-01019,VEH-0026,2024-10-18,37,6,completed
RTE-CIN-20241018-002,HUB-CIN,DRV-01041,VEH-0036,2024-10-18,27,0,completed
RTE-CIN-20241018-003,HUB-CIN,DRV-01023,VEH-0018,2024-10-18,41,0,completed
RTE-CMH-20241019-001,HUB-CMH,DRV-01010,VEH-0007,2024-10-19,58,0,partial
RTE-CHI-20241019-001,HUB-CHI,DRV-01190,VEH-0037,2024-10-19,53,0,partial
RTE-IND-20241020-001,HUB-IND,DRV-01191,VEH-0034,2024-10-20,49,0,completed
RTE-IND-20241020-002,HUB-IND,DRV-01032,VEH-0034,2024-10-20,38,0,partial
RTE-CMH-20241021-001,HUB-CMH,DRV-01010,VEH-0041,2024-10-21,50,0,completed
RTE-CMH-20241021-003,HUB-CMH,DRV-01036,VEH-0021,2024-10-21,43,0,completed
RTE-CHI-20241021-001,HUB-CHI,DRV-01047,VEH-0004,2024-10-21,56,0,completed
RTE-CHI-20241021-002,HUB-CHI,DRV-01011,VEH-0042,2024-10-21,26,0,completed
RTE-CHI-20241021-003,HUB-CHI,DRV-01011,VEH-0037,2024-10-21,45,0,completed
RTE-CHI-20241021-004,HUB-CHI,DRV-01048,VEH-0006,2024-10-21,64,2,partial
RTE-CHI-20241021-005,HUB-CHI,DRV-01007,VEH-0015,2024-10-21,51,0,completed
RTE-CHI-20241021-006,HUB-CHI,DRV-01017,VEH-0019,2024-10-21,57,0,completed
RTE-CHI-20241021-007,HUB-CHI,DRV-01007,VEH-0002,2024-10-21,30,0,canceled
RTE-IND-20241021-001,HUB-IND,DRV-01032,VEH-0023,2024-10-21,64,0,completed
RTE-IND-20241021-002,HUB-IND,DRV-01006,VEH-0016,2024-10-21,52,0,partial
RTE-DET-20241021-001,HUB-DET,DRV-01193,VEH-0024,2024-10-21,55,0,completed
RTE-DET-20241021-002,HUB-DET,DRV-01037,VEH-0024,2024-10-21,20,0,completed
RTE-DET-20241021-003,HUB-DET,DRV-01004,VEH-0029,2024-10-21,30,0,completed
RTE-CIN-20241021-001,HUB-CIN,DRV-01034,VEH-0027,2024-10-21,51,5,completed
RTE-CIN-20241021-002,HUB-CIN,DRV-01002,VEH-0026,2024-10-21,42,5,completed
RTE-CIN-20241021-003,HUB-CIN,DRV-01026,VEH-0026,2024-10-21,37,0,completed
RTE-CHI-20241022-001,HUB-CHI,DRV-01017,VEH-0015,2024-10-22,28,0,completed
RTE-CHI-20241022-002,HUB-CHI,DRV-01017,VEH-0006,2024-10-22,56,5,completed
RTE-CHI-20241022-003,HUB-CHI,DRV-01035,VEH-0002,2024-10-22,46,0,completed
RTE-CHI-20241022-004,HUB-CHI,DRV-01020,VEH-0042,2024-10-22,19,0,completed
RTE-CHI-20241022-005,HUB-CHI,DRV-01011,VEH-0006,2024-10-22,63,0,completed
RTE-CHI-20241022-006,HUB-CHI,DRV-01017,VEH-0004,2024-10-22,59,0,completed
RTE-IND-20241022-001,HUB-IND,DRV-01045,VEH-0016,2024-10-22,29,0,completed
RTE-IND-20241022-002,HUB-IND,DRV-01024,VEH-0023,2024-10-22,59,0,completed
RTE-DET-20241022-001,HUB-DET,DRV-01004,VEH-0029,2024-10-22,19,0,completed
RTE-DET-20241022-002,HUB-DET,DRV-01037,VEH-0022,2024-10-22,55,0,completed
RTE-DET-20241022-003,HUB-DET,DRV-01046,VEH-0024,2024-10-22,65,0,completed
RTE-DET-20241022-004,HUB-DET,DRV-01193,VEH-0022,2024-10-22,61,0,completed
RTE-DET-20241022-005,HUB-DET,DRV-01004,VEH-0029,2024-10-22,62,0,partial
RTE-DET-20241022-006,HUB-DET,DRV-01014,VEH-0024,2024-10-22,28,0,completed
RTE-CIN-20241022-001,HUB-CIN,DRV-01025,VEH-0027,2024-10-22,40,0,completed
RTE-CIN-20241022-002,HUB-CIN,DRV-01008,VEH-0018,2024-10-22,51,0,partial
RTE-CIN-20241022-003,HUB-CIN,DRV-01041,VEH-0020,2024-10-22,19,0,completed
RTE-CIN-20241022-004,HUB-CIN,DRV-01019,VEH-0025,2024-10-22,60,0,completed
RTE-CMH-20241023-001,HUB-CMH,DRV-01039,VEH-0033,2024-10-23,36,0,completed
RTE-CHI-20241023-001,HUB-CHI,DRV-01011,VEH-0019,2024-10-23,64,0,completed
RTE-IND-20241023-001,HUB-IND,DRV-01024,VEH-0013,2024-10-23,40,0,partial
RTE-IND-20241023-002,HUB-IND,DRV-01188,VEH-0034,2024-10-23,60,0,completed
RTE-DET-20241023-001,HUB-DET,DRV-01046,VEH-0029,2024-10-23,39,5,partial
RTE-DET-20241023-002,HUB-DET,DRV-01004,VEH-0024,2024-10-23,20,0,completed
RTE-DET-20241023-003,HUB-DET,DRV-01193,VEH-0029,2024-10-23,49,0,completed
RTE-DET-20241023-004,HUB-DET,DRV-01193,VEH-0044,2024-10-23,48,0,completed
RTE-DET-20241023-005,HUB-DET,DRV-01014,VEH-0022,2024-10-23,47,0,completed
RTE-DET-20241023-006,HUB-DET,DRV-01004,VEH-0044,2024-10-23,31,0,completed
RTE-CIN-20241023-001,HUB-CIN,DRV-01025,VEH-0020,2024-10-23,40,2,completed
RTE-CIN-20241023-002,HUB-CIN,DRV-01008,VEH-0018,2024-10-23,48,1,completed
RTE-CMH-20241024-001,HUB-CMH,DRV-01015,VEH-0021,2024-10-24,21,0,completed
RTE-CHI-20241024-001,HUB-CHI,DRV-01048,VEH-0037,2024-10-24,47,0,completed
RTE-CHI-20241024-002,HUB-CHI,DRV-01011,VEH-0004,2024-10-24,60,0,completed
RTE-CHI-20241024-003,HUB-CHI,DRV-01190,VEH-0005,2024-10-24,28,0,completed
RTE-IND-20241024-001,HUB-IND,DRV-01032,VEH-0008,2024-10-24,32,3,completed
RTE-IND-20241024-002,HUB-IND,DRV-01188,VEH-0009,2024-10-24,55,3,partial
RTE-IND-20241024-003,HUB-IND,DRV-01042,VEH-0017,2024-10-24,38,6,completed
RTE-IND-20241024-004,HUB-IND,DRV-01032,VEH-0016,2024-10-24,57,0,completed
RTE-DET-20241024-001,HUB-DET,DRV-01022,VEH-0029,2024-10-24,33,4,completed
RTE-CIN-20241024-001,HUB-CIN,DRV-01038,VEH-0036,2024-10-24,47,0,completed
RTE-CIN-20241024-002,HUB-CIN,DRV-01008,VEH-0027,2024-10-24,53,3,completed
RTE-CIN-20241024-003,HUB-CIN,DRV-01034,VEH-0025,2024-10-24,63,0,completed
RTE-CMH-20241025-001,HUB-CMH,DRV-01036,VEH-0033,2024-10-25,25,0,completed
RTE-CMH-20241025-002,HUB-CMH,DRV-01189,VEH-0035,2024-10-25,37,0,completed
RTE-CMH-20241025-003,HUB-CMH,DRV-01194,VEH-0021,2024-10-25,42,4,completed
RTE-CMH-20241025-004,HUB-CMH,DRV-01001,VEH-0038,2024-10-25,26,3,completed
RTE-CMH-20241025-005,HUB-CMH,DRV-01016,VEH-0028,2024-10-25,27,0,completed
RTE-CHI-20241025-001,HUB-CHI,DRV-01020,VEH-0042,2024-10-25,35,0,partial
RTE-CHI-20241025-002,HUB-CHI,DRV-01190,VEH-0004,2024-10-25,50,0,completed
RTE-CHI-20241025-003,HUB-CHI,DRV-01011,VEH-0037,2024-10-25,35,0,completed
RTE-CHI-20241025-004,HUB-CHI,DRV-01048,VEH-0005,2024-10-25,19,0,completed
RTE-IND-20241025-001,HUB-IND,DRV-01042,VEH-0009,2024-10-25,54,5,completed
RTE-IND-20241025-002,HUB-IND,DRV-01031,VEH-0009,2024-10-25,22,0,completed
RTE-DET-20241025-001,HUB-DET,DRV-01046,VEH-0044,2024-10-25,21,0,completed
RTE-DET-20241025-002,HUB-DET,DRV-01021,VEH-0024,2024-10-25,23,0,completed
RTE-DET-20241025-003,HUB-DET,DRV-01193,VEH-0029,2024-10-25,30,0,partial
RTE-CIN-20241025-001,HUB-CIN,DRV-01019,VEH-0018,2024-10-25,27,0,completed
RTE-CIN-20241025-002,HUB-CIN,DRV-01003,VEH-0020,2024-10-25,30,0,completed
RTE-CHI-20241026-001,HUB-CHI,DRV-01020,VEH-0005,2024-10-26,62,0,completed
RTE-IND-20241026-001,HUB-IND,DRV-01033,VEH-0043,2024-10-26,58,0,completed
RTE-IND-20241027-001,HUB-IND,DRV-01006,VEH-0008,2024-10-27,52,6,completed
RTE-CIN-20241027-001,HUB-CIN,DRV-01003,VEH-0036,2024-10-27,53,0,completed
RTE-CMH-20241028-001,HUB-CMH,DRV-01030,VEH-0033,2024-10-28,45,3,completed
RTE-CMH-20241028-002,HUB-CMH,DRV-01028,VEH-0021,2024-10-28,49,1,completed
RTE-CHI-20241028-001,HUB-CHI,DRV-01017,VEH-0004,2024-10-28,62,0,completed
RTE-IND-20241028-001,HUB-IND,DRV-01033,VEH-0043,2024-10-28,48,0,completed
RTE-IND-20241028-002,HUB-IND,DRV-01031,VEH-0023,2024-10-28,30,0,completed
RTE-IND-20241028-003,HUB-IND,DRV-01042,VEH-0008,2024-10-28,34,0,partial
RTE-IND-20241028-004,HUB-IND,DRV-01045,VEH-0017,2024-10-28,24,0,completed
RTE-IND-20241028-005,HUB-IND,DRV-01024,VEH-0034,2024-10-28,27,0,completed
RTE-DET-20241028-001,HUB-DET,DRV-01046,VEH-0044,2024-10-28,54,0,completed
RTE-DET-20241028-002,HUB-DET,DRV-01037,VEH-0022,2024-10-28,38,0,completed
RTE-DET-20241028-003,HUB-DET,DRV-01193,VEH-0022,2024-10-28,46,0,completed
RTE-DET-20241028-004,HUB-DET,DRV-01037,VEH-0022,2024-10-28,31,6,partial
RTE-CIN-20241028-001,HUB-CIN,DRV-01029,VEH-0032,2024-10-28,52,0,completed
RTE-CMH-20241029-001,HUB-CMH,DRV-01044,VEH-0041,2024-10-29,50,0,partial
RTE-CMH-20241029-002,HUB-CMH,DRV-01043,VEH-0003,2024-10-29,50,0,completed
RTE-CHI-20241029-001,HUB-CHI,DRV-01190,VEH-0005,2024-10-29,63,0,completed
RTE-CHI-20241029-002,HUB-CHI,DRV-01190,VEH-0015,2024-10-29,45,0,partial
RTE-CHI-20241029-003,HUB-CHI,DRV-01020,VEH-0006,2024-10-29,21,0,completed
RTE-CHI-20241029-004,HUB-CHI,DRV-01011,VEH-0004,2024-10-29,23,2,completed
RTE-CHI-20241029-005,HUB-CHI,DRV-01017,VEH-0006,2024-10-29,65,6,completed
RTE-IND-20241029-001,HUB-IND,DRV-01033,VEH-0008,2024-10-29,37,0,completed
RTE-DET-20241029-001,HUB-DET,DRV-01021,VEH-0044,2024-10-29,58,0,completed
RTE-DET-20241029-002,HUB-DET,DRV-01046,VEH-0022,2024-10-29,43,0,completed
RTE-CIN-20241029-001,HUB-CIN,DRV-01027,VEH-0026,2024-10-29,22,0,completed
RTE-CIN-20241029-002,HUB-CIN,DRV-01034,VEH-0026,2024-10-29,43,3,completed
RTE-CIN-20241029-003,HUB-CIN,DRV-01026,VEH-0032,2024-10-29,37,0,completed
RTE-CHI-20241030-001,HUB-CHI,DRV-01017,VEH-0006,2024-10-30,55,0,completed
RTE-CHI-20241030-002,HUB-CHI,DRV-01012,VEH-0042,2024-10-30,26,5,completed
RTE-CHI-20241030-003,HUB-CHI,DRV-01035,VEH-0005,2024-10-30,50,0,completed
RTE-IND-20241030-001,HUB-IND,DRV-01045,VEH-0023,2024-10-30,44,0,completed
RTE-IND-20241030-002,HUB-IND,DRV-01042,VEH-0009,2024-10-30,25,6,completed
RTE-IND-20241030-003,HUB-IND,DRV-01006,VEH-0017,2024-10-30,30,0,completed
RTE-DET-20241030-001,HUB-DET,DRV-01037,VEH-0024,2024-10-30,25,0,completed
RTE-DET-20241030-002,HUB-DET,DRV-01022,VEH-0044,2024-10-30,21,1,completed
RTE-CIN-20241030-001,HUB-CIN,DRV-01003,VEH-0032,2024-10-30,61,0,completed
RTE-CMH-20241031-001,HUB-CMH,DRV-01016,VEH-0038,2024-10-31,65,4,completed
RTE-CHI-20241031-001,HUB-CHI,DRV-01005,VEH-0037,2024-10-31,34,0,canceled
RTE-CHI-20241031-002,HUB-CHI,DRV-01007,VEH-0002,2024-10-31,61,0,completed
RTE-CHI-20241031-003,HUB-CHI,DRV-01012,VEH-0015,2024-10-31,59,0,partial
RTE-IND-20241031-001,HUB-IND,DRV-01032,VEH-0016,2024-10-31,51,0,completed
RTE-IND-20241031-002,HUB-IND,DRV-01006,VEH-0009,2024-10-31,36,0,partial
RTE-IND-20241031-003,HUB-IND,DRV-01188,VEH-0043,2024-10-31,40,0,partial
RTE-IND-20241031-004,HUB-IND,DRV-01033,VEH-0034,2024-10-31,50,0,completed
RTE-IND-20241031-005,HUB-IND,DRV-01006,VEH-0008,2024-10-31,47,0,completed
RTE-IND-20241031-006,HUB-IND,DRV-01191,VEH-0023,2024-10-31,48,0,completed
RTE-DET-20241031-001,HUB-DET,DRV-01014,VEH-0044,2024-10-31,27,0,completed
RTE-DET-20241031-002,HUB-DET,DRV-01022,VEH-0044,2024-10-31,61,0,completed
RTE-DET-20241031-004,HUB-DET,DRV-01021,VEH-0022,2024-10-31,26,0,canceled
RTE-DET-20241031-005,HUB-DET,DRV-01193,VEH-0022,2024-10-31,64,5,completed
RTE-CIN-20241031-001,HUB-CIN,DRV-01038,VEH-0020,2024-10-31,63,0,completed
RTE-CIN-20241031-002,HUB-CIN,DRV-01003,VEH-0020,2024-10-31,29,0,completed
RTE-CMH-20241101-001,HUB-CMH,DRV-01043,VEH-0031,2024-11-01,35,4,completed
RTE-CMH-20241101-002,HUB-CMH,DRV-01189,VEH-0003,2024-11-01,28,0,completed
RTE-CHI-20241101-001,HUB-CHI,DRV-01012,VEH-0037,2024-11-01,59,0,completed
RTE-CHI-20241101-002,HUB-CHI,DRV-01035,VEH-0015,2024-11-01,42,0,partial
RTE-IND-20241101-001,HUB-IND,DRV-01032,VEH-0008,2024-11-01,44,0,completed
RTE-DET-20241101-001,HUB-DET,DRV-01022,VEH-0024,2024-11-01,65,0,completed
RTE-DET-20241101-002,HUB-DET,DRV-01004,VEH-0024,2024-11-01,26,0,completed
RTE-DET-20241101-003,HUB-DET,DRV-01021,VEH-0024,2024-11-01,63,0,partial
RTE-DET-20241101-004,HUB-DET,DRV-01021,VEH-0024,2024-11-01,33,0,completed
RTE-CIN-20241101-001,HUB-CIN,DRV-01038,VEH-0018,2024-11-01,47,0,completed
RTE-CIN-20241101-002,HUB-CIN,DRV-01029,VEH-0018,2024-11-01,60,0,completed
RTE-CIN-20241101-003,HUB-CIN,DRV-01003,VEH-0026,2024-11-01,61,0,completed
RTE-IND-20241102-001,HUB-IND,DRV-01024,VEH-0023,2024-11-02,63,0,completed
RTE-DET-20241102-001,HUB-DET,DRV-01046,VEH-0024,2024-11-02,51,0,completed
RTE-IND-20241103-001,HUB-IND,DRV-01042,VEH-0023,2024-11-03,47,0,completed
RTE-CMH-20241104-001,HUB-CMH,DRV-01015,VEH-0035,2024-11-04,65,0,completed
RTE-CHI-20241104-002,HUB-CHI,DRV-01020,VEH-0004,2024-11-04,40,0,completed
RTE-CHI-20241104-003,HUB-CHI,DRV-01005,VEH-0042,2024-11-04,42,1,completed
RTE-IND-20241104-001,HUB-IND,DRV-01024,VEH-0009,2024-11-04,41,0,completed
RTE-DET-20241104-001,HUB-DET,DRV-01021,VEH-0029,2024-11-04,23,0,completed
RTE-DET-20241104-002,HUB-DET,DRV-01046,VEH-0024,2024-11-04,25,0,completed
RTE-CIN-20241104-002,HUB-CIN,DRV-01025,VEH-0027,2024-11-04,27,2,completed
RTE-CIN-20241104-003,HUB-CIN,DRV-01002,VEH-0018,2024-11-04,36,0,completed
RTE-CIN-20241104-004,HUB-CIN,DRV-01008,VEH-0025,2024-11-04,55,0,completed
RTE-CIN-20241104-005,HUB-CIN,DRV-01002,VEH-0032,2024-11-04,20,0,completed
RTE-CMH-20241105-001,HUB-CMH,DRV-01030,VEH-0038,2024-11-05,26,0,completed
RTE-CHI-20241105-001,HUB-CHI,DRV-01020,VEH-0037,2024-11-05,53,0,completed
RTE-IND-20241105-001,HUB-IND,DRV-01024,VEH-0016,2024-11-05,34,4,completed
RTE-CIN-20241105-001,HUB-CIN,DRV-01192,VEH-0032,2024-11-05,31,2,completed
RTE-CIN-20241105-002,HUB-CIN,DRV-01003,VEH-0032,2024-11-05,48,0,completed
RTE-CMH-20241106-001,HUB-CMH,DRV-01049,VEH-0033,2024-11-06,44,1,completed
RTE-CHI-20241106-001,HUB-CHI,DRV-01048,VEH-0002,2024-11-06,25,0,completed
RTE-CHI-20241106-002,HUB-CHI,DRV-01012,VEH-0005,2024-11-06,21,0,completed
RTE-CHI-20241106-003,HUB-CHI,DRV-01005,VEH-0002,2024-11-06,24,0,partial
RTE-IND-20241106-001,HUB-IND,DRV-01042,VEH-0008,2024-11-06,40,0,completed
RTE-IND-20241106-002,HUB-IND,DRV-01191,VEH-0023,2024-11-06,58,0,completed
RTE-DET-20241106-001,HUB-DET,DRV-01046,VEH-0024,2024-11-06,50,0,completed
RTE-CIN-20241106-001,HUB-CIN,DRV-01041,VEH-0027,2024-11-06,19,0,completed
RTE-CIN-20241106-002,HUB-CIN,DRV-01003,VEH-0020,2024-11-06,44,0,completed
RTE-CIN-20241106-003,HUB-CIN,DRV-01019,VEH-0018,2024-11-06,42,6,completed
RTE-CIN-20241106-004,HUB-CIN,DRV-01041,VEH-0026,2024-11-06,65,0,completed
RTE-CIN-20241106-005,HUB-CIN,DRV-01192,VEH-0026,2024-11-06,54,0,partial
RTE-CMH-20241107-001,HUB-CMH,DRV-01015,VEH-0041,2024-11-07,58,0,completed
RTE-CMH-20241107-002,HUB-CMH,DRV-01049,VEH-0033,2024-11-07,18,0,completed
RTE-CMH-20241107-003,HUB-CMH,DRV-01030,VEH-0003,2024-11-07,57,0,completed
RTE-CHI-20241107-001,HUB-CHI,DRV-01047,VEH-0002,2024-11-07,52,0,completed
RTE-IND-20241107-001,HUB-IND,DRV-01033,VEH-0043,2024-11-07,22,0,completed
RTE-IND-20241107-002,HUB-IND,DRV-01045,VEH-0013,2024-11-07,19,0,completed
RTE-IND-20241107-003,HUB-IND,DRV-01191,VEH-0017,2024-11-07,42,0,completed
RTE-DET-20241107-001,HUB-DET,DRV-01021,VEH-0022,2024-11-07,23,0,completed
RTE-DET-20241107-002,HUB-DET,DRV-01022,VEH-0029,2024-11-07,22,0,completed
RTE-DET-20241107-003,HUB-DET,DRV-01014,VEH-0024,2024-11-07,37,0,completed
RTE-DET-20241107-004,HUB-DET,DRV-01037,VEH-0029,2024-11-07,37,0,partial
RTE-CIN-20241107-001,HUB-CIN,DRV-01041,VEH-0036,2024-11-07,44,0,completed
RTE-CIN-20241107-002,HUB-CIN,DRV-01038,VEH-0020,2024-11-07,57,0,completed
RTE-CIN-20241107-003,HUB-CIN,DRV-01192,VEH-0025,2024-11-07,38,0,completed
RTE-CIN-20241107-004,HUB-CIN,DRV-01023,VEH-0018,2024-11-07,64,0,partial
RTE-CMH-20241108-001,HUB-CMH,DRV-01018,VEH-0031,2024-11-08,56,0,completed
RTE-CMH-20241108-002,HUB-CMH,DRV-01189,VEH-0038,2024-11-08,65,0,completed
RTE-CMH-20241108-003,HUB-CMH,DRV-01015,VEH-0021,2024-11-08,20,0,completed
RTE-CMH-20241108-004,HUB-CMH,DRV-01189,VEH-0007,2024-11-08,64,0,completed
RTE-CHI-20241108-001,HUB-CHI,DRV-01048,VEH-0037,2024-11-08,53,5,partial
RTE-CHI-20241108-002,HUB-CHI,DRV-01035,VEH-0005,2024-11-08,65,0,completed
RTE-IND-20241108-001,HUB-IND,DRV-01032,VEH-0017,2024-11-08,52,0,completed
RTE-IND-20241108-002,HUB-IND,DRV-01045,VEH-0043,2024-11-08,51,0,completed
RTE-DET-20241108-001,HUB-DET,DRV-01037,VEH-0029,2024-11-08,55,0,completed
RTE-DET-20241108-002,HUB-DET,DRV-01022,VEH-0044,2024-11-08,23,0,completed
RTE-DET-20241108-003,HUB-DET,DRV-01037,VEH-0029,2024-11-08,27,3,completed
RTE-DET-20241108-004,HUB-DET,DRV-01014,VEH-0044,2024-11-08,64,0,completed
RTE-DET-20241108-005,HUB-DET,DRV-01037,VEH-0044,2024-11-08,52,0,completed
RTE-DET-20241108-006,HUB-DET,DRV-01014,VEH-0044,2024-11-08,60,0,completed
RTE-DET-20241108-007,HUB-DET,DRV-01037,VEH-0024,2024-11-08,48,0,completed
RTE-DET-20241108-008,HUB-DET,DRV-01021,VEH-0022,2024-11-08,61,3,completed
RTE-CIN-20241108-001,HUB-CIN,DRV-01003,VEH-0025,2024-11-08,22,0,partial
RTE-CIN-20241108-002,HUB-CIN,DRV-01003,VEH-0026,2024-11-08,42,0,completed
RTE-CIN-20241108-003,HUB-CIN,DRV-01023,VEH-0025,2024-11-08,50,4,completed
RTE-DET-20241109-001,HUB-DET,DRV-01014,VEH-0029,2024-11-09,36,0,completed
RTE-CHI-20241110-001,HUB-CHI,DRV-01035,VEH-0015,2024-11-10,51,0,completed
RTE-DET-20241110-001,HUB-DET,DRV-01022,VEH-0024,2024-11-10,41,1,completed
RTE-DET-20241110-002,HUB-DET,DRV-01037,VEH-0022,2024-11-10,55,0,completed
RTE-CIN-20241110-001,HUB-CIN,DRV-01008,VEH-0020,2024-11-10,35,0,completed
RTE-CIN-20241110-002,HUB-CIN,DRV-01003,VEH-0025,2024-11-10,50,0,completed
RTE-CIN-20241110-003,HUB-CIN,DRV-01025,VEH-0020,2024-11-10,52,0,completed
RTE-CMH-20241111-001,HUB-CMH,DRV-01001,VEH-0031,2024-11-11,50,0,completed
RTE-CMH-20241111-002,HUB-CMH,DRV-01040,VEH-0001,2024-11-11,21,0,completed
RTE-CHI-20241111-001,HUB-CHI,DRV-01035,VEH-0002,2024-11-11,43,0,partial
RTE-IND-20241111-001,HUB-IND,DRV-01188,VEH-0017,2024-11-11,62,0,completed
RTE-IND-20241111-002,HUB-IND,DRV-01006,VEH-0043,2024-11-11,30,0,completed
RTE-IND-20241111-003,HUB-IND,DRV-01045,VEH-0013,2024-11-11,26,0,completed
RTE-IND-20241111-004,HUB-IND,DRV-01024,VEH-0013,2024-11-11,39,0,completed
RTE-IND-20241111-005,HUB-IND,DRV-01191,VEH-0034,2024-11-11,44,0,completed
RTE-IND-20241111-006,HUB-IND,DRV-01042,VEH-0043,2024-11-11,33,0,completed
RTE-DET-20241111-001,HUB-DET,DRV-01037,VEH-0022,2024-11-11,49,4,partial
RTE-DET-20241111-002,HUB-DET,DRV-01022,VEH-0024,2024-11-11,19,0,completed
RTE-DET-20241111-003,HUB-DET,DRV-01193,VEH-0022,2024-11-11,19,0,canceled
RTE-CIN-20241111-001,HUB-CIN,DRV-01025,VEH-0027,2024-11-11,33,5,completed
RTE-CIN-20241111-002,HUB-CIN,DRV-01026,VEH-0020,2024-11-11,21,6,completed
RTE-CMH-20241112-001,HUB-CMH,DRV-01036,VEH-0041,2024-11-12,44,1,completed
RTE-CMH-20241112-002,HUB-CMH,DRV-01039,VEH-0033,2024-11-12,51,0,completed
RTE-CMH-20241112-003,HUB-CMH,DRV-01016,VEH-0028,2024-11-12,58,0,completed
RTE-CHI-20241112-001,HUB-CHI,DRV-01005,VEH-0042,2024-11-12,42,0,completed
RTE-IND-20241112-001,HUB-IND,DRV-01188,VEH-0008,2024-11-12,41,0,completed
RTE-IND-20241112-002,HUB-IND,DRV-01191,VEH-0008,2024-11-12,31,0,completed
RTE-IND-20241112-003,HUB-IND,DRV-01032,VEH-0008,2024-11-12,18,0,completed
RTE-DET-20241112-001,HUB-DET,DRV-01014,VEH-0022,2024-11-12,45,0,completed
RTE-DET-20241112-002,HUB-DET,DRV-01037,VEH-0024,2024-11-12,56,0,completed
RTE-CIN-20241112-001,HUB-CIN,DRV-01192,VEH-0018,2024-11-12,27,0,completed
RTE-CIN-20241112-002,HUB-CIN,DRV-01025,VEH-0032,2024-11-12,22,3,completed
RTE-CIN-20241112-003,HUB-CIN,DRV-01027,VEH-0032,2024-11-12,39,0,completed
RTE-CIN-20241112-004,HUB-CIN,DRV-01034,VEH-0020,2024-11-12,55,1,completed
RTE-CMH-20241113-002,HUB-CMH,DRV-01018,VEH-0033,2024-11-13,38,0,completed
RTE-CMH-20241113-003,HUB-CMH,DRV-01036,VEH-0007,2024-11-13,53,0,completed
RTE-CMH-20241113-004,HUB-CMH,DRV-01040,VEH-0003,2024-11-13,37,0,completed
RTE-CHI-20241113-001,HUB-CHI,DRV-01020,VEH-0037,2024-11-13,32,0,completed
RTE-CHI-20241113-002,HUB-CHI,DRV-01011,VEH-0015,2024-11-13,65,0,completed
RTE-IND-20241113-001,HUB-IND,DRV-01031,VEH-0034,2024-11-13,41,0,completed
RTE-IND-20241113-002,HUB-IND,DRV-01188,VEH-0009,2024-11-13,40,1,completed
RTE-DET-20241113-001,HUB-DET,DRV-01014,VEH-0022,2024-11-13,26,0,completed
RTE-DET-20241113-002,HUB-DET,DRV-01193,VEH-0029,2024-11-13,60,0,completed
RTE-CIN-20241113-001,HUB-CIN,DRV-01003,VEH-0036,2024-11-13,31,0,completed
RTE-CIN-20241113-002,HUB-CIN,DRV-01038,VEH-0036,2024-11-13,51,0,partial
RTE-CMH-20241114-001,HUB-CMH,DRV-01013,VEH-0041,2024-11-14,39,0,completed
RTE-CMH-20241114-002,HUB-CMH,DRV-01043,VEH-0028,2024-11-14,41,0,completed
RTE-CMH-20241114-003,HUB-CMH,DRV-01189,VEH-0031,2024-11-14,41,0,completed
RTE-CMH-20241114-004,HUB-CMH,DRV-01001,VEH-0035,2024-11-14,47,0,completed
RTE-CHI-20241114-001,HUB-CHI,DRV-01007,VEH-0019,2024-11-14,36,0,completed
RTE-IND-20241114-001,HUB-IND,DRV-01191,VEH-0034,2024-11-14,64,0,completed
RTE-IND-20241114-002,HUB-IND,DRV-01006,VEH-0034,2024-11-14,48,0,completed
RTE-DET-20241114-001,HUB-DET,DRV-01022,VEH-0022,2024-11-14,65,3,completed
RTE-DET-20241114-002,HUB-DET,DRV-01046,VEH-0024,2024-11-14,65,0,completed
RTE-CIN-20241114-001,HUB-CIN,DRV-01025,VEH-0032,2024-11-14,25,0,completed
RTE-CMH-20241115-001,HUB-CMH,DRV-01010,VEH-0033,2024-11-15,58,0,completed
RTE-CHI-20241115-001,HUB-CHI,DRV-01007,VEH-0002,2024-11-15,36,4,completed
RTE-CHI-20241115-002,HUB-CHI,DRV-01020,VEH-0042,2024-11-15,34,0,completed
RTE-IND-20241115-001,HUB-IND,DRV-01024,VEH-0009,2024-11-15,25,0,completed
RTE-IND-20241115-002,HUB-IND,DRV-01032,VEH-0013,2024-11-15,29,0,completed
RTE-IND-20241115-003,HUB-IND,DRV-01188,VEH-0008,2024-11-15,32,1,completed
RTE-IND-20241115-004,HUB-IND,DRV-01031,VEH-0017,2024-11-15,60,0,completed
RTE-DET-20241115-001,HUB-DET,DRV-01014,VEH-0024,2024-11-15,41,4,completed
RTE-CIN-20241115-001,HUB-CIN,DRV-01008,VEH-0027,2024-11-15,43,0,completed
RTE-CIN-20241115-002,HUB-CIN,DRV-01023,VEH-0026,2024-11-15,39,0,completed
RTE-CIN-20241115-003,HUB-CIN,DRV-01029,VEH-0026,2024-11-15,26,2,completed
RTE-CHI-20241116-001,HUB-CHI,DRV-01007,VEH-0042,2024-11-16,44,0,completed
RTE-IND-20241116-001,HUB-IND,DRV-01033,VEH-0009,2024-11-16,46,0,partial
RTE-CIN-20241116-001,HUB-CIN,DRV-01038,VEH-0027,2024-11-16,18,0,completed
RTE-CMH-20241118-001,HUB-CMH,DRV-01194,VEH-0021,2024-11-18,55,0,completed
RTE-CMH-20241118-002,HUB-CMH,DRV-01044,VEH-0035,2024-11-18,45,0,completed
RTE-CMH-20241118-003,HUB-CMH,DRV-01016,VEH-0041,2024-11-18,45,0,completed
RTE-CHI-20241118-001,HUB-CHI,DRV-01048,VEH-0037,2024-11-18,61,6,completed
RTE-CHI-20241118-002,HUB-CHI,DRV-01190,VEH-0004,2024-11-18,21,0,completed
RTE-CHI-20241118-003,HUB-CHI,DRV-01048,VEH-0006,2024-11-18,28,0,completed
RTE-CHI-20241118-004,HUB-CHI,DRV-01190,VEH-0004,2024-11-18,62,2,completed
RTE-IND-20241118-001,HUB-IND,DRV-01031,VEH-0043,2024-11-18,47,0,completed
RTE-IND-20241118-002,HUB-IND,DRV-01191,VEH-0017,2024-11-18,64,0,partial
RTE-IND-20241118-003,HUB-IND,DRV-01024,VEH-0009,2024-11-18,29,2,completed
RTE-IND-20241118-004,HUB-IND,DRV-01188,VEH-0009,2024-11-18,18,6,partial
RTE-DET-20241118-001,HUB-DET,DRV-01014,VEH-0024,2024-11-18,51,0,completed
RTE-DET-20241118-002,HUB-DET,DRV-01022,VEH-0024,2024-11-18,24,1,completed
RTE-DET-20241118-003,HUB-DET,DRV-01021,VEH-0029,2024-11-18,31,0,completed
RTE-CIN-20241118-001,HUB-CIN,DRV-01034,VEH-0025,2024-11-18,29,0,completed
RTE-CIN-20241118-002,HUB-CIN,DRV-01023,VEH-0025,2024-11-18,27,0,completed
RTE-CIN-20241118-003,HUB-CIN,DRV-01019,VEH-0020,2024-11-18,32,0,completed
RTE-CIN-20241118-004,HUB-CIN,DRV-01034,VEH-0025,2024-11-18,57,0,completed
RTE-CMH-20241119-001,HUB-CMH,DRV-01044,VEH-0021,2024-11-19,57,0,completed
RTE-CMH-20241119-002,HUB-CMH,DRV-01044,VEH-0021,2024-11-19,56,0,partial
RTE-CMH-20241119-003,HUB-CMH,DRV-01028,VEH-0038,2024-11-19,48,1,completed
RTE-CHI-20241119-001,HUB-CHI,DRV-01012,VEH-0042,2024-11-19,64,0,completed
RTE-IND-20241119-001,HUB-IND,DRV-01032,VEH-0034,2024-11-19,52,0,completed
RTE-IND-20241119-002,HUB-IND,DRV-01191,VEH-0008,2024-11-19,39,0,completed
RTE-IND-20241119-003,HUB-IND,DRV-01188,VEH-0034,2024-11-19,20,0,completed
RTE-IND-20241119-004,HUB-IND,DRV-01032,VEH-0043,2024-11-19,35,0,completed
RTE-IND-20241119-005,HUB-IND,DRV-01031,VEH-0013,2024-11-19,64,5,completed
RTE-DET-20241119-001,HUB-DET,DRV-01193,VEH-0029,2024-11-19,41,0,completed
RTE-DET-20241119-002,HUB-DET,DRV-01046,VEH-0022,2024-11-19,23,0,partial
RTE-DET-20241119-003,HUB-DET,DRV-01004,VEH-0029,2024-11-19,44,0,completed
RTE-CIN-20241119-001,HUB-CIN,DRV-01034,VEH-0020,2024-11-19,31,0,completed
RTE-CMH-20241120-001,HUB-CMH,DRV-01044,VEH-0028,2024-11-20,44,2,completed
RTE-CMH-20241120-002,HUB-CMH,DRV-01189,VEH-0028,2024-11-20,41,0,completed
RTE-CMH-20241120-003,HUB-CMH,DRV-01015,VEH-0038,2024-11-20,49,0,completed
RTE-CMH-20241120-004,HUB-CMH,DRV-01009,VEH-0007,2024-11-20,31,0,completed
RTE-CMH-20241120-005,HUB-CMH,DRV-01015,VEH-0031,2024-11-20,38,0,completed
RTE-CHI-20241120-001,HUB-CHI,DRV-01035,VEH-0005,2024-11-20,46,0,completed
RTE-CHI-20241120-002,HUB-CHI,DRV-01011,VEH-0006,2024-11-20,24,0,completed
RTE-IND-20241120-001,HUB-IND,DRV-01042,VEH-0009,2024-11-20,58,0,partial
RTE-IND-20241120-002,HUB-IND,DRV-01033,VEH-0043,2024-11-20,55,0,completed
RTE-IND-20241120-003,HUB-IND,DRV-01042,VEH-0023,2024-11-20,60,0,completed
RTE-IND-20241120-005,HUB-IND,DRV-01024,VEH-0017,2024-11-20,42,0,completed
RTE-IND-20241120-006,HUB-IND,DRV-01191,VEH-0034,2024-11-20,50,0,completed
RTE-IND-20241120-007,HUB-IND,DRV-01006,VEH-0017,2024-11-20,36,0,completed
RTE-DET-20241120-001,HUB-DET,DRV-01046,VEH-0022,2024-11-20,40,0,completed
RTE-DET-20241120-002,HUB-DET,DRV-01004,VEH-0029,2024-11-20,46,0,completed
RTE-CIN-20241120-001,HUB-CIN,DRV-01034,VEH-0036,2024-11-20,43,0,completed
RTE-CIN-20241120-002,HUB-CIN,DRV-01192,VEH-0018,2024-11-20,40,0,completed
RTE-CIN-20241120-003,HUB-CIN,DRV-01034,VEH-0026,2024-11-20,42,5,completed
RTE-CIN-20241120-004,HUB-CIN,DRV-01038,VEH-0036,2024-11-20,44,0,partial
RTE-CMH-20241121-001,HUB-CMH,DRV-01043,VEH-0038,2024-11-21,49,0,completed
RTE-CMH-20241121-002,HUB-CMH,DRV-01043,VEH-0031,2024-11-21,47,5,completed
RTE-IND-20241121-001,HUB-IND,DRV-01045,VEH-0009,2024-11-21,45,0,completed
RTE-IND-20241121-002,HUB-IND,DRV-01006,VEH-0013,2024-11-21,33,0,completed
RTE-DET-20241121-001,HUB-DET,DRV-01037,VEH-0029,2024-11-21,43,0,completed
RTE-CIN-20241121-001,HUB-CIN,DRV-01025,VEH-0026,2024-11-21,65,0,completed
RTE-CIN-20241121-002,HUB-CIN,DRV-01034,VEH-0036,2024-11-21,20,0,completed
RTE-CIN-20241121-003,HUB-CIN,DRV-01026,VEH-0027,2024-11-21,28,0,partial
RTE-CIN-20241121-004,HUB-CIN,DRV-01023,VEH-0027,2024-11-21,63,5,completed
RTE-CMH-20241122-002,HUB-CMH,DRV-01009,VEH-0031,2024-11-22,62,0,completed
RTE-CMH-20241122-003,HUB-CMH,DRV-01001,VEH-0038,2024-11-22,57,0,completed
RTE-CMH-20241122-004,HUB-CMH,DRV-01010,VEH-0021,2024-11-22,29,0,completed
RTE-CHI-20241122-001,HUB-CHI,DRV-01190,VEH-0004,2024-11-22,56,0,completed
RTE-CHI-20241122-002,HUB-CHI,DRV-01020,VEH-0005,2024-11-22,63,2,completed
RTE-CHI-20241122-003,HUB-CHI,DRV-01012,VEH-0002,2024-11-22,53,0,completed
RTE-CHI-20241122-004,HUB-CHI,DRV-01047,VEH-0002,2024-11-22,33,0,completed
RTE-IND-20241122-001,HUB-IND,DRV-01033,VEH-0013,2024-11-22,33,0,completed
RTE-DET-20241122-001,HUB-DET,DRV-01014,VEH-0044,2024-11-22,19,0,completed
RTE-DET-20241122-002,HUB-DET,DRV-01014,VEH-0022,2024-11-22,35,0,completed
RTE-DET-20241122-003,HUB-DET,DRV-01021,VEH-0024,2024-11-22,39,3,completed
RTE-CIN-20241122-001,HUB-CIN,DRV-01025,VEH-0025,2024-11-22,30,0,completed
RTE-CIN-20241122-002,HUB-CIN,DRV-01192,VEH-0018,2024-11-22,49,0,completed
RTE-CIN-20241122-003,HUB-CIN,DRV-01038,VEH-0026,2024-11-22,49,1,completed
RTE-CMH-20241123-001,HUB-CMH,DRV-01028,VEH-0033,2024-11-23,56,0,completed
RTE-CHI-20241123-001,HUB-CHI,DRV-01020,VEH-0002,2024-11-23,60,0,completed
RTE-CIN-20241123-001,HUB-CIN,DRV-01023,VEH-0027,2024-11-23,50,0,completed
RTE-CMH-20241124-001,HUB-CMH,DRV-01013,VEH-0033,2024-11-24,63,0,partial
RTE-CHI-20241124-001,HUB-CHI,DRV-01011,VEH-0015,2024-11-24,65,1,partial
RTE-IND-20241124-001,HUB-IND,DRV-01191,VEH-0016,2024-11-24,29,0,completed
RTE-IND-20241124-002,HUB-IND,DRV-01191,VEH-0009,2024-11-24,61,0,completed
RTE-CIN-20241124-001,HUB-CIN,DRV-01026,VEH-0018,2024-11-24,30,0,completed
RTE-CIN-20241124-002,HUB-CIN,DRV-01019,VEH-0027,2024-11-24,44,0,completed
RTE-CIN-20241124-003,HUB-CIN,DRV-01034,VEH-0032,2024-11-24,53,0,completed
RTE-CMH-20241125-001,HUB-CMH,DRV-01001,VEH-0031,2024-11-25,60,4,completed
RTE-CMH-20241125-002,HUB-CMH,DRV-01040,VEH-0028,2024-11-25,40,0,completed
RTE-CHI-20241125-001,HUB-CHI,DRV-01007,VEH-0004,2024-11-25,42,3,completed
RTE-IND-20241125-001,HUB-IND,DRV-01006,VEH-0034,2024-11-25,33,0,completed
RTE-IND-20241125-002,HUB-IND,DRV-01032,VEH-0008,2024-11-25,42,0,completed
RTE-IND-20241125-003,HUB-IND,DRV-01042,VEH-0017,2024-11-25,46,6,completed
RTE-IND-20241125-004,HUB-IND,DRV-01188,VEH-0017,2024-11-25,24,0,completed
RTE-DET-20241125-001,HUB-DET,DRV-01004,VEH-0022,2024-11-25,60,0,partial
RTE-CMH-20241126-001,HUB-CMH,DRV-01039,VEH-0021,2024-11-26,31,0,completed
RTE-CMH-20241126-002,HUB-CMH,DRV-01010,VEH-0035,2024-11-26,33,0,completed
RTE-CHI-20241126-001,HUB-CHI,DRV-01012,VEH-0005,2024-11-26,30,0,completed
RTE-IND-20241126-001,HUB-IND,DRV-01032,VEH-0023,2024-11-26,18,2,completed
RTE-IND-20241126-002,HUB-IND,DRV-01024,VEH-0009,2024-11-26,59,0,completed
RTE-IND-20241126-003,HUB-IND,DRV-01006,VEH-0023,2024-11-26,20,4,completed
RTE-IND-20241126-004,HUB-IND,DRV-01006,VEH-0023,2024-11-26,53,5,completed
RTE-DET-20241126-001,HUB-DET,DRV-01014,VEH-0024,2024-11-26,52,0,completed
RTE-DET-20241126-002,HUB-DET,DRV-01022,VEH-0044,2024-11-26,21,0,completed
RTE-CIN-20241126-001,HUB-CIN,DRV-01023,VEH-0025,2024-11-26,56,0,completed
RTE-CIN-20241126-002,HUB-CIN,DRV-01019,VEH-0025,2024-11-26,21,0,partial
RTE-CMH-20241127-001,HUB-CMH,DRV-01030,VEH-0031,2024-11-27,36,1,completed
RTE-CMH-20241127-002,HUB-CMH,DRV-01010,VEH-0007,2024-11-27,31,0,partial
RTE-CMH-20241127-003,HUB-CMH,DRV-01194,VEH-0003,2024-11-27,63,0,completed
RTE-CHI-20241127-001,HUB-CHI,DRV-01048,VEH-0006,2024-11-27,45,6,completed
RTE-IND-20241127-001,HUB-IND,DRV-01031,VEH-0043,2024-11-27,55,0,completed
RTE-IND-20241127-002,HUB-IND,DRV-01006,VEH-0043,2024-11-27,37,0,completed
RTE-IND-20241127-003,HUB-IND,DRV-01191,VEH-0034,2024-11-27,36,0,completed
RTE-DET-20241127-001,HUB-DET,DRV-01037,VEH-0024,2024-11-27,29,0,completed
RTE-DET-20241127-002,HUB-DET,DRV-01037,VEH-0044,2024-11-27,31,0,completed
RTE-CMH-20241128-001,HUB-CMH,DRV-01043,VEH-0001,2024-11-28,28,5,completed
RTE-CMH-20241128-002,HUB-CMH,DRV-01036,VEH-0031,2024-11-28,49,3,completed
RTE-CHI-20241128-002,HUB-CHI,DRV-01005,VEH-0019,2024-11-28,21,0,completed
RTE-IND-20241128-001,HUB-IND,DRV-01006,VEH-0017,2024-11-28,43,0,completed
RTE-IND-20241128-002,HUB-IND,DRV-01032,VEH-0017,2024-11-28,21,0,completed
RTE-DET-20241128-001,HUB-DET,DRV-01022,VEH-0029,2024-11-28,28,0,partial
RTE-CIN-20241128-001,HUB-CIN,DRV-01002,VEH-0032,2024-11-28,50,0,completed
RTE-CIN-20241128-002,HUB-CIN,DRV-01192,VEH-0032,2024-11-28,42,0,completed
RTE-CIN-20241128-003,HUB-CIN,DRV-01029,VEH-0036,2024-11-28,64,0,partial
RTE-CIN-20241128-004,HUB-CIN,DRV-01002,VEH-0027,2024-11-28,61,0,completed
RTE-CIN-20241128-005,HUB-CIN,DRV-01002,VEH-0018,2024-11-28,50,0,completed
RTE-CIN-20241128-006,HUB-CIN,DRV-01003,VEH-0036,2024-11-28,50,0,completed
RTE-CMH-20241129-001,HUB-CMH,DRV-01001,VEH-0033,2024-11-29,24,0,completed
RTE-CMH-20241129-002,HUB-CMH,DRV-01001,VEH-0041,2024-11-29,33,0,completed
RTE-CMH-20241129-003,HUB-CMH,DRV-01013,VEH-0021,2024-11-29,29,0,completed
RTE-CHI-20241129-001,HUB-CHI,DRV-01005,VEH-0006,2024-11-29,39,5,completed
RTE-IND-20241129-001,HUB-IND,DRV-01045,VEH-0008,2024-11-29,31,0,partial
RTE-IND-20241129-002,HUB-IND,DRV-01188,VEH-0043,2024-11-29,40,0,completed
RTE-IND-20241129-003,HUB-IND,DRV-01032,VEH-0023,2024-11-29,20,0,completed
RTE-CIN-20241129-001,HUB-CIN,DRV-01002,VEH-0027,2024-11-29,65,0,completed
RTE-CIN-20241129-002,HUB-CIN,DRV-01008,VEH-0032,2024-11-29,61,0,completed
RTE-CIN-20241129-003,HUB-CIN,DRV-01029,VEH-0018,2024-11-29,52,0,completed
RTE-CMH-20241130-001,HUB-CMH,DRV-01009,VEH-0038,2024-11-30,31,1,completed
RTE-CHI-20241130-001,HUB-CHI,DRV-01035,VEH-0005,2024-11-30,45,0,completed
RTE-IND-20241130-001,HUB-IND,DRV-01045,VEH-0017,2024-11-30,18,0,completed
RTE-IND-20241130-002,HUB-IND,DRV-01045,VEH-0034,2024-11-30,52,0,completed
RTE-DET-20241130-001,HUB-DET,DRV-01037,VEH-0044,2024-11-30,46,0,completed
RTE-CIN-20241130-001,HUB-CIN,DRV-01038,VEH-0032,2024-11-30,40,0,completed
RTE-DET-20241201-001,HUB-DET,DRV-01004,VEH-0029,2024-12-01,18,0,partial
RTE-DET-20241201-002,HUB-DET,DRV-01022,VEH-0024,2024-12-01,19,0,completed
RTE-CMH-20241202-001,HUB-CMH,DRV-01016,VEH-0038,2024-12-02,53,0,completed
RTE-CMH-20241202-002,HUB-CMH,DRV-01018,VEH-0035,2024-12-02,35,0,completed
RTE-CHI-20241202-002,HUB-CHI,DRV-01047,VEH-0019,2024-12-02,61,0,completed
RTE-CHI-20241202-003,HUB-CHI,DRV-01047,VEH-0002,2024-12-02,58,0,completed
RTE-CHI-20241202-004,HUB-CHI,DRV-01047,VEH-0042,2024-12-02,62,0,completed
RTE-CHI-20241202-005,HUB-CHI,DRV-01047,VEH-0006,2024-12-02,56,0,completed
RTE-CHI-20241202-006,HUB-CHI,DRV-01011,VEH-0015,2024-12-02,56,0,completed
RTE-CHI-20241202-007,HUB-CHI,DRV-01005,VEH-0042,2024-12-02,52,0,completed
RTE-IND-20241202-001,HUB-IND,DRV-01042,VEH-0043,2024-12-02,42,0,completed
RTE-DET-20241202-001,HUB-DET,DRV-01046,VEH-0044,2024-12-02,52,0,completed
RTE-DET-20241202-002,HUB-DET,DRV-01022,VEH-0022,2024-12-02,56,0,completed
RTE-DET-20241202-003,HUB-DET,DRV-01037,VEH-0024,2024-12-02,20,0,completed
RTE-CIN-20241202-001,HUB-CIN,DRV-01008,VEH-0026,2024-12-02,19,0,completed
RTE-CIN-20241202-002,HUB-CIN,DRV-01003,VEH-0026,2024-12-02,54,4,completed
RTE-CMH-20241203-001,HUB-CMH,DRV-01009,VEH-0035,2024-12-03,34,0,completed
RTE-CMH-20241203-002,HUB-CMH,DRV-01030,VEH-0035,2024-12-03,43,0,partial
RTE-CMH-20241203-003,HUB-CMH,DRV-01039,VEH-0028,2024-12-03,20,0,completed
RTE-CHI-20241203-001,HUB-CHI,DRV-01048,VEH-0019,2024-12-03,56,6,completed
RTE-CHI-20241203-002,HUB-CHI,DRV-01007,VEH-0015,2024-12-03,43,0,completed
RTE-CHI-20241203-003,HUB-CHI,DRV-01035,VEH-0005,2024-12-03,42,0,completed
RTE-IND-20241203-001,HUB-IND,DRV-01045,VEH-0013,2024-12-03,59,2,completed
RTE-CIN-20241203-001,HUB-CIN,DRV-01192,VEH-0018,2024-12-03,39,0,completed
RTE-CIN-20241203-002,HUB-CIN,DRV-01041,VEH-0018,2024-12-03,61,0,completed
RTE-CMH-20241204-001,HUB-CMH,DRV-01016,VEH-0028,2024-12-04,63,0,completed
RTE-CHI-20241204-001,HUB-CHI,DRV-01007,VEH-0015,2024-12-04,44,0,completed
RTE-CHI-20241204-002,HUB-CHI,DRV-01007,VEH-0019,2024-12-04,43,3,completed
RTE-CHI-20241204-003,HUB-CHI,DRV-01020,VEH-0005,2024-12-04,52,0,completed
RTE-IND-20241204-001,HUB-IND,DRV-01042,VEH-0016,2024-12-04,18,0,completed
RTE-DET-20241204-001,HUB-DET,DRV-01004,VEH-0044,2024-12-04,64,0,completed
RTE-DET-20241204-002,HUB-DET,DRV-01037,VEH-0029,2024-12-04,57,0,completed
RTE-DET-20241204-003,HUB-DET,DRV-01021,VEH-0024,2024-12-04,31,0,completed
RTE-DET-20241204-004,HUB-DET,DRV-01014,VEH-0022,2024-12-04,62,0,completed
RTE-DET-20241204-005,HUB-DET,DRV-01022,VEH-0044,2024-12-04,58,0,completed
RTE-DET-20241204-006,HUB-DET,DRV-01014,VEH-0044,2024-12-04,37,0,completed
RTE-CIN-20241204-001,HUB-CIN,DRV-01026,VEH-0027,2024-12-04,51,0,completed
RTE-CIN-20241204-002,HUB-CIN,DRV-01029,VEH-0036,2024-12-04,58,0,completed
RTE-CIN-20241204-003,HUB-CIN,DRV-01002,VEH-0020,2024-12-04,44,0,completed
RTE-CHI-20241205-001,HUB-CHI,DRV-01035,VEH-0015,2024-12-05,64,0,completed
RTE-IND-20241205-001,HUB-IND,DRV-01033,VEH-0034,2024-12-05,33,2,completed
RTE-IND-20241205-002,HUB-IND,DRV-01031,VEH-0016,2024-12-05,25,0,completed
RTE-IND-20241205-003,HUB-IND,DRV-01045,VEH-0016,2024-12-05,58,0,completed
RTE-DET-20241205-001,HUB-DET,DRV-01037,VEH-0044,2024-12-05,52,0,completed
RTE-CIN-20241205-001,HUB-CIN,DRV-01025,VEH-0032,2024-12-05,64,0,completed
RTE-CIN-20241205-002,HUB-CIN,DRV-01026,VEH-0027,2024-12-05,41,1,completed
RTE-CIN-20241205-003,HUB-CIN,DRV-01003,VEH-0026,2024-12-05,36,0,completed
RTE-CMH-20241206-001,HUB-CMH,DRV-01040,VEH-0001,2024-12-06,43,0,partial
RTE-CHI-20241206-001,HUB-CHI,DRV-01047,VEH-0019,2024-12-06,41,0,completed
RTE-CHI-20241206-002,HUB-CHI,DRV-01047,VEH-0002,2024-12-06,30,4,completed
RTE-IND-20241206-001,HUB-IND,DRV-01045,VEH-0017,2024-12-06,28,3,completed
RTE-IND-20241206-002,HUB-IND,DRV-01045,VEH-0008,2024-12-06,59,0,completed
RTE-IND-20241206-003,HUB-IND,DRV-01191,VEH-0023,2024-12-06,58,0,completed
RTE-IND-20241206-004,HUB-IND,DRV-01031,VEH-0017,2024-12-06,28,5,completed
RTE-CIN-20241206-001,HUB-CIN,DRV-01029,VEH-0032,2024-12-06,31,0,completed
RTE-CIN-20241206-002,HUB-CIN,DRV-01025,VEH-0018,2024-12-06,40,5,completed
RTE-CIN-20241206-003,HUB-CIN,DRV-01002,VEH-0025,2024-12-06,59,6,completed
RTE-CHI-20241207-001,HUB-CHI,DRV-01047,VEH-0006,2024-12-07,46,1,completed
RTE-IND-20241207-001,HUB-IND,DRV-01006,VEH-0013,2024-12-07,60,5,completed
RTE-DET-20241207-001,HUB-DET,DRV-01037,VEH-0022,2024-12-07,25,0,completed
RTE-DET-20241207-002,HUB-DET,DRV-01022,VEH-0044,2024-12-07,24,2,completed
RTE-DET-20241208-001,HUB-DET,DRV-01014,VEH-0022,2024-12-08,58,0,completed
RTE-CIN-20241208-001,HUB-CIN,DRV-01003,VEH-0027,2024-12-08,52,2,completed
RTE-CMH-20241209-001,HUB-CMH,DRV-01036,VEH-0031,2024-12-09,28,0,completed
RTE-CMH-20241209-002,HUB-CMH,DRV-01018,VEH-0021,2024-12-09,41,0,partial
RTE-CHI-20241209-001,HUB-CHI,DRV-01017,VEH-0006,2024-12-09,38,0,completed
RTE-CHI-20241209-002,HUB-CHI,DRV-01007,VEH-0037,2024-12-09,34,0,completed
RTE-CHI-20241209-004,HUB-CHI,DRV-01047,VEH-0037,2024-12-09,33,0,completed
RTE-IND-20241209-001,HUB-IND,DRV-01006,VEH-0034,2024-12-09,52,2,completed
RTE-DET-20241209-001,HUB-DET,DRV-01022,VEH-0022,2024-12-09,18,2,completed
RTE-DET-20241209-002,HUB-DET,DRV-01037,VEH-0024,2024-12-09,52,0,completed
RTE-DET-20241209-003,HUB-DET,DRV-01193,VEH-0044,2024-12-09,49,1,completed
RTE-CIN-20241209-001,HUB-CIN,DRV-01002,VEH-0036,2024-12-09,56,0,completed
RTE-CMH-20241210-001,HUB-CMH,DRV-01013,VEH-0038,2024-12-10,38,0,completed
RTE-CMH-20241210-002,HUB-CMH,DRV-01016,VEH-0035,2024-12-10,64,0,completed
RTE-CMH-20241210-003,HUB-CMH,DRV-01040,VEH-0038,2024-12-10,36,0,completed
RTE-CHI-20241210-001,HUB-CHI,DRV-01048,VEH-0002,2024-12-10,56,0,partial
RTE-CHI-20241210-002,HUB-CHI,DRV-01005,VEH-0015,2024-12-10,51,0,completed
RTE-CHI-20241210-003,HUB-CHI,DRV-01011,VEH-0042,2024-12-10,25,0,completed
RTE-CHI-20241210-004,HUB-CHI,DRV-01035,VEH-0042,2024-12-10,18,0,completed
RTE-CHI-20241210-005,HUB-CHI,DRV-01017,VEH-0037,2024-12-10,56,1,completed
RTE-CHI-20241210-006,HUB-CHI,DRV-01007,VEH-0004,2024-12-10,59,0,completed
RTE-IND-20241210-001,HUB-IND,DRV-01191,VEH-0017,2024-12-10,54,0,completed
RTE-DET-20241210-001,HUB-DET,DRV-01022,VEH-0022,2024-12-10,57,0,partial
RTE-DET-20241210-002,HUB-DET,DRV-01037,VEH-0044,2024-12-10,19,5,completed
RTE-DET-20241210-003,HUB-DET,DRV-01014,VEH-0029,2024-12-10,55,0,completed
RTE-CIN-20241210-001,HUB-CIN,DRV-01192,VEH-0018,2024-12-10,61,0,completed
RTE-CMH-20241211-001,HUB-CMH,DRV-01016,VEH-0031,2024-12-11,23,0,completed
RTE-CMH-20241211-002,HUB-CMH,DRV-01028,VEH-0035,2024-12-11,31,0,completed
RTE-CHI-20241211-001,HUB-CHI,DRV-01007,VEH-0005,2024-12-11,50,6,completed
RTE-CHI-20241211-002,HUB-CHI,DRV-01047,VEH-0004,2024-12-11,27,0,completed
RTE-CHI-20241211-003,HUB-CHI,DRV-01011,VEH-0037,2024-12-11,46,0,completed
RTE-CHI-20241211-004,HUB-CHI,DRV-01007,VEH-0005,2024-12-11,35,4,completed
RTE-DET-20241211-001,HUB-DET,DRV-01004,VEH-0022,2024-12-11,44,0,completed
RTE-DET-20241211-002,HUB-DET,DRV-01021,VEH-0024,2024-12-11,26,0,completed
RTE-CIN-20241211-001,HUB-CIN,DRV-01027,VEH-0026,2024-12-11,52,0,completed
RTE-CIN-20241211-002,HUB-CIN,DRV-01034,VEH-0018,2024-12-11,27,0,completed
RTE-CIN-20241211-003,HUB-CIN,DRV-01002,VEH-0025,2024-12-11,40,0,partial
RTE-CMH-20241212-001,HUB-CMH,DRV-01013,VEH-0001,2024-12-12,37,0,completed
RTE-CMH-20241212-002,HUB-CMH,DRV-01018,VEH-0033,2024-12-12,59,0,partial
RTE-CMH-20241212-003,HUB-CMH,DRV-01030,VEH-0041,2024-12-12,57,0,completed
RTE-CHI-20241212-002,HUB-CHI,DRV-01048,VEH-0002,2024-12-12,22,0,partial
RTE-CHI-20241212-003,HUB-CHI,DRV-01017,VEH-0002,2024-12-12,38,0,completed
RTE-IND-20241212-001,HUB-IND,DRV-01191,VEH-0008,2024-12-12,50,0,completed
RTE-DET-20241212-001,HUB-DET,DRV-01004,VEH-0022,2024-12-12,30,0,completed
RTE-DET-20241212-002,HUB-DET,DRV-01193,VEH-0044,2024-12-12,61,0,completed
RTE-DET-20241212-003,HUB-DET,DRV-01193,VEH-0022,2024-12-12,37,0,completed
RTE-CIN-20241212-001,HUB-CIN,DRV-01029,VEH-0020,2024-12-12,49,0,partial
RTE-CIN-20241212-002,HUB-CIN,DRV-01023,VEH-0026,2024-12-12,47,0,partial
RTE-CIN-20241212-003,HUB-CIN,DRV-01038,VEH-0018,2024-12-12,24,0,completed
RTE-CMH-20241213-001,HUB-CMH,DRV-01009,VEH-0031,2024-12-13,45,0,completed
RTE-CHI-20241213-001,HUB-CHI,DRV-01020,VEH-0004,2024-12-13,36,0,completed
RTE-CHI-20241213-002,HUB-CHI,DRV-01007,VEH-0005,2024-12-13,50,5,completed
RTE-CHI-20241213-003,HUB-CHI,DRV-01047,VEH-0019,2024-12-13,22,6,completed
RTE-CHI-20241213-004,HUB-CHI,DRV-01012,VEH-0004,2024-12-13,48,0,completed
RTE-IND-20241213-001,HUB-IND,DRV-01006,VEH-0034,2024-12-13,34,0,completed
RTE-IND-20241213-002,HUB-IND,DRV-01032,VEH-0043,2024-12-13,34,0,completed
RTE-DET-20241213-001,HUB-DET,DRV-01193,VEH-0029,2024-12-13,42,3,completed
RTE-CIN-20241213-001,HUB-CIN,DRV-01041,VEH-0036,2024-12-13,36,0,completed
RTE-CIN-20241213-002,HUB-CIN,DRV-01029,VEH-0036,2024-12-13,56,0,completed
RTE-CIN-20241213-003,HUB-CIN,DRV-01029,VEH-0032,2024-12-13,32,0,completed
RTE-CIN-20241213-004,HUB-CIN,DRV-01192,VEH-0032,2024-12-13,45,5,completed
RTE-CMH-20241214-001,HUB-CMH,DRV-01044,VEH-0033,2024-12-14,54,0,completed
RTE-CHI-20241214-001,HUB-CHI,DRV-01012,VEH-0019,2024-12-14,38,0,completed
RTE-IND-20241214-001,HUB-IND,DRV-01031,VEH-0016,2024-12-14,42,0,completed
RTE-DET-20241214-001,HUB-DET,DRV-01004,VEH-0024,2024-12-14,42,0,completed
RTE-CIN-20241214-001,HUB-CIN,DRV-01034,VEH-0036,2024-12-14,38,0,completed
RTE-CHI-20241215-001,HUB-CHI,DRV-01035,VEH-0037,2024-12-15,32,0,completed
RTE-IND-20241215-001,HUB-IND,DRV-01033,VEH-0009,2024-12-15,47,0,partial
RTE-IND-20241215-002,HUB-IND,DRV-01191,VEH-0013,2024-12-15,25,0,completed
RTE-CMH-20241216-001,HUB-CMH,DRV-01189,VEH-0003,2024-12-16,63,0,completed
RTE-CMH-20241216-002,HUB-CMH,DRV-01194,VEH-0003,2024-12-16,62,4,completed
RTE-CHI-20241216-001,HUB-CHI,DRV-01020,VEH-0015,2024-12-16,21,6,partial
RTE-CHI-20241216-002,HUB-CHI,DRV-01190,VEH-0006,2024-12-16,20,0,completed
RTE-CHI-20241216-003,HUB-CHI,DRV-01035,VEH-0042,2024-12-16,24,0,completed
RTE-CHI-20241216-004,HUB-CHI,DRV-01048,VEH-0002,2024-12-16,39,0,completed
RTE-CHI-20241216-005,HUB-CHI,DRV-01005,VEH-0002,2024-12-16,35,0,partial
RTE-CHI-20241216-006,HUB-CHI,DRV-01017,VEH-0015,2024-12-16,60,4,completed
RTE-IND-20241216-001,HUB-IND,DRV-01191,VEH-0016,2024-12-16,24,0,completed
RTE-IND-20241216-002,HUB-IND,DRV-01188,VEH-0013,2024-12-16,63,0,completed
RTE-DET-20241216-001,HUB-DET,DRV-01037,VEH-0024,2024-12-16,49,6,partial
RTE-DET-20241216-002,HUB-DET,DRV-01046,VEH-0024,2024-12-16,34,4,completed
RTE-DET-20241216-003,HUB-DET,DRV-01046,VEH-0024,2024-12-16,43,0,completed
RTE-CIN-20241216-001,HUB-CIN,DRV-01002,VEH-0025,2024-12-16,42,1,completed
RTE-CIN-20241216-002,HUB-CIN,DRV-01034,VEH-0027,2024-12-16,65,0,completed
RTE-CIN-20241216-003,HUB-CIN,DRV-01029,VEH-0020,2024-12-16,41,0,completed
RTE-CMH-20241217-001,HUB-CMH,DRV-01194,VEH-0001,2024-12-17,55,0,completed
RTE-CMH-20241217-002,HUB-CMH,DRV-01039,VEH-0003,2024-12-17,29,0,completed
RTE-CHI-20241217-001,HUB-CHI,DRV-01017,VEH-0015,2024-12-17,28,0,completed
RTE-CHI-20241217-002,HUB-CHI,DRV-01035,VEH-0015,2024-12-17,47,0,completed
RTE-IND-20241217-001,HUB-IND,DRV-01024,VEH-0013,2024-12-17,20,0,partial
RTE-IND-20241217-002,HUB-IND,DRV-01024,VEH-0008,2024-12-17,33,0,completed
RTE-IND-20241217-003,HUB-IND,DRV-01188,VEH-0043,2024-12-17,62,6,completed
RTE-DET-20241217-001,HUB-DET,DRV-01014,VEH-0022,2024-12-17,53,0,completed
RTE-DET-20241217-002,HUB-DET,DRV-01037,VEH-0024,2024-12-17,24,0,partial
RTE-DET-20241217-003,HUB-DET,DRV-01046,VEH-0044,2024-12-17,46,0,completed
RTE-DET-20241217-004,HUB-DET,DRV-01037,VEH-0029,2024-12-17,44,3,completed
RTE-DET-20241217-005,HUB-DET,DRV-01193,VEH-0029,2024-12-17,21,0,completed
RTE-CIN-20241217-001,HUB-CIN,DRV-01034,VEH-0025,2024-12-17,24,0,completed
RTE-CIN-20241217-002,HUB-CIN,DRV-01041,VEH-0026,2024-12-17,34,0,completed
RTE-CMH-20241218-001,HUB-CMH,DRV-01030,VEH-0031,2024-12-18,19,0,completed
RTE-CMH-20241218-002,HUB-CMH,DRV-01194,VEH-0033,2024-12-18,55,0,completed
RTE-IND-20241218-001,HUB-IND,DRV-01032,VEH-0013,2024-12-18,18,0,completed
RTE-IND-20241218-002,HUB-IND,DRV-01033,VEH-0016,2024-12-18,61,0,completed
RTE-IND-20241218-003,HUB-IND,DRV-01033,VEH-0023,2024-12-18,23,0,completed
RTE-IND-20241218-004,HUB-IND,DRV-01024,VEH-0013,2024-12-18,26,0,completed
RTE-IND-20241218-005,HUB-IND,DRV-01188,VEH-0008,2024-12-18,20,3,completed
RTE-DET-20241218-001,HUB-DET,DRV-01193,VEH-0029,2024-12-18,18,6,completed
RTE-DET-20241218-002,HUB-DET,DRV-01004,VEH-0022,2024-12-18,51,0,completed
RTE-DET-20241218-003,HUB-DET,DRV-01022,VEH-0024,2024-12-18,62,0,partial
RTE-DET-20241218-004,HUB-DET,DRV-01037,VEH-0029,2024-12-18,55,0,completed
RTE-CIN-20241218-001,HUB-CIN,DRV-01023,VEH-0036,2024-12-18,20,0,partial
RTE-CMH-20241219-001,HUB-CMH,DRV-01016,VEH-0035,2024-12-19,55,2,completed
RTE-CMH-20241219-002,HUB-CMH,DRV-01028,VEH-0028,2024-12-19,24,6,completed
RTE-CHI-20241219-001,HUB-CHI,DRV-01047,VEH-0005,2024-12-19,32,6,partial
RTE-CHI-20241219-002,HUB-CHI,DRV-01047,VEH-0005,2024-12-19,49,6,completed
RTE-CHI-20241219-003,HUB-CHI,DRV-01011,VEH-0037,2024-12-19,19,0,completed
RTE-IND-20241219-001,HUB-IND,DRV-01045,VEH-0016,2024-12-19,33,0,completed
RTE-DET-20241219-001,HUB-DET,DRV-01014,VEH-0029,2024-12-19,30,6,completed
RTE-DET-20241219-002,HUB-DET,DRV-01046,VEH-0024,2024-12-19,22,0,completed
RTE-DET-20241219-004,HUB-DET,DRV-01014,VEH-0029,2024-12-19,45,0,completed
RTE-CIN-20241219-001,HUB-CIN,DRV-01041,VEH-0018,2024-12-19,30,4,completed
RTE-CMH-20241220-001,HUB-CMH,DRV-01040,VEH-0003,2024-12-20,64,1,completed
RTE-CMH-20241220-002,HUB-CMH,DRV-01009,VEH-0021,2024-12-20,35,0,completed
RTE-CMH-20241220-003,HUB-CMH,DRV-01049,VEH-0033,2024-12-20,30,0,completed
RTE-CHI-20241220-001,HUB-CHI,DRV-01048,VEH-0037,2024-12-20,26,5,partial
RTE-IND-20241220-001,HUB-IND,DRV-01024,VEH-0023,2024-12-20,33,0,completed
RTE-IND-20241220-002,HUB-IND,DRV-01188,VEH-0009,2024-12-20,64,0,completed
RTE-DET-20241220-001,HUB-DET,DRV-01046,VEH-0022,2024-12-20,33,0,completed
RTE-DET-20241220-002,HUB-DET,DRV-01014,VEH-0044,2024-12-20,25,0,completed
RTE-CIN-20241220-001,HUB-CIN,DRV-01003,VEH-0032,2024-12-20,46,0,completed
RTE-CIN-20241220-002,HUB-CIN,DRV-01026,VEH-0020,2024-12-20,48,1,completed
RTE-CIN-20241220-003,HUB-CIN,DRV-01008,VEH-0025,2024-12-20,21,0,completed
RTE-CIN-20241220-005,HUB-CIN,DRV-01019,VEH-0025,2024-12-20,61,0,completed
RTE-CIN-20241220-006,HUB-CIN,DRV-01019,VEH-0025,2024-12-20,20,0,completed
RTE-CIN-20241220-007,HUB-CIN,DRV-01023,VEH-0020,2024-12-20,59,0,completed
RTE-CIN-20241220-008,HUB-CIN,DRV-01003,VEH-0027,2024-12-20,25,6,completed
RTE-CMH-20241221-001,HUB-CMH,DRV-01013,VEH-0038,2024-12-21,59,0,completed
RTE-CMH-20241221-002,HUB-CMH,DRV-01189,VEH-0003,2024-12-21,49,0,partial
RTE-CHI-20241221-001,HUB-CHI,DRV-01011,VEH-0002,2024-12-21,38,0,partial
RTE-DET-20241221-001,HUB-DET,DRV-01021,VEH-0024,2024-12-21,48,0,partial
RTE-CIN-20241221-001,HUB-CIN,DRV-01002,VEH-0025,2024-12-21,57,0,completed
RTE-CIN-20241221-002,HUB-CIN,DRV-01041,VEH-0025,2024-12-21,34,0,completed
RTE-IND-20241222-001,HUB-IND,DRV-01188,VEH-0043,2024-12-22,60,0,partial
RTE-IND-20241222-002,HUB-IND,DRV-01031,VEH-0034,2024-12-22,31,0,completed
RTE-IND-20241222-003,HUB-IND,DRV-01032,VEH-0023,2024-12-22,34,0,partial
RTE-IND-20241222-004,HUB-IND,DRV-01033,VEH-0013,2024-12-22,58,0,completed
RTE-DET-20241222-001,HUB-DET,DRV-01037,VEH-0029,2024-12-22,43,0,completed
RTE-DET-20241222-002,HUB-DET,DRV-01014,VEH-0024,2024-12-22,58,0,completed
RTE-DET-20241222-003,HUB-DET,DRV-01014,VEH-0044,2024-12-22,37,0,partial
RTE-DET-20241222-004,HUB-DET,DRV-01022,VEH-0024,2024-12-22,36,0,completed
RTE-CIN-20241222-001,HUB-CIN,DRV-01038,VEH-0025,2024-12-22,33,6,completed
RTE-CMH-20241223-001,HUB-CMH,DRV-01044,VEH-0035,2024-12-23,32,5,completed
RTE-CMH-20241223-002,HUB-CMH,DRV-01015,VEH-0028,2024-12-23,27,0,partial
RTE-CHI-20241223-001,HUB-CHI,DRV-01020,VEH-0005,2024-12-23,31,0,completed
RTE-CHI-20241223-002,HUB-CHI,DRV-01012,VEH-0019,2024-12-23,34,0,completed
RTE-CHI-20241223-003,HUB-CHI,DRV-01020,VEH-0002,2024-12-23,63,0,completed
RTE-CHI-20241223-004,HUB-CHI,DRV-01012,VEH-0019,2024-12-23,54,0,completed
RTE-IND-20241223-001,HUB-IND,DRV-01024,VEH-0009,2024-12-23,36,0,completed
RTE-DET-20241223-001,HUB-DET,DRV-01021,VEH-0024,2024-12-23,40,4,completed
RTE-CIN-20241223-001,HUB-CIN,DRV-01003,VEH-0025,2024-12-23,44,0,completed
RTE-CIN-20241223-002,HUB-CIN,DRV-01034,VEH-0018,2024-12-23,31,0,completed
RTE-CMH-20241224-001,HUB-CMH,DRV-01009,VEH-0021,2024-12-24,38,0,completed
RTE-CMH-20241224-002,HUB-CMH,DRV-01194,VEH-0033,2024-12-24,20,0,completed
RTE-CHI-20241224-001,HUB-CHI,DRV-01017,VEH-0019,2024-12-24,22,0,partial
RTE-CHI-20241224-002,HUB-CHI,DRV-01035,VEH-0006,2024-12-24,40,0,completed
RTE-CHI-20241224-003,HUB-CHI,DRV-01048,VEH-0037,2024-12-24,29,0,completed
RTE-CHI-20241224-004,HUB-CHI,DRV-01047,VEH-0042,2024-12-24,47,0,completed
RTE-IND-20241224-001,HUB-IND,DRV-01032,VEH-0008,2024-12-24,45,0,completed
RTE-IND-20241224-002,HUB-IND,DRV-01031,VEH-0009,2024-12-24,22,0,completed
RTE-IND-20241224-003,HUB-IND,DRV-01188,VEH-0016,2024-12-24,19,0,completed
RTE-IND-20241224-004,HUB-IND,DRV-01033,VEH-0034,2024-12-24,34,0,completed
RTE-DET-20241224-001,HUB-DET,DRV-01021,VEH-0029,2024-12-24,37,0,completed
RTE-DET-20241224-002,HUB-DET,DRV-01022,VEH-0044,2024-12-24,20,0,completed
RTE-DET-20241224-003,HUB-DET,DRV-01004,VEH-0029,2024-12-24,40,0,completed
RTE-CIN-20241224-001,HUB-CIN,DRV-01025,VEH-0018,2024-12-24,35,0,completed
RTE-CMH-20241225-001,HUB-CMH,DRV-01043,VEH-0003,2024-12-25,51,0,partial
RTE-CMH-20241225-002,HUB-CMH,DRV-01001,VEH-0038,2024-12-25,61,0,completed
RTE-CHI-20241225-001,HUB-CHI,DRV-01017,VEH-0006,2024-12-25,29,0,completed
RTE-CHI-20241225-003,HUB-CHI,DRV-01012,VEH-0006,2024-12-25,36,0,completed
RTE-IND-20241225-001,HUB-IND,DRV-01024,VEH-0008,2024-12-25,43,0,completed
RTE-IND-20241225-002,HUB-IND,DRV-01042,VEH-0009,2024-12-25,26,0,completed
RTE-IND-20241225-003,HUB-IND,DRV-01033,VEH-0009,2024-12-25,26,0,completed
RTE-IND-20241225-004,HUB-IND,DRV-01032,VEH-0017,2024-12-25,20,0,completed
RTE-DET-20241225-001,HUB-DET,DRV-01037,VEH-0022,2024-12-25,46,0,completed
RTE-CIN-20241225-001,HUB-CIN,DRV-01019,VEH-0020,2024-12-25,33,0,completed
RTE-CIN-20241225-002,HUB-CIN,DRV-01026,VEH-0036,2024-12-25,64,2,completed
RTE-CIN-20241225-003,HUB-CIN,DRV-01192,VEH-0018,2024-12-25,52,0,completed
RTE-CMH-20241226-001,HUB-CMH,DRV-01001,VEH-0021,2024-12-26,59,0,completed
RTE-CMH-20241226-002,HUB-CMH,DRV-01040,VEH-0041,2024-12-26,49,0,completed
RTE-CMH-20241226-003,HUB-CMH,DRV-01189,VEH-0028,2024-12-26,57,0,completed
RTE-CMH-20241226-004,HUB-CMH,DRV-01028,VEH-0031,2024-12-26,64,0,completed
RTE-CHI-20241226-001,HUB-CHI,DRV-01012,VEH-0019,2024-12-26,18,0,completed
RTE-CHI-20241226-002,HUB-CHI,DRV-01035,VEH-0005,2024-12-26,54,0,completed
RTE-CHI-20241226-003,HUB-CHI,DRV-01020,VEH-0004,2024-12-26,52,5,partial
RTE-CHI-20241226-004,HUB-CHI,DRV-01048,VEH-0042,2024-12-26,55,0,completed
RTE-IND-20241226-001,HUB-IND,DRV-01006,VEH-0008,2024-12-26,63,0,completed
RTE-IND-20241226-002,HUB-IND,DRV-01033,VEH-0034,2024-12-26,33,0,completed
RTE-IND-20241226-003,HUB-IND,DRV-01191,VEH-0043,2024-12-26,52,4,completed
RTE-DET-20241226-001,HUB-DET,DRV-01014,VEH-0024,2024-12-26,55,1,completed
RTE-DET-20241226-002,HUB-DET,DRV-01004,VEH-0044,2024-12-26,29,1,completed
RTE-DET-20241226-003,HUB-DET,DRV-01014,VEH-0022,2024-12-26,26,2,completed
RTE-DET-20241226-004,HUB-DET,DRV-01037,VEH-0044,2024-12-26,46,0,completed
RTE-DET-20241226-005,HUB-DET,DRV-01022,VEH-0024,2024-12-26,44,0,completed
RTE-DET-20241226-006,HUB-DET,DRV-01021,VEH-0022,2024-12-26,64,0,completed
RTE-CIN-20241226-001,HUB-CIN,DRV-01027,VEH-0036,2024-12-26,48,0,completed
RTE-CIN-20241226-002,HUB-CIN,DRV-01041,VEH-0020,2024-12-26,27,0,completed
RTE-CIN-20241226-003,HUB-CIN,DRV-01027,VEH-0036,2024-12-26,46,0,completed
RTE-CMH-20241227-001,HUB-CMH,DRV-01016,VEH-0031,2024-12-27,57,0,completed
RTE-CHI-20241227-001,HUB-CHI,DRV-01190,VEH-0002,2024-12-27,53,0,completed
RTE-IND-20241227-001,HUB-IND,DRV-01045,VEH-0043,2024-12-27,50,2,completed
RTE-IND-20241227-002,HUB-IND,DRV-01006,VEH-0009,2024-12-27,52,0,completed
RTE-IND-20241227-003,HUB-IND,DRV-01031,VEH-0043,2024-12-27,35,0,completed
RTE-IND-20241227-004,HUB-IND,DRV-01042,VEH-0009,2024-12-27,24,0,completed
RTE-IND-20241227-005,HUB-IND,DRV-01188,VEH-0013,2024-12-27,49,0,completed
RTE-IND-20241227-006,HUB-IND,DRV-01024,VEH-0013,2024-12-27,21,0,completed
RTE-IND-20241227-007,HUB-IND,DRV-01045,VEH-0016,2024-12-27,44,0,completed
RTE-IND-20241227-008,HUB-IND,DRV-01191,VEH-0016,2024-12-27,30,6,completed
RTE-DET-20241227-001,HUB-DET,DRV-01046,VEH-0029,2024-12-27,50,0,completed
RTE-DET-20241227-002,HUB-DET,DRV-01021,VEH-0022,2024-12-27,34,0,completed
RTE-CIN-20241227-001,HUB-CIN,DRV-01027,VEH-0018,2024-12-27,53,0,partial
RTE-CHI-20241228-001,HUB-CHI,DRV-01190,VEH-0042,2024-12-28,40,0,completed
RTE-CHI-20241228-002,HUB-CHI,DRV-01011,VEH-0004,2024-12-28,26,0,completed
RTE-IND-20241228-001,HUB-IND,DRV-01006,VEH-0043,2024-12-28,33,0,completed
RTE-DET-20241228-001,HUB-DET,DRV-01193,VEH-0024,2024-12-28,29,0,completed
RTE-CMH-20241230-001,HUB-CMH,DRV-01018,VEH-0028,2024-12-30,20,0,completed
RTE-CMH-20241230-002,HUB-CMH,DRV-01013,VEH-0028,2024-12-30,43,0,completed
RTE-CMH-20241230-003,HUB-CMH,DRV-01044,VEH-0028,2024-12-30,20,0,completed
RTE-CMH-20241230-004,HUB-CMH,DRV-01194,VEH-0041,2024-12-30,29,0,completed
RTE-CMH-20241230-005,HUB-CMH,DRV-01015,VEH-0028,2024-12-30,49,0,completed
RTE-CMH-20241230-006,HUB-CMH,DRV-01016,VEH-0041,2024-12-30,33,0,completed
RTE-CHI-20241230-001,HUB-CHI,DRV-01047,VEH-0042,2024-12-30,51,0,completed
RTE-CHI-20241230-002,HUB-CHI,DRV-01047,VEH-0002,2024-12-30,30,0,completed
RTE-CHI-20241230-003,HUB-CHI,DRV-01048,VEH-0002,2024-12-30,49,6,completed
RTE-CHI-20241230-004,HUB-CHI,DRV-01012,VEH-0005,2024-12-30,21,0,completed
RTE-IND-20241230-001,HUB-IND,DRV-01024,VEH-0023,2024-12-30,27,3,completed
RTE-DET-20241230-001,HUB-DET,DRV-01193,VEH-0029,2024-12-30,59,0,canceled
RTE-DET-20241230-002,HUB-DET,DRV-01046,VEH-0024,2024-12-30,61,0,completed
RTE-DET-20241230-003,HUB-DET,DRV-01004,VEH-0044,2024-12-30,32,0,partial
RTE-DET-20241230-004,HUB-DET,DRV-01004,VEH-0044,2024-12-30,48,0,completed
RTE-CIN-20241230-001,HUB-CIN,DRV-01025,VEH-0018,2024-12-30,44,2,completed
RTE-CIN-20241230-002,HUB-CIN,DRV-01034,VEH-0032,2024-12-30,39,0,completed
RTE-CIN-20241230-003,HUB-CIN,DRV-01023,VEH-0026,2024-12-30,21,0,completed
RTE-CMH-20241231-001,HUB-CMH,DRV-01036,VEH-0035,2024-12-31,35,0,completed
RTE-CHI-20241231-001,HUB-CHI,DRV-01190,VEH-0015,2024-12-31,32,0,completed
RTE-CHI-20241231-002,HUB-CHI,DRV-01035,VEH-0042,2024-12-31,30,0,completed
RTE-CHI-20241231-003,HUB-CHI,DRV-01007,VEH-0004,2024-12-31,37,0,completed
RTE-IND-20241231-001,HUB-IND,DRV-01033,VEH-0043,2024-12-31,45,0,completed
RTE-IND-20241231-002,HUB-IND,DRV-01032,VEH-0043,2024-12-31,22,0,completed
RTE-IND-20241231-003,HUB-IND,DRV-01032,VEH-0017,2024-12-31,38,0,completed
RTE-IND-20241231-004,HUB-IND,DRV-01006,VEH-0043,2024-12-31,59,0,completed
RTE-IND-20241231-005,HUB-IND,DRV-01191,VEH-0008,2024-12-31,52,0,completed
RTE-IND-20241231-006,HUB-IND,DRV-01191,VEH-0008,2024-12-31,57,0,partial
RTE-DET-20241231-001,HUB-DET,DRV-01004,VEH-0022,2024-12-31,48,2,completed
RTE-DET-20241231-002,HUB-DET,DRV-01021,VEH-0044,2024-12-31,35,2,completed
RTE-DET-20241231-003,HUB-DET,DRV-01021,VEH-0029,2024-12-31,24,0,completed
RTE-CIN-20241231-001,HUB-CIN,DRV-01003,VEH-0032,2024-12-31,51,0,completed
RTE-CIN-20241231-002,HUB-CIN,DRV-01025,VEH-0027,2024-12-31,21,0,partial
RTE-CIN-20241231-003,HUB-CIN,DRV-01029,VEH-0027,2024-12-31,23,0,completed
RTE-CIN-20241231-004,HUB-CIN,DRV-01002,VEH-0032,2024-12-31,19,0,canceled
