shipment_id,client_id,origin_hub_id,service_level,created_at,delivered_at,status,route_id,promised_delivery_at,hours_late,late_bucket
SHP-202501-000001,CLI-0169,HUB-DET,expedited,2025-01-13T19:47:00,2025-01-14T23:47:00,delivered,RTE-DET-20250113-002,2025-01-16T02:47:00,,on_time
SHP-202502-000001,CLI-0042,HUB-DET,freight,2025-02-25T09:12:00,2025-03-01T14:12:00,delivered,,2025-03-01T18:12:00,,on_time
SHP-202510-000001,CLI-0042,HUB-DET,freight,2025-10-23T06:33:00,2025-10-25T11:33:00,delivered,,2025-10-27T13:33:00,,on_time
SHP-202508-000001,CLI-0169,HUB-CIN,standard,2025-08-09T19:07:00,2025-08-13T03:07:00,delivered,RTE-CIN-20250810-001,2025-08-13T03:07:00,,on_time
SHP-202506-000001,CLI-0169,HUB-DET,standard,2025-06-08T14:08:00,2025-06-13T00:08:00,delivered,RTE-DET-20250609-001,2025-06-13T00:08:00,,on_time
SHP-202503-000001,CLI-0155,HUB-DET,standard,2025-03-31T06:19:00,2025-04-04T18:19:00,delivered,RTE-DET-20250331-004,2025-04-04T18:19:00,,on_time
SHP-202510-000002,CLI-0169,HUB-DET,standard,2025-10-24T16:13:00,2025-10-27T02:13:00,delivered,RTE-DET-20251024-006,2025-10-27T23:13:00,,on_time
SHP-202504-000002,CLI-0042,HUB-CHI,freight,2025-04-12T13:39:00,2025-04-13T20:39:00,delivered,,2025-04-16T06:39:00,,on_time
SHP-202510-000003,CLI-0201,HUB-DET,standard,2025-10-22T08:41:00,2025-10-23T20:41:00,delivered,RTE-DET-20251022-002,2025-10-27T04:41:00,,on_time
SHP-202508-000004,CLI-0155,HUB-CHI,standard,2025-08-14T11:57:00,2025-08-16T13:57:00,delivered,RTE-CHI-20250814-001,2025-08-18T05:57:00,,on_time
SHP-202510-000004,CLI-0042,HUB-IND,freight,2025-10-22T10:48:00,2025-10-26T18:48:00,delivered,,2025-10-26T18:48:00,,on_time
SHP-202504-000004,CLI-0155,HUB-DET,standard,2025-04-23T12:21:00,2025-04-27T23:21:00,delivered,RTE-DET-20250423-001,2025-04-27T23:21:00,,on_time
SHP-202510-000005,CLI-0201,HUB-CIN,standard,2025-10-01T06:05:00,2025-10-03T13:05:00,delivered,RTE-CIN-20251001-002,2025-10-05T12:05:00,,on_time
SHP-202504-000005,CLI-0201,HUB-IND,standard,2025-04-04T11:21:00,2025-04-08T15:21:00,delivered,RTE-IND-20250404-001,2025-04-08T17:21:00,,on_time
SHP-202508-000005,CLI-0007,HUB-DET,standard,2025-08-04T14:03:00,,returned,RTE-DET-20250804-002,2025-08-07T12:03:00,,
SHP-202506-000002,CLI-0007,HUB-CMH,expedited,2025-06-29T09:12:00,2025-06-30T18:12:00,delivered,RTE-CMH-20250630-002,2025-06-30T18:12:00,,on_time
SHP-202506-000003,CLI-0201,HUB-DET,expedited,2025-06-09T09:04:00,2025-06-10T19:04:00,delivered,RTE-DET-20250609-002,2025-06-13T00:04:00,,on_time
SHP-202505-000002,CLI-0155,HUB-CIN,expedited,2025-05-05T18:36:00,2025-05-06T23:36:00,delivered,RTE-CIN-20250505-002,2025-05-08T03:36:00,,on_time
SHP-202509-000002,CLI-0169,HUB-CMH,standard,2025-09-30T11:00:00,2025-10-04T12:00:00,delivered,RTE-CMH-20250930-001,2025-10-04T12:00:00,,on_time
SHP-202510-000006,CLI-0201,HUB-IND,standard,2025-10-19T19:20:00,2025-10-22T00:20:00,delivered,RTE-IND-20251020-001,2025-10-23T19:20:00,,on_time
SHP-202512-000003,CLI-0155,HUB-IND,standard,2025-12-26T17:12:00,2025-12-28T20:12:00,delivered,RTE-IND-20251226-002,2025-12-29T12:12:00,,on_time
SHP-202509-000003,CLI-0007,HUB-CHI,standard,2025-09-26T11:11:00,2025-09-28T15:11:00,delivered,RTE-CHI-20250926-002,2025-09-30T05:11:00,,on_time
SHP-202506-000004,CLI-0042,HUB-IND,freight,2025-06-24T19:30:00,2025-06-26T01:30:00,delivered,,2025-06-28T22:30:00,,on_time
SHP-202509-000004,CLI-0042,HUB-CHI,freight,2025-09-09T08:51:00,2025-09-12T09:51:00,delivered,,2025-09-12T21:51:00,,on_time
SHP-202505-000004,CLI-0201,HUB-CIN,standard,2025-05-08T15:14:00,2025-05-12T22:14:00,delivered,RTE-CIN-20250508-003,2025-05-12T22:14:00,,on_time
SHP-202504-000006,CLI-0155,HUB-CMH,standard,2025-04-17T08:35:00,2025-04-18T14:35:00,delivered,RTE-CMH-20250418-002,2025-04-20T19:35:00,,on_time
SHP-202510-000008,CLI-0007,HUB-IND,standard,2025-10-09T07:49:00,2025-10-10T17:49:00,delivered,RTE-IND-20251009-002,2025-10-12T09:49:00,,on_time
SHP-202510-000009,CLI-0042,HUB-CHI,freight,2025-10-05T14:23:00,2025-10-10T00:23:00,delivered,,2025-10-10T00:23:00,,on_time
SHP-202503-000003,CLI-0042,HUB-CIN,freight,2025-03-23T12:05:00,2025-03-24T19:05:00,delivered,,2025-03-27T21:05:00,,on_time
SHP-202508-000011,CLI-0169,HUB-IND,standard,2025-08-17T14:24:00,2025-08-20T17:24:00,delivered,RTE-IND-20250817-001,2025-08-21T08:24:00,,on_time
SHP-202512-000005,CLI-0201,HUB-CHI,expedited,2025-12-24T12:02:00,2025-12-25T19:02:00,delivered,RTE-CHI-20251224-001,2025-12-27T17:02:00,,on_time
SHP-202512-000006,CLI-0201,HUB-DET,expedited,2025-12-28T18:52:00,2025-12-29T20:52:00,delivered,RTE-DET-20251228-001,2026-01-01T17:52:00,,on_time
SHP-202506-000006,CLI-0201,HUB-CMH,expedited,2025-06-23T19:43:00,2025-06-25T01:43:00,delivered,RTE-CMH-20250623-001,2025-06-27T02:43:00,,on_time
SHP-202502-000004,CLI-0007,HUB-CMH,standard,2025-02-16T17:19:00,2025-02-17T22:19:00,delivered,RTE-CMH-20250216-001,2025-02-19T06:19:00,,on_time
SHP-202501-000002,CLI-0169,HUB-DET,standard,2025-01-29T14:26:00,2025-01-31T16:26:00,delivered,RTE-DET-20250129-002,2025-02-02T08:26:00,,on_time
SHP-202503-000006,CLI-0201,HUB-CIN,standard,2025-03-31T13:58:00,2025-04-02T20:58:00,delivered,RTE-CIN-20250331-001,2025-04-04T21:58:00,,on_time
SHP-202511-000004,CLI-0155,HUB-CMH,expedited,2025-11-23T13:57:00,2025-11-24T21:57:00,delivered,RTE-CMH-20251124-003,2025-11-26T05:57:00,,on_time
SHP-202503-000007,CLI-0169,HUB-CIN,standard,2025-03-22T12:44:00,2025-03-25T15:44:00,delivered,RTE-CIN-20250322-002,2025-03-25T15:44:00,,on_time
SHP-202501-000003,CLI-0042,HUB-CIN,freight,2025-01-05T17:31:00,2025-01-09T05:31:00,delivered,,2025-01-10T10:31:00,,on_time
SHP-202504-000008,CLI-0169,HUB-CHI,standard,2025-04-28T15:16:00,2025-05-01T01:16:00,delivered,RTE-CHI-20250428-001,2025-05-02T16:16:00,,on_time
SHP-202507-000002,CLI-0155,HUB-CIN,standard,2025-07-08T16:23:00,2025-07-10T23:23:00,delivered,RTE-CIN-20250708-001,2025-07-12T09:23:00,,on_time
SHP-202512-000008,CLI-0201,HUB-CMH,standard,2025-12-25T06:19:00,,returned,RTE-CMH-20251225-003,2025-12-29T09:19:00,,
SHP-202507-000003,CLI-0007,HUB-DET,standard,2025-07-23T09:41:00,2025-07-24T09:41:00,delivered,RTE-DET-20250723-002,2025-07-26T14:41:00,,on_time
SHP-202508-000014,CLI-0007,HUB-DET,standard,2025-08-04T11:32:00,2025-08-08T19:32:00,delivered,RTE-DET-20250804-001,2025-08-08T19:32:00,,on_time
SHP-202507-000004,CLI-0007,HUB-DET,expedited,2025-07-25T13:04:00,2025-07-26T18:04:00,delivered,RTE-DET-20250725-001,2025-07-27T13:04:00,,on_time
SHP-202511-000008,CLI-0007,HUB-CIN,standard,2025-11-04T08:42:00,2025-11-05T13:42:00,delivered,RTE-CIN-20251104-003,2025-11-06T23:42:00,,on_time
SHP-202510-000011,CLI-0155,HUB-CIN,standard,2025-10-12T12:54:00,2025-10-13T21:54:00,delivered,RTE-CIN-20251013-003,2025-10-16T02:54:00,,on_time
SHP-202512-000011,CLI-0155,HUB-CMH,standard,2025-12-03T17:48:00,2025-12-06T22:48:00,delivered,RTE-CMH-20251203-002,2025-12-07T00:48:00,,on_time
SHP-202509-000007,CLI-0201,HUB-DET,standard,2025-09-29T11:19:00,2025-09-30T11:19:00,delivered,RTE-DET-20250929-001,2025-10-04T03:19:00,,on_time
SHP-202505-000008,CLI-0007,HUB-CMH,standard,2025-05-11T12:11:00,2025-05-13T20:11:00,delivered,RTE-CMH-20250511-002,2025-05-14T02:11:00,,on_time
SHP-202507-000006,CLI-0042,HUB-DET,freight,2025-07-01T06:29:00,2025-07-04T15:29:00,delivered,,2025-07-05T22:29:00,,on_time
SHP-202508-000016,CLI-0201,HUB-IND,standard,2025-08-08T06:20:00,2025-08-12T17:20:00,delivered,RTE-IND-20250808-005,2025-08-12T17:20:00,,on_time
SHP-202507-000007,CLI-0007,HUB-CHI,standard,2025-07-05T12:33:00,2025-07-08T23:33:00,delivered,RTE-CHI-20250706-001,2025-07-08T23:33:00,,on_time
SHP-202508-000017,CLI-0155,HUB-IND,standard,2025-08-29T11:32:00,2025-09-02T18:32:00,delivered,RTE-IND-20250829-001,2025-09-02T18:32:00,,on_time
SHP-202501-000008,CLI-0155,HUB-CMH,standard,2025-01-20T19:05:00,2025-01-25T02:05:00,delivered,RTE-CMH-20250121-002,2025-01-25T02:05:00,,on_time
SHP-202510-000013,CLI-0042,HUB-DET,freight,2025-10-25T20:51:00,2025-10-28T01:51:00,delivered,,2025-10-30T09:51:00,,on_time
SHP-202507-000008,CLI-0169,HUB-CIN,standard,2025-07-18T16:41:00,2025-07-21T17:41:00,delivered,RTE-CIN-20250718-002,2025-07-21T17:41:00,,on_time
SHP-202510-000014,CLI-0155,HUB-IND,expedited,2025-10-13T16:58:00,2025-10-14T18:58:00,delivered,RTE-IND-20251013-002,2025-10-15T22:58:00,,on_time
SHP-202512-000014,CLI-0155,HUB-CIN,standard,2025-12-29T18:21:00,2025-12-31T04:21:00,delivered,RTE-CIN-20251229-002,2026-01-02T12:21:00,,on_time
SHP-202512-000015,CLI-0169,HUB-CMH,standard,2025-12-10T08:13:00,2025-12-14T11:13:00,delivered,RTE-CMH-20251210-001,2025-12-14T11:13:00,,on_time
SHP-202503-000011,CLI-0007,HUB-CIN,expedited,2025-03-21T19:47:00,2025-03-22T19:47:00,delivered,RTE-CIN-20250321-003,2025-03-23T12:47:00,,on_time
SHP-202508-000018,CLI-0169,HUB-CHI,expedited,2025-08-13T15:18:00,2025-08-15T03:18:00,delivered,RTE-CHI-20250813-001,2025-08-16T11:18:00,,on_time
SHP-202501-000009,CLI-0169,HUB-CIN,expedited,2025-01-27T17:54:00,2025-01-28T18:54:00,delivered,RTE-CIN-20250127-001,2025-01-29T15:54:00,,on_time
SHP-202501-000010,CLI-0201,HUB-CIN,standard,2025-01-14T12:05:00,2025-01-15T17:05:00,delivered,RTE-CIN-20250114-003,2025-01-18T19:05:00,,on_time
SHP-202511-000013,CLI-0007,HUB-IND,standard,2025-11-08T07:03:00,2025-11-12T08:03:00,delivered,RTE-IND-20251109-001,2025-11-12T08:03:00,,on_time
SHP-202509-000008,CLI-0042,HUB-CIN,freight,2025-09-13T15:15:00,2025-09-16T21:15:00,delivered,,2025-09-17T22:15:00,,on_time
SHP-202511-000014,CLI-0169,HUB-IND,expedited,2025-11-22T11:50:00,2025-11-23T14:50:00,delivered,RTE-IND-20251123-001,2025-11-25T00:50:00,,on_time
SHP-202502-000006,CLI-0007,HUB-DET,standard,2025-02-12T19:11:00,2025-02-15T20:11:00,delivered,RTE-DET-20250212-003,2025-02-15T20:11:00,,on_time
SHP-202502-000007,CLI-0155,HUB-IND,standard,2025-02-10T17:27:00,2025-02-14T22:27:00,delivered,RTE-IND-20250210-001,2025-02-14T22:27:00,,on_time
SHP-202508-000021,CLI-0169,HUB-CIN,expedited,2025-08-17T10:40:00,2025-08-18T10:40:00,delivered,RTE-CIN-20250817-001,2025-08-19T05:40:00,,on_time
SHP-202502-000008,CLI-0201,HUB-IND,standard,2025-02-08T17:43:00,2025-02-09T19:43:00,delivered,RTE-IND-20250208-001,2025-02-13T05:43:00,,on_time
SHP-202507-000011,CLI-0155,HUB-CHI,expedited,2025-07-07T06:47:00,2025-07-08T14:47:00,delivered,RTE-CHI-20250707-002,2025-07-10T00:47:00,,on_time
SHP-202503-000012,CLI-0155,HUB-DET,standard,2025-03-02T15:18:00,2025-03-06T18:18:00,delivered,RTE-DET-20250303-004,2025-03-06T18:18:00,,on_time
SHP-202503-000013,CLI-0007,HUB-DET,standard,2025-03-04T17:28:00,2025-03-13T17:28:00,delayed,RTE-DET-20250304-001,2025-03-11T17:28:00,48,1-2d
SHP-202506-000011,CLI-0007,HUB-CIN,standard,2025-06-13T20:19:00,2025-06-16T08:19:00,delivered,RTE-CIN-20250613-001,2025-06-16T08:19:00,,on_time
SHP-202507-000012,CLI-0007,HUB-CHI,expedited,2025-07-05T09:50:00,2025-07-06T14:50:00,delivered,RTE-CHI-20250706-003,2025-07-08T03:50:00,,on_time
SHP-202509-000009,CLI-0201,HUB-CIN,standard,2025-09-03T11:41:00,2025-09-07T21:41:00,delivered,RTE-CIN-20250903-003,2025-09-07T21:41:00,,on_time
SHP-202510-000018,CLI-0155,HUB-DET,standard,2025-10-07T18:43:00,2025-10-11T19:43:00,delivered,RTE-DET-20251007-002,2025-10-11T19:43:00,,on_time
SHP-202509-000012,CLI-0169,HUB-CHI,standard,2025-09-21T10:28:00,2025-09-22T10:28:00,delivered,RTE-CHI-20250921-001,2025-09-25T07:28:00,,on_time
SHP-202508-000022,CLI-0155,HUB-DET,standard,2025-08-28T12:32:00,2025-08-30T15:32:00,delivered,RTE-DET-20250828-003,2025-09-01T05:32:00,,on_time
SHP-202510-000019,CLI-0042,HUB-IND,freight,2025-10-26T13:38:00,2025-10-30T17:38:00,delivered,,2025-10-30T18:38:00,,on_time
SHP-202510-000020,CLI-0007,HUB-DET,standard,2025-10-02T10:46:00,2025-10-06T15:46:00,delivered,RTE-DET-20251002-002,2025-10-06T15:46:00,,on_time
SHP-202504-000009,CLI-0201,HUB-CIN,standard,2025-04-12T06:08:00,2025-04-16T14:08:00,delivered,RTE-CIN-20250412-001,2025-04-16T17:08:00,,on_time
SHP-202506-000013,CLI-0201,HUB-CIN,standard,2025-06-19T20:46:00,2025-06-21T05:46:00,delivered,RTE-CIN-20250619-002,2025-06-24T08:46:00,,on_time
SHP-202509-000013,CLI-0169,HUB-DET,standard,2025-09-23T11:11:00,2025-09-26T19:11:00,delivered,RTE-DET-20250923-001,2025-09-26T23:11:00,,on_time
SHP-202507-000013,CLI-0155,HUB-CIN,standard,2025-07-01T09:17:00,2025-07-03T13:17:00,delivered,RTE-CIN-20250701-001,2025-07-05T03:17:00,,on_time
SHP-202503-000015,CLI-0155,HUB-CMH,standard,2025-03-16T13:41:00,2025-03-20T16:41:00,delivered,RTE-CMH-20250317-001,2025-03-20T16:41:00,,on_time
SHP-202512-000023,CLI-0007,HUB-CIN,expedited,2025-12-23T09:15:00,2025-12-24T17:15:00,delivered,RTE-CIN-20251223-002,2025-12-24T20:15:00,,on_time
SHP-202504-000011,CLI-0042,HUB-CMH,freight,2025-04-26T12:21:00,2025-04-27T22:21:00,delivered,,2025-04-30T21:21:00,,on_time
SHP-202505-000013,CLI-0042,HUB-CMH,freight,2025-05-28T16:36:00,2025-05-29T18:36:00,delivered,,2025-06-02T02:36:00,,on_time
SHP-202504-000012,CLI-0201,HUB-DET,standard,2025-04-09T07:25:00,2025-04-11T09:25:00,delivered,RTE-DET-20250409-001,2025-04-14T00:25:00,,on_time
SHP-202512-000024,CLI-0007,HUB-CIN,standard,2025-12-15T17:23:00,2025-12-16T17:23:00,delivered,RTE-CIN-20251215-003,2025-12-18T06:23:00,,on_time
SHP-202504-000015,CLI-0042,HUB-DET,freight,2025-04-22T11:44:00,2025-04-23T12:44:00,delivered,,2025-04-26T22:44:00,,on_time
SHP-202508-000026,CLI-0201,HUB-CHI,expedited,2025-08-30T18:41:00,2025-09-08T18:41:00,delayed,RTE-CHI-20250901-005,2025-09-06T22:41:00,44,1-2d
SHP-202508-000027,CLI-0201,HUB-DET,expedited,2025-08-04T20:24:00,2025-08-06T06:24:00,delivered,RTE-DET-20250804-002,2025-08-08T16:24:00,,on_time
SHP-202505-000014,CLI-0007,HUB-CMH,expedited,2025-05-22T12:39:00,2025-05-23T12:39:00,delivered,RTE-CMH-20250522-001,2025-05-24T03:39:00,,on_time
SHP-202505-000015,CLI-0007,HUB-CIN,standard,2025-05-04T15:43:00,2025-05-05T18:43:00,delivered,RTE-CIN-20250504-001,2025-05-07T03:43:00,,on_time
SHP-202504-000016,CLI-0155,HUB-CMH,standard,2025-04-24T15:56:00,2025-04-27T01:56:00,delivered,RTE-CMH-20250424-001,2025-04-28T03:56:00,,on_time
SHP-202508-000029,CLI-0155,HUB-DET,standard,2025-08-02T14:30:00,2025-08-04T18:30:00,delivered,RTE-DET-20250803-001,2025-08-05T20:30:00,,on_time
SHP-202508-000030,CLI-0169,HUB-IND,standard,2025-08-27T14:56:00,2025-08-29T02:56:00,delivered,RTE-IND-20250827-001,2025-08-31T06:56:00,,on_time
SHP-202507-000014,CLI-0042,HUB-CIN,freight,2025-07-09T19:14:00,2025-07-10T23:14:00,delivered,,2025-07-14T03:14:00,,on_time
SHP-202506-000016,CLI-0169,HUB-CHI,standard,2025-06-01T19:15:00,2025-06-04T23:15:00,delivered,RTE-CHI-20250601-001,2025-06-05T14:15:00,,on_time
SHP-202501-000018,CLI-0155,HUB-CIN,expedited,2025-01-09T06:32:00,2025-01-10T16:32:00,delivered,RTE-CIN-20250109-002,2025-01-11T22:32:00,,on_time
SHP-202504-000017,CLI-0007,HUB-CIN,standard,2025-04-02T09:39:00,2025-04-05T13:39:00,delivered,RTE-CIN-20250402-005,2025-04-05T13:39:00,,on_time
SHP-202507-000015,CLI-0201,HUB-DET,standard,2025-07-23T17:14:00,2025-07-25T03:14:00,delivered,RTE-DET-20250723-004,2025-07-28T09:14:00,,on_time
SHP-202511-000018,CLI-0007,HUB-DET,standard,2025-11-29T14:30:00,2025-12-01T01:30:00,delivered,RTE-DET-20251129-001,2025-12-02T12:30:00,,on_time
SHP-202503-000017,CLI-0201,HUB-IND,standard,2025-03-29T19:06:00,2025-03-30T22:06:00,delivered,RTE-IND-20250329-002,2025-04-02T22:06:00,,on_time
SHP-202511-000019,CLI-0201,HUB-IND,standard,2025-11-11T10:50:00,,failed,RTE-IND-20251111-001,2025-11-15T16:50:00,,
SHP-202507-000016,CLI-0007,HUB-CMH,standard,2025-07-19T10:28:00,2025-07-22T11:28:00,delivered,RTE-CMH-20250720-001,2025-07-22T11:28:00,,on_time
SHP-202503-000018,CLI-0201,HUB-DET,standard,2025-03-09T14:26:00,2025-03-10T19:26:00,delivered,RTE-DET-20250309-002,2025-03-14T05:26:00,,on_time
SHP-202511-000022,CLI-0169,HUB-DET,standard,2025-11-14T19:52:00,2025-11-16T23:52:00,delivered,RTE-DET-20251114-001,2025-11-18T12:52:00,,on_time
SHP-202504-000018,CLI-0155,HUB-CMH,expedited,2025-04-18T18:50:00,2025-04-20T01:50:00,delivered,RTE-CMH-20250418-002,2025-04-21T01:50:00,,on_time
SHP-202503-000020,CLI-0169,HUB-DET,expedited,2025-03-14T14:30:00,2025-03-15T15:30:00,delivered,RTE-DET-20250314-001,2025-03-17T03:30:00,,on_time
SHP-202508-000031,CLI-0155,HUB-CMH,expedited,2025-08-20T07:01:00,2025-08-21T17:01:00,delivered,RTE-CMH-20250820-002,2025-08-22T20:01:00,,on_time
SHP-202511-000024,CLI-0201,HUB-DET,standard,2025-11-19T15:56:00,2025-11-23T21:56:00,delivered,RTE-DET-20251120-001,2025-11-24T05:56:00,,on_time
SHP-202510-000032,CLI-0169,HUB-CHI,standard,2025-10-02T10:42:00,2025-10-05T19:42:00,delivered,RTE-CHI-20251003-001,2025-10-06T11:42:00,,on_time
SHP-202509-000018,CLI-0201,HUB-CIN,standard,2025-09-06T13:26:00,2025-09-11T00:26:00,delivered,RTE-CIN-20250906-001,2025-09-11T00:26:00,,on_time
SHP-202508-000032,CLI-0007,HUB-CIN,standard,2025-08-16T18:14:00,2025-08-19T21:14:00,delivered,RTE-CIN-20250816-001,2025-08-19T21:14:00,,on_time
SHP-202510-000035,CLI-0155,HUB-CIN,standard,2025-10-19T11:45:00,2025-10-22T19:45:00,delivered,RTE-CIN-20251020-002,2025-10-22T21:45:00,,on_time
SHP-202503-000022,CLI-0169,HUB-CHI,expedited,2025-03-09T16:25:00,2025-03-11T01:25:00,delivered,RTE-CHI-20250310-001,2025-03-12T10:25:00,,on_time
SHP-202511-000025,CLI-0201,HUB-DET,standard,2025-11-20T16:50:00,2025-11-21T22:50:00,delivered,RTE-DET-20251120-002,2025-11-25T15:50:00,,on_time
SHP-202512-000033,CLI-0169,HUB-DET,expedited,2025-12-22T11:37:00,2025-12-23T23:37:00,delivered,RTE-DET-20251222-003,2025-12-24T19:37:00,,on_time
SHP-202509-000019,CLI-0155,HUB-IND,standard,2025-09-11T08:36:00,2025-09-14T18:36:00,delivered,RTE-IND-20250911-001,2025-09-14T18:36:00,,on_time
SHP-202512-000034,CLI-0007,HUB-CMH,standard,2025-12-02T07:08:00,2025-12-06T07:08:00,delivered,RTE-CMH-20251202-002,2025-12-06T07:08:00,,on_time
SHP-202501-000021,CLI-0007,HUB-DET,standard,2025-01-05T13:04:00,2025-01-07T00:04:00,delivered,RTE-DET-20250106-002,2025-01-08T13:04:00,,on_time
SHP-202502-000017,CLI-0169,HUB-IND,standard,2025-02-22T18:52:00,2025-02-25T04:52:00,delivered,RTE-IND-20250222-001,2025-02-26T02:52:00,,on_time
SHP-202507-000020,CLI-0201,HUB-IND,expedited,2025-07-16T09:17:00,2025-07-17T12:17:00,delivered,RTE-IND-20250716-001,2025-07-19T10:17:00,,on_time
SHP-202510-000037,CLI-0155,HUB-CHI,standard,2025-10-28T06:50:00,2025-10-31T16:50:00,delivered,RTE-CHI-20251028-003,2025-10-31T20:50:00,,on_time
SHP-202512-000036,CLI-0201,HUB-DET,expedited,2025-12-31T07:40:00,2026-01-01T16:40:00,delivered,RTE-DET-20251231-002,2026-01-04T01:40:00,,on_time
SHP-202503-000023,CLI-0155,HUB-CMH,standard,2025-03-20T09:51:00,2025-03-23T15:51:00,delivered,RTE-CMH-20250320-002,2025-03-23T15:51:00,,on_time
SHP-202510-000038,CLI-0007,HUB-IND,standard,2025-10-28T17:54:00,2025-10-30T18:54:00,delivered,RTE-IND-20251028-002,2025-10-31T21:54:00,,on_time
SHP-202501-000022,CLI-0042,HUB-CHI,freight,2025-01-07T13:22:00,2025-01-10T15:22:00,delivered,,2025-01-11T00:22:00,,on_time
SHP-202507-000022,CLI-0155,HUB-CMH,expedited,2025-07-10T06:21:00,2025-07-11T10:21:00,delivered,RTE-CMH-20250710-002,2025-07-13T00:21:00,,on_time
SHP-202503-000024,CLI-0007,HUB-CIN,standard,2025-03-22T07:14:00,2025-03-23T07:14:00,delivered,RTE-CIN-20250322-001,2025-03-24T21:14:00,,on_time
SHP-202512-000037,CLI-0169,HUB-CHI,standard,2025-12-02T17:20:00,2025-12-04T02:20:00,delivered,RTE-CHI-20251202-002,2025-12-06T22:20:00,,on_time
SHP-202507-000023,CLI-0042,HUB-CHI,freight,2025-07-10T09:51:00,2025-07-11T15:51:00,delivered,,2025-07-13T22:51:00,,on_time
SHP-202511-000027,CLI-0169,HUB-CIN,expedited,2025-11-15T18:49:00,2025-11-17T02:49:00,delivered,RTE-CIN-20251117-001,2025-11-17T17:49:00,,on_time
SHP-202505-000017,CLI-0201,HUB-CMH,standard,2025-05-06T11:40:00,2025-05-07T16:40:00,delivered,RTE-CMH-20250506-001,2025-05-10T23:40:00,,on_time
SHP-202509-000021,CLI-0169,HUB-DET,expedited,2025-09-24T07:37:00,2025-09-25T09:37:00,delivered,RTE-DET-20250924-003,2025-09-26T17:37:00,,on_time
SHP-202511-000028,CLI-0007,HUB-CIN,standard,2025-11-23T12:42:00,2025-11-25T16:42:00,delivered,RTE-CIN-20251124-003,2025-11-26T03:42:00,,on_time
SHP-202507-000024,CLI-0169,HUB-IND,standard,2025-07-21T09:04:00,2025-07-23T21:04:00,delivered,RTE-IND-20250721-002,2025-07-25T00:04:00,,on_time
SHP-202510-000039,CLI-0007,HUB-CHI,standard,2025-10-27T11:26:00,2025-10-30T23:26:00,delivered,RTE-CHI-20251027-002,2025-10-30T23:26:00,,on_time
SHP-202509-000022,CLI-0155,HUB-IND,expedited,2025-09-20T08:01:00,2025-09-21T15:01:00,delivered,RTE-IND-20250922-001,2025-09-22T14:01:00,,on_time
SHP-202505-000018,CLI-0007,HUB-CHI,standard,2025-05-08T06:53:00,2025-05-10T08:53:00,delivered,RTE-CHI-20250508-001,2025-05-11T12:53:00,,on_time
SHP-202507-000025,CLI-0007,HUB-CIN,standard,2025-07-10T20:52:00,2025-07-11T23:52:00,delivered,RTE-CIN-20250710-001,2025-07-13T11:52:00,,on_time
SHP-202504-000021,CLI-0201,HUB-IND,expedited,2025-04-23T19:11:00,2025-04-25T04:11:00,delivered,RTE-IND-20250423-001,2025-04-26T21:11:00,,on_time
SHP-202507-000027,CLI-0201,HUB-CIN,standard,2025-07-11T10:20:00,2025-07-13T21:20:00,delivered,RTE-CIN-20250711-001,2025-07-15T13:20:00,,on_time
SHP-202507-000028,CLI-0155,HUB-CHI,standard,2025-07-13T06:44:00,2025-07-17T18:44:00,delivered,RTE-CHI-20250714-004,2025-07-17T18:44:00,,on_time
SHP-202509-000026,CLI-0007,HUB-CHI,standard,2025-09-12T11:10:00,2025-09-13T22:10:00,delivered,RTE-CHI-20250912-001,2025-09-16T01:10:00,,on_time
SHP-202512-000040,CLI-0169,HUB-DET,standard,2025-12-10T09:15:00,2025-12-13T13:15:00,delivered,RTE-DET-20251210-001,2025-12-13T20:15:00,,on_time
SHP-202502-000020,CLI-0042,HUB-DET,freight,2025-02-25T13:46:00,2025-02-27T19:46:00,delivered,,2025-03-02T00:46:00,,on_time
SHP-202506-000025,CLI-0007,HUB-DET,expedited,2025-06-29T15:41:00,2025-06-30T18:41:00,delivered,RTE-DET-20250630-003,2025-07-01T18:41:00,,on_time
SHP-202503-000025,CLI-0042,HUB-IND,freight,2025-03-25T06:20:00,2025-03-26T07:20:00,delivered,,2025-03-29T02:20:00,,on_time
SHP-202506-000026,CLI-0201,HUB-CHI,expedited,2025-06-25T14:57:00,2025-07-01T14:57:00,delayed,RTE-CHI-20250625-005,2025-06-30T19:57:00,19,1-2d
SHP-202505-000019,CLI-0007,HUB-CMH,standard,2025-05-25T14:53:00,2025-05-26T19:53:00,delivered,RTE-CMH-20250525-001,2025-05-28T03:53:00,,on_time
SHP-202501-000025,CLI-0155,HUB-CIN,standard,2025-01-02T07:01:00,2025-01-05T08:01:00,delivered,RTE-CIN-20250102-004,2025-01-05T16:01:00,,on_time
SHP-202508-000037,CLI-0155,HUB-CMH,standard,2025-08-30T12:11:00,2025-09-03T17:11:00,delivered,RTE-CMH-20250901-001,2025-09-03T17:11:00,,on_time
SHP-202504-000022,CLI-0155,HUB-DET,standard,2025-04-06T09:53:00,2025-04-07T11:53:00,delivered,RTE-DET-20250406-002,2025-04-09T17:53:00,,on_time
SHP-202512-000041,CLI-0007,HUB-IND,expedited,2025-12-23T12:48:00,2025-12-24T20:48:00,delivered,RTE-IND-20251223-001,2025-12-25T08:48:00,,on_time
SHP-202504-000023,CLI-0201,HUB-CMH,expedited,2025-04-09T12:12:00,,failed,RTE-CMH-20250409-003,2025-04-12T14:12:00,,
SHP-202510-000041,CLI-0169,HUB-IND,standard,2025-10-12T20:55:00,2025-10-16T21:55:00,delivered,RTE-IND-20251013-001,2025-10-16T21:55:00,,on_time
SHP-202503-000026,CLI-0201,HUB-CMH,standard,2025-03-15T20:21:00,2025-03-17T07:21:00,delivered,RTE-CMH-20250315-001,2025-03-20T06:21:00,,on_time
SHP-202507-000029,CLI-0155,HUB-IND,standard,2025-07-10T13:54:00,2025-07-11T16:54:00,delivered,RTE-IND-20250710-002,2025-07-13T17:54:00,,on_time
SHP-202508-000039,CLI-0201,HUB-DET,expedited,2025-08-15T19:23:00,2025-08-17T03:23:00,delivered,RTE-DET-20250815-001,2025-08-19T12:23:00,,on_time
SHP-202505-000021,CLI-0042,HUB-IND,freight,2025-05-08T17:12:00,2025-05-13T01:12:00,delivered,,2025-05-13T01:12:00,,on_time
SHP-202507-000030,CLI-0007,HUB-CMH,standard,2025-07-23T13:38:00,2025-07-27T22:38:00,delivered,RTE-CMH-20250723-001,2025-07-27T22:38:00,,on_time
SHP-202511-000033,CLI-0042,HUB-CMH,freight,2025-11-30T13:58:00,2025-12-02T22:58:00,delivered,,2025-12-04T23:58:00,,on_time
SHP-202502-000021,CLI-0169,HUB-CIN,standard,2025-02-22T15:18:00,2025-02-23T22:18:00,delivered,RTE-CIN-20250223-001,2025-02-25T09:18:00,,on_time
SHP-202502-000022,CLI-0155,HUB-IND,expedited,2025-02-02T10:41:00,2025-02-03T20:41:00,delivered,RTE-IND-20250203-003,2025-02-04T04:41:00,,on_time
SHP-202504-000024,CLI-0201,HUB-CIN,standard,2025-04-10T06:55:00,2025-04-12T09:55:00,delivered,RTE-CIN-20250410-001,2025-04-14T09:55:00,,on_time
SHP-202503-000029,CLI-0007,HUB-CHI,standard,2025-03-23T16:27:00,2025-03-27T22:27:00,delivered,RTE-CHI-20250323-001,2025-03-27T22:27:00,,on_time
SHP-202507-000033,CLI-0155,HUB-CHI,standard,2025-07-16T06:19:00,2025-07-20T17:19:00,delivered,RTE-CHI-20250716-002,2025-07-20T17:19:00,,on_time
SHP-202509-000028,CLI-0169,HUB-DET,expedited,2025-09-24T08:21:00,,failed,RTE-DET-20250924-001,2025-09-27T02:21:00,,
SHP-202503-000030,CLI-0042,HUB-CIN,freight,2025-03-09T14:10:00,2025-03-10T20:10:00,delivered,,2025-03-14T08:10:00,,on_time
SHP-202512-000044,CLI-0042,HUB-IND,freight,2025-12-22T12:42:00,2025-12-25T21:42:00,delivered,,2025-12-26T06:42:00,,on_time
SHP-202511-000035,CLI-0201,HUB-CMH,standard,2025-11-07T15:07:00,2025-11-08T22:07:00,delivered,RTE-CMH-20251107-002,2025-11-11T17:07:00,,on_time
SHP-202504-000025,CLI-0155,HUB-CIN,expedited,2025-04-12T11:45:00,2025-04-13T13:45:00,delivered,RTE-CIN-20250412-002,2025-04-14T21:45:00,,on_time
SHP-202511-000036,CLI-0155,HUB-IND,standard,2025-11-26T07:52:00,2025-11-27T11:52:00,delivered,RTE-IND-20251126-002,2025-11-29T07:52:00,,on_time
SHP-202506-000033,CLI-0007,HUB-CMH,expedited,2025-06-10T20:02:00,2025-06-11T22:02:00,delivered,RTE-CMH-20250610-001,2025-06-12T03:02:00,,on_time
SHP-202512-000045,CLI-0169,HUB-IND,expedited,2025-12-06T15:17:00,2025-12-07T16:17:00,delivered,RTE-IND-20251207-002,2025-12-09T06:17:00,,on_time
SHP-202504-000026,CLI-0201,HUB-DET,standard,2025-04-04T12:44:00,2025-04-08T22:44:00,delivered,RTE-DET-20250404-001,2025-04-09T04:44:00,,on_time
SHP-202503-000031,CLI-0042,HUB-CHI,freight,2025-03-27T07:26:00,2025-03-31T19:26:00,delivered,,2025-03-31T19:26:00,,on_time
SHP-202509-000030,CLI-0201,HUB-DET,standard,2025-09-07T10:41:00,2025-09-09T20:41:00,delivered,RTE-DET-20250907-001,2025-09-12T03:41:00,,on_time
SHP-202509-000031,CLI-0169,HUB-IND,standard,2025-09-09T09:35:00,2025-09-13T12:35:00,delivered,RTE-IND-20250909-001,2025-09-13T12:35:00,,on_time
SHP-202512-000046,CLI-0201,HUB-DET,standard,2025-12-01T14:00:00,2025-12-04T22:00:00,delivered,RTE-DET-20251201-001,2025-12-06T11:00:00,,on_time
SHP-202512-000047,CLI-0169,HUB-IND,expedited,2025-12-04T18:18:00,2025-12-05T23:18:00,delivered,RTE-IND-20251204-004,2025-12-07T08:18:00,,on_time
SHP-202511-000038,CLI-0007,HUB-DET,standard,2025-11-09T19:50:00,2025-11-12T20:50:00,delivered,RTE-DET-20251110-002,2025-11-12T20:50:00,,on_time
SHP-202501-000032,CLI-0042,HUB-CIN,freight,2025-01-03T20:27:00,2025-01-08T04:27:00,delivered,,2025-01-08T06:27:00,,on_time
SHP-202509-000032,CLI-0201,HUB-CIN,standard,2025-09-03T19:27:00,2025-09-04T19:27:00,delivered,RTE-CIN-20250903-003,2025-09-08T05:27:00,,on_time
SHP-202507-000036,CLI-0042,HUB-CHI,freight,2025-07-15T10:48:00,2025-07-18T20:48:00,delivered,,2025-07-18T20:48:00,,on_time
SHP-202505-000022,CLI-0042,HUB-IND,freight,2025-05-09T09:48:00,2025-05-12T16:48:00,delivered,,2025-05-13T12:48:00,,on_time
SHP-202512-000049,CLI-0042,HUB-DET,freight,2025-12-23T12:26:00,2025-12-26T20:26:00,delivered,,2025-12-27T20:26:00,,on_time
SHP-202501-000033,CLI-0155,HUB-CHI,standard,2025-01-28T18:55:00,2025-01-31T04:55:00,delivered,RTE-CHI-20250128-001,2025-02-01T04:55:00,,on_time
SHP-202512-000050,CLI-0169,HUB-CIN,standard,2025-12-27T15:12:00,2025-12-29T19:12:00,delivered,RTE-CIN-20251227-001,2025-12-30T09:12:00,,on_time
SHP-202508-000041,CLI-0007,HUB-CHI,expedited,2025-08-18T17:32:00,2025-08-19T17:32:00,delivered,RTE-CHI-20250818-001,2025-08-20T23:32:00,,on_time
SHP-202508-000042,CLI-0155,HUB-CHI,standard,2025-08-08T19:16:00,2025-08-13T06:16:00,delivered,RTE-CHI-20250808-001,2025-08-13T06:16:00,,on_time
SHP-202503-000032,CLI-0169,HUB-CIN,standard,2025-03-21T20:40:00,2025-03-25T03:40:00,delivered,RTE-CIN-20250321-002,2025-03-25T03:40:00,,on_time
SHP-202510-000047,CLI-0007,HUB-IND,standard,2025-10-21T08:33:00,2025-10-23T14:33:00,delivered,RTE-IND-20251021-002,2025-10-24T07:33:00,,on_time
SHP-202510-000048,CLI-0007,HUB-IND,standard,2025-10-06T09:42:00,2025-10-09T13:42:00,delivered,RTE-IND-20251006-001,2025-10-09T13:42:00,,on_time
SHP-202512-000051,CLI-0201,HUB-CMH,standard,2025-12-16T14:46:00,2025-12-19T22:46:00,delivered,RTE-CMH-20251216-001,2025-12-20T22:46:00,,on_time
SHP-202509-000033,CLI-0042,HUB-IND,freight,2025-09-18T20:41:00,2025-09-19T21:41:00,delivered,,2025-09-22T20:41:00,,on_time
SHP-202510-000049,CLI-0007,HUB-CHI,standard,2025-10-03T18:13:00,2025-10-07T19:13:00,delivered,RTE-CHI-20251003-001,2025-10-07T19:13:00,,on_time
SHP-202504-000028,CLI-0201,HUB-CMH,expedited,2025-04-16T08:01:00,2025-04-17T13:01:00,delivered,RTE-CMH-20250416-003,2025-04-19T12:01:00,,on_time
SHP-202501-000034,CLI-0042,HUB-CHI,freight,2025-01-20T18:16:00,2025-01-22T22:16:00,delivered,,2025-01-24T07:16:00,,on_time
SHP-202507-000037,CLI-0201,HUB-DET,standard,2025-07-28T12:43:00,2025-07-29T22:43:00,delivered,RTE-DET-20250728-001,2025-08-02T09:43:00,,on_time
SHP-202506-000036,CLI-0155,HUB-DET,standard,2025-06-04T19:42:00,2025-06-07T03:42:00,delivered,RTE-DET-20250605-001,2025-06-08T13:42:00,,on_time
SHP-202504-000029,CLI-0201,HUB-CIN,standard,2025-04-23T16:09:00,2025-04-26T16:09:00,delivered,RTE-CIN-20250423-001,2025-04-28T04:09:00,,on_time
SHP-202503-000033,CLI-0042,HUB-CIN,freight,2025-03-14T15:25:00,2025-03-15T19:25:00,delivered,,2025-03-19T07:25:00,,on_time
SHP-202502-000025,CLI-0007,HUB-IND,standard,2025-02-07T17:37:00,2025-02-10T22:37:00,delivered,RTE-IND-20250207-001,2025-02-10T22:37:00,,on_time
SHP-202503-000036,CLI-0169,HUB-DET,standard,2025-03-10T11:49:00,2025-03-11T13:49:00,delivered,RTE-DET-20250310-001,2025-03-13T23:49:00,,on_time
SHP-202511-000042,CLI-0155,HUB-CHI,expedited,2025-11-27T09:16:00,2025-11-28T19:16:00,delivered,RTE-CHI-20251127-002,2025-11-30T00:16:00,,on_time
SHP-202502-000026,CLI-0042,HUB-CIN,freight,2025-02-09T16:01:00,2025-02-14T04:01:00,delivered,,2025-02-14T05:01:00,,on_time
SHP-202510-000050,CLI-0042,HUB-CIN,freight,2025-10-30T10:34:00,2025-11-03T20:34:00,delivered,,2025-11-04T01:34:00,,on_time
SHP-202509-000035,CLI-0169,HUB-CIN,standard,2025-09-19T09:54:00,2025-09-21T21:54:00,delivered,RTE-CIN-20250919-001,2025-09-22T15:54:00,,on_time
SHP-202504-000031,CLI-0169,HUB-DET,standard,2025-04-16T13:56:00,2025-04-19T14:56:00,delivered,RTE-DET-20250416-001,2025-04-20T03:56:00,,on_time
SHP-202512-000052,CLI-0155,HUB-IND,standard,2025-12-27T15:11:00,2025-12-31T20:11:00,delivered,RTE-IND-20251228-001,2025-12-31T20:11:00,,on_time
SHP-202510-000051,CLI-0007,HUB-CIN,standard,2025-10-28T20:14:00,2025-11-01T01:14:00,delivered,RTE-CIN-20251029-001,2025-11-01T01:14:00,,on_time
SHP-202512-000054,CLI-0007,HUB-CHI,standard,2025-12-05T13:55:00,2025-12-07T19:55:00,delivered,RTE-CHI-20251205-001,2025-12-09T00:55:00,,on_time
SHP-202509-000038,CLI-0007,HUB-CMH,standard,2025-09-30T08:57:00,2025-10-01T20:57:00,delivered,RTE-CMH-20250930-001,2025-10-03T00:57:00,,on_time
SHP-202511-000046,CLI-0201,HUB-IND,standard,2025-11-03T17:47:00,2025-11-05T01:47:00,delivered,RTE-IND-20251103-001,2025-11-07T20:47:00,,on_time
SHP-202509-000039,CLI-0169,HUB-CIN,standard,2025-09-18T16:45:00,2025-09-23T02:45:00,delivered,RTE-CIN-20250918-002,2025-09-23T02:45:00,,on_time
SHP-202511-000047,CLI-0042,HUB-CHI,freight,2025-11-24T19:42:00,2025-11-27T22:42:00,delivered,,2025-11-28T12:42:00,,on_time
SHP-202507-000040,CLI-0201,HUB-DET,standard,2025-07-24T14:00:00,2025-07-25T15:00:00,delivered,RTE-DET-20250724-001,2025-07-29T02:00:00,,on_time
SHP-202507-000041,CLI-0155,HUB-CHI,standard,2025-07-26T07:35:00,2025-07-29T12:35:00,delivered,RTE-CHI-20250727-001,2025-07-29T20:35:00,,on_time
SHP-202512-000057,CLI-0169,HUB-DET,expedited,2025-12-26T14:34:00,2025-12-27T18:34:00,delivered,RTE-DET-20251226-001,2025-12-28T22:34:00,,on_time
SHP-202505-000023,CLI-0201,HUB-IND,standard,2025-05-08T20:11:00,2025-05-11T23:11:00,delivered,RTE-IND-20250508-002,2025-05-13T04:11:00,,on_time
SHP-202503-000040,CLI-0201,HUB-DET,expedited,2025-03-07T06:32:00,2025-03-08T16:32:00,delivered,RTE-DET-20250308-001,2025-03-10T22:32:00,,on_time
SHP-202503-000041,CLI-0007,HUB-CIN,standard,2025-03-31T17:00:00,2025-04-02T23:00:00,delivered,RTE-CIN-20250331-002,2025-04-03T07:00:00,,on_time
SHP-202510-000056,CLI-0169,HUB-CIN,expedited,2025-10-25T08:35:00,2025-10-26T12:35:00,delivered,RTE-CIN-20251027-002,2025-10-27T06:35:00,,on_time
SHP-202510-000057,CLI-0201,HUB-CHI,standard,2025-10-12T17:09:00,2025-10-13T19:09:00,delivered,RTE-CHI-20251013-001,2025-10-17T05:09:00,,on_time
SHP-202510-000058,CLI-0007,HUB-CHI,standard,2025-10-18T19:16:00,2025-10-20T02:16:00,delivered,RTE-CHI-20251019-001,2025-10-22T01:16:00,,on_time
SHP-202506-000039,CLI-0169,HUB-CIN,standard,2025-06-21T18:16:00,2025-06-25T19:16:00,delivered,RTE-CIN-20250621-001,2025-06-25T19:16:00,,on_time
SHP-202511-000049,CLI-0201,HUB-CMH,standard,2025-11-20T11:14:00,2025-11-23T22:14:00,delivered,RTE-CMH-20251120-001,2025-11-24T22:14:00,,on_time
SHP-202505-000024,CLI-0201,HUB-IND,expedited,2025-05-17T18:55:00,2025-05-19T05:55:00,delivered,RTE-IND-20250517-001,2025-05-21T01:55:00,,on_time
SHP-202505-000025,CLI-0007,HUB-CHI,standard,2025-05-01T07:06:00,2025-05-05T15:06:00,delivered,RTE-CHI-20250501-001,2025-05-05T15:06:00,,on_time
SHP-202501-000038,CLI-0201,HUB-CIN,expedited,2025-01-28T07:06:00,2025-01-29T09:06:00,delivered,RTE-CIN-20250128-002,2025-01-31T08:06:00,,on_time
SHP-202502-000027,CLI-0201,HUB-IND,standard,2025-02-13T17:18:00,2025-02-15T19:18:00,delivered,RTE-IND-20250213-002,2025-02-18T05:18:00,,on_time
SHP-202501-000039,CLI-0169,HUB-IND,expedited,2025-01-15T13:55:00,2025-01-16T17:55:00,delivered,RTE-IND-20250115-001,2025-01-18T05:55:00,,on_time
SHP-202511-000050,CLI-0155,HUB-IND,standard,2025-11-24T09:51:00,2025-11-27T14:51:00,delivered,RTE-IND-20251124-001,2025-11-27T14:51:00,,on_time
SHP-202507-000045,CLI-0155,HUB-CMH,standard,2025-07-31T19:48:00,2025-08-03T23:48:00,delivered,RTE-CMH-20250731-001,2025-08-04T07:48:00,,on_time
SHP-202510-000061,CLI-0201,HUB-CIN,standard,2025-10-08T09:10:00,2025-10-12T15:10:00,delivered,RTE-CIN-20251008-004,2025-10-12T19:10:00,,on_time
SHP-202504-000035,CLI-0201,HUB-CHI,standard,2025-04-23T18:58:00,2025-04-26T22:58:00,delivered,RTE-CHI-20250423-002,2025-04-28T00:58:00,,on_time
SHP-202511-000051,CLI-0155,HUB-DET,standard,2025-11-29T07:11:00,2025-11-30T17:11:00,delivered,RTE-DET-20251129-001,2025-12-03T00:11:00,,on_time
SHP-202508-000046,CLI-0155,HUB-CIN,standard,2025-08-22T11:01:00,2025-08-23T13:01:00,delivered,RTE-CIN-20250822-002,2025-08-25T19:01:00,,on_time
SHP-202504-000036,CLI-0155,HUB-DET,expedited,2025-04-22T13:44:00,2025-04-23T18:44:00,delivered,RTE-DET-20250422-003,2025-04-25T06:44:00,,on_time
SHP-202503-000042,CLI-0201,HUB-CMH,standard,2025-03-16T08:12:00,2025-03-19T14:12:00,delivered,RTE-CMH-20250317-001,2025-03-20T20:12:00,,on_time
SHP-202503-000043,CLI-0042,HUB-CIN,freight,2025-03-23T14:07:00,2025-03-26T17:07:00,delivered,,2025-03-27T20:07:00,,on_time
SHP-202512-000059,CLI-0007,HUB-CHI,standard,2025-12-08T11:00:00,2025-12-11T20:00:00,delivered,RTE-CHI-20251208-001,2025-12-12T02:00:00,,on_time
SHP-202511-000052,CLI-0007,HUB-CHI,standard,2025-11-02T07:43:00,2025-11-03T07:43:00,delivered,RTE-CHI-20251104-002,2025-11-05T18:43:00,,on_time
SHP-202501-000041,CLI-0169,HUB-CHI,standard,2025-01-11T06:31:00,2025-01-14T14:31:00,delivered,RTE-CHI-20250111-001,2025-01-15T04:31:00,,on_time
SHP-202509-000041,CLI-0155,HUB-IND,standard,2025-09-29T13:00:00,2025-10-04T00:00:00,delivered,RTE-IND-20250929-001,2025-10-04T00:00:00,,on_time
SHP-202509-000042,CLI-0042,HUB-CIN,freight,2025-09-06T16:53:00,2025-09-11T00:53:00,delivered,,2025-09-11T00:53:00,,on_time
SHP-202511-000054,CLI-0155,HUB-CMH,standard,2025-11-16T15:45:00,2025-11-19T01:45:00,delivered,RTE-CMH-20251117-004,2025-11-20T05:45:00,,on_time
SHP-202502-000030,CLI-0042,HUB-IND,freight,2025-02-10T14:47:00,2025-02-14T19:47:00,delivered,,2025-02-14T19:47:00,,on_time
SHP-202508-000047,CLI-0201,HUB-CMH,standard,2025-08-23T08:35:00,2025-08-26T18:35:00,delivered,RTE-CMH-20250824-001,2025-08-27T12:35:00,,on_time
SHP-202507-000047,CLI-0201,HUB-IND,standard,2025-07-10T15:34:00,2025-07-13T20:34:00,delivered,RTE-IND-20250710-002,2025-07-15T02:34:00,,on_time
SHP-202508-000048,CLI-0201,HUB-CMH,expedited,2025-08-20T10:38:00,2025-08-21T12:38:00,delivered,RTE-CMH-20250820-001,2025-08-23T17:38:00,,on_time
SHP-202510-000062,CLI-0155,HUB-IND,standard,2025-10-26T12:36:00,2025-10-27T23:36:00,delivered,RTE-IND-20251027-001,2025-10-29T15:36:00,,on_time
SHP-202506-000042,CLI-0201,HUB-DET,expedited,2025-06-21T07:55:00,2025-06-22T18:55:00,delivered,RTE-DET-20250622-001,2025-06-25T02:55:00,,on_time
SHP-202512-000062,CLI-0042,HUB-DET,freight,2025-12-01T06:19:00,2025-12-04T14:19:00,delivered,,2025-12-05T16:19:00,,on_time
SHP-202502-000031,CLI-0042,HUB-CIN,freight,2025-02-12T12:16:00,2025-02-17T00:16:00,delivered,,2025-02-17T00:16:00,,on_time
SHP-202512-000064,CLI-0169,HUB-IND,standard,2025-12-10T11:38:00,2025-12-13T13:38:00,delivered,RTE-IND-20251210-001,2025-12-13T19:38:00,,on_time
SHP-202512-000065,CLI-0007,HUB-CMH,expedited,2025-12-17T09:39:00,2025-12-18T13:39:00,delivered,RTE-CMH-20251217-002,2025-12-19T00:39:00,,on_time
SHP-202501-000042,CLI-0007,HUB-IND,standard,2025-01-08T06:21:00,2025-01-10T09:21:00,delivered,RTE-IND-20250108-001,2025-01-11T08:21:00,,on_time
SHP-202510-000065,CLI-0155,HUB-CIN,standard,2025-10-07T17:09:00,2025-10-08T23:09:00,delivered,RTE-CIN-20251008-003,2025-10-10T23:09:00,,on_time
SHP-202512-000066,CLI-0007,HUB-DET,standard,2025-12-02T16:54:00,2025-12-05T17:54:00,delivered,RTE-DET-20251203-001,2025-12-05T18:54:00,,on_time
SHP-202501-000043,CLI-0201,HUB-CHI,expedited,2025-01-10T14:45:00,2025-01-11T19:45:00,delivered,RTE-CHI-20250110-002,2025-01-13T21:45:00,,on_time
SHP-202506-000044,CLI-0201,HUB-CHI,standard,2025-06-06T16:22:00,2025-06-09T19:22:00,delivered,RTE-CHI-20250606-001,2025-06-10T17:22:00,,on_time
SHP-202509-000047,CLI-0042,HUB-IND,freight,2025-09-14T20:24:00,2025-09-16T04:24:00,delivered,,2025-09-18T19:24:00,,on_time
SHP-202505-000026,CLI-0169,HUB-DET,standard,2025-05-24T07:46:00,2025-05-26T13:46:00,delivered,RTE-DET-20250526-001,2025-05-28T01:46:00,,on_time
SHP-202505-000027,CLI-0201,HUB-IND,expedited,2025-05-04T11:28:00,2025-05-05T14:28:00,delivered,RTE-IND-20250506-001,2025-05-07T21:28:00,,on_time
SHP-202511-000057,CLI-0155,HUB-CHI,expedited,2025-11-23T07:08:00,2025-11-24T19:08:00,delivered,RTE-CHI-20251123-001,2025-11-25T20:08:00,,on_time
SHP-202502-000033,CLI-0042,HUB-CHI,freight,2025-02-25T14:34:00,2025-02-26T22:34:00,delivered,,2025-02-28T22:34:00,,on_time
SHP-202507-000050,CLI-0042,HUB-CHI,freight,2025-07-18T10:28:00,2025-07-21T22:28:00,delivered,,2025-07-21T22:28:00,,on_time
SHP-202505-000028,CLI-0201,HUB-IND,standard,2025-05-27T06:44:00,2025-05-29T13:44:00,delivered,RTE-IND-20250527-001,2025-05-31T09:44:00,,on_time
SHP-202507-000051,CLI-0042,HUB-CHI,freight,2025-07-31T13:37:00,2025-08-02T20:37:00,delivered,,2025-08-03T23:37:00,,on_time
SHP-202501-000046,CLI-0155,HUB-IND,standard,2025-01-19T12:52:00,2025-01-23T20:52:00,delivered,RTE-IND-20250121-001,2025-01-23T20:52:00,,on_time
SHP-202504-000039,CLI-0007,HUB-CIN,expedited,2025-04-18T16:33:00,2025-04-19T23:33:00,delivered,RTE-CIN-20250418-002,2025-04-20T00:33:00,,on_time
SHP-202512-000070,CLI-0155,HUB-DET,standard,2025-12-19T11:16:00,2025-12-22T13:16:00,delivered,RTE-DET-20251219-002,2025-12-22T22:16:00,,on_time
SHP-202506-000046,CLI-0169,HUB-CMH,standard,2025-06-03T11:21:00,2025-06-04T13:21:00,delivered,RTE-CMH-20250604-001,2025-06-06T16:21:00,,on_time
SHP-202504-000040,CLI-0169,HUB-DET,expedited,2025-04-10T18:02:00,2025-04-12T01:02:00,delivered,RTE-DET-20250410-004,2025-04-13T11:02:00,,on_time
SHP-202506-000047,CLI-0169,HUB-CIN,standard,2025-06-03T09:36:00,2025-06-06T10:36:00,delivered,RTE-CIN-20250603-003,2025-06-06T15:36:00,,on_time
SHP-202503-000051,CLI-0042,HUB-IND,freight,2025-03-18T12:40:00,2025-03-20T21:40:00,delivered,,2025-03-22T09:40:00,,on_time
SHP-202512-000071,CLI-0201,HUB-CMH,standard,2025-12-30T09:23:00,2026-01-02T12:23:00,delivered,RTE-CMH-20251230-002,2026-01-03T12:23:00,,on_time
SHP-202509-000049,CLI-0007,HUB-IND,expedited,2025-09-26T18:12:00,2025-09-28T01:12:00,delivered,RTE-IND-20250929-001,2025-09-28T12:12:00,,on_time
SHP-202509-000051,CLI-0169,HUB-CHI,expedited,2025-09-26T07:52:00,2025-09-27T15:52:00,delivered,RTE-CHI-20250926-003,2025-09-29T05:52:00,,on_time
SHP-202512-000073,CLI-0007,HUB-IND,standard,2025-12-18T06:06:00,2025-12-21T06:06:00,delivered,RTE-IND-20251218-001,2025-12-21T08:06:00,,on_time
SHP-202511-000062,CLI-0169,HUB-CHI,standard,2025-11-24T10:34:00,2025-11-28T20:34:00,delivered,RTE-CHI-20251124-001,2025-11-28T20:34:00,,on_time
SHP-202506-000048,CLI-0155,HUB-CHI,expedited,2025-06-29T18:18:00,2025-06-30T20:18:00,delivered,RTE-CHI-20250630-001,2025-07-02T09:18:00,,on_time
SHP-202502-000036,CLI-0169,HUB-CIN,standard,2025-02-06T08:01:00,2025-02-07T09:01:00,delivered,RTE-CIN-20250206-002,2025-02-09T08:01:00,,on_time
SHP-202507-000052,CLI-0201,HUB-DET,standard,2025-07-16T15:57:00,2025-07-21T00:57:00,delivered,RTE-DET-20250716-002,2025-07-21T03:57:00,,on_time
SHP-202511-000063,CLI-0169,HUB-DET,standard,2025-11-12T20:42:00,2025-11-16T03:42:00,delivered,RTE-DET-20251112-001,2025-11-16T10:42:00,,on_time
SHP-202511-000064,CLI-0155,HUB-CIN,standard,2025-11-29T15:26:00,2025-12-01T23:26:00,delivered,RTE-CIN-20251129-001,2025-12-03T02:26:00,,on_time
SHP-202512-000074,CLI-0007,HUB-CIN,expedited,2025-12-22T07:37:00,2025-12-23T12:37:00,delivered,RTE-CIN-20251222-003,2025-12-23T14:37:00,,on_time
SHP-202511-000065,CLI-0201,HUB-IND,standard,2025-11-02T16:03:00,2025-11-05T01:03:00,delivered,RTE-IND-20251102-001,2025-11-07T02:03:00,,on_time
SHP-202504-000041,CLI-0169,HUB-IND,standard,2025-04-16T20:43:00,2025-04-21T07:43:00,delivered,RTE-IND-20250416-003,2025-04-21T07:43:00,,on_time
SHP-202510-000069,CLI-0169,HUB-DET,standard,2025-10-30T12:34:00,2025-11-01T19:34:00,delivered,RTE-DET-20251030-002,2025-11-02T23:34:00,,on_time
SHP-202503-000054,CLI-0201,HUB-IND,expedited,2025-03-13T08:18:00,,failed,RTE-IND-20250313-002,2025-03-16T15:18:00,,
SHP-202512-000075,CLI-0042,HUB-CMH,freight,2025-12-10T16:01:00,2025-12-15T02:01:00,delivered,,2025-12-15T06:01:00,,on_time
SHP-202503-000055,CLI-0201,HUB-DET,expedited,2025-03-11T17:38:00,2025-03-13T02:38:00,delivered,RTE-DET-20250311-003,2025-03-15T10:38:00,,on_time
SHP-202504-000042,CLI-0201,HUB-CIN,expedited,2025-04-03T12:22:00,2025-04-04T18:22:00,delivered,RTE-CIN-20250403-001,2025-04-07T00:22:00,,on_time
SHP-202501-000050,CLI-0169,HUB-CMH,standard,2025-01-20T17:05:00,2025-01-24T00:05:00,delivered,RTE-CMH-20250121-002,2025-01-24T00:05:00,,on_time
SHP-202510-000070,CLI-0042,HUB-IND,freight,2025-10-24T18:47:00,2025-10-28T01:47:00,delivered,,2025-10-28T23:47:00,,on_time
SHP-202502-000037,CLI-0007,HUB-IND,standard,2025-02-12T15:17:00,2025-02-15T15:17:00,delivered,RTE-IND-20250212-003,2025-02-15T15:17:00,,on_time
SHP-202501-000051,CLI-0007,HUB-CHI,standard,2025-01-17T19:09:00,2025-01-22T07:09:00,delivered,RTE-CHI-20250117-001,2025-01-22T07:09:00,,on_time
SHP-202511-000069,CLI-0007,HUB-CMH,standard,2025-11-25T12:30:00,2025-11-27T18:30:00,delivered,RTE-CMH-20251125-003,2025-11-28T06:30:00,,on_time
SHP-202508-000051,CLI-0169,HUB-CIN,standard,2025-08-18T06:06:00,2025-08-21T12:06:00,delivered,RTE-CIN-20250818-003,2025-08-21T12:06:00,,on_time
SHP-202511-000070,CLI-0155,HUB-IND,standard,2025-11-09T18:06:00,2025-11-14T01:06:00,delivered,RTE-IND-20251109-001,2025-11-14T01:06:00,,on_time
SHP-202506-000050,CLI-0042,HUB-CMH,freight,2025-06-10T06:26:00,2025-06-11T16:26:00,delivered,,2025-06-14T19:26:00,,on_time
SHP-202508-000052,CLI-0155,HUB-IND,standard,2025-08-17T06:39:00,2025-08-19T15:39:00,delivered,RTE-IND-20250817-001,2025-08-20T05:39:00,,on_time
SHP-202511-000071,CLI-0007,HUB-CMH,expedited,2025-11-23T08:24:00,2025-11-24T18:24:00,delivered,RTE-CMH-20251124-001,2025-11-24T23:24:00,,on_time
SHP-202512-000078,CLI-0155,HUB-DET,standard,2025-12-23T07:40:00,2025-12-26T19:40:00,delivered,RTE-DET-20251223-001,2025-12-26T19:40:00,,on_time
SHP-202508-000053,CLI-0169,HUB-IND,standard,2025-08-07T07:17:00,2025-08-11T13:17:00,delivered,RTE-IND-20250807-004,2025-08-11T13:17:00,,on_time
SHP-202505-000029,CLI-0007,HUB-DET,expedited,2025-05-16T09:39:00,2025-05-17T19:39:00,delivered,RTE-DET-20250516-001,2025-05-18T10:39:00,,on_time
SHP-202511-000072,CLI-0042,HUB-DET,freight,2025-11-24T10:09:00,2025-11-28T19:09:00,delivered,,2025-11-28T19:09:00,,on_time
SHP-202512-000079,CLI-0042,HUB-CMH,freight,2025-12-16T11:34:00,2025-12-19T12:34:00,delivered,,2025-12-21T05:34:00,,on_time
SHP-202501-000055,CLI-0042,HUB-IND,freight,2025-01-09T18:46:00,2025-01-10T21:46:00,delivered,,2025-01-13T14:46:00,,on_time
SHP-202503-000057,CLI-0042,HUB-DET,freight,2025-03-14T20:58:00,2025-03-17T07:58:00,delivered,,2025-03-19T06:58:00,,on_time
SHP-202510-000071,CLI-0169,HUB-CHI,expedited,2025-10-22T15:11:00,2025-10-23T16:11:00,delivered,RTE-CHI-20251022-005,2025-10-25T21:11:00,,on_time
SHP-202505-000031,CLI-0201,HUB-CHI,standard,2025-05-21T14:10:00,2025-05-22T16:10:00,delivered,RTE-CHI-20250521-003,2025-05-26T02:10:00,,on_time
SHP-202512-000081,CLI-0155,HUB-DET,standard,2025-12-28T18:49:00,2025-12-30T21:49:00,delivered,RTE-DET-20251228-001,2026-01-01T11:49:00,,on_time
SHP-202509-000055,CLI-0007,HUB-IND,standard,2025-09-13T06:35:00,2025-09-14T14:35:00,delivered,RTE-IND-20250914-001,2025-09-16T10:35:00,,on_time
SHP-202507-000056,CLI-0201,HUB-IND,standard,2025-07-06T18:56:00,2025-07-07T19:56:00,delivered,RTE-IND-20250707-001,2025-07-10T19:56:00,,on_time
SHP-202504-000045,CLI-0042,HUB-DET,freight,2025-04-01T14:07:00,2025-04-04T01:07:00,delivered,,2025-04-06T06:07:00,,on_time
SHP-202508-000054,CLI-0169,HUB-DET,standard,2025-08-16T16:57:00,2025-08-17T21:57:00,delivered,RTE-DET-20250818-001,2025-08-20T08:57:00,,on_time
SHP-202504-000046,CLI-0201,HUB-CHI,standard,2025-04-27T09:04:00,2025-05-01T09:04:00,delivered,RTE-CHI-20250428-001,2025-05-01T19:04:00,,on_time
SHP-202504-000047,CLI-0042,HUB-CIN,freight,2025-04-14T06:17:00,2025-04-18T13:17:00,delivered,,2025-04-18T16:17:00,,on_time
SHP-202508-000056,CLI-0169,HUB-CHI,expedited,2025-08-03T15:10:00,2025-08-05T01:10:00,delivered,RTE-CHI-20250804-001,2025-08-06T13:10:00,,on_time
SHP-202507-000057,CLI-0042,HUB-CMH,freight,2025-07-09T12:57:00,2025-07-10T16:57:00,delivered,,2025-07-14T00:57:00,,on_time
SHP-202501-000057,CLI-0169,HUB-CMH,standard,2025-01-29T11:29:00,2025-02-01T16:29:00,delivered,RTE-CMH-20250129-002,2025-02-01T17:29:00,,on_time
SHP-202503-000060,CLI-0007,HUB-CIN,expedited,2025-03-31T09:08:00,2025-04-01T12:08:00,delivered,RTE-CIN-20250331-001,2025-04-01T20:08:00,,on_time
SHP-202509-000056,CLI-0155,HUB-CMH,standard,2025-09-15T11:28:00,2025-09-16T18:28:00,delivered,RTE-CMH-20250915-001,2025-09-19T02:28:00,,on_time
SHP-202508-000057,CLI-0201,HUB-CHI,standard,2025-08-23T07:06:00,2025-08-24T18:06:00,delivered,RTE-CHI-20250823-001,2025-08-27T09:06:00,,on_time
SHP-202506-000052,CLI-0042,HUB-IND,freight,2025-06-27T09:04:00,2025-06-29T17:04:00,delivered,,2025-07-01T10:04:00,,on_time
SHP-202506-000053,CLI-0155,HUB-CHI,expedited,2025-06-05T09:30:00,2025-06-06T13:30:00,delivered,RTE-CHI-20250605-001,2025-06-08T00:30:00,,on_time
SHP-202501-000058,CLI-0155,HUB-DET,expedited,2025-01-25T15:59:00,2025-01-26T23:59:00,delivered,RTE-DET-20250127-001,2025-01-28T03:59:00,,on_time
SHP-202503-000062,CLI-0169,HUB-CHI,standard,2025-03-06T17:02:00,2025-03-09T19:02:00,delivered,RTE-CHI-20250306-001,2025-03-10T19:02:00,,on_time
SHP-202512-000085,CLI-0155,HUB-CMH,standard,2025-12-14T19:14:00,2025-12-16T00:14:00,delivered,RTE-CMH-20251215-001,2025-12-18T02:14:00,,on_time
SHP-202511-000078,CLI-0042,HUB-IND,freight,2025-11-06T12:09:00,2025-11-10T17:09:00,delivered,,2025-11-10T17:09:00,,on_time
SHP-202507-000059,CLI-0155,HUB-IND,standard,2025-07-17T13:55:00,2025-07-20T00:55:00,delivered,RTE-IND-20250717-009,2025-07-20T07:55:00,,on_time
SHP-202505-000033,CLI-0201,HUB-DET,standard,2025-05-28T15:38:00,2025-05-30T19:38:00,delivered,RTE-DET-20250528-001,2025-06-02T13:38:00,,on_time
SHP-202502-000041,CLI-0155,HUB-DET,standard,2025-02-15T13:45:00,2025-02-17T16:45:00,delivered,RTE-DET-20250215-001,2025-02-18T21:45:00,,on_time
SHP-202505-000034,CLI-0042,HUB-IND,freight,2025-05-29T19:37:00,2025-06-02T22:37:00,delivered,,2025-06-02T22:37:00,,on_time
SHP-202511-000079,CLI-0007,HUB-IND,standard,2025-11-27T07:38:00,2025-12-01T16:38:00,delivered,RTE-IND-20251127-001,2025-12-01T16:38:00,,on_time
SHP-202511-000080,CLI-0007,HUB-IND,standard,2025-11-18T15:01:00,2025-11-21T00:01:00,delivered,RTE-IND-20251118-001,2025-11-21T18:01:00,,on_time
SHP-202511-000081,CLI-0169,HUB-CMH,standard,2025-11-22T14:40:00,2025-11-25T02:40:00,delivered,RTE-CMH-20251122-001,2025-11-25T12:40:00,,on_time
SHP-202511-000082,CLI-0007,HUB-CIN,expedited,2025-11-18T14:20:00,2025-11-20T00:20:00,delivered,RTE-CIN-20251118-002,2025-11-20T08:20:00,,on_time
SHP-202506-000055,CLI-0169,HUB-CMH,standard,2025-06-04T11:52:00,2025-06-06T19:52:00,delivered,RTE-CMH-20250604-001,2025-06-07T17:52:00,,on_time
SHP-202501-000062,CLI-0155,HUB-IND,standard,2025-01-09T13:56:00,2025-01-17T13:56:00,delayed,RTE-IND-20250109-002,2025-01-14T11:56:00,74,>2d
SHP-202506-000056,CLI-0155,HUB-CMH,expedited,2025-06-25T07:14:00,2025-06-26T18:14:00,delivered,RTE-CMH-20250625-002,2025-06-28T00:14:00,,on_time
SHP-202503-000065,CLI-0155,HUB-CHI,standard,2025-03-14T07:27:00,2025-03-15T08:27:00,delivered,RTE-CHI-20250314-005,2025-03-17T20:27:00,,on_time
SHP-202508-000058,CLI-0007,HUB-CMH,expedited,2025-08-09T14:37:00,2025-08-10T15:37:00,delivered,RTE-CMH-20250809-001,2025-08-11T02:37:00,,on_time
SHP-202505-000036,CLI-0155,HUB-CMH,expedited,2025-05-10T18:07:00,2025-05-11T21:07:00,delivered,RTE-CMH-20250511-002,2025-05-13T04:07:00,,on_time
SHP-202504-000049,CLI-0042,HUB-CMH,freight,2025-04-05T08:54:00,2025-04-08T17:54:00,delivered,,2025-04-09T22:54:00,,on_time
SHP-202504-000050,CLI-0201,HUB-CMH,expedited,2025-04-20T11:07:00,2025-04-21T19:07:00,delivered,RTE-CMH-20250420-001,2025-04-23T18:07:00,,on_time
SHP-202503-000066,CLI-0169,HUB-IND,standard,2025-03-11T06:05:00,2025-03-12T12:05:00,delivered,RTE-IND-20250311-001,2025-03-14T17:05:00,,on_time
SHP-202505-000038,CLI-0155,HUB-DET,standard,2025-05-26T12:18:00,2025-06-02T12:18:00,delayed,RTE-DET-20250526-003,2025-06-01T09:18:00,27,1-2d
SHP-202506-000058,CLI-0201,HUB-CMH,standard,2025-06-23T12:46:00,2025-06-27T00:46:00,delivered,RTE-CMH-20250623-001,2025-06-27T20:46:00,,on_time
SHP-202511-000083,CLI-0169,HUB-DET,standard,2025-11-26T12:31:00,2025-11-29T00:31:00,delivered,RTE-DET-20251126-001,2025-11-29T18:31:00,,on_time
SHP-202508-000059,CLI-0155,HUB-DET,standard,2025-08-21T16:08:00,2025-08-22T17:08:00,delivered,RTE-DET-20250821-001,2025-08-24T23:08:00,,on_time
SHP-202509-000058,CLI-0169,HUB-CIN,standard,2025-09-16T18:02:00,2025-09-20T18:02:00,delayed,RTE-CIN-20250916-001,2025-09-19T06:02:00,36,1-2d
SHP-202507-000061,CLI-0201,HUB-DET,standard,2025-07-16T06:11:00,2025-07-19T17:11:00,delivered,RTE-DET-20250716-001,2025-07-21T03:11:00,,on_time
SHP-202505-000039,CLI-0201,HUB-CIN,standard,2025-05-15T18:18:00,2025-05-17T03:18:00,delivered,RTE-CIN-20250515-002,2025-05-20T00:18:00,,on_time
SHP-202501-000063,CLI-0169,HUB-IND,expedited,2025-01-24T15:01:00,2025-01-26T01:01:00,delivered,RTE-IND-20250124-001,2025-01-27T01:01:00,,on_time
SHP-202506-000059,CLI-0201,HUB-IND,expedited,2025-06-24T12:22:00,2025-06-25T15:22:00,delivered,RTE-IND-20250624-002,2025-06-27T18:22:00,,on_time
SHP-202505-000040,CLI-0155,HUB-CIN,standard,2025-05-07T17:04:00,2025-05-08T22:04:00,delivered,RTE-CIN-20250507-001,2025-05-11T03:04:00,,on_time
SHP-202503-000069,CLI-0169,HUB-CMH,standard,2025-03-28T19:27:00,2025-04-01T23:27:00,delivered,RTE-CMH-20250328-002,2025-04-01T23:27:00,,on_time
SHP-202511-000084,CLI-0201,HUB-CHI,standard,2025-11-11T19:50:00,2025-11-13T23:50:00,delivered,RTE-CHI-20251111-003,2025-11-16T02:50:00,,on_time
SHP-202510-000075,CLI-0169,HUB-IND,standard,2025-10-24T18:33:00,2025-10-26T23:33:00,delivered,RTE-IND-20251024-002,2025-10-28T08:33:00,,on_time
SHP-202502-000044,CLI-0155,HUB-CIN,expedited,2025-02-09T12:42:00,2025-02-10T15:42:00,delivered,RTE-CIN-20250209-003,2025-02-11T18:42:00,,on_time
SHP-202502-000045,CLI-0201,HUB-IND,expedited,2025-02-02T16:10:00,2025-02-04T01:10:00,delivered,RTE-IND-20250203-001,2025-02-05T18:10:00,,on_time
SHP-202505-000042,CLI-0007,HUB-CHI,standard,2025-05-01T09:51:00,2025-05-05T16:51:00,delivered,RTE-CHI-20250501-001,2025-05-05T16:51:00,,on_time
SHP-202508-000061,CLI-0042,HUB-CHI,freight,2025-08-05T08:17:00,2025-08-08T20:17:00,delivered,,2025-08-08T20:17:00,,on_time
SHP-202506-000060,CLI-0007,HUB-DET,expedited,2025-06-10T16:42:00,2025-06-11T22:42:00,delivered,RTE-DET-20250610-001,2025-06-12T22:42:00,,on_time
SHP-202509-000060,CLI-0007,HUB-CHI,standard,2025-09-26T18:51:00,2025-10-01T06:51:00,delivered,RTE-CHI-20250926-003,2025-10-01T06:51:00,,on_time
SHP-202501-000065,CLI-0169,HUB-CMH,standard,2025-01-29T12:30:00,2025-02-02T00:30:00,delivered,RTE-CMH-20250129-003,2025-02-02T00:30:00,,on_time
SHP-202503-000071,CLI-0169,HUB-IND,standard,2025-03-16T20:38:00,2025-03-18T07:38:00,delivered,RTE-IND-20250317-003,2025-03-20T11:38:00,,on_time
SHP-202507-000063,CLI-0201,HUB-IND,standard,2025-07-18T20:52:00,2025-07-21T23:52:00,delivered,RTE-IND-20250718-001,2025-07-23T07:52:00,,on_time
SHP-202511-000086,CLI-0201,HUB-CMH,standard,2025-11-20T07:52:00,2025-11-24T14:52:00,delivered,RTE-CMH-20251120-001,2025-11-24T14:52:00,,on_time
SHP-202512-000089,CLI-0007,HUB-IND,standard,2025-12-24T17:52:00,2025-12-28T00:52:00,delivered,RTE-IND-20251224-003,2025-12-28T00:52:00,,on_time
SHP-202512-000090,CLI-0042,HUB-CHI,freight,2025-12-22T16:28:00,2025-12-24T16:28:00,delivered,,2025-12-25T22:28:00,,on_time
SHP-202507-000064,CLI-0155,HUB-IND,standard,2025-07-25T07:10:00,2025-07-27T16:10:00,delivered,RTE-IND-20250725-003,2025-07-28T07:10:00,,on_time
SHP-202512-000091,CLI-0169,HUB-DET,standard,2025-12-18T17:08:00,2025-12-22T05:08:00,delivered,RTE-DET-20251218-004,2025-12-22T05:08:00,,on_time
SHP-202505-000044,CLI-0201,HUB-IND,standard,2025-05-25T20:24:00,2025-05-27T20:24:00,delivered,RTE-IND-20250526-001,2025-05-30T02:24:00,,on_time
SHP-202508-000062,CLI-0169,HUB-DET,standard,2025-08-29T17:24:00,2025-09-01T18:24:00,delivered,RTE-DET-20250831-001,2025-09-02T08:24:00,,on_time
SHP-202502-000046,CLI-0042,HUB-IND,freight,2025-02-18T20:15:00,2025-02-22T05:15:00,delivered,,2025-02-22T17:15:00,,on_time
SHP-202508-000063,CLI-0155,HUB-CIN,expedited,2025-08-09T20:16:00,2025-08-11T02:16:00,delivered,RTE-CIN-20250810-001,2025-08-12T13:16:00,,on_time
SHP-202509-000062,CLI-0169,HUB-CIN,standard,2025-09-11T13:07:00,2025-09-13T14:07:00,delivered,RTE-CIN-20250911-002,2025-09-14T09:07:00,,on_time
SHP-202506-000061,CLI-0155,HUB-CHI,expedited,2025-06-28T17:32:00,2025-06-30T02:32:00,delivered,RTE-CHI-20250630-001,2025-07-01T03:32:00,,on_time
SHP-202509-000063,CLI-0169,HUB-CMH,standard,2025-09-13T16:07:00,2025-09-14T21:07:00,delivered,RTE-CMH-20250914-001,2025-09-16T19:07:00,,on_time
SHP-202505-000046,CLI-0042,HUB-CMH,freight,2025-05-25T14:38:00,2025-05-29T18:38:00,delivered,,2025-05-29T20:38:00,,on_time
SHP-202504-000053,CLI-0201,HUB-CMH,standard,2025-04-02T09:10:00,2025-04-06T13:10:00,delivered,RTE-CMH-20250402-002,2025-04-06T13:10:00,,on_time
SHP-202511-000090,CLI-0007,HUB-IND,standard,2025-11-05T13:28:00,2025-11-09T17:28:00,delivered,RTE-IND-20251105-001,2025-11-09T17:28:00,,on_time
SHP-202510-000076,CLI-0007,HUB-DET,expedited,2025-10-16T15:11:00,2025-10-17T21:11:00,delivered,RTE-DET-20251016-001,2025-10-18T19:11:00,,on_time
SHP-202502-000047,CLI-0169,HUB-DET,standard,2025-02-17T16:43:00,2025-02-22T00:43:00,delivered,RTE-DET-20250218-001,2025-02-22T00:43:00,,on_time
SHP-202511-000091,CLI-0007,HUB-IND,standard,2025-11-19T07:58:00,2025-11-22T09:58:00,delivered,RTE-IND-20251119-002,2025-11-22T09:58:00,,on_time
SHP-202503-000075,CLI-0155,HUB-CHI,standard,2025-03-07T10:36:00,2025-03-08T10:36:00,delivered,RTE-CHI-20250307-001,2025-03-11T00:36:00,,on_time
SHP-202509-000064,CLI-0201,HUB-DET,standard,2025-09-20T16:46:00,2025-09-23T21:46:00,delivered,RTE-DET-20250921-001,2025-09-25T10:46:00,,on_time
SHP-202501-000067,CLI-0155,HUB-IND,standard,2025-01-24T13:48:00,2025-01-27T18:48:00,delivered,RTE-IND-20250124-002,2025-01-27T18:48:00,,on_time
SHP-202504-000054,CLI-0007,HUB-CIN,standard,2025-04-06T16:06:00,2025-04-07T16:06:00,delivered,RTE-CIN-20250407-001,2025-04-09T04:06:00,,on_time
SHP-202503-000077,CLI-0042,HUB-CMH,freight,2025-03-17T08:57:00,2025-03-21T15:57:00,delivered,,2025-03-22T00:57:00,,on_time
SHP-202506-000062,CLI-0201,HUB-DET,expedited,2025-06-20T17:37:00,2025-06-22T01:37:00,delivered,RTE-DET-20250622-001,2025-06-24T07:37:00,,on_time
SHP-202505-000048,CLI-0201,HUB-DET,standard,2025-05-29T17:39:00,2025-06-02T20:39:00,delivered,RTE-DET-20250529-001,2025-06-03T09:39:00,,on_time
SHP-202502-000048,CLI-0201,HUB-CIN,standard,2025-02-01T07:17:00,2025-02-05T14:17:00,delivered,RTE-CIN-20250201-001,2025-02-05T14:17:00,,on_time
SHP-202503-000078,CLI-0169,HUB-DET,standard,2025-03-01T06:10:00,2025-03-03T13:10:00,delivered,RTE-DET-20250303-003,2025-03-04T19:10:00,,on_time
SHP-202512-000095,CLI-0169,HUB-DET,expedited,2025-12-11T19:10:00,2025-12-12T23:10:00,delivered,RTE-DET-20251212-003,2025-12-14T12:10:00,,on_time
SHP-202511-000093,CLI-0007,HUB-CIN,standard,2025-11-09T07:10:00,2025-11-11T12:10:00,delivered,RTE-CIN-20251110-001,2025-11-12T01:10:00,,on_time
SHP-202508-000066,CLI-0042,HUB-CIN,freight,2025-08-15T07:05:00,2025-08-19T19:05:00,delivered,,2025-08-19T22:05:00,,on_time
SHP-202503-000081,CLI-0201,HUB-CMH,standard,2025-03-26T16:09:00,2025-03-28T02:09:00,delivered,RTE-CMH-20250326-001,2025-03-30T22:09:00,,on_time
SHP-202512-000100,CLI-0155,HUB-DET,standard,2025-12-05T16:44:00,2025-12-09T03:44:00,delivered,RTE-DET-20251207-001,2025-12-09T05:44:00,,on_time
SHP-202511-000095,CLI-0042,HUB-CIN,freight,2025-11-22T15:16:00,2025-11-26T02:16:00,delivered,,2025-11-27T05:16:00,,on_time
SHP-202502-000049,CLI-0169,HUB-IND,standard,2025-02-26T11:07:00,2025-02-27T18:07:00,delivered,RTE-IND-20250226-004,2025-03-02T03:07:00,,on_time
SHP-202506-000064,CLI-0042,HUB-DET,freight,2025-06-02T11:15:00,2025-06-04T16:15:00,delivered,,2025-06-06T18:15:00,,on_time
SHP-202509-000067,CLI-0169,HUB-DET,standard,2025-09-22T17:27:00,2025-09-23T18:27:00,delivered,RTE-DET-20250922-001,2025-09-26T03:27:00,,on_time
SHP-202510-000078,CLI-0201,HUB-IND,standard,2025-10-14T16:27:00,,failed,RTE-IND-20251014-001,2025-10-18T22:27:00,,
SHP-202503-000083,CLI-0201,HUB-CMH,standard,2025-03-02T15:18:00,2025-03-04T16:18:00,delivered,RTE-CMH-20250302-001,2025-03-07T03:18:00,,on_time
SHP-202507-000068,CLI-0169,HUB-IND,standard,2025-07-10T06:50:00,2025-07-14T06:50:00,delivered,RTE-IND-20250710-003,2025-07-14T06:50:00,,on_time
SHP-202508-000067,CLI-0042,HUB-CIN,freight,2025-08-12T11:24:00,2025-08-13T12:24:00,delivered,,2025-08-16T17:24:00,,on_time
SHP-202503-000084,CLI-0169,HUB-CHI,standard,2025-03-28T06:19:00,2025-03-31T08:19:00,delivered,RTE-CHI-20250328-004,2025-04-01T11:19:00,,on_time
SHP-202505-000049,CLI-0007,HUB-CMH,standard,2025-05-13T18:38:00,2025-05-18T02:38:00,delivered,RTE-CMH-20250513-001,2025-05-18T02:38:00,,on_time
SHP-202509-000069,CLI-0007,HUB-IND,standard,2025-09-16T13:35:00,2025-09-20T13:35:00,delivered,RTE-IND-20250916-001,2025-09-20T13:35:00,,on_time
SHP-202507-000069,CLI-0042,HUB-IND,freight,2025-07-28T14:37:00,2025-07-31T02:37:00,delivered,,2025-08-01T17:37:00,,on_time
SHP-202509-000070,CLI-0042,HUB-CHI,freight,2025-09-01T12:35:00,2025-09-06T00:35:00,delivered,,2025-09-06T00:35:00,,on_time
SHP-202507-000071,CLI-0007,HUB-CIN,standard,2025-07-21T19:52:00,2025-07-23T00:52:00,delivered,RTE-CIN-20250721-002,2025-07-24T04:52:00,,on_time
SHP-202507-000072,CLI-0042,HUB-CMH,freight,2025-07-03T13:23:00,2025-07-07T13:23:00,delivered,,2025-07-08T05:23:00,,on_time
SHP-202505-000050,CLI-0169,HUB-CHI,standard,2025-05-24T15:40:00,2025-05-26T18:40:00,delivered,RTE-CHI-20250524-001,2025-05-28T21:40:00,,on_time
SHP-202510-000083,CLI-0007,HUB-CHI,standard,2025-10-29T15:54:00,2025-11-01T18:54:00,delivered,RTE-CHI-20251029-001,2025-11-01T23:54:00,,on_time
SHP-202512-000104,CLI-0042,HUB-IND,freight,2025-12-11T12:54:00,2025-12-13T12:54:00,delivered,,2025-12-15T08:54:00,,on_time
SHP-202509-000072,CLI-0042,HUB-DET,freight,2025-09-30T09:21:00,2025-10-01T20:21:00,delivered,,2025-10-04T18:21:00,,on_time
SHP-202505-000052,CLI-0169,HUB-IND,standard,2025-05-08T16:06:00,2025-05-13T04:06:00,delivered,RTE-IND-20250508-002,2025-05-13T04:06:00,,on_time
SHP-202501-000070,CLI-0169,HUB-IND,standard,2025-01-13T13:15:00,2025-01-17T13:15:00,delayed,RTE-IND-20250113-002,2025-01-16T01:15:00,36,1-2d
SHP-202508-000068,CLI-0007,HUB-CMH,expedited,2025-08-17T12:20:00,2025-08-18T23:20:00,delivered,RTE-CMH-20250817-001,2025-08-19T00:20:00,,on_time
SHP-202507-000073,CLI-0201,HUB-CHI,expedited,2025-07-25T18:42:00,2025-07-27T01:42:00,delivered,RTE-CHI-20250725-001,2025-07-29T06:42:00,,on_time
SHP-202507-000074,CLI-0201,HUB-CIN,standard,2025-07-16T11:41:00,2025-07-17T18:41:00,delivered,RTE-CIN-20250716-001,2025-07-20T16:41:00,,on_time
SHP-202503-000086,CLI-0155,HUB-IND,standard,2025-03-06T17:39:00,2025-03-08T19:39:00,delivered,RTE-IND-20250306-001,2025-03-09T16:39:00,,on_time
SHP-202501-000071,CLI-0155,HUB-CIN,standard,2025-01-23T16:48:00,2025-01-25T18:48:00,delivered,RTE-CIN-20250123-001,2025-01-26T22:48:00,,on_time
SHP-202508-000070,CLI-0169,HUB-IND,standard,2025-08-29T06:33:00,2025-08-31T06:33:00,delivered,RTE-IND-20250829-001,2025-09-01T18:33:00,,on_time
SHP-202505-000055,CLI-0042,HUB-CHI,freight,2025-05-06T19:16:00,2025-05-08T05:16:00,delivered,,2025-05-10T13:16:00,,on_time
SHP-202503-000087,CLI-0007,HUB-IND,expedited,2025-03-12T10:29:00,2025-03-13T22:29:00,delivered,RTE-IND-20250312-002,2025-03-14T05:29:00,,on_time
SHP-202504-000058,CLI-0169,HUB-IND,standard,2025-04-09T16:15:00,2025-04-12T00:15:00,delivered,RTE-IND-20250409-002,2025-04-13T03:15:00,,on_time
SHP-202506-000070,CLI-0155,HUB-CHI,expedited,2025-06-17T15:56:00,2025-06-19T02:56:00,delivered,RTE-CHI-20250618-002,2025-06-20T07:56:00,,on_time
SHP-202509-000074,CLI-0169,HUB-IND,standard,2025-09-23T13:45:00,2025-09-27T17:45:00,delivered,RTE-IND-20250923-002,2025-09-27T17:45:00,,on_time
SHP-202504-000059,CLI-0201,HUB-CIN,standard,2025-04-22T19:23:00,2025-04-23T21:23:00,delivered,RTE-CIN-20250422-001,2025-04-26T20:23:00,,on_time
SHP-202508-000071,CLI-0201,HUB-IND,expedited,2025-08-19T11:17:00,2025-08-20T13:17:00,delivered,RTE-IND-20250819-001,2025-08-22T19:17:00,,on_time
SHP-202508-000072,CLI-0007,HUB-IND,expedited,2025-08-15T10:53:00,2025-08-16T18:53:00,delivered,RTE-IND-20250815-001,2025-08-17T15:53:00,,on_time
SHP-202511-000101,CLI-0155,HUB-CHI,standard,2025-11-26T07:23:00,2025-11-28T12:23:00,delivered,RTE-CHI-20251126-001,2025-11-29T21:23:00,,on_time
SHP-202504-000060,CLI-0155,HUB-IND,expedited,2025-04-11T18:43:00,2025-04-12T21:43:00,delivered,RTE-IND-20250411-001,2025-04-13T12:43:00,,on_time
SHP-202512-000107,CLI-0169,HUB-CHI,standard,2025-12-04T16:48:00,2025-12-07T21:48:00,delivered,RTE-CHI-20251204-002,2025-12-08T11:48:00,,on_time
SHP-202510-000086,CLI-0042,HUB-CHI,freight,2025-10-28T08:21:00,2025-11-01T14:21:00,delivered,,2025-11-01T14:21:00,,on_time
SHP-202506-000071,CLI-0007,HUB-CIN,standard,2025-06-05T19:44:00,2025-06-06T21:44:00,delivered,RTE-CIN-20250605-002,2025-06-08T03:44:00,,on_time
SHP-202504-000061,CLI-0201,HUB-IND,standard,2025-04-12T10:42:00,2025-04-16T10:42:00,delivered,RTE-IND-20250413-001,2025-04-16T19:42:00,,on_time
SHP-202508-000074,CLI-0155,HUB-DET,standard,2025-08-22T18:54:00,2025-08-24T20:54:00,delivered,RTE-DET-20250822-002,2025-08-26T06:54:00,,on_time
SHP-202502-000056,CLI-0169,HUB-DET,standard,2025-02-23T10:13:00,2025-02-27T10:13:00,delivered,RTE-DET-20250223-002,2025-02-27T10:13:00,,on_time
SHP-202501-000073,CLI-0007,HUB-CHI,standard,2025-01-20T17:29:00,2025-01-21T18:29:00,delivered,RTE-CHI-20250120-001,2025-01-24T05:29:00,,on_time
SHP-202505-000057,CLI-0169,HUB-CHI,standard,2025-05-20T06:57:00,2025-05-22T13:57:00,delivered,RTE-CHI-20250520-002,2025-05-24T11:57:00,,on_time
SHP-202504-000062,CLI-0007,HUB-CHI,expedited,2025-04-09T07:51:00,2025-04-10T17:51:00,delivered,RTE-CHI-20250409-001,2025-04-12T01:51:00,,on_time
SHP-202501-000075,CLI-0007,HUB-IND,standard,2025-01-23T16:12:00,2025-01-27T22:12:00,delivered,RTE-IND-20250123-002,2025-01-27T22:12:00,,on_time
SHP-202503-000089,CLI-0007,HUB-IND,standard,2025-03-03T06:25:00,2025-03-04T12:25:00,delivered,RTE-IND-20250303-002,2025-03-06T03:25:00,,on_time
SHP-202504-000063,CLI-0007,HUB-IND,standard,2025-04-19T11:02:00,2025-04-21T17:02:00,delivered,RTE-IND-20250421-001,2025-04-22T16:02:00,,on_time
SHP-202501-000076,CLI-0007,HUB-IND,standard,2025-01-11T12:48:00,2025-01-12T12:48:00,delivered,RTE-IND-20250112-001,2025-01-14T16:48:00,,on_time
SHP-202503-000090,CLI-0155,HUB-CHI,standard,2025-03-12T09:41:00,2025-03-16T20:41:00,delivered,RTE-CHI-20250312-001,2025-03-16T20:41:00,,on_time
SHP-202506-000073,CLI-0169,HUB-CMH,standard,2025-06-18T12:41:00,2025-06-19T15:41:00,delivered,RTE-CMH-20250618-001,2025-06-21T14:41:00,,on_time
SHP-202509-000075,CLI-0201,HUB-DET,expedited,2025-09-04T18:58:00,2025-09-06T03:58:00,delivered,RTE-DET-20250904-001,2025-09-08T16:58:00,,on_time
SHP-202507-000079,CLI-0201,HUB-DET,expedited,2025-07-11T11:24:00,2025-07-12T21:24:00,delivered,RTE-DET-20250711-002,2025-07-15T07:24:00,,on_time
SHP-202510-000090,CLI-0042,HUB-CMH,freight,2025-10-29T12:59:00,2025-11-01T00:59:00,delivered,,2025-11-03T04:59:00,,on_time
SHP-202505-000059,CLI-0042,HUB-IND,freight,2025-05-07T16:45:00,2025-05-09T20:45:00,delivered,,2025-05-11T15:45:00,,on_time
SHP-202502-000059,CLI-0201,HUB-DET,expedited,2025-02-17T20:05:00,2025-02-18T23:05:00,delivered,RTE-DET-20250218-003,2025-02-21T08:05:00,,on_time
SHP-202508-000075,CLI-0201,HUB-IND,standard,2025-08-05T14:34:00,2025-08-09T23:34:00,delivered,RTE-IND-20250805-004,2025-08-09T23:34:00,,on_time
SHP-202507-000080,CLI-0042,HUB-CHI,freight,2025-07-23T19:31:00,2025-07-25T07:31:00,delivered,,2025-07-27T13:31:00,,on_time
SHP-202512-000113,CLI-0201,HUB-IND,expedited,2025-12-23T08:11:00,2025-12-24T19:11:00,delivered,RTE-IND-20251223-001,2025-12-26T09:11:00,,on_time
SHP-202503-000093,CLI-0007,HUB-DET,standard,2025-03-27T07:21:00,2025-03-29T14:21:00,delivered,RTE-DET-20250327-001,2025-03-30T10:21:00,,on_time
SHP-202509-000076,CLI-0007,HUB-CMH,standard,2025-09-06T18:00:00,2025-09-07T19:00:00,delivered,RTE-CMH-20250906-001,2025-09-09T08:00:00,,on_time
SHP-202504-000065,CLI-0042,HUB-DET,freight,2025-04-19T15:33:00,2025-04-22T22:33:00,delivered,,2025-04-24T09:33:00,,on_time
SHP-202511-000106,CLI-0169,HUB-IND,expedited,2025-11-06T19:15:00,2025-11-08T05:15:00,delivered,RTE-IND-20251106-001,2025-11-09T05:15:00,,on_time
SHP-202507-000081,CLI-0042,HUB-IND,freight,2025-07-24T19:21:00,2025-07-26T02:21:00,delivered,,2025-07-28T20:21:00,,on_time
SHP-202511-000107,CLI-0042,HUB-IND,freight,2025-11-21T16:28:00,2025-11-25T22:28:00,delivered,,2025-11-25T22:28:00,,on_time
SHP-202511-000108,CLI-0169,HUB-DET,expedited,2025-11-10T20:30:00,2025-11-19T20:30:00,delayed,RTE-DET-20251110-002,2025-11-19T03:30:00,17,1-2d
SHP-202502-000061,CLI-0155,HUB-CIN,standard,2025-02-21T08:55:00,2025-02-22T10:55:00,delivered,RTE-CIN-20250223-001,2025-02-24T20:55:00,,on_time
SHP-202512-000115,CLI-0007,HUB-DET,expedited,2025-12-04T06:10:00,2025-12-05T11:10:00,delivered,RTE-DET-20251204-002,2025-12-06T12:10:00,,on_time
SHP-202512-000116,CLI-0007,HUB-CHI,expedited,2025-12-07T16:46:00,2025-12-09T04:46:00,delivered,RTE-CHI-20251207-001,2025-12-10T03:46:00,,on_time
SHP-202507-000083,CLI-0042,HUB-IND,freight,2025-07-14T06:37:00,2025-07-18T12:37:00,delivered,,2025-07-18T12:37:00,,on_time
SHP-202508-000078,CLI-0155,HUB-CHI,standard,2025-08-24T13:09:00,2025-08-27T00:09:00,delivered,RTE-CHI-20250825-002,2025-08-27T20:09:00,,on_time
SHP-202512-000119,CLI-0042,HUB-CIN,freight,2025-12-07T11:19:00,2025-12-08T15:19:00,delivered,,2025-12-12T04:19:00,,on_time
SHP-202511-000110,CLI-0201,HUB-CMH,expedited,2025-11-02T19:52:00,2025-11-03T23:52:00,delivered,RTE-CMH-20251102-001,2025-11-05T20:52:00,,on_time
SHP-202511-000111,CLI-0169,HUB-CMH,standard,2025-11-20T07:07:00,2025-11-22T07:07:00,delivered,RTE-CMH-20251120-001,2025-11-23T09:07:00,,on_time
SHP-202510-000093,CLI-0007,HUB-CHI,expedited,2025-10-03T20:07:00,2025-10-05T05:07:00,delivered,RTE-CHI-20251003-001,2025-10-06T04:07:00,,on_time
SHP-202510-000094,CLI-0007,HUB-CMH,standard,2025-10-03T09:09:00,2025-10-05T11:09:00,delivered,RTE-CMH-20251003-001,2025-10-05T17:09:00,,on_time
SHP-202504-000066,CLI-0155,HUB-CHI,expedited,2025-04-15T15:42:00,2025-04-16T23:42:00,delivered,RTE-CHI-20250415-003,2025-04-18T03:42:00,,on_time
SHP-202505-000061,CLI-0007,HUB-CIN,standard,2025-05-07T14:26:00,2025-05-08T19:26:00,delivered,RTE-CIN-20250507-001,2025-05-09T21:26:00,,on_time
SHP-202504-000067,CLI-0007,HUB-DET,expedited,2025-04-26T09:24:00,2025-04-27T21:24:00,delivered,RTE-DET-20250428-002,2025-04-28T06:24:00,,on_time
SHP-202503-000095,CLI-0155,HUB-CIN,expedited,2025-03-05T13:06:00,2025-03-07T00:06:00,delivered,RTE-CIN-20250307-002,2025-03-07T23:06:00,,on_time
SHP-202510-000095,CLI-0007,HUB-CMH,standard,2025-10-10T18:24:00,2025-10-15T01:24:00,delivered,RTE-CMH-20251010-003,2025-10-15T01:24:00,,on_time
SHP-202510-000096,CLI-0042,HUB-CIN,freight,2025-10-31T17:09:00,2025-11-02T23:09:00,delivered,,2025-11-05T07:09:00,,on_time
SHP-202508-000079,CLI-0155,HUB-DET,standard,2025-08-28T17:56:00,2025-08-30T21:56:00,delivered,RTE-DET-20250828-004,2025-08-31T23:56:00,,on_time
SHP-202511-000115,CLI-0155,HUB-DET,expedited,2025-11-22T19:05:00,2025-11-23T20:05:00,delivered,RTE-DET-20251122-001,2025-11-25T01:05:00,,on_time
SHP-202503-000096,CLI-0007,HUB-IND,standard,2025-03-26T13:51:00,2025-03-30T23:51:00,delivered,RTE-IND-20250326-002,2025-03-30T23:51:00,,on_time
SHP-202508-000080,CLI-0169,HUB-CHI,expedited,2025-08-06T16:58:00,2025-08-08T00:58:00,delivered,RTE-CHI-20250807-001,2025-08-09T19:58:00,,on_time
SHP-202504-000068,CLI-0169,HUB-CHI,standard,2025-04-26T06:27:00,2025-04-28T11:27:00,delivered,RTE-CHI-20250428-002,2025-04-30T03:27:00,,on_time
SHP-202511-000116,CLI-0042,HUB-DET,freight,2025-11-26T20:39:00,2025-11-28T01:39:00,delivered,,2025-12-01T09:39:00,,on_time
SHP-202501-000077,CLI-0169,HUB-IND,standard,2025-01-04T06:22:00,2025-01-06T12:22:00,delivered,RTE-IND-20250104-001,2025-01-07T22:22:00,,on_time
SHP-202507-000087,CLI-0201,HUB-DET,standard,2025-07-01T14:32:00,2025-07-05T15:32:00,delivered,RTE-DET-20250701-002,2025-07-06T13:32:00,,on_time
SHP-202509-000078,CLI-0155,HUB-CHI,standard,2025-09-07T11:19:00,2025-09-09T19:19:00,delivered,RTE-CHI-20250907-002,2025-09-10T18:19:00,,on_time
SHP-202512-000127,CLI-0169,HUB-DET,standard,2025-12-16T20:47:00,2025-12-20T22:47:00,delivered,RTE-DET-20251216-001,2025-12-20T22:47:00,,on_time
SHP-202501-000078,CLI-0169,HUB-CIN,standard,2025-01-11T16:15:00,2025-01-14T22:15:00,delivered,RTE-CIN-20250111-002,2025-01-14T22:15:00,,on_time
SHP-202511-000117,CLI-0201,HUB-DET,standard,2025-11-02T13:05:00,2025-11-04T22:05:00,delivered,RTE-DET-20251103-001,2025-11-07T01:05:00,,on_time
SHP-202504-000069,CLI-0007,HUB-IND,expedited,2025-04-06T09:42:00,2025-04-07T12:42:00,delivered,RTE-IND-20250406-002,2025-04-08T10:42:00,,on_time
SHP-202508-000081,CLI-0007,HUB-CIN,standard,2025-08-31T09:54:00,2025-09-02T12:54:00,delivered,RTE-CIN-20250901-002,2025-09-02T17:54:00,,on_time
SHP-202503-000099,CLI-0042,HUB-IND,freight,2025-03-03T09:59:00,2025-03-04T18:59:00,delivered,,2025-03-07T04:59:00,,on_time
SHP-202504-000070,CLI-0042,HUB-DET,freight,2025-04-13T12:33:00,2025-04-15T15:33:00,delivered,,2025-04-18T04:33:00,,on_time
SHP-202506-000081,CLI-0042,HUB-CIN,freight,2025-06-22T12:41:00,2025-06-23T16:41:00,delivered,,2025-06-26T18:41:00,,on_time
SHP-202507-000088,CLI-0169,HUB-DET,standard,2025-07-06T20:03:00,2025-07-07T20:03:00,delivered,RTE-DET-20250706-001,2025-07-10T06:03:00,,on_time
SHP-202503-000100,CLI-0169,HUB-CIN,standard,2025-03-08T11:15:00,2025-03-10T20:15:00,delivered,RTE-CIN-20250309-001,2025-03-11T16:15:00,,on_time
SHP-202507-000089,CLI-0007,HUB-CHI,standard,2025-07-16T15:07:00,2025-07-18T18:07:00,delivered,RTE-CHI-20250716-001,2025-07-20T08:07:00,,on_time
SHP-202512-000129,CLI-0007,HUB-CMH,expedited,2025-12-27T15:21:00,2025-12-28T22:21:00,delivered,RTE-CMH-20251227-001,2025-12-29T05:21:00,,on_time
SHP-202508-000082,CLI-0007,HUB-DET,standard,2025-08-18T12:33:00,2025-08-19T14:33:00,delivered,RTE-DET-20250818-002,2025-08-21T12:33:00,,on_time
SHP-202511-000119,CLI-0169,HUB-CMH,expedited,2025-11-06T20:35:00,2025-11-07T22:35:00,delivered,RTE-CMH-20251106-001,2025-11-08T18:35:00,,on_time
SHP-202505-000063,CLI-0042,HUB-CMH,freight,2025-05-31T19:22:00,2025-06-03T21:22:00,delivered,,2025-06-05T02:22:00,,on_time
SHP-202511-000121,CLI-0201,HUB-CHI,standard,2025-11-19T17:46:00,2025-11-22T00:46:00,delivered,RTE-CHI-20251119-001,2025-11-24T03:46:00,,on_time
SHP-202504-000074,CLI-0042,HUB-IND,freight,2025-04-03T08:56:00,2025-04-07T18:56:00,delivered,,2025-04-07T18:56:00,,on_time
SHP-202509-000080,CLI-0042,HUB-CIN,freight,2025-09-27T07:24:00,2025-09-28T07:24:00,delivered,,2025-10-01T16:24:00,,on_time
SHP-202502-000066,CLI-0169,HUB-CMH,standard,2025-02-24T13:48:00,2025-02-28T15:48:00,delivered,RTE-CMH-20250224-001,2025-02-28T15:48:00,,on_time
SHP-202501-000080,CLI-0155,HUB-CMH,standard,2025-01-23T19:26:00,2025-01-25T19:26:00,delivered,RTE-CMH-20250123-003,2025-01-27T04:26:00,,on_time
SHP-202502-000067,CLI-0007,HUB-CHI,standard,2025-02-27T10:22:00,2025-03-02T11:22:00,delivered,RTE-CHI-20250227-003,2025-03-03T00:22:00,,on_time
SHP-202511-000124,CLI-0201,HUB-CIN,standard,2025-11-06T08:43:00,2025-11-09T17:43:00,delivered,RTE-CIN-20251106-001,2025-11-10T09:43:00,,on_time
SHP-202505-000064,CLI-0007,HUB-IND,expedited,2025-05-27T16:23:00,2025-05-29T04:23:00,delivered,RTE-IND-20250527-001,2025-05-29T10:23:00,,on_time
SHP-202512-000130,CLI-0042,HUB-CHI,freight,2025-12-31T18:41:00,2026-01-03T00:41:00,delivered,,2026-01-04T06:41:00,,on_time
SHP-202502-000068,CLI-0155,HUB-CHI,standard,2025-02-27T08:11:00,2025-03-02T13:11:00,delivered,RTE-CHI-20250227-003,2025-03-02T19:11:00,,on_time
SHP-202509-000081,CLI-0201,HUB-CIN,expedited,2025-09-11T11:08:00,2025-09-12T21:08:00,delivered,RTE-CIN-20250911-003,2025-09-14T14:08:00,,on_time
SHP-202502-000069,CLI-0201,HUB-CIN,standard,2025-02-12T17:51:00,2025-02-13T20:51:00,delivered,RTE-CIN-20250212-001,2025-02-16T20:51:00,,on_time
SHP-202507-000092,CLI-0042,HUB-IND,freight,2025-07-05T14:30:00,2025-07-06T14:30:00,delivered,,2025-07-09T16:30:00,,on_time
SHP-202501-000081,CLI-0007,HUB-CHI,standard,2025-01-29T06:44:00,2025-02-01T06:44:00,delivered,RTE-CHI-20250129-001,2025-02-01T13:44:00,,on_time
SHP-202503-000101,CLI-0007,HUB-CMH,standard,2025-03-14T19:26:00,2025-03-17T02:26:00,delivered,RTE-CMH-20250314-003,2025-03-17T09:26:00,,on_time
SHP-202502-000070,CLI-0042,HUB-CIN,freight,2025-02-26T18:11:00,2025-02-28T00:11:00,delivered,,2025-03-03T01:11:00,,on_time
SHP-202504-000077,CLI-0042,HUB-CHI,freight,2025-04-19T12:11:00,2025-04-20T23:11:00,delivered,,2025-04-23T02:11:00,,on_time
SHP-202508-000084,CLI-0201,HUB-DET,standard,2025-08-28T18:23:00,2025-08-30T22:23:00,delivered,RTE-DET-20250828-002,2025-09-02T12:23:00,,on_time
SHP-202502-000071,CLI-0169,HUB-CIN,expedited,2025-02-25T11:01:00,2025-02-26T13:01:00,delivered,RTE-CIN-20250225-001,2025-02-27T14:01:00,,on_time
SHP-202504-000078,CLI-0042,HUB-CHI,freight,2025-04-14T10:05:00,2025-04-15T19:05:00,delivered,,2025-04-17T20:05:00,,on_time
SHP-202509-000082,CLI-0169,HUB-CMH,expedited,2025-09-05T06:22:00,2025-09-06T12:22:00,delivered,RTE-CMH-20250905-002,2025-09-07T07:22:00,,on_time
SHP-202509-000083,CLI-0201,HUB-IND,expedited,2025-09-14T17:43:00,2025-09-15T23:43:00,delivered,RTE-IND-20250914-001,2025-09-18T05:43:00,,on_time
SHP-202503-000103,CLI-0169,HUB-CIN,expedited,2025-03-09T12:02:00,2025-03-11T00:02:00,delivered,RTE-CIN-20250309-001,2025-03-11T18:02:00,,on_time
SHP-202511-000125,CLI-0007,HUB-CMH,standard,2025-11-18T19:19:00,2025-11-20T02:19:00,delivered,RTE-CMH-20251118-001,2025-11-21T12:19:00,,on_time
SHP-202510-000099,CLI-0169,HUB-IND,standard,2025-10-19T19:39:00,2025-10-22T02:39:00,delivered,RTE-IND-20251020-001,2025-10-23T12:39:00,,on_time
SHP-202501-000082,CLI-0042,HUB-CHI,freight,2025-01-22T17:52:00,2025-01-24T18:52:00,delivered,,2025-01-26T00:52:00,,on_time
SHP-202504-000080,CLI-0007,HUB-IND,standard,2025-04-13T15:31:00,2025-04-17T16:31:00,delivered,RTE-IND-20250413-001,2025-04-17T16:31:00,,on_time
SHP-202507-000094,CLI-0169,HUB-DET,expedited,2025-07-14T09:03:00,2025-07-15T09:03:00,delivered,RTE-DET-20250715-001,2025-07-17T02:03:00,,on_time
SHP-202512-000135,CLI-0155,HUB-CHI,standard,2025-12-17T07:17:00,2025-12-20T18:17:00,delivered,RTE-CHI-20251218-005,2025-12-20T20:17:00,,on_time
SHP-202509-000085,CLI-0155,HUB-CHI,expedited,2025-09-26T07:57:00,2025-09-27T12:57:00,delivered,RTE-CHI-20250926-003,2025-09-28T14:57:00,,on_time
SHP-202506-000084,CLI-0169,HUB-DET,standard,2025-06-02T14:44:00,2025-06-06T19:44:00,delivered,RTE-DET-20250602-002,2025-06-06T19:44:00,,on_time
SHP-202512-000136,CLI-0042,HUB-CIN,freight,2025-12-21T18:57:00,2025-12-23T05:57:00,delivered,,2025-12-26T04:57:00,,on_time
SHP-202503-000104,CLI-0169,HUB-CMH,expedited,2025-03-17T16:26:00,2025-03-19T03:26:00,delivered,RTE-CMH-20250317-001,2025-03-19T12:26:00,,on_time
SHP-202501-000083,CLI-0155,HUB-CIN,expedited,2025-01-09T07:44:00,2025-01-10T14:44:00,delivered,RTE-CIN-20250109-001,2025-01-11T16:44:00,,on_time
SHP-202507-000096,CLI-0169,HUB-CIN,standard,2025-07-31T18:21:00,2025-08-03T01:21:00,delivered,RTE-CIN-20250731-004,2025-08-03T19:21:00,,on_time
SHP-202505-000068,CLI-0007,HUB-CMH,expedited,2025-05-26T07:05:00,2025-05-27T16:05:00,delivered,RTE-CMH-20250526-002,2025-05-28T01:05:00,,on_time
SHP-202508-000086,CLI-0201,HUB-CMH,expedited,2025-08-26T18:14:00,2025-08-27T22:14:00,delivered,RTE-CMH-20250826-002,2025-08-29T20:14:00,,on_time
SHP-202512-000138,CLI-0201,HUB-CHI,standard,2025-12-04T20:26:00,2025-12-05T22:26:00,delivered,RTE-CHI-20251204-002,2025-12-09T05:26:00,,on_time
SHP-202511-000127,CLI-0042,HUB-CIN,freight,2025-11-12T12:08:00,2025-11-16T23:08:00,delivered,,2025-11-17T06:08:00,,on_time
SHP-202503-000106,CLI-0169,HUB-CIN,standard,2025-03-30T09:06:00,2025-04-01T17:06:00,delivered,RTE-CIN-20250330-001,2025-04-02T09:06:00,,on_time
SHP-202503-000107,CLI-0201,HUB-IND,expedited,2025-03-02T08:20:00,2025-03-03T09:20:00,delivered,RTE-IND-20250302-001,2025-03-05T08:20:00,,on_time
SHP-202502-000074,CLI-0169,HUB-CHI,standard,2025-02-17T13:50:00,2025-02-18T20:50:00,delivered,RTE-CHI-20250217-001,2025-02-21T07:50:00,,on_time
SHP-202511-000128,CLI-0201,HUB-DET,expedited,2025-11-17T16:58:00,2025-11-18T18:58:00,delivered,RTE-DET-20251117-002,2025-11-21T11:58:00,,on_time
SHP-202509-000086,CLI-0201,HUB-CHI,standard,2025-09-11T09:43:00,2025-09-14T15:43:00,delivered,RTE-CHI-20250911-001,2025-09-15T20:43:00,,on_time
SHP-202511-000130,CLI-0169,HUB-CIN,standard,2025-11-02T12:27:00,2025-11-05T17:27:00,delivered,RTE-CIN-20251102-001,2025-11-05T17:27:00,,on_time
SHP-202504-000084,CLI-0007,HUB-CHI,standard,2025-04-06T11:09:00,2025-04-07T11:09:00,delivered,RTE-CHI-20250407-003,2025-04-09T19:09:00,,on_time
SHP-202506-000085,CLI-0169,HUB-CHI,standard,2025-06-13T18:20:00,2025-06-15T00:20:00,delivered,RTE-CHI-20250613-001,2025-06-17T23:20:00,,on_time
SHP-202511-000132,CLI-0201,HUB-IND,expedited,2025-11-27T09:12:00,2025-11-28T16:12:00,delivered,RTE-IND-20251127-002,2025-11-30T18:12:00,,on_time
SHP-202509-000087,CLI-0155,HUB-DET,standard,2025-09-13T13:10:00,2025-09-17T16:10:00,delivered,RTE-DET-20250913-001,2025-09-17T16:10:00,,on_time
SHP-202510-000102,CLI-0042,HUB-CIN,freight,2025-10-23T06:58:00,2025-10-25T12:58:00,delivered,,2025-10-27T20:58:00,,on_time
SHP-202509-000088,CLI-0042,HUB-CMH,freight,2025-09-28T13:06:00,2025-10-03T00:06:00,delivered,,2025-10-03T03:06:00,,on_time
SHP-202506-000086,CLI-0169,HUB-DET,standard,2025-06-04T18:20:00,2025-06-06T00:20:00,delivered,RTE-DET-20250605-001,2025-06-08T12:20:00,,on_time
SHP-202508-000087,CLI-0007,HUB-CHI,expedited,2025-08-12T18:23:00,2025-08-14T02:23:00,delivered,RTE-CHI-20250812-001,2025-08-15T09:23:00,,on_time
SHP-202501-000085,CLI-0042,HUB-CMH,freight,2025-01-27T06:19:00,2025-01-30T17:19:00,delivered,,2025-01-31T15:19:00,,on_time
SHP-202511-000134,CLI-0201,HUB-IND,standard,2025-11-10T20:08:00,2025-11-11T22:08:00,delivered,RTE-IND-20251110-001,2025-11-15T01:08:00,,on_time
SHP-202507-000099,CLI-0007,HUB-CIN,standard,2025-07-31T15:30:00,2025-08-03T20:30:00,delivered,RTE-CIN-20250731-003,2025-08-03T20:30:00,,on_time
SHP-202509-000089,CLI-0155,HUB-IND,expedited,2025-09-05T11:35:00,2025-09-06T14:35:00,delivered,RTE-IND-20250905-001,2025-09-07T05:35:00,,on_time
SHP-202504-000085,CLI-0201,HUB-CHI,standard,2025-04-21T11:13:00,2025-04-24T23:13:00,delivered,RTE-CHI-20250421-001,2025-04-25T17:13:00,,on_time
SHP-202511-000135,CLI-0201,HUB-CHI,standard,2025-11-14T12:10:00,2025-11-15T14:10:00,delivered,RTE-CHI-20251114-001,2025-11-18T13:10:00,,on_time
SHP-202506-000089,CLI-0155,HUB-IND,standard,2025-06-20T16:24:00,2025-06-24T19:24:00,delivered,RTE-IND-20250620-001,2025-06-24T19:24:00,,on_time
SHP-202501-000086,CLI-0007,HUB-CHI,standard,2025-01-26T20:02:00,2025-01-28T21:02:00,delivered,RTE-CHI-20250126-001,2025-01-30T14:02:00,,on_time
SHP-202511-000136,CLI-0042,HUB-CMH,freight,2025-11-02T08:32:00,2025-11-06T19:32:00,delivered,,2025-11-06T23:32:00,,on_time
SHP-202512-000141,CLI-0169,HUB-CMH,standard,2025-12-19T11:57:00,2025-12-20T21:57:00,delivered,RTE-CMH-20251219-002,2025-12-22T06:57:00,,on_time
SHP-202508-000088,CLI-0042,HUB-CHI,freight,2025-08-31T10:56:00,2025-09-01T19:56:00,delivered,,2025-09-03T23:56:00,,on_time
SHP-202505-000072,CLI-0155,HUB-IND,standard,2025-05-12T19:22:00,2025-05-16T03:22:00,delivered,RTE-IND-20250512-002,2025-05-16T03:22:00,,on_time
SHP-202512-000143,CLI-0169,HUB-DET,standard,2025-12-04T15:47:00,2025-12-08T20:47:00,delivered,RTE-DET-20251204-001,2025-12-08T20:47:00,,on_time
SHP-202507-000100,CLI-0155,HUB-CIN,expedited,2025-07-13T13:56:00,2025-07-14T17:56:00,delivered,RTE-CIN-20250714-001,2025-07-15T20:56:00,,on_time
SHP-202512-000144,CLI-0169,HUB-DET,standard,2025-12-14T10:19:00,2025-12-17T19:19:00,delivered,RTE-DET-20251214-002,2025-12-18T04:19:00,,on_time
SHP-202509-000092,CLI-0155,HUB-CMH,standard,2025-09-07T09:18:00,2025-09-08T09:18:00,delivered,RTE-CMH-20250907-001,2025-09-11T02:18:00,,on_time
SHP-202509-000093,CLI-0201,HUB-IND,standard,2025-09-08T06:03:00,2025-09-11T10:03:00,delivered,RTE-IND-20250908-001,2025-09-12T17:03:00,,on_time
SHP-202504-000086,CLI-0007,HUB-IND,standard,2025-04-11T13:59:00,2025-04-15T19:59:00,delivered,RTE-IND-20250411-005,2025-04-15T19:59:00,,on_time
SHP-202504-000087,CLI-0201,HUB-CIN,standard,2025-04-13T10:05:00,2025-04-17T18:05:00,delivered,RTE-CIN-20250413-001,2025-04-17T21:05:00,,on_time
SHP-202504-000088,CLI-0201,HUB-CMH,standard,2025-04-04T13:44:00,2025-04-07T20:44:00,delivered,RTE-CMH-20250407-001,2025-04-09T01:44:00,,on_time
SHP-202507-000101,CLI-0201,HUB-DET,standard,2025-07-01T20:35:00,2025-07-05T21:35:00,delivered,RTE-DET-20250701-002,2025-07-06T10:35:00,,on_time
SHP-202503-000112,CLI-0155,HUB-CHI,standard,2025-03-13T11:08:00,2025-03-16T11:08:00,delivered,RTE-CHI-20250313-005,2025-03-16T21:08:00,,on_time
SHP-202507-000102,CLI-0042,HUB-DET,freight,2025-07-21T18:48:00,2025-07-25T18:48:00,delivered,,2025-07-26T11:48:00,,on_time
SHP-202502-000077,CLI-0007,HUB-IND,standard,2025-02-13T19:18:00,2025-02-16T19:18:00,delivered,RTE-IND-20250213-002,2025-02-16T19:18:00,,on_time
SHP-202512-000145,CLI-0042,HUB-CHI,freight,2025-12-12T14:09:00,2025-12-16T16:09:00,delivered,,2025-12-16T16:09:00,,on_time
SHP-202511-000137,CLI-0155,HUB-IND,expedited,2025-11-24T20:00:00,2025-11-26T05:00:00,delivered,RTE-IND-20251124-001,2025-11-26T19:00:00,,on_time
SHP-202512-000146,CLI-0007,HUB-CMH,standard,2025-12-19T20:07:00,2025-12-21T23:07:00,delivered,RTE-CMH-20251219-001,2025-12-22T04:07:00,,on_time
SHP-202509-000095,CLI-0007,HUB-CIN,standard,2025-09-03T16:17:00,2025-09-04T23:17:00,delivered,RTE-CIN-20250903-002,2025-09-06T06:17:00,,on_time
SHP-202512-000147,CLI-0201,HUB-CMH,expedited,2025-12-04T16:30:00,2025-12-05T23:30:00,delivered,RTE-CMH-20251204-003,2025-12-07T23:30:00,,on_time
SHP-202506-000091,CLI-0201,HUB-CMH,standard,2025-06-28T19:46:00,2025-06-30T05:46:00,delivered,RTE-CMH-20250630-001,2025-07-02T21:46:00,,on_time
SHP-202505-000074,CLI-0007,HUB-DET,expedited,2025-05-09T15:40:00,2025-05-10T17:40:00,delivered,RTE-DET-20250509-002,2025-05-11T10:40:00,,on_time
SHP-202505-000075,CLI-0155,HUB-CHI,standard,2025-05-10T08:27:00,2025-05-12T09:27:00,delivered,RTE-CHI-20250510-001,2025-05-13T23:27:00,,on_time
SHP-202510-000105,CLI-0007,HUB-CHI,standard,2025-10-26T08:57:00,2025-10-30T17:57:00,delivered,RTE-CHI-20251027-002,2025-10-30T17:57:00,,on_time
SHP-202509-000096,CLI-0007,HUB-DET,standard,2025-09-22T15:34:00,2025-09-24T19:34:00,delivered,RTE-DET-20250922-001,2025-09-25T11:34:00,,on_time
SHP-202505-000076,CLI-0169,HUB-CMH,expedited,2025-05-09T08:18:00,2025-05-10T17:18:00,delivered,RTE-CMH-20250509-001,2025-05-11T03:18:00,,on_time
SHP-202511-000141,CLI-0201,HUB-CIN,standard,2025-11-09T17:57:00,2025-11-13T21:57:00,delivered,RTE-CIN-20251110-002,2025-11-13T21:57:00,,on_time
SHP-202512-000148,CLI-0169,HUB-DET,standard,2025-12-01T11:56:00,2025-12-03T14:56:00,delivered,RTE-DET-20251201-001,2025-12-05T02:56:00,,on_time
SHP-202512-000149,CLI-0042,HUB-CHI,freight,2025-12-06T13:04:00,2025-12-07T18:04:00,delivered,,2025-12-09T23:04:00,,on_time
SHP-202511-000142,CLI-0007,HUB-CIN,standard,2025-11-03T08:17:00,2025-11-04T08:17:00,delivered,RTE-CIN-20251103-003,2025-11-06T00:17:00,,on_time
SHP-202509-000097,CLI-0169,HUB-DET,standard,2025-09-12T18:54:00,2025-09-14T18:54:00,delivered,RTE-DET-20250912-001,2025-09-16T05:54:00,,on_time
SHP-202509-000098,CLI-0201,HUB-CHI,standard,2025-09-04T12:35:00,2025-09-08T13:35:00,delivered,RTE-CHI-20250904-002,2025-09-08T19:35:00,,on_time
SHP-202511-000143,CLI-0169,HUB-IND,standard,2025-11-12T12:58:00,2025-11-14T13:58:00,delivered,RTE-IND-20251112-004,2025-11-16T00:58:00,,on_time
SHP-202510-000106,CLI-0201,HUB-CIN,standard,2025-10-29T18:00:00,2025-10-31T18:00:00,delivered,RTE-CIN-20251029-001,2025-11-03T02:00:00,,on_time
SHP-202512-000150,CLI-0169,HUB-CHI,standard,2025-12-28T10:23:00,2025-12-31T20:23:00,delivered,RTE-CHI-20251228-001,2026-01-01T10:23:00,,on_time
SHP-202505-000077,CLI-0155,HUB-IND,standard,2025-05-06T14:06:00,2025-05-11T01:06:00,delivered,RTE-IND-20250506-002,2025-05-11T01:06:00,,on_time
SHP-202511-000144,CLI-0007,HUB-CHI,expedited,2025-11-15T19:33:00,2025-11-17T06:33:00,delivered,RTE-CHI-20251117-002,2025-11-18T07:33:00,,on_time
SHP-202510-000107,CLI-0169,HUB-CHI,standard,2025-10-11T09:44:00,2025-10-15T10:44:00,delivered,RTE-CHI-20251011-001,2025-10-15T11:44:00,,on_time
SHP-202501-000089,CLI-0042,HUB-IND,freight,2025-01-11T10:37:00,2025-01-12T10:37:00,delivered,,2025-01-15T10:37:00,,on_time
SHP-202507-000103,CLI-0201,HUB-DET,standard,2025-07-16T09:13:00,2025-07-20T17:13:00,delivered,RTE-DET-20250716-002,2025-07-21T00:13:00,,on_time
SHP-202501-000090,CLI-0042,HUB-CIN,freight,2025-01-27T18:22:00,2025-01-30T22:22:00,delivered,,2025-02-01T01:22:00,,on_time
SHP-202510-000108,CLI-0042,HUB-IND,freight,2025-10-30T17:53:00,2025-11-04T05:53:00,delivered,,2025-11-04T05:53:00,,on_time
SHP-202510-000109,CLI-0155,HUB-CIN,standard,2025-10-11T15:46:00,2025-10-14T17:46:00,delivered,RTE-CIN-20251013-003,2025-10-15T02:46:00,,on_time
SHP-202506-000094,CLI-0201,HUB-CMH,standard,2025-06-01T11:17:00,2025-06-02T12:17:00,delivered,RTE-CMH-20250602-004,2025-06-05T22:17:00,,on_time
SHP-202506-000095,CLI-0169,HUB-IND,expedited,2025-06-07T13:29:00,2025-06-08T13:29:00,delivered,RTE-IND-20250607-001,2025-06-10T00:29:00,,on_time
SHP-202508-000090,CLI-0169,HUB-DET,standard,2025-08-27T14:13:00,2025-08-28T18:13:00,delivered,RTE-DET-20250827-002,2025-08-31T01:13:00,,on_time
SHP-202511-000145,CLI-0007,HUB-DET,standard,2025-11-09T18:50:00,2025-11-13T20:50:00,delivered,RTE-DET-20251110-002,2025-11-13T20:50:00,,on_time
SHP-202506-000096,CLI-0042,HUB-CIN,freight,2025-06-30T09:22:00,2025-07-04T10:22:00,delivered,,2025-07-05T00:22:00,,on_time
SHP-202511-000146,CLI-0155,HUB-CHI,standard,2025-11-25T15:50:00,2025-11-30T01:50:00,delivered,RTE-CHI-20251125-006,2025-11-30T01:50:00,,on_time
SHP-202507-000105,CLI-0155,HUB-CIN,standard,2025-07-11T11:02:00,2025-07-13T20:02:00,delivered,RTE-CIN-20250711-001,2025-07-15T03:02:00,,on_time
SHP-202506-000097,CLI-0169,HUB-CHI,standard,2025-06-18T17:07:00,2025-06-23T04:07:00,delivered,RTE-CHI-20250618-001,2025-06-23T04:07:00,,on_time
SHP-202507-000106,CLI-0169,HUB-CIN,standard,2025-07-29T20:23:00,2025-08-01T03:23:00,delivered,RTE-CIN-20250729-002,2025-08-01T14:23:00,,on_time
SHP-202506-000098,CLI-0007,HUB-DET,standard,2025-06-24T08:36:00,2025-06-26T10:36:00,delivered,RTE-DET-20250624-003,2025-06-27T07:36:00,,on_time
SHP-202508-000092,CLI-0007,HUB-DET,standard,2025-08-21T14:45:00,2025-08-22T16:45:00,delivered,RTE-DET-20250821-001,2025-08-24T19:45:00,,on_time
SHP-202501-000094,CLI-0007,HUB-CHI,standard,2025-01-13T14:58:00,2025-01-17T19:58:00,delivered,RTE-CHI-20250113-001,2025-01-17T19:58:00,,on_time
SHP-202510-000112,CLI-0007,HUB-CMH,standard,2025-10-30T20:22:00,2025-11-04T06:22:00,delivered,RTE-CMH-20251030-003,2025-11-04T06:22:00,,on_time
SHP-202501-000095,CLI-0169,HUB-DET,standard,2025-01-04T13:11:00,2025-01-08T01:11:00,delivered,RTE-DET-20250106-002,2025-01-08T01:11:00,,on_time
SHP-202512-000151,CLI-0007,HUB-CHI,standard,2025-12-08T14:48:00,2025-12-09T22:48:00,delivered,RTE-CHI-20251208-002,2025-12-12T03:48:00,,on_time
SHP-202501-000096,CLI-0042,HUB-IND,freight,2025-01-04T09:18:00,2025-01-08T20:18:00,delivered,,2025-01-08T20:18:00,,on_time
SHP-202508-000096,CLI-0007,HUB-CHI,expedited,2025-08-10T17:42:00,2025-08-11T22:42:00,delivered,RTE-CHI-20250810-001,2025-08-13T06:42:00,,on_time
SHP-202511-000147,CLI-0007,HUB-IND,expedited,2025-11-19T06:27:00,2025-11-20T17:27:00,delivered,RTE-IND-20251119-002,2025-11-21T07:27:00,,on_time
SHP-202504-000090,CLI-0155,HUB-DET,standard,2025-04-23T19:11:00,2025-04-26T21:11:00,delivered,RTE-DET-20250423-003,2025-04-27T02:11:00,,on_time
SHP-202504-000091,CLI-0007,HUB-CIN,expedited,2025-04-12T17:13:00,2025-04-13T18:13:00,delivered,RTE-CIN-20250412-002,2025-04-14T09:13:00,,on_time
SHP-202510-000113,CLI-0169,HUB-DET,standard,2025-10-26T08:56:00,2025-10-28T12:56:00,delivered,RTE-DET-20251027-001,2025-10-30T01:56:00,,on_time
SHP-202512-000152,CLI-0201,HUB-CIN,standard,2025-12-09T13:18:00,2025-12-11T01:18:00,delivered,RTE-CIN-20251209-001,2025-12-13T19:18:00,,on_time
SHP-202506-000100,CLI-0169,HUB-DET,expedited,2025-06-13T18:56:00,2025-06-15T06:56:00,delivered,RTE-DET-20250613-005,2025-06-16T12:56:00,,on_time
SHP-202505-000079,CLI-0201,HUB-DET,expedited,2025-05-14T12:25:00,2025-05-15T12:25:00,delivered,RTE-DET-20250514-001,2025-05-18T12:25:00,,on_time
SHP-202511-000148,CLI-0042,HUB-DET,freight,2025-11-06T07:49:00,2025-11-09T19:49:00,delivered,,2025-11-10T13:49:00,,on_time
SHP-202510-000114,CLI-0042,HUB-CIN,freight,2025-10-11T09:23:00,2025-10-13T17:23:00,delivered,,2025-10-16T01:23:00,,on_time
SHP-202509-000104,CLI-0201,HUB-DET,standard,2025-09-27T10:19:00,2025-09-29T10:19:00,delivered,RTE-DET-20250927-001,2025-10-02T08:19:00,,on_time
SHP-202508-000098,CLI-0042,HUB-IND,freight,2025-08-06T10:29:00,2025-08-09T20:29:00,delivered,,2025-08-10T06:29:00,,on_time
SHP-202510-000115,CLI-0155,HUB-DET,standard,2025-10-23T12:35:00,2025-10-26T23:35:00,delivered,RTE-DET-20251024-003,2025-10-26T23:35:00,,on_time
SHP-202510-000116,CLI-0201,HUB-CMH,expedited,2025-10-01T17:25:00,2025-10-03T05:25:00,delivered,RTE-CMH-20251001-001,2025-10-04T18:25:00,,on_time
SHP-202508-000099,CLI-0042,HUB-DET,freight,2025-08-20T18:14:00,2025-08-25T03:14:00,delivered,,2025-08-25T03:14:00,,on_time
SHP-202502-000084,CLI-0169,HUB-CHI,expedited,2025-02-25T07:06:00,2025-02-26T10:06:00,delivered,RTE-CHI-20250225-001,2025-02-28T04:06:00,,on_time
SHP-202509-000105,CLI-0007,HUB-CHI,standard,2025-09-08T19:30:00,2025-09-10T19:30:00,delivered,RTE-CHI-20250908-003,2025-09-12T01:30:00,,on_time
SHP-202509-000106,CLI-0155,HUB-IND,expedited,2025-09-10T06:20:00,2025-09-11T15:20:00,delivered,RTE-IND-20250910-001,2025-09-12T09:20:00,,on_time
SHP-202509-000107,CLI-0007,HUB-CMH,standard,2025-09-05T07:24:00,2025-09-06T09:24:00,delivered,RTE-CMH-20250905-001,2025-09-07T15:24:00,,on_time
SHP-202503-000116,CLI-0007,HUB-CMH,expedited,2025-03-27T13:10:00,2025-03-28T21:10:00,delivered,RTE-CMH-20250327-001,2025-03-29T02:10:00,,on_time
SHP-202512-000153,CLI-0169,HUB-CIN,expedited,2025-12-13T15:41:00,2025-12-14T19:41:00,delivered,RTE-CIN-20251213-002,2025-12-15T14:41:00,,on_time
SHP-202505-000082,CLI-0201,HUB-CIN,expedited,2025-05-21T11:39:00,2025-05-22T15:39:00,delivered,RTE-CIN-20250521-003,2025-05-24T23:39:00,,on_time
SHP-202504-000094,CLI-0007,HUB-CHI,expedited,2025-04-02T15:41:00,2025-04-03T20:41:00,delivered,RTE-CHI-20250402-001,2025-04-05T00:41:00,,on_time
SHP-202510-000119,CLI-0201,HUB-DET,standard,2025-10-14T19:33:00,2025-10-16T04:33:00,delivered,RTE-DET-20251014-004,2025-10-19T15:33:00,,on_time
SHP-202511-000151,CLI-0155,HUB-DET,standard,2025-11-07T17:45:00,2025-11-09T02:45:00,delivered,RTE-DET-20251108-001,2025-11-11T09:45:00,,on_time
SHP-202503-000119,CLI-0042,HUB-IND,freight,2025-03-03T07:54:00,2025-03-05T17:54:00,delivered,,2025-03-07T09:54:00,,on_time
SHP-202511-000153,CLI-0169,HUB-IND,expedited,2025-11-11T08:57:00,2025-11-20T08:57:00,delayed,RTE-IND-20251111-003,2025-11-18T15:57:00,41,1-2d
SHP-202507-000108,CLI-0201,HUB-DET,expedited,2025-07-07T16:03:00,2025-07-09T04:03:00,delivered,RTE-DET-20250707-001,2025-07-11T09:03:00,,on_time
SHP-202509-000110,CLI-0155,HUB-CMH,standard,2025-09-14T06:17:00,2025-09-18T08:17:00,delivered,RTE-CMH-20250914-001,2025-09-18T08:17:00,,on_time
SHP-202511-000154,CLI-0042,HUB-IND,freight,2025-11-22T10:35:00,2025-11-25T17:35:00,delivered,,2025-11-26T15:35:00,,on_time
SHP-202506-000101,CLI-0042,HUB-CHI,freight,2025-06-12T18:00:00,2025-06-16T01:00:00,delivered,,2025-06-16T10:00:00,,on_time
SHP-202505-000084,CLI-0169,HUB-DET,standard,2025-05-23T09:17:00,2025-05-25T13:17:00,delivered,RTE-DET-20250523-001,2025-05-26T20:17:00,,on_time
SHP-202505-000085,CLI-0155,HUB-CMH,standard,2025-05-13T15:23:00,2025-05-18T01:23:00,delivered,RTE-CMH-20250513-001,2025-05-18T01:23:00,,on_time
SHP-202512-000154,CLI-0042,HUB-CIN,freight,2025-12-18T12:09:00,2025-12-20T23:09:00,delivered,,2025-12-22T20:09:00,,on_time
SHP-202508-000103,CLI-0155,HUB-CHI,standard,2025-08-11T14:35:00,2025-08-14T15:35:00,delivered,RTE-CHI-20250811-002,2025-08-15T06:35:00,,on_time
SHP-202505-000086,CLI-0155,HUB-CMH,expedited,2025-05-13T14:42:00,2025-05-14T21:42:00,delivered,RTE-CMH-20250513-001,2025-05-16T08:42:00,,on_time
SHP-202503-000120,CLI-0169,HUB-IND,standard,2025-03-13T16:37:00,2025-03-17T03:37:00,delivered,RTE-IND-20250313-003,2025-03-17T03:37:00,,on_time
SHP-202502-000087,CLI-0042,HUB-CHI,freight,2025-02-23T12:30:00,2025-02-24T14:30:00,delivered,,2025-02-26T18:30:00,,on_time
SHP-202510-000120,CLI-0201,HUB-DET,expedited,2025-10-22T10:46:00,2025-10-23T15:46:00,delivered,RTE-DET-20251022-003,2025-10-26T05:46:00,,on_time
SHP-202509-000111,CLI-0155,HUB-CMH,expedited,2025-09-05T20:14:00,2025-09-07T04:14:00,delivered,RTE-CMH-20250905-001,2025-09-08T12:14:00,,on_time
SHP-202502-000088,CLI-0155,HUB-CIN,standard,2025-02-25T06:10:00,2025-02-28T15:10:00,delivered,RTE-CIN-20250225-005,2025-02-28T23:10:00,,on_time
SHP-202503-000121,CLI-0169,HUB-IND,expedited,2025-03-10T17:55:00,2025-03-11T23:55:00,delivered,RTE-IND-20250310-001,2025-03-13T07:55:00,,on_time
SHP-202505-000087,CLI-0169,HUB-CIN,expedited,2025-05-01T15:38:00,2025-05-02T16:38:00,delivered,RTE-CIN-20250501-002,2025-05-03T21:38:00,,on_time
SHP-202507-000111,CLI-0201,HUB-CHI,standard,2025-07-16T12:43:00,2025-07-17T16:43:00,delivered,RTE-CHI-20250716-001,2025-07-20T21:43:00,,on_time
SHP-202508-000105,CLI-0201,HUB-CIN,expedited,2025-08-04T13:51:00,2025-08-05T23:51:00,delivered,RTE-CIN-20250804-001,2025-08-07T15:51:00,,on_time
SHP-202502-000089,CLI-0201,HUB-CMH,standard,2025-02-21T08:36:00,2025-02-25T08:36:00,delivered,RTE-CMH-20250221-003,2025-02-25T13:36:00,,on_time
SHP-202509-000112,CLI-0201,HUB-DET,expedited,2025-09-06T10:27:00,2025-09-07T20:27:00,delivered,RTE-DET-20250907-001,2025-09-09T23:27:00,,on_time
SHP-202501-000099,CLI-0042,HUB-CMH,freight,2025-01-25T19:31:00,2025-01-27T04:31:00,delivered,,2025-01-30T13:31:00,,on_time
SHP-202512-000158,CLI-0201,HUB-IND,standard,2025-12-18T18:52:00,2025-12-21T20:52:00,delivered,RTE-IND-20251218-002,2025-12-23T02:52:00,,on_time
SHP-202505-000088,CLI-0042,HUB-DET,freight,2025-05-31T11:19:00,2025-06-01T16:19:00,delivered,,2025-06-04T23:19:00,,on_time
SHP-202501-000100,CLI-0201,HUB-CHI,standard,2025-01-19T14:06:00,2025-01-22T00:06:00,delivered,RTE-CHI-20250120-002,2025-01-23T23:06:00,,on_time
SHP-202509-000113,CLI-0155,HUB-IND,expedited,2025-09-10T17:39:00,2025-09-12T04:39:00,delivered,RTE-IND-20250910-003,2025-09-12T21:39:00,,on_time
SHP-202509-000114,CLI-0042,HUB-CMH,freight,2025-09-26T11:23:00,2025-09-27T17:23:00,delivered,,2025-09-30T21:23:00,,on_time
SHP-202502-000090,CLI-0155,HUB-DET,standard,2025-02-10T08:47:00,2025-02-11T14:47:00,delivered,RTE-DET-20250210-003,2025-02-14T00:47:00,,on_time
SHP-202510-000122,CLI-0155,HUB-CIN,standard,2025-10-20T19:50:00,2025-10-22T00:50:00,delivered,RTE-CIN-20251020-004,2025-10-24T06:50:00,,on_time
SHP-202510-000123,CLI-0201,HUB-IND,expedited,2025-10-21T18:11:00,2025-10-23T04:11:00,delivered,RTE-IND-20251021-002,2025-10-25T03:11:00,,on_time
SHP-202508-000106,CLI-0169,HUB-CIN,standard,2025-08-04T20:35:00,2025-08-08T01:35:00,delivered,RTE-CIN-20250804-001,2025-08-08T01:35:00,,on_time
SHP-202508-000107,CLI-0042,HUB-CHI,freight,2025-08-20T15:37:00,2025-08-24T00:37:00,delivered,,2025-08-24T00:37:00,,on_time
SHP-202508-000108,CLI-0042,HUB-IND,freight,2025-08-09T14:47:00,2025-08-11T20:47:00,delivered,,2025-08-13T10:47:00,,on_time
SHP-202507-000114,CLI-0169,HUB-CIN,standard,2025-07-05T12:14:00,2025-07-10T00:14:00,delivered,RTE-CIN-20250705-001,2025-07-10T00:14:00,,on_time
SHP-202508-000110,CLI-0007,HUB-DET,standard,2025-08-26T12:26:00,2025-08-27T21:26:00,delivered,RTE-DET-20250826-002,2025-08-29T14:26:00,,on_time
SHP-202511-000156,CLI-0201,HUB-CIN,standard,2025-11-04T09:54:00,2025-11-08T14:54:00,delivered,RTE-CIN-20251104-001,2025-11-08T20:54:00,,on_time
SHP-202502-000091,CLI-0042,HUB-DET,freight,2025-02-05T19:33:00,2025-02-07T19:33:00,delivered,,2025-02-10T02:33:00,,on_time
SHP-202507-000115,CLI-0201,HUB-IND,expedited,2025-07-17T14:07:00,2025-07-18T23:07:00,delivered,RTE-IND-20250717-005,2025-07-20T17:07:00,,on_time
SHP-202511-000158,CLI-0042,HUB-DET,freight,2025-11-28T13:52:00,2025-12-02T01:52:00,delivered,,2025-12-03T01:52:00,,on_time
SHP-202502-000092,CLI-0169,HUB-DET,standard,2025-02-27T08:58:00,2025-03-03T11:58:00,delivered,RTE-DET-20250227-002,2025-03-03T11:58:00,,on_time
SHP-202505-000091,CLI-0007,HUB-DET,expedited,2025-05-16T13:48:00,2025-05-17T17:48:00,delivered,RTE-DET-20250516-002,2025-05-18T19:48:00,,on_time
SHP-202503-000125,CLI-0042,HUB-CHI,freight,2025-03-17T20:23:00,2025-03-21T00:23:00,delivered,,2025-03-21T02:23:00,,on_time
SHP-202503-000126,CLI-0155,HUB-DET,expedited,2025-03-23T16:18:00,2025-03-25T04:18:00,delivered,RTE-DET-20250324-001,2025-03-26T07:18:00,,on_time
SHP-202511-000159,CLI-0169,HUB-CHI,standard,2025-11-13T14:20:00,2025-11-17T21:20:00,delivered,RTE-CHI-20251113-001,2025-11-17T21:20:00,,on_time
SHP-202504-000098,CLI-0042,HUB-DET,freight,2025-04-14T16:06:00,2025-04-15T20:06:00,delivered,,2025-04-19T09:06:00,,on_time
SHP-202503-000127,CLI-0042,HUB-CHI,freight,2025-03-09T09:15:00,2025-03-13T16:15:00,delivered,,2025-03-13T16:15:00,,on_time
SHP-202502-000093,CLI-0042,HUB-IND,freight,2025-02-20T18:40:00,2025-02-24T19:40:00,delivered,,2025-02-24T22:40:00,,on_time
SHP-202510-000127,CLI-0201,HUB-CMH,expedited,2025-10-19T13:49:00,2025-10-20T22:49:00,delivered,RTE-CMH-20251019-001,2025-10-22T22:49:00,,on_time
SHP-202503-000128,CLI-0201,HUB-CHI,expedited,2025-03-22T15:42:00,2025-03-23T23:42:00,delivered,RTE-CHI-20250322-001,2025-03-25T23:42:00,,on_time
SHP-202508-000112,CLI-0201,HUB-IND,standard,2025-08-31T10:30:00,2025-09-03T15:30:00,delivered,RTE-IND-20250831-001,2025-09-04T18:30:00,,on_time
SHP-202503-000129,CLI-0169,HUB-IND,standard,2025-03-16T12:36:00,2025-03-20T12:36:00,delivered,RTE-IND-20250317-001,2025-03-20T12:36:00,,on_time
SHP-202507-000116,CLI-0201,HUB-IND,standard,2025-07-26T08:29:00,2025-07-27T19:29:00,delivered,RTE-IND-20250727-001,2025-07-30T16:29:00,,on_time
SHP-202504-000099,CLI-0155,HUB-IND,expedited,2025-04-14T06:20:00,2025-04-15T12:20:00,delivered,RTE-IND-20250414-001,2025-04-16T12:20:00,,on_time
SHP-202502-000094,CLI-0169,HUB-DET,expedited,2025-02-08T15:30:00,2025-02-09T15:30:00,delivered,RTE-DET-20250208-001,2025-02-11T08:30:00,,on_time
SHP-202501-000105,CLI-0155,HUB-CIN,standard,2025-01-29T20:18:00,2025-02-01T07:18:00,delivered,RTE-CIN-20250130-001,2025-02-02T07:18:00,,on_time
SHP-202502-000095,CLI-0201,HUB-CHI,expedited,2025-02-07T15:19:00,2025-02-08T23:19:00,delivered,RTE-CHI-20250207-004,2025-02-11T02:19:00,,on_time
SHP-202502-000096,CLI-0169,HUB-CIN,standard,2025-02-15T16:16:00,2025-02-19T03:16:00,delivered,RTE-CIN-20250216-002,2025-02-19T03:16:00,,on_time
SHP-202501-000106,CLI-0007,HUB-IND,expedited,2025-01-12T11:57:00,2025-01-13T22:57:00,delivered,RTE-IND-20250112-001,2025-01-14T11:57:00,,on_time
SHP-202511-000164,CLI-0042,HUB-CHI,freight,2025-11-06T07:41:00,2025-11-10T19:41:00,delivered,,2025-11-10T19:41:00,,on_time
SHP-202507-000117,CLI-0042,HUB-CIN,freight,2025-07-25T19:24:00,2025-07-28T00:24:00,delivered,,2025-07-30T11:24:00,,on_time
SHP-202501-000108,CLI-0201,HUB-CHI,standard,2025-01-26T12:37:00,2025-01-27T14:37:00,delivered,RTE-CHI-20250126-001,2025-01-30T23:37:00,,on_time
SHP-202504-000102,CLI-0007,HUB-CIN,standard,2025-04-08T10:32:00,2025-04-12T10:32:00,delivered,RTE-CIN-20250409-002,2025-04-12T10:32:00,,on_time
SHP-202501-000109,CLI-0201,HUB-DET,expedited,2025-01-04T07:22:00,2025-01-05T11:22:00,delivered,RTE-DET-20250106-001,2025-01-08T06:22:00,,on_time
SHP-202502-000098,CLI-0155,HUB-CHI,expedited,2025-02-03T07:41:00,2025-02-04T13:41:00,delivered,RTE-CHI-20250203-002,2025-02-05T23:41:00,,on_time
SHP-202508-000115,CLI-0155,HUB-IND,standard,2025-08-30T19:15:00,2025-08-31T21:15:00,delivered,RTE-IND-20250830-001,2025-09-02T18:15:00,,on_time
SHP-202512-000163,CLI-0007,HUB-CHI,standard,2025-12-09T09:19:00,2025-12-12T13:19:00,delivered,RTE-CHI-20251209-004,2025-12-12T21:19:00,,on_time
SHP-202511-000166,CLI-0042,HUB-IND,freight,2025-11-15T06:56:00,2025-11-17T12:56:00,delivered,,2025-11-19T03:56:00,,on_time
SHP-202502-000099,CLI-0155,HUB-CHI,expedited,2025-02-23T10:21:00,2025-02-24T17:21:00,delivered,RTE-CHI-20250224-002,2025-02-25T23:21:00,,on_time
SHP-202504-000104,CLI-0155,HUB-CIN,standard,2025-04-20T17:17:00,2025-04-23T22:17:00,delivered,RTE-CIN-20250421-003,2025-04-24T08:17:00,,on_time
SHP-202509-000119,CLI-0169,HUB-DET,standard,2025-09-23T14:08:00,2025-09-27T15:08:00,delivered,RTE-DET-20250923-001,2025-09-27T15:08:00,,on_time
SHP-202503-000131,CLI-0155,HUB-CHI,expedited,2025-03-03T10:28:00,2025-03-04T11:28:00,delivered,RTE-CHI-20250304-001,2025-03-06T00:28:00,,on_time
SHP-202503-000133,CLI-0201,HUB-CIN,standard,2025-03-23T19:22:00,2025-03-26T21:22:00,delivered,RTE-CIN-20250323-001,2025-03-27T22:22:00,,on_time
SHP-202511-000167,CLI-0155,HUB-CIN,standard,2025-11-23T16:38:00,2025-11-27T20:38:00,delivered,RTE-CIN-20251124-002,2025-11-27T20:38:00,,on_time
SHP-202501-000112,CLI-0155,HUB-CMH,standard,2025-01-21T12:37:00,2025-01-26T00:37:00,delivered,RTE-CMH-20250121-003,2025-01-26T00:37:00,,on_time
SHP-202505-000093,CLI-0007,HUB-CMH,expedited,2025-05-30T15:38:00,2025-05-31T18:38:00,delivered,RTE-CMH-20250530-002,2025-06-01T02:38:00,,on_time
SHP-202512-000166,CLI-0201,HUB-DET,standard,2025-12-07T07:55:00,2025-12-10T11:55:00,delivered,RTE-DET-20251207-001,2025-12-11T19:55:00,,on_time
SHP-202511-000168,CLI-0201,HUB-IND,expedited,2025-11-24T07:00:00,2025-11-25T19:00:00,delivered,RTE-IND-20251124-001,2025-11-27T12:00:00,,on_time
SHP-202511-000169,CLI-0007,HUB-CIN,standard,2025-11-05T18:15:00,2025-11-10T00:15:00,delivered,RTE-CIN-20251105-003,2025-11-10T00:15:00,,on_time
SHP-202511-000170,CLI-0201,HUB-CMH,standard,2025-11-18T08:01:00,2025-11-21T09:01:00,delivered,RTE-CMH-20251118-001,2025-11-22T20:01:00,,on_time
SHP-202501-000114,CLI-0155,HUB-IND,expedited,2025-01-15T11:22:00,2025-01-20T11:22:00,delayed,RTE-IND-20250115-001,2025-01-16T23:22:00,84,>2d
SHP-202505-000094,CLI-0042,HUB-IND,freight,2025-05-22T13:44:00,2025-05-26T01:44:00,delivered,,2025-05-26T16:44:00,,on_time
SHP-202503-000136,CLI-0007,HUB-CHI,standard,2025-03-28T20:32:00,2025-04-01T08:32:00,delivered,RTE-CHI-20250328-002,2025-04-01T09:32:00,,on_time
SHP-202510-000131,CLI-0201,HUB-CIN,standard,2025-10-14T09:05:00,2025-10-18T13:05:00,delivered,RTE-CIN-20251014-001,2025-10-18T15:05:00,,on_time
SHP-202505-000095,CLI-0155,HUB-CMH,standard,2025-05-06T19:44:00,2025-05-08T22:44:00,delivered,RTE-CMH-20250506-001,2025-05-10T04:44:00,,on_time
SHP-202505-000096,CLI-0169,HUB-IND,standard,2025-05-14T11:57:00,2025-05-16T16:57:00,delivered,RTE-IND-20250514-001,2025-05-17T18:57:00,,on_time
SHP-202508-000119,CLI-0201,HUB-CMH,expedited,2025-08-13T08:01:00,2025-08-14T16:01:00,delivered,RTE-CMH-20250813-001,2025-08-16T13:01:00,,on_time
SHP-202511-000172,CLI-0169,HUB-DET,expedited,2025-11-29T08:04:00,2025-11-30T09:04:00,delivered,RTE-DET-20251129-001,2025-12-01T18:04:00,,on_time
SHP-202505-000097,CLI-0042,HUB-CIN,freight,2025-05-22T13:27:00,2025-05-24T19:27:00,delivered,,2025-05-26T20:27:00,,on_time
SHP-202504-000106,CLI-0155,HUB-CIN,standard,2025-04-21T10:21:00,2025-04-25T12:21:00,delivered,RTE-CIN-20250421-003,2025-04-25T12:21:00,,on_time
SHP-202510-000133,CLI-0042,HUB-CIN,freight,2025-10-28T06:45:00,2025-10-29T18:45:00,delivered,,2025-11-01T18:45:00,,on_time
SHP-202512-000168,CLI-0201,HUB-DET,standard,2025-12-25T13:08:00,2025-12-27T14:08:00,delivered,RTE-DET-20251225-002,2025-12-30T05:08:00,,on_time
SHP-202506-000109,CLI-0201,HUB-IND,standard,2025-06-09T08:16:00,2025-06-11T13:16:00,delivered,RTE-IND-20250609-004,2025-06-13T20:16:00,,on_time
SHP-202511-000173,CLI-0169,HUB-DET,expedited,2025-11-28T14:16:00,2025-11-29T23:16:00,delivered,RTE-DET-20251128-003,2025-12-01T08:16:00,,on_time
SHP-202501-000116,CLI-0007,HUB-CHI,standard,2025-01-31T14:00:00,2025-02-04T18:00:00,delivered,RTE-CHI-20250131-001,2025-02-04T18:00:00,,on_time
SHP-202510-000134,CLI-0007,HUB-CHI,standard,2025-10-18T15:31:00,2025-10-20T20:31:00,delivered,RTE-CHI-20251019-001,2025-10-22T09:31:00,,on_time
SHP-202512-000169,CLI-0201,HUB-DET,expedited,2025-12-04T16:35:00,2025-12-05T19:35:00,delivered,RTE-DET-20251204-002,2025-12-08T15:35:00,,on_time
SHP-202508-000120,CLI-0201,HUB-CMH,standard,2025-08-07T13:06:00,2025-08-11T22:06:00,delivered,RTE-CMH-20250807-001,2025-08-11T22:06:00,,on_time
SHP-202507-000125,CLI-0155,HUB-CMH,standard,2025-07-19T06:12:00,2025-07-22T15:12:00,delivered,RTE-CMH-20250720-001,2025-07-22T18:12:00,,on_time
SHP-202510-000136,CLI-0169,HUB-CMH,standard,2025-10-20T06:19:00,2025-10-23T14:19:00,delivered,RTE-CMH-20251020-001,2025-10-23T14:19:00,,on_time
SHP-202510-000137,CLI-0042,HUB-CMH,freight,2025-10-20T20:24:00,2025-10-22T00:24:00,delivered,,2025-10-25T06:24:00,,on_time
SHP-202512-000172,CLI-0169,HUB-CHI,expedited,2025-12-04T19:14:00,2025-12-06T01:14:00,delivered,RTE-CHI-20251204-001,2025-12-07T18:14:00,,on_time
SHP-202512-000173,CLI-0155,HUB-DET,standard,2025-12-01T12:52:00,2025-12-04T15:52:00,delivered,RTE-DET-20251201-001,2025-12-05T06:52:00,,on_time
SHP-202509-000124,CLI-0042,HUB-DET,freight,2025-09-07T06:44:00,2025-09-09T16:44:00,delivered,,2025-09-11T12:44:00,,on_time
SHP-202512-000174,CLI-0007,HUB-CMH,standard,2025-12-20T18:31:00,2025-12-23T20:31:00,delivered,RTE-CMH-20251220-002,2025-12-23T20:31:00,,on_time
SHP-202504-000108,CLI-0042,HUB-DET,freight,2025-04-13T13:06:00,2025-04-14T19:06:00,delivered,,2025-04-17T20:06:00,,on_time
SHP-202504-000109,CLI-0007,HUB-CHI,standard,2025-04-05T11:28:00,2025-04-09T20:28:00,delivered,RTE-CHI-20250407-002,2025-04-09T20:28:00,,on_time
SHP-202503-000139,CLI-0155,HUB-CHI,standard,2025-03-20T09:57:00,2025-03-24T15:57:00,delivered,RTE-CHI-20250320-001,2025-03-24T15:57:00,,on_time
SHP-202505-000098,CLI-0155,HUB-CIN,standard,2025-05-06T14:20:00,2025-05-07T20:20:00,delivered,RTE-CIN-20250506-001,2025-05-10T05:20:00,,on_time
SHP-202512-000176,CLI-0201,HUB-CMH,standard,2025-12-17T19:24:00,2025-12-18T22:24:00,delivered,RTE-CMH-20251217-003,2025-12-21T19:24:00,,on_time
SHP-202503-000140,CLI-0201,HUB-CIN,expedited,2025-03-15T12:08:00,2025-03-16T17:08:00,delivered,RTE-CIN-20250316-001,2025-03-19T00:08:00,,on_time
SHP-202508-000122,CLI-0169,HUB-DET,standard,2025-08-26T14:13:00,2025-08-28T23:13:00,delivered,RTE-DET-20250826-001,2025-08-30T03:13:00,,on_time
SHP-202512-000178,CLI-0169,HUB-DET,standard,2025-12-04T18:50:00,2025-12-07T21:50:00,delivered,RTE-DET-20251204-003,2025-12-08T02:50:00,,on_time
SHP-202507-000126,CLI-0007,HUB-CIN,standard,2025-07-21T10:57:00,2025-07-25T10:57:00,delivered,RTE-CIN-20250721-001,2025-07-25T10:57:00,,on_time
SHP-202502-000102,CLI-0042,HUB-CMH,freight,2025-02-03T11:54:00,2025-02-06T14:54:00,delivered,,2025-02-08T05:54:00,,on_time
SHP-202507-000128,CLI-0169,HUB-CIN,expedited,2025-07-05T13:30:00,2025-07-06T15:30:00,delivered,RTE-CIN-20250705-001,2025-07-07T08:30:00,,on_time
SHP-202507-000129,CLI-0042,HUB-CIN,freight,2025-07-14T17:52:00,2025-07-19T02:52:00,delivered,,2025-07-19T09:52:00,,on_time
SHP-202510-000138,CLI-0042,HUB-DET,freight,2025-10-20T16:36:00,2025-10-23T17:36:00,delivered,,2025-10-25T02:36:00,,on_time
SHP-202506-000110,CLI-0007,HUB-IND,standard,2025-06-14T18:31:00,2025-06-18T20:31:00,delivered,RTE-IND-20250616-003,2025-06-18T20:31:00,,on_time
SHP-202506-000111,CLI-0201,HUB-IND,standard,2025-06-06T17:48:00,2025-06-07T22:48:00,delivered,RTE-IND-20250606-001,2025-06-10T17:48:00,,on_time
SHP-202507-000131,CLI-0155,HUB-DET,standard,2025-07-14T18:32:00,2025-07-19T00:32:00,delivered,RTE-DET-20250715-001,2025-07-19T00:32:00,,on_time
SHP-202512-000181,CLI-0169,HUB-IND,standard,2025-12-29T13:18:00,2026-01-02T23:18:00,delivered,RTE-IND-20251229-003,2026-01-02T23:18:00,,on_time
SHP-202501-000119,CLI-0169,HUB-CIN,standard,2025-01-05T15:40:00,2025-01-12T15:40:00,delayed,RTE-CIN-20250105-002,2025-01-08T03:40:00,108,>2d
SHP-202511-000176,CLI-0007,HUB-CIN,standard,2025-11-20T17:08:00,2025-11-21T19:08:00,delivered,RTE-CIN-20251120-002,2025-11-23T03:08:00,,on_time
SHP-202502-000104,CLI-0007,HUB-CMH,standard,2025-02-16T16:14:00,2025-02-17T22:14:00,delivered,RTE-CMH-20250216-001,2025-02-19T04:14:00,,on_time
SHP-202512-000182,CLI-0155,HUB-CIN,expedited,2025-12-28T06:28:00,2025-12-29T06:28:00,delivered,RTE-CIN-20251229-001,2025-12-30T16:28:00,,on_time
SHP-202503-000141,CLI-0007,HUB-CHI,standard,2025-03-05T11:48:00,2025-03-07T17:48:00,delivered,RTE-CHI-20250305-001,2025-03-08T17:48:00,,on_time
SHP-202511-000177,CLI-0155,HUB-CIN,standard,2025-11-22T16:18:00,2025-11-25T21:18:00,delivered,RTE-CIN-20251124-001,2025-11-26T10:18:00,,on_time
SHP-202505-000100,CLI-0155,HUB-IND,expedited,2025-05-04T07:03:00,2025-05-05T12:03:00,delivered,RTE-IND-20250506-002,2025-05-06T01:03:00,,on_time
SHP-202501-000120,CLI-0201,HUB-CMH,standard,2025-01-31T20:45:00,2025-02-02T01:45:00,delivered,RTE-CMH-20250131-002,2025-02-05T01:45:00,,on_time
SHP-202509-000128,CLI-0155,HUB-DET,standard,2025-09-03T17:12:00,2025-09-05T17:12:00,delivered,RTE-DET-20250903-001,2025-09-07T06:12:00,,on_time
SHP-202511-000178,CLI-0169,HUB-CMH,standard,2025-11-20T19:42:00,2025-11-23T04:42:00,delivered,RTE-CMH-20251120-001,2025-11-23T17:42:00,,on_time
SHP-202504-000112,CLI-0042,HUB-DET,freight,2025-04-05T13:09:00,2025-04-07T13:09:00,delivered,,2025-04-10T04:09:00,,on_time
SHP-202509-000129,CLI-0155,HUB-CIN,standard,2025-09-12T09:31:00,2025-09-16T15:31:00,delivered,RTE-CIN-20250912-002,2025-09-16T15:31:00,,on_time
SHP-202503-000142,CLI-0042,HUB-IND,freight,2025-03-23T07:04:00,2025-03-27T16:04:00,delivered,,2025-03-27T16:04:00,,on_time
SHP-202511-000179,CLI-0155,HUB-CIN,standard,2025-11-20T07:38:00,2025-11-23T12:38:00,delivered,RTE-CIN-20251120-004,2025-11-23T16:38:00,,on_time
SHP-202506-000113,CLI-0169,HUB-DET,expedited,2025-06-17T14:21:00,2025-06-18T19:21:00,delivered,RTE-DET-20250617-003,2025-06-20T00:21:00,,on_time
SHP-202505-000102,CLI-0042,HUB-IND,freight,2025-05-07T11:52:00,2025-05-09T23:52:00,delivered,,2025-05-11T11:52:00,,on_time
SHP-202512-000185,CLI-0042,HUB-IND,freight,2025-12-25T10:13:00,2025-12-26T10:13:00,delivered,,2025-12-29T08:13:00,,on_time
SHP-202511-000182,CLI-0201,HUB-CMH,standard,2025-11-30T18:58:00,,failed,RTE-CMH-20251201-001,2025-12-04T20:58:00,,
SHP-202506-000114,CLI-0169,HUB-CMH,standard,2025-06-23T14:03:00,2025-06-28T01:03:00,delivered,RTE-CMH-20250623-001,2025-06-28T01:03:00,,on_time
SHP-202503-000145,CLI-0007,HUB-CHI,standard,2025-03-21T07:48:00,2025-03-24T10:48:00,delivered,RTE-CHI-20250321-001,2025-03-24T23:48:00,,on_time
SHP-202503-000146,CLI-0169,HUB-DET,expedited,2025-03-12T16:25:00,2025-03-14T04:25:00,delivered,RTE-DET-20250312-001,2025-03-15T04:25:00,,on_time
SHP-202505-000105,CLI-0201,HUB-CIN,standard,2025-05-29T09:37:00,2025-05-31T18:37:00,delivered,RTE-CIN-20250529-003,2025-06-02T11:37:00,,on_time
SHP-202509-000130,CLI-0007,HUB-CIN,expedited,2025-09-09T14:57:00,2025-09-10T20:57:00,delivered,RTE-CIN-20250909-010,2025-09-11T08:57:00,,on_time
SHP-202504-000113,CLI-0042,HUB-CIN,freight,2025-04-19T10:17:00,2025-04-23T12:17:00,delivered,,2025-04-23T23:17:00,,on_time
SHP-202505-000106,CLI-0169,HUB-IND,standard,2025-05-12T16:18:00,2025-05-17T01:18:00,delivered,RTE-IND-20250512-003,2025-05-17T01:18:00,,on_time
SHP-202511-000184,CLI-0201,HUB-CHI,standard,2025-11-30T06:24:00,2025-12-02T09:24:00,delivered,RTE-CHI-20251130-002,2025-12-04T06:24:00,,on_time
SHP-202509-000131,CLI-0042,HUB-CHI,freight,2025-09-19T19:11:00,2025-09-22T02:11:00,delivered,,2025-09-23T05:11:00,,on_time
SHP-202511-000186,CLI-0042,HUB-CMH,freight,2025-11-12T15:03:00,2025-11-15T15:03:00,delivered,,2025-11-16T22:03:00,,on_time
SHP-202507-000133,CLI-0201,HUB-CMH,standard,2025-07-10T06:57:00,2025-07-12T10:57:00,delivered,RTE-CMH-20250710-002,2025-07-14T12:57:00,,on_time
SHP-202504-000114,CLI-0042,HUB-DET,freight,2025-04-15T08:00:00,2025-04-17T15:00:00,delivered,,2025-04-20T00:00:00,,on_time
SHP-202510-000142,CLI-0155,HUB-IND,standard,2025-10-24T15:30:00,2025-10-26T18:30:00,delivered,RTE-IND-20251024-001,2025-10-27T10:30:00,,on_time
SHP-202502-000108,CLI-0201,HUB-CMH,standard,2025-02-03T12:53:00,2025-02-05T12:53:00,delivered,RTE-CMH-20250203-004,2025-02-07T15:53:00,,on_time
SHP-202512-000187,CLI-0155,HUB-IND,expedited,2025-12-03T09:51:00,2025-12-04T19:51:00,delivered,RTE-IND-20251203-003,2025-12-05T05:51:00,,on_time
SHP-202508-000126,CLI-0169,HUB-IND,expedited,2025-08-30T14:09:00,2025-09-01T00:09:00,delivered,RTE-IND-20250830-001,2025-09-01T21:09:00,,on_time
SHP-202510-000143,CLI-0201,HUB-CMH,standard,2025-10-05T20:08:00,2025-10-09T06:08:00,delivered,RTE-CMH-20251005-001,2025-10-09T20:08:00,,on_time
SHP-202512-000189,CLI-0201,HUB-CMH,expedited,2025-12-21T14:02:00,2025-12-22T23:02:00,delivered,RTE-CMH-20251221-001,2025-12-24T20:02:00,,on_time
SHP-202503-000148,CLI-0169,HUB-CIN,expedited,2025-03-01T14:42:00,2025-03-02T17:42:00,delivered,RTE-CIN-20250303-001,2025-03-03T20:42:00,,on_time
SHP-202510-000144,CLI-0201,HUB-CMH,standard,2025-10-23T16:29:00,2025-10-26T03:29:00,delivered,RTE-CMH-20251023-003,2025-10-27T18:29:00,,on_time
SHP-202509-000132,CLI-0007,HUB-IND,standard,2025-09-11T12:19:00,2025-09-12T15:19:00,delivered,RTE-IND-20250911-001,2025-09-14T08:19:00,,on_time
SHP-202501-000122,CLI-0155,HUB-CMH,standard,2025-01-13T19:49:00,2025-01-14T23:49:00,delivered,RTE-CMH-20250113-002,2025-01-17T11:49:00,,on_time
SHP-202510-000145,CLI-0042,HUB-IND,freight,2025-10-02T15:07:00,2025-10-06T17:07:00,delivered,,2025-10-06T17:07:00,,on_time
SHP-202510-000146,CLI-0007,HUB-CMH,standard,2025-10-13T20:42:00,2025-10-18T04:42:00,delivered,RTE-CMH-20251013-004,2025-10-18T04:42:00,,on_time
SHP-202507-000136,CLI-0042,HUB-CIN,freight,2025-07-20T18:00:00,2025-07-24T03:00:00,delivered,,2025-07-25T03:00:00,,on_time
SHP-202510-000147,CLI-0201,HUB-IND,expedited,2025-10-17T19:16:00,2025-10-19T07:16:00,delivered,RTE-IND-20251017-002,2025-10-20T23:16:00,,on_time
SHP-202508-000130,CLI-0169,HUB-DET,standard,2025-08-10T16:46:00,2025-08-14T23:46:00,delivered,RTE-DET-20250811-001,2025-08-14T23:46:00,,on_time
SHP-202510-000148,CLI-0155,HUB-DET,standard,2025-10-02T12:48:00,2025-10-04T19:48:00,delivered,RTE-DET-20251002-003,2025-10-06T06:48:00,,on_time
SHP-202511-000191,CLI-0155,HUB-IND,standard,2025-11-19T09:20:00,2025-11-22T12:20:00,delivered,RTE-IND-20251119-002,2025-11-22T12:20:00,,on_time
SHP-202510-000149,CLI-0155,HUB-CHI,expedited,2025-10-17T14:43:00,2025-10-18T18:43:00,delivered,RTE-CHI-20251017-001,2025-10-20T06:43:00,,on_time
SHP-202509-000134,CLI-0201,HUB-DET,expedited,2025-09-12T20:36:00,2025-09-14T01:36:00,delivered,RTE-DET-20250912-002,2025-09-16T08:36:00,,on_time
SHP-202503-000151,CLI-0007,HUB-IND,standard,2025-03-16T12:52:00,2025-03-20T12:52:00,delivered,RTE-IND-20250317-001,2025-03-20T12:52:00,,on_time
SHP-202502-000111,CLI-0155,HUB-DET,standard,2025-02-04T14:37:00,2025-02-08T17:37:00,delivered,RTE-DET-20250205-002,2025-02-08T17:37:00,,on_time
SHP-202505-000109,CLI-0201,HUB-DET,standard,2025-05-17T13:27:00,2025-05-18T15:27:00,delivered,RTE-DET-20250517-001,2025-05-22T07:27:00,,on_time
SHP-202504-000117,CLI-0042,HUB-CMH,freight,2025-04-03T19:04:00,2025-04-06T21:04:00,delivered,,2025-04-08T05:04:00,,on_time
SHP-202512-000195,CLI-0042,HUB-CIN,freight,2025-12-18T06:00:00,2025-12-21T10:00:00,delivered,,2025-12-22T13:00:00,,on_time
SHP-202504-000118,CLI-0042,HUB-CHI,freight,2025-04-15T07:36:00,2025-04-18T19:36:00,delivered,,2025-04-19T00:36:00,,on_time
SHP-202504-000119,CLI-0042,HUB-CHI,freight,2025-04-23T16:19:00,2025-04-27T23:19:00,delivered,,2025-04-27T23:19:00,,on_time
SHP-202504-000120,CLI-0007,HUB-DET,expedited,2025-04-20T13:09:00,2025-04-21T19:09:00,delivered,RTE-DET-20250421-001,2025-04-22T15:09:00,,on_time
SHP-202511-000193,CLI-0042,HUB-CIN,freight,2025-11-11T18:17:00,2025-11-16T00:17:00,delivered,,2025-11-16T04:17:00,,on_time
SHP-202509-000136,CLI-0042,HUB-DET,freight,2025-09-26T14:39:00,2025-09-30T23:39:00,delivered,,2025-10-01T08:39:00,,on_time
SHP-202504-000121,CLI-0007,HUB-CIN,expedited,2025-04-16T16:24:00,2025-04-17T22:24:00,delivered,RTE-CIN-20250416-004,2025-04-18T04:24:00,,on_time
SHP-202504-000122,CLI-0169,HUB-DET,standard,2025-04-17T17:18:00,2025-04-22T02:18:00,delivered,RTE-DET-20250417-002,2025-04-22T02:18:00,,on_time
SHP-202506-000119,CLI-0042,HUB-DET,freight,2025-06-26T12:46:00,2025-06-30T13:46:00,delivered,,2025-06-30T20:46:00,,on_time
SHP-202502-000112,CLI-0155,HUB-DET,standard,2025-02-10T08:54:00,2025-02-12T11:54:00,delivered,RTE-DET-20250210-003,2025-02-13T14:54:00,,on_time
SHP-202510-000150,CLI-0201,HUB-CHI,standard,2025-10-08T18:12:00,2025-10-09T19:12:00,delivered,RTE-CHI-20251008-001,2025-10-12T21:12:00,,on_time
SHP-202505-000110,CLI-0042,HUB-CIN,freight,2025-05-20T14:57:00,2025-05-22T16:57:00,delivered,,2025-05-25T01:57:00,,on_time
SHP-202505-000111,CLI-0201,HUB-CHI,standard,2025-05-09T13:08:00,2025-05-11T14:08:00,delivered,RTE-CHI-20250509-003,2025-05-14T00:08:00,,on_time
SHP-202511-000194,CLI-0155,HUB-CMH,standard,2025-11-04T12:24:00,2025-11-07T12:24:00,delivered,RTE-CMH-20251104-001,2025-11-07T20:24:00,,on_time
SHP-202506-000120,CLI-0042,HUB-CHI,freight,2025-06-11T12:49:00,2025-06-13T19:49:00,delivered,,2025-06-15T03:49:00,,on_time
SHP-202503-000154,CLI-0155,HUB-DET,standard,2025-03-13T06:57:00,2025-03-17T10:57:00,delivered,RTE-DET-20250313-002,2025-03-17T10:57:00,,on_time
SHP-202511-000195,CLI-0155,HUB-IND,standard,2025-11-24T13:58:00,2025-11-28T14:58:00,delivered,RTE-IND-20251124-001,2025-11-28T14:58:00,,on_time
SHP-202511-000197,CLI-0169,HUB-CMH,expedited,2025-11-15T15:07:00,2025-11-17T03:07:00,delivered,RTE-CMH-20251115-001,2025-11-17T18:07:00,,on_time
SHP-202511-000198,CLI-0201,HUB-CHI,standard,2025-11-12T10:00:00,2025-11-17T10:00:00,delayed,RTE-CHI-20251112-002,2025-11-16T20:00:00,14,1-2d
SHP-202508-000134,CLI-0201,HUB-CHI,standard,2025-08-03T15:16:00,2025-08-08T15:16:00,delayed,RTE-CHI-20250804-001,2025-08-07T12:16:00,27,1-2d
SHP-202509-000141,CLI-0201,HUB-CMH,expedited,2025-09-18T10:51:00,2025-09-19T11:51:00,delivered,RTE-CMH-20250918-003,2025-09-21T20:51:00,,on_time
SHP-202510-000151,CLI-0201,HUB-DET,standard,2025-10-05T11:19:00,2025-10-07T20:19:00,delivered,RTE-DET-20251006-001,2025-10-10T06:19:00,,on_time
SHP-202512-000197,CLI-0169,HUB-CMH,standard,2025-12-06T19:27:00,2025-12-10T19:27:00,delivered,RTE-CMH-20251206-003,2025-12-10T19:27:00,,on_time
SHP-202502-000115,CLI-0042,HUB-CHI,freight,2025-02-12T14:27:00,2025-02-14T02:27:00,delivered,,2025-02-16T07:27:00,,on_time
SHP-202512-000198,CLI-0042,HUB-CMH,freight,2025-12-24T13:11:00,2025-12-27T18:11:00,delivered,,2025-12-28T22:11:00,,on_time
SHP-202512-000199,CLI-0169,HUB-CIN,standard,2025-12-14T08:57:00,2025-12-15T08:57:00,delivered,RTE-CIN-20251214-001,2025-12-17T07:57:00,,on_time
SHP-202510-000152,CLI-0042,HUB-CIN,freight,2025-10-26T06:52:00,2025-10-28T12:52:00,delivered,,2025-10-31T00:52:00,,on_time
SHP-202502-000116,CLI-0155,HUB-CHI,standard,2025-02-03T17:32:00,2025-02-06T04:32:00,delivered,RTE-CHI-20250203-003,2025-02-07T00:32:00,,on_time
SHP-202505-000114,CLI-0169,HUB-CHI,standard,2025-05-26T18:28:00,2025-05-29T22:28:00,delivered,RTE-CHI-20250526-001,2025-05-30T21:28:00,,on_time
SHP-202512-000200,CLI-0201,HUB-DET,expedited,2025-12-01T09:50:00,,failed,RTE-DET-20251201-001,2025-12-05T04:50:00,,
SHP-202501-000125,CLI-0007,HUB-CHI,standard,2025-01-31T13:08:00,2025-02-01T17:08:00,delivered,RTE-CHI-20250131-001,2025-02-04T07:08:00,,on_time
SHP-202503-000157,CLI-0169,HUB-CMH,standard,2025-03-22T19:54:00,2025-03-26T21:54:00,delivered,RTE-CMH-20250322-001,2025-03-26T21:54:00,,on_time
SHP-202509-000143,CLI-0201,HUB-IND,standard,2025-09-12T19:20:00,2025-09-17T05:20:00,delivered,RTE-IND-20250912-001,2025-09-17T05:20:00,,on_time
SHP-202501-000126,CLI-0169,HUB-CIN,standard,2025-01-05T06:06:00,2025-01-07T09:06:00,delivered,RTE-CIN-20250105-001,2025-01-08T00:06:00,,on_time
SHP-202511-000200,CLI-0042,HUB-DET,freight,2025-11-10T17:37:00,2025-11-14T17:37:00,delivered,,2025-11-15T11:37:00,,on_time
SHP-202505-000116,CLI-0201,HUB-CIN,standard,2025-05-26T18:04:00,2025-05-31T01:04:00,delivered,RTE-CIN-20250526-001,2025-05-31T05:04:00,,on_time
SHP-202511-000201,CLI-0169,HUB-CIN,standard,2025-11-08T10:19:00,2025-11-09T13:19:00,delivered,RTE-CIN-20251108-001,2025-11-11T05:19:00,,on_time
SHP-202512-000202,CLI-0155,HUB-DET,standard,2025-12-09T14:14:00,2025-12-13T17:14:00,delivered,RTE-DET-20251209-002,2025-12-13T17:14:00,,on_time
SHP-202507-000140,CLI-0042,HUB-CMH,freight,2025-07-23T18:51:00,2025-07-27T18:51:00,delivered,,2025-07-28T02:51:00,,on_time
SHP-202507-000141,CLI-0169,HUB-CHI,standard,2025-07-19T09:00:00,2025-07-20T14:00:00,delivered,RTE-CHI-20250719-001,2025-07-23T12:00:00,,on_time
SHP-202512-000203,CLI-0155,HUB-DET,standard,2025-12-03T12:13:00,2025-12-06T13:13:00,delivered,RTE-DET-20251203-001,2025-12-07T02:13:00,,on_time
SHP-202502-000117,CLI-0201,HUB-CHI,standard,2025-02-17T10:46:00,2025-02-18T11:46:00,delivered,RTE-CHI-20250217-001,2025-02-21T17:46:00,,on_time
SHP-202511-000204,CLI-0169,HUB-DET,expedited,2025-11-20T12:06:00,2025-11-22T00:06:00,delivered,RTE-DET-20251120-002,2025-11-22T23:06:00,,on_time
SHP-202508-000136,CLI-0007,HUB-CIN,standard,2025-08-26T18:07:00,2025-08-31T01:07:00,delivered,RTE-CIN-20250826-001,2025-08-31T01:07:00,,on_time
SHP-202506-000125,CLI-0042,HUB-IND,freight,2025-06-24T09:19:00,2025-06-28T13:19:00,delivered,,2025-06-28T13:19:00,,on_time
SHP-202507-000143,CLI-0155,HUB-IND,standard,2025-07-06T06:18:00,2025-07-07T08:18:00,delivered,RTE-IND-20250707-001,2025-07-09T02:18:00,,on_time
SHP-202509-000145,CLI-0007,HUB-IND,standard,2025-09-26T10:49:00,2025-09-27T12:49:00,delivered,RTE-IND-20250929-001,2025-09-29T11:49:00,,on_time
SHP-202510-000153,CLI-0007,HUB-CHI,standard,2025-10-23T10:53:00,2025-10-24T22:53:00,delivered,RTE-CHI-20251023-001,2025-10-26T16:53:00,,on_time
SHP-202501-000127,CLI-0201,HUB-CMH,standard,2025-01-21T10:47:00,2025-01-22T11:47:00,delivered,RTE-CMH-20250121-002,2025-01-25T14:47:00,,on_time
SHP-202501-000129,CLI-0169,HUB-CHI,standard,2025-01-08T08:46:00,2025-01-09T13:46:00,delivered,RTE-CHI-20250108-002,2025-01-12T12:46:00,,on_time
SHP-202507-000145,CLI-0155,HUB-DET,standard,2025-07-13T19:40:00,2025-07-18T00:40:00,delivered,RTE-DET-20250713-001,2025-07-18T00:40:00,,on_time
SHP-202503-000163,CLI-0042,HUB-DET,freight,2025-03-23T14:18:00,2025-03-24T18:18:00,delivered,,2025-03-27T22:18:00,,on_time
SHP-202510-000155,CLI-0155,HUB-CHI,standard,2025-10-28T17:55:00,2025-11-01T23:55:00,delivered,RTE-CHI-20251028-003,2025-11-01T23:55:00,,on_time
SHP-202505-000120,CLI-0155,HUB-CIN,expedited,2025-05-11T17:25:00,2025-05-13T02:25:00,delivered,RTE-CIN-20250512-002,2025-05-14T09:25:00,,on_time
SHP-202502-000119,CLI-0155,HUB-IND,expedited,2025-02-24T18:42:00,2025-02-26T03:42:00,delivered,RTE-IND-20250224-002,2025-02-26T20:42:00,,on_time
SHP-202510-000156,CLI-0201,HUB-DET,standard,2025-10-16T20:15:00,2025-10-20T01:15:00,delivered,RTE-DET-20251016-002,2025-10-21T19:15:00,,on_time
SHP-202503-000165,CLI-0042,HUB-CHI,freight,2025-03-12T13:26:00,2025-03-13T14:26:00,delivered,,2025-03-16T04:26:00,,on_time
SHP-202502-000120,CLI-0042,HUB-CIN,freight,2025-02-19T12:07:00,2025-02-28T12:07:00,delivered,,2025-02-28T12:07:00,,on_time
SHP-202510-000157,CLI-0042,HUB-CMH,freight,2025-10-12T16:36:00,2025-10-15T19:36:00,delivered,,2025-10-17T05:36:00,,on_time
SHP-202511-000206,CLI-0007,HUB-CHI,standard,2025-11-13T18:56:00,2025-11-17T20:56:00,delivered,RTE-CHI-20251113-001,2025-11-17T20:56:00,,on_time
SHP-202508-000138,CLI-0155,HUB-CIN,standard,2025-08-16T17:51:00,2025-08-17T20:51:00,delivered,RTE-CIN-20250816-001,2025-08-20T09:51:00,,on_time
SHP-202502-000122,CLI-0201,HUB-CIN,expedited,2025-02-27T19:08:00,2025-02-28T21:08:00,delivered,RTE-CIN-20250227-002,2025-03-03T02:08:00,,on_time
SHP-202503-000166,CLI-0042,HUB-CIN,freight,2025-03-06T19:38:00,2025-03-07T22:38:00,delivered,,2025-03-11T01:38:00,,on_time
SHP-202510-000158,CLI-0169,HUB-CIN,standard,2025-10-03T10:16:00,2025-10-05T12:16:00,delivered,RTE-CIN-20251003-002,2025-10-06T08:16:00,,on_time
SHP-202503-000167,CLI-0007,HUB-DET,expedited,2025-03-17T14:05:00,2025-03-18T19:05:00,delivered,RTE-DET-20250317-001,2025-03-19T16:05:00,,on_time
SHP-202508-000139,CLI-0155,HUB-IND,standard,2025-08-24T18:00:00,2025-08-26T06:00:00,delivered,RTE-IND-20250824-001,2025-08-27T23:00:00,,on_time
SHP-202510-000159,CLI-0042,HUB-CIN,freight,2025-10-03T06:46:00,2025-10-06T11:46:00,delivered,,2025-10-07T17:46:00,,on_time
SHP-202505-000121,CLI-0042,HUB-IND,freight,2025-05-28T12:30:00,2025-06-01T19:30:00,delivered,,2025-06-01T19:30:00,,on_time
SHP-202501-000132,CLI-0042,HUB-CMH,freight,2025-01-14T16:16:00,2025-01-18T21:16:00,delivered,,2025-01-19T04:16:00,,on_time
SHP-202511-000209,CLI-0169,HUB-CIN,standard,2025-11-22T08:25:00,2025-11-23T11:25:00,delivered,RTE-CIN-20251124-004,2025-11-25T07:25:00,,on_time
SHP-202507-000148,CLI-0155,HUB-CIN,standard,2025-07-31T11:23:00,2025-08-03T15:23:00,delivered,RTE-CIN-20250731-004,2025-08-04T05:23:00,,on_time
SHP-202511-000210,CLI-0201,HUB-CHI,standard,2025-11-17T15:54:00,2025-11-22T00:54:00,delivered,RTE-CHI-20251117-003,2025-11-22T00:54:00,,on_time
SHP-202505-000122,CLI-0155,HUB-CHI,standard,2025-05-14T13:31:00,2025-05-16T21:31:00,delivered,RTE-CHI-20250514-003,2025-05-18T05:31:00,,on_time
SHP-202512-000211,CLI-0201,HUB-CIN,standard,2025-12-11T17:10:00,2025-12-14T23:10:00,delivered,RTE-CIN-20251212-001,2025-12-15T18:10:00,,on_time
SHP-202502-000123,CLI-0155,HUB-CMH,standard,2025-02-23T06:52:00,2025-02-27T08:52:00,delivered,RTE-CMH-20250224-001,2025-02-27T08:52:00,,on_time
SHP-202509-000150,CLI-0042,HUB-CHI,freight,2025-09-29T17:06:00,2025-10-01T21:06:00,delivered,,2025-10-03T09:06:00,,on_time
SHP-202503-000168,CLI-0042,HUB-IND,freight,2025-03-10T06:18:00,2025-03-11T10:18:00,delivered,,2025-03-14T03:18:00,,on_time
SHP-202503-000171,CLI-0169,HUB-CHI,standard,2025-03-10T12:54:00,2025-03-11T13:54:00,delivered,RTE-CHI-20250310-001,2025-03-14T07:54:00,,on_time
SHP-202501-000135,CLI-0169,HUB-DET,standard,2025-01-16T08:53:00,2025-01-17T11:53:00,delivered,RTE-DET-20250116-003,2025-01-19T18:53:00,,on_time
SHP-202511-000213,CLI-0201,HUB-IND,standard,2025-11-14T11:08:00,2025-11-15T15:08:00,delivered,RTE-IND-20251114-002,2025-11-18T15:08:00,,on_time
SHP-202511-000214,CLI-0007,HUB-CIN,standard,2025-11-06T15:18:00,2025-11-09T18:18:00,delivered,RTE-CIN-20251106-002,2025-11-09T18:18:00,,on_time
SHP-202512-000213,CLI-0155,HUB-CHI,standard,2025-12-23T12:47:00,2025-12-26T22:47:00,delivered,RTE-CHI-20251223-003,2025-12-26T22:47:00,,on_time
SHP-202506-000128,CLI-0201,HUB-DET,standard,2025-06-22T18:47:00,2025-06-23T19:47:00,delivered,RTE-DET-20250622-001,2025-06-27T11:47:00,,on_time
SHP-202503-000172,CLI-0042,HUB-CMH,freight,2025-03-07T09:55:00,2025-03-09T14:55:00,delivered,,2025-03-11T23:55:00,,on_time
SHP-202509-000151,CLI-0201,HUB-CIN,standard,2025-09-18T16:54:00,2025-09-21T01:54:00,delivered,RTE-CIN-20250918-001,2025-09-22T20:54:00,,on_time
SHP-202505-000124,CLI-0042,HUB-CMH,freight,2025-05-16T09:19:00,2025-05-17T21:19:00,delivered,,2025-05-21T00:19:00,,on_time
SHP-202501-000136,CLI-0169,HUB-CIN,expedited,2025-01-24T06:06:00,2025-01-25T13:06:00,delivered,RTE-CIN-20250124-001,2025-01-26T08:06:00,,on_time
SHP-202510-000160,CLI-0042,HUB-DET,freight,2025-10-21T10:37:00,2025-10-25T22:37:00,delivered,,2025-10-25T23:37:00,,on_time
SHP-202506-000129,CLI-0155,HUB-CMH,expedited,2025-06-19T20:19:00,2025-06-21T08:19:00,delivered,RTE-CMH-20250619-002,2025-06-22T07:19:00,,on_time
SHP-202510-000161,CLI-0042,HUB-DET,freight,2025-10-16T15:44:00,2025-10-20T17:44:00,delivered,,2025-10-21T08:44:00,,on_time
SHP-202512-000216,CLI-0201,HUB-IND,standard,2025-12-22T18:54:00,2025-12-27T03:54:00,delivered,RTE-IND-20251222-001,2025-12-27T03:54:00,,on_time
SHP-202507-000154,CLI-0042,HUB-CMH,freight,2025-07-19T19:48:00,2025-07-21T20:48:00,delivered,,2025-07-24T06:48:00,,on_time
SHP-202507-000156,CLI-0155,HUB-IND,standard,2025-07-08T13:28:00,2025-07-11T19:28:00,delivered,RTE-IND-20250708-001,2025-07-11T19:28:00,,on_time
SHP-202503-000175,CLI-0169,HUB-CMH,standard,2025-03-08T07:47:00,2025-03-12T13:47:00,delivered,RTE-CMH-20250308-001,2025-03-12T13:47:00,,on_time
SHP-202512-000218,CLI-0007,HUB-CHI,standard,2025-12-12T13:14:00,2025-12-14T18:14:00,delivered,RTE-CHI-20251212-001,2025-12-16T04:14:00,,on_time
SHP-202503-000176,CLI-0201,HUB-CMH,standard,2025-03-29T20:05:00,2025-03-31T22:05:00,delivered,RTE-CMH-20250331-002,2025-04-02T22:05:00,,on_time
SHP-202508-000143,CLI-0042,HUB-CHI,freight,2025-08-09T13:13:00,2025-08-10T19:13:00,delivered,,2025-08-13T01:13:00,,on_time
SHP-202502-000126,CLI-0155,HUB-CIN,expedited,2025-02-22T12:10:00,2025-02-23T17:10:00,delivered,RTE-CIN-20250223-001,2025-02-24T21:10:00,,on_time
SHP-202509-000153,CLI-0169,HUB-DET,standard,2025-09-21T09:36:00,2025-09-22T16:36:00,delivered,RTE-DET-20250921-002,2025-09-24T18:36:00,,on_time
SHP-202512-000222,CLI-0201,HUB-DET,standard,2025-12-26T07:29:00,2025-12-27T13:29:00,delivered,RTE-DET-20251226-001,2025-12-31T06:29:00,,on_time
SHP-202509-000154,CLI-0201,HUB-CIN,expedited,2025-09-12T08:55:00,2025-09-13T13:55:00,delivered,RTE-CIN-20250912-003,2025-09-15T18:55:00,,on_time
SHP-202512-000223,CLI-0201,HUB-IND,standard,2025-12-12T11:34:00,,failed,RTE-IND-20251212-001,2025-12-16T20:34:00,,
SHP-202502-000127,CLI-0201,HUB-CIN,standard,2025-02-23T07:33:00,2025-02-25T08:33:00,delivered,RTE-CIN-20250223-001,2025-02-27T07:33:00,,on_time
SHP-202510-000165,CLI-0155,HUB-CHI,standard,2025-10-30T15:34:00,2025-10-31T17:34:00,delivered,RTE-CHI-20251030-002,2025-11-03T01:34:00,,on_time
SHP-202505-000125,CLI-0155,HUB-CIN,standard,2025-05-30T17:39:00,2025-06-01T03:39:00,delivered,RTE-CIN-20250530-002,2025-06-03T06:39:00,,on_time
SHP-202512-000225,CLI-0007,HUB-IND,expedited,2025-12-22T09:57:00,2025-12-23T16:57:00,delivered,RTE-IND-20251222-001,2025-12-24T13:57:00,,on_time
SHP-202501-000138,CLI-0042,HUB-IND,freight,2025-01-27T18:24:00,2025-01-31T04:24:00,delivered,,2025-01-31T15:24:00,,on_time
SHP-202508-000145,CLI-0042,HUB-CMH,freight,2025-08-22T08:17:00,2025-08-24T20:17:00,delivered,,2025-08-26T19:17:00,,on_time
SHP-202509-000156,CLI-0169,HUB-DET,standard,2025-09-05T15:10:00,2025-09-08T02:10:00,delivered,RTE-DET-20250907-001,2025-09-09T05:10:00,,on_time
SHP-202501-000139,CLI-0169,HUB-CIN,standard,2025-01-25T18:02:00,2025-01-28T21:02:00,delivered,RTE-CIN-20250126-001,2025-01-28T21:02:00,,on_time
SHP-202507-000159,CLI-0169,HUB-IND,standard,2025-07-21T11:52:00,2025-07-22T14:52:00,delivered,RTE-IND-20250721-002,2025-07-24T23:52:00,,on_time
SHP-202508-000146,CLI-0169,HUB-CMH,standard,2025-08-07T15:17:00,2025-08-10T02:17:00,delivered,RTE-CMH-20250807-002,2025-08-10T21:17:00,,on_time
SHP-202511-000221,CLI-0155,HUB-CMH,standard,2025-11-26T11:11:00,2025-11-27T22:11:00,delivered,RTE-CMH-20251126-001,2025-11-29T18:11:00,,on_time
SHP-202508-000147,CLI-0169,HUB-CIN,standard,2025-08-08T18:48:00,2025-08-12T22:48:00,delivered,RTE-CIN-20250808-001,2025-08-12T22:48:00,,on_time
SHP-202503-000179,CLI-0169,HUB-CIN,standard,2025-03-12T17:57:00,2025-03-16T04:57:00,delivered,RTE-CIN-20250313-001,2025-03-16T04:57:00,,on_time
SHP-202510-000167,CLI-0169,HUB-IND,expedited,2025-10-29T19:39:00,2025-10-31T03:39:00,delivered,RTE-IND-20251029-002,2025-11-01T03:39:00,,on_time
SHP-202501-000140,CLI-0042,HUB-CMH,freight,2025-01-14T06:09:00,2025-01-17T16:09:00,delivered,,2025-01-18T13:09:00,,on_time
SHP-202502-000130,CLI-0169,HUB-IND,standard,2025-02-05T14:13:00,2025-02-09T22:13:00,delivered,RTE-IND-20250205-002,2025-02-09T22:13:00,,on_time
SHP-202504-000134,CLI-0155,HUB-IND,standard,2025-04-04T14:33:00,2025-04-08T23:33:00,delivered,RTE-IND-20250404-001,2025-04-08T23:33:00,,on_time
SHP-202505-000128,CLI-0007,HUB-CIN,standard,2025-05-28T19:11:00,2025-05-30T06:11:00,delivered,RTE-CIN-20250529-004,2025-05-31T01:11:00,,on_time
SHP-202503-000181,CLI-0007,HUB-CHI,standard,2025-03-10T08:56:00,2025-03-11T18:56:00,delivered,RTE-CHI-20250310-002,2025-03-13T22:56:00,,on_time
SHP-202506-000130,CLI-0042,HUB-DET,freight,2025-06-06T17:00:00,2025-06-08T23:00:00,delivered,,2025-06-11T02:00:00,,on_time
SHP-202508-000148,CLI-0007,HUB-DET,standard,2025-08-30T08:57:00,2025-09-03T13:57:00,delivered,RTE-DET-20250831-001,2025-09-03T13:57:00,,on_time
SHP-202507-000161,CLI-0155,HUB-DET,standard,2025-07-05T08:55:00,2025-07-06T13:55:00,delivered,RTE-DET-20250706-001,2025-07-08T17:55:00,,on_time
SHP-202512-000227,CLI-0007,HUB-IND,standard,2025-12-03T14:09:00,2025-12-05T19:09:00,delivered,RTE-IND-20251203-003,2025-12-06T19:09:00,,on_time
SHP-202506-000132,CLI-0007,HUB-DET,expedited,2025-06-07T13:47:00,2025-06-08T20:47:00,delivered,RTE-DET-20250607-001,2025-06-09T07:47:00,,on_time
SHP-202504-000135,CLI-0201,HUB-IND,standard,2025-04-23T06:36:00,2025-04-26T15:36:00,delivered,RTE-IND-20250423-001,2025-04-27T08:36:00,,on_time
SHP-202509-000157,CLI-0007,HUB-CHI,expedited,2025-09-13T15:52:00,2025-09-15T00:52:00,delivered,RTE-CHI-20250913-001,2025-09-16T03:52:00,,on_time
SHP-202502-000131,CLI-0169,HUB-CHI,standard,2025-02-27T14:58:00,2025-03-01T16:58:00,delivered,RTE-CHI-20250227-002,2025-03-03T10:58:00,,on_time
SHP-202502-000132,CLI-0169,HUB-DET,expedited,2025-02-20T17:55:00,2025-02-21T20:55:00,delivered,RTE-DET-20250223-002,2025-02-23T02:55:00,,on_time
SHP-202503-000183,CLI-0042,HUB-IND,freight,2025-03-30T18:35:00,2025-04-04T02:35:00,delivered,,2025-04-04T02:35:00,,on_time
SHP-202501-000142,CLI-0155,HUB-CHI,expedited,2025-01-09T16:05:00,2025-01-11T04:05:00,delivered,RTE-CHI-20250109-001,2025-01-12T02:05:00,,on_time
SHP-202511-000223,CLI-0042,HUB-CIN,freight,2025-11-10T12:30:00,2025-11-14T13:30:00,delivered,,2025-11-14T20:30:00,,on_time
SHP-202512-000229,CLI-0201,HUB-DET,expedited,2025-12-25T08:03:00,2025-12-26T20:03:00,delivered,RTE-DET-20251225-001,2025-12-29T00:03:00,,on_time
SHP-202512-000230,CLI-0007,HUB-DET,standard,2025-12-11T08:58:00,2025-12-12T17:58:00,delivered,RTE-DET-20251212-002,2025-12-14T12:58:00,,on_time
SHP-202501-000144,CLI-0169,HUB-CIN,expedited,2025-01-17T20:15:00,2025-01-19T05:15:00,delivered,RTE-CIN-20250117-001,2025-01-19T15:15:00,,on_time
SHP-202511-000225,CLI-0155,HUB-CIN,standard,2025-11-30T18:50:00,2025-12-01T19:50:00,delivered,RTE-CIN-20251201-003,2025-12-04T11:50:00,,on_time
SHP-202506-000133,CLI-0201,HUB-IND,expedited,2025-06-17T08:13:00,2025-06-18T12:13:00,delivered,RTE-IND-20250617-001,2025-06-20T16:13:00,,on_time
SHP-202504-000137,CLI-0155,HUB-CMH,standard,2025-04-29T15:03:00,2025-04-30T21:03:00,delivered,RTE-CMH-20250429-001,2025-05-03T01:03:00,,on_time
SHP-202503-000185,CLI-0169,HUB-DET,expedited,2025-03-05T15:58:00,2025-03-06T22:58:00,delivered,RTE-DET-20250305-001,2025-03-08T03:58:00,,on_time
SHP-202507-000162,CLI-0155,HUB-CIN,standard,2025-07-08T13:37:00,2025-07-11T18:37:00,delivered,RTE-CIN-20250708-001,2025-07-12T07:37:00,,on_time
SHP-202508-000150,CLI-0042,HUB-CIN,freight,2025-08-11T06:49:00,2025-08-12T06:49:00,delivered,,2025-08-15T18:49:00,,on_time
SHP-202504-000138,CLI-0201,HUB-CIN,standard,2025-04-17T13:25:00,2025-04-18T20:25:00,delivered,RTE-CIN-20250417-002,2025-04-21T14:25:00,,on_time
SHP-202503-000186,CLI-0042,HUB-CIN,freight,2025-03-24T06:33:00,2025-03-27T13:33:00,delivered,,2025-03-28T23:33:00,,on_time
SHP-202502-000135,CLI-0042,HUB-CMH,freight,2025-02-24T11:45:00,2025-02-25T14:45:00,delivered,,2025-03-01T04:45:00,,on_time
SHP-202502-000136,CLI-0007,HUB-CIN,standard,2025-02-10T08:44:00,2025-02-11T08:44:00,delivered,RTE-CIN-20250210-001,2025-02-12T19:44:00,,on_time
SHP-202507-000163,CLI-0007,HUB-IND,expedited,2025-07-26T16:37:00,2025-07-27T17:37:00,delivered,RTE-IND-20250727-001,2025-07-28T20:37:00,,on_time
SHP-202501-000146,CLI-0007,HUB-IND,expedited,2025-01-02T06:16:00,2025-01-03T14:16:00,delivered,RTE-IND-20250102-001,2025-01-04T04:16:00,,on_time
SHP-202511-000226,CLI-0007,HUB-CHI,standard,2025-11-24T13:43:00,2025-11-28T19:43:00,delivered,RTE-CHI-20251124-001,2025-11-28T19:43:00,,on_time
SHP-202511-000227,CLI-0155,HUB-CMH,standard,2025-11-05T12:06:00,2025-11-09T16:06:00,delivered,RTE-CMH-20251105-001,2025-11-09T16:06:00,,on_time
SHP-202502-000137,CLI-0155,HUB-CHI,expedited,2025-02-04T19:42:00,2025-02-05T22:42:00,delivered,RTE-CHI-20250204-001,2025-02-07T04:42:00,,on_time
SHP-202503-000188,CLI-0042,HUB-IND,freight,2025-03-23T07:54:00,2025-03-24T10:54:00,delivered,,2025-03-27T11:54:00,,on_time
SHP-202509-000162,CLI-0007,HUB-CIN,expedited,2025-09-18T20:16:00,2025-09-19T22:16:00,delivered,RTE-CIN-20250918-001,2025-09-20T05:16:00,,on_time
SHP-202503-000189,CLI-0042,HUB-IND,freight,2025-03-30T14:02:00,2025-04-02T21:02:00,delivered,,2025-04-03T16:02:00,,on_time
SHP-202503-000190,CLI-0201,HUB-CIN,expedited,2025-03-26T08:29:00,2025-03-27T14:29:00,delivered,RTE-CIN-20250326-002,2025-03-29T15:29:00,,on_time
SHP-202503-000191,CLI-0007,HUB-CIN,standard,2025-03-02T11:27:00,2025-03-04T13:27:00,delivered,RTE-CIN-20250303-001,2025-03-05T01:27:00,,on_time
SHP-202512-000237,CLI-0201,HUB-CHI,standard,2025-12-04T06:56:00,2025-12-08T17:56:00,delivered,RTE-CHI-20251204-001,2025-12-08T17:56:00,,on_time
SHP-202505-000133,CLI-0155,HUB-CHI,standard,2025-05-17T06:09:00,2025-05-18T12:09:00,delivered,RTE-CHI-20250518-001,2025-05-20T16:09:00,,on_time
SHP-202503-000192,CLI-0169,HUB-CIN,expedited,2025-03-14T19:40:00,2025-03-16T03:40:00,delivered,RTE-CIN-20250316-001,2025-03-16T14:40:00,,on_time
SHP-202506-000136,CLI-0007,HUB-CIN,expedited,2025-06-03T17:15:00,2025-06-05T05:15:00,delivered,RTE-CIN-20250603-002,2025-06-05T07:15:00,,on_time
SHP-202505-000134,CLI-0007,HUB-DET,standard,2025-05-15T06:55:00,2025-05-18T10:55:00,delivered,RTE-DET-20250515-003,2025-05-18T10:55:00,,on_time
SHP-202508-000153,CLI-0007,HUB-DET,expedited,2025-08-02T13:57:00,2025-08-04T00:57:00,delivered,RTE-DET-20250803-001,2025-08-04T19:57:00,,on_time
SHP-202503-000194,CLI-0007,HUB-DET,standard,2025-03-16T14:54:00,2025-03-21T14:54:00,delayed,RTE-DET-20250317-002,2025-03-20T08:54:00,30,1-2d
SHP-202506-000138,CLI-0201,HUB-DET,expedited,2025-06-17T14:27:00,2025-06-18T22:27:00,delivered,RTE-DET-20250617-001,2025-06-21T06:27:00,,on_time
SHP-202509-000166,CLI-0155,HUB-CMH,standard,2025-09-17T15:16:00,2025-09-18T16:16:00,delivered,RTE-CMH-20250917-001,2025-09-21T04:16:00,,on_time
SHP-202512-000239,CLI-0042,HUB-IND,freight,2025-12-23T07:04:00,2025-12-27T17:04:00,delivered,,2025-12-27T17:04:00,,on_time
SHP-202509-000167,CLI-0042,HUB-CIN,freight,2025-09-06T16:41:00,2025-09-08T20:41:00,delivered,,2025-09-11T08:41:00,,on_time
SHP-202505-000135,CLI-0155,HUB-DET,expedited,2025-05-09T16:55:00,2025-05-11T03:55:00,delivered,RTE-DET-20250509-001,2025-05-12T04:55:00,,on_time
SHP-202510-000170,CLI-0201,HUB-DET,standard,2025-10-13T11:50:00,2025-10-15T11:50:00,delivered,RTE-DET-20251014-001,2025-10-18T01:50:00,,on_time
SHP-202506-000140,CLI-0169,HUB-DET,expedited,2025-06-09T11:34:00,2025-06-10T20:34:00,delivered,RTE-DET-20250609-001,2025-06-11T20:34:00,,on_time
SHP-202506-000141,CLI-0042,HUB-CMH,freight,2025-06-22T12:40:00,2025-06-25T15:40:00,delivered,,2025-06-26T18:40:00,,on_time
SHP-202501-000148,CLI-0201,HUB-CHI,expedited,2025-01-28T07:11:00,2025-01-29T09:11:00,delivered,RTE-CHI-20250128-001,2025-01-31T09:11:00,,on_time
SHP-202502-000140,CLI-0007,HUB-CMH,standard,2025-02-04T17:06:00,2025-02-08T01:06:00,delivered,RTE-CMH-20250204-003,2025-02-08T01:06:00,,on_time
SHP-202509-000168,CLI-0042,HUB-CMH,freight,2025-09-22T18:57:00,2025-09-23T19:57:00,delivered,,2025-09-27T05:57:00,,on_time
SHP-202508-000155,CLI-0201,HUB-DET,expedited,2025-08-31T14:08:00,2025-09-01T15:08:00,delivered,RTE-DET-20250831-001,2025-09-04T02:08:00,,on_time
SHP-202503-000196,CLI-0169,HUB-DET,expedited,2025-03-30T20:00:00,2025-04-01T00:00:00,delivered,RTE-DET-20250330-001,2025-04-02T08:00:00,,on_time
SHP-202508-000156,CLI-0201,HUB-IND,expedited,2025-08-17T16:51:00,2025-08-18T18:51:00,delivered,RTE-IND-20250817-001,2025-08-21T02:51:00,,on_time
SHP-202501-000149,CLI-0155,HUB-CHI,expedited,2025-01-28T20:30:00,2025-01-30T02:30:00,delivered,RTE-CHI-20250128-002,2025-01-31T09:30:00,,on_time
SHP-202506-000142,CLI-0201,HUB-CIN,standard,2025-06-27T14:22:00,2025-06-29T19:22:00,delivered,RTE-CIN-20250627-003,2025-07-01T14:22:00,,on_time
SHP-202503-000197,CLI-0007,HUB-CIN,standard,2025-03-31T09:32:00,2025-04-03T14:32:00,delivered,RTE-CIN-20250331-001,2025-04-03T14:32:00,,on_time
SHP-202505-000136,CLI-0201,HUB-IND,standard,2025-05-18T11:18:00,2025-05-21T22:18:00,delivered,RTE-IND-20250520-001,2025-05-22T20:18:00,,on_time
SHP-202509-000169,CLI-0042,HUB-CIN,freight,2025-09-01T06:51:00,2025-09-05T09:51:00,delivered,,2025-09-05T17:51:00,,on_time
SHP-202501-000151,CLI-0007,HUB-CIN,standard,2025-01-07T19:25:00,2025-01-11T03:25:00,delivered,RTE-CIN-20250108-004,2025-01-11T03:25:00,,on_time
SHP-202505-000138,CLI-0169,HUB-IND,standard,2025-05-23T06:52:00,2025-05-26T17:52:00,delivered,RTE-IND-20250523-003,2025-05-26T17:52:00,,on_time
SHP-202511-000233,CLI-0201,HUB-CIN,standard,2025-11-15T18:09:00,2025-11-16T22:09:00,delivered,RTE-CIN-20251117-002,2025-11-19T18:09:00,,on_time
SHP-202504-000142,CLI-0007,HUB-CIN,standard,2025-04-30T12:45:00,2025-05-03T14:45:00,delivered,RTE-CIN-20250430-002,2025-05-03T14:45:00,,on_time
SHP-202512-000240,CLI-0042,HUB-DET,freight,2025-12-04T20:52:00,2025-12-06T22:52:00,delivered,,2025-12-09T02:52:00,,on_time
SHP-202504-000143,CLI-0042,HUB-CMH,freight,2025-04-28T07:44:00,2025-05-02T13:44:00,delivered,,2025-05-03T00:44:00,,on_time
SHP-202507-000166,CLI-0042,HUB-CIN,freight,2025-07-14T19:40:00,2025-07-19T06:40:00,delivered,,2025-07-19T08:40:00,,on_time
SHP-202502-000143,CLI-0042,HUB-DET,freight,2025-02-13T10:26:00,2025-02-15T13:26:00,delivered,,2025-02-17T18:26:00,,on_time
SHP-202501-000153,CLI-0201,HUB-CHI,standard,2025-01-09T19:52:00,2025-01-13T06:52:00,delivered,RTE-CHI-20250109-001,2025-01-14T07:52:00,,on_time
SHP-202510-000172,CLI-0007,HUB-IND,standard,2025-10-29T17:02:00,2025-11-02T23:02:00,delivered,RTE-IND-20251029-001,2025-11-02T23:02:00,,on_time
SHP-202505-000140,CLI-0042,HUB-DET,freight,2025-05-18T20:23:00,2025-05-20T07:23:00,delivered,,2025-05-23T06:23:00,,on_time
SHP-202507-000169,CLI-0042,HUB-CIN,freight,2025-07-18T09:34:00,2025-07-19T16:34:00,delivered,,2025-07-23T00:34:00,,on_time
SHP-202510-000173,CLI-0201,HUB-CMH,standard,2025-10-19T09:08:00,2025-10-20T11:08:00,delivered,RTE-CMH-20251019-001,2025-10-23T11:08:00,,on_time
SHP-202508-000157,CLI-0155,HUB-CMH,standard,2025-08-24T08:31:00,2025-08-26T20:31:00,delivered,RTE-CMH-20250824-001,2025-08-27T21:31:00,,on_time
SHP-202501-000155,CLI-0042,HUB-CMH,freight,2025-01-01T07:40:00,2025-01-04T13:40:00,delivered,,2025-01-05T19:40:00,,on_time
SHP-202511-000235,CLI-0155,HUB-CMH,standard,2025-11-09T13:33:00,2025-11-11T15:33:00,delivered,RTE-CMH-20251109-001,2025-11-13T01:33:00,,on_time
SHP-202503-000198,CLI-0042,HUB-CIN,freight,2025-03-01T08:54:00,2025-03-02T18:54:00,delivered,,2025-03-05T18:54:00,,on_time
SHP-202502-000147,CLI-0201,HUB-CMH,expedited,2025-02-14T06:47:00,2025-02-15T18:47:00,delivered,RTE-CMH-20250214-001,2025-02-17T11:47:00,,on_time
SHP-202506-000145,CLI-0042,HUB-DET,freight,2025-06-10T10:57:00,2025-06-11T18:57:00,delivered,,2025-06-14T20:57:00,,on_time
SHP-202510-000175,CLI-0155,HUB-CHI,expedited,2025-10-15T08:51:00,2025-10-16T15:51:00,delivered,RTE-CHI-20251015-003,2025-10-17T19:51:00,,on_time
SHP-202503-000199,CLI-0007,HUB-CIN,expedited,2025-03-01T14:59:00,2025-03-02T21:59:00,delivered,RTE-CIN-20250303-001,2025-03-03T05:59:00,,on_time
SHP-202510-000176,CLI-0007,HUB-CMH,standard,2025-10-03T06:09:00,2025-10-07T09:09:00,delivered,RTE-CMH-20251003-002,2025-10-07T09:09:00,,on_time
SHP-202508-000160,CLI-0201,HUB-DET,standard,2025-08-11T14:14:00,2025-08-17T14:14:00,delayed,RTE-DET-20250811-001,2025-08-16T02:14:00,36,1-2d
SHP-202509-000170,CLI-0155,HUB-CHI,standard,2025-09-15T09:24:00,2025-09-18T15:24:00,delivered,RTE-CHI-20250915-004,2025-09-19T02:24:00,,on_time
SHP-202503-000200,CLI-0169,HUB-IND,standard,2025-03-12T19:28:00,2025-03-14T01:28:00,delivered,RTE-IND-20250312-003,2025-03-16T12:28:00,,on_time
SHP-202507-000173,CLI-0169,HUB-IND,standard,2025-07-04T12:10:00,2025-07-06T23:10:00,delivered,RTE-IND-20250705-001,2025-07-07T23:10:00,,on_time
SHP-202512-000244,CLI-0042,HUB-CIN,freight,2025-12-25T07:56:00,2025-12-26T08:56:00,delivered,,2025-12-29T23:56:00,,on_time
SHP-202507-000174,CLI-0042,HUB-CHI,freight,2025-07-18T11:51:00,2025-07-22T21:51:00,delivered,,2025-07-22T21:51:00,,on_time
SHP-202505-000143,CLI-0007,HUB-CHI,expedited,2025-05-18T20:05:00,2025-05-19T22:05:00,delivered,RTE-CHI-20250518-001,2025-05-21T07:05:00,,on_time
SHP-202510-000177,CLI-0042,HUB-CMH,freight,2025-10-17T08:55:00,2025-10-18T09:55:00,delivered,,2025-10-22T02:55:00,,on_time
SHP-202511-000236,CLI-0169,HUB-CMH,standard,2025-11-21T06:53:00,2025-11-25T17:53:00,delivered,RTE-CMH-20251121-001,2025-11-25T17:53:00,,on_time
SHP-202508-000161,CLI-0042,HUB-IND,freight,2025-08-26T17:47:00,2025-08-30T03:47:00,delivered,,2025-08-30T23:47:00,,on_time
SHP-202512-000245,CLI-0007,HUB-CMH,standard,2025-12-08T12:18:00,2025-12-10T16:18:00,delivered,RTE-CMH-20251208-001,2025-12-10T22:18:00,,on_time
SHP-202510-000178,CLI-0042,HUB-DET,freight,2025-10-23T15:27:00,2025-10-24T16:27:00,delivered,,2025-10-27T21:27:00,,on_time
SHP-202506-000148,CLI-0201,HUB-CHI,standard,2025-06-10T13:34:00,2025-06-11T23:34:00,delivered,RTE-CHI-20250610-001,2025-06-15T00:34:00,,on_time
SHP-202501-000159,CLI-0042,HUB-CIN,freight,2025-01-08T06:41:00,2025-01-12T16:41:00,delivered,,2025-01-12T16:41:00,,on_time
SHP-202501-000160,CLI-0042,HUB-CIN,freight,2025-01-24T14:58:00,2025-01-27T17:58:00,delivered,,2025-01-29T01:58:00,,on_time
SHP-202501-000161,CLI-0007,HUB-CMH,standard,2025-01-08T13:14:00,2025-01-09T17:14:00,delivered,RTE-CMH-20250108-002,2025-01-11T05:14:00,,on_time
SHP-202503-000202,CLI-0169,HUB-CIN,standard,2025-03-14T10:29:00,2025-03-15T21:29:00,delivered,RTE-CIN-20250316-001,2025-03-17T12:29:00,,on_time
SHP-202509-000174,CLI-0155,HUB-CMH,standard,2025-09-18T14:08:00,2025-09-22T16:08:00,delivered,RTE-CMH-20250918-004,2025-09-22T16:08:00,,on_time
SHP-202512-000250,CLI-0042,HUB-IND,freight,2025-12-06T07:17:00,2025-12-09T17:17:00,delivered,,2025-12-10T03:17:00,,on_time
SHP-202502-000149,CLI-0169,HUB-CIN,standard,2025-02-03T09:44:00,2025-02-05T20:44:00,delivered,RTE-CIN-20250203-001,2025-02-06T13:44:00,,on_time
SHP-202503-000204,CLI-0201,HUB-IND,expedited,2025-03-08T12:16:00,2025-03-09T12:16:00,delivered,RTE-IND-20250308-001,2025-03-11T14:16:00,,on_time
SHP-202512-000251,CLI-0042,HUB-IND,freight,2025-12-16T17:50:00,2025-12-21T00:50:00,delivered,,2025-12-21T00:50:00,,on_time
SHP-202502-000150,CLI-0007,HUB-DET,standard,2025-02-15T19:38:00,2025-02-18T04:38:00,delivered,RTE-DET-20250215-001,2025-02-18T14:38:00,,on_time
SHP-202509-000175,CLI-0042,HUB-IND,freight,2025-09-29T09:53:00,2025-10-02T10:53:00,delivered,,2025-10-03T04:53:00,,on_time
SHP-202509-000176,CLI-0042,HUB-IND,freight,2025-09-07T12:35:00,2025-09-11T18:35:00,delivered,,2025-09-11T18:35:00,,on_time
SHP-202501-000163,CLI-0201,HUB-CHI,standard,2025-01-21T14:51:00,2025-01-24T14:51:00,delivered,RTE-CHI-20250121-002,2025-01-25T17:51:00,,on_time
SHP-202506-000149,CLI-0155,HUB-IND,standard,2025-06-05T13:27:00,2025-06-07T23:27:00,delivered,RTE-IND-20250606-003,2025-06-08T12:27:00,,on_time
SHP-202510-000182,CLI-0155,HUB-CHI,standard,2025-10-12T14:54:00,2025-10-13T22:54:00,delivered,RTE-CHI-20251013-001,2025-10-15T23:54:00,,on_time
SHP-202512-000254,CLI-0007,HUB-IND,expedited,2025-12-20T14:31:00,2025-12-21T19:31:00,delivered,RTE-IND-20251220-001,2025-12-22T08:31:00,,on_time
SHP-202507-000176,CLI-0155,HUB-IND,expedited,2025-07-25T11:15:00,2025-07-26T20:15:00,delivered,RTE-IND-20250725-004,2025-07-27T10:15:00,,on_time
SHP-202502-000151,CLI-0155,HUB-IND,standard,2025-02-10T17:58:00,2025-02-14T02:58:00,delivered,RTE-IND-20250210-002,2025-02-14T02:58:00,,on_time
SHP-202506-000151,CLI-0169,HUB-CHI,expedited,2025-06-06T15:09:00,2025-06-07T20:09:00,delivered,RTE-CHI-20250606-001,2025-06-09T12:09:00,,on_time
SHP-202510-000183,CLI-0155,HUB-DET,standard,2025-10-22T19:59:00,2025-10-26T23:59:00,delivered,RTE-DET-20251022-001,2025-10-26T23:59:00,,on_time
SHP-202506-000152,CLI-0042,HUB-DET,freight,2025-06-08T15:26:00,2025-06-12T18:26:00,delivered,,2025-06-13T09:26:00,,on_time
SHP-202512-000256,CLI-0042,HUB-CIN,freight,2025-12-15T16:43:00,2025-12-20T00:43:00,delivered,,2025-12-20T00:43:00,,on_time
SHP-202501-000164,CLI-0042,HUB-CMH,freight,2025-01-02T20:48:00,2025-01-05T22:48:00,delivered,,2025-01-07T11:48:00,,on_time
SHP-202502-000153,CLI-0169,HUB-IND,standard,2025-02-02T16:02:00,2025-02-04T23:02:00,delivered,RTE-IND-20250203-003,2025-02-06T00:02:00,,on_time
SHP-202508-000165,CLI-0155,HUB-CHI,expedited,2025-08-06T17:50:00,2025-08-07T20:50:00,delivered,RTE-CHI-20250807-001,2025-08-09T01:50:00,,on_time
SHP-202507-000177,CLI-0007,HUB-DET,expedited,2025-07-23T20:02:00,2025-07-24T23:02:00,delivered,RTE-DET-20250723-002,2025-07-25T14:02:00,,on_time
SHP-202507-000178,CLI-0169,HUB-CHI,standard,2025-07-13T12:11:00,2025-07-14T21:11:00,delivered,RTE-CHI-20250714-001,2025-07-17T13:11:00,,on_time
SHP-202509-000177,CLI-0042,HUB-DET,freight,2025-09-17T12:05:00,2025-09-21T12:05:00,delivered,,2025-09-21T22:05:00,,on_time
SHP-202504-000146,CLI-0007,HUB-CMH,standard,2025-04-13T08:25:00,2025-04-15T16:25:00,delivered,RTE-CMH-20250414-003,2025-04-15T21:25:00,,on_time
SHP-202505-000146,CLI-0155,HUB-DET,standard,2025-05-15T11:28:00,2025-05-17T13:28:00,delivered,RTE-DET-20250515-002,2025-05-18T23:28:00,,on_time
SHP-202507-000179,CLI-0201,HUB-CHI,expedited,2025-07-01T15:21:00,2025-07-03T01:21:00,delivered,RTE-CHI-20250701-002,2025-07-04T23:21:00,,on_time
SHP-202512-000265,CLI-0201,HUB-CHI,standard,2025-12-04T06:32:00,2025-12-08T09:32:00,delivered,RTE-CHI-20251204-001,2025-12-08T13:32:00,,on_time
SHP-202508-000166,CLI-0201,HUB-CMH,standard,2025-08-31T10:50:00,2025-09-03T15:50:00,delivered,RTE-CMH-20250901-001,2025-09-04T20:50:00,,on_time
SHP-202512-000266,CLI-0201,HUB-IND,standard,2025-12-11T20:42:00,2025-12-16T05:42:00,delivered,RTE-IND-20251211-004,2025-12-16T05:42:00,,on_time
SHP-202501-000165,CLI-0201,HUB-CHI,standard,2025-01-10T07:39:00,2025-01-14T08:39:00,delivered,RTE-CHI-20250110-002,2025-01-14T09:39:00,,on_time
SHP-202502-000154,CLI-0007,HUB-CHI,standard,2025-02-15T18:45:00,2025-02-20T01:45:00,delivered,RTE-CHI-20250215-001,2025-02-20T01:45:00,,on_time
SHP-202508-000167,CLI-0042,HUB-DET,freight,2025-08-13T11:44:00,2025-08-17T21:44:00,delivered,,2025-08-17T21:44:00,,on_time
SHP-202503-000208,CLI-0201,HUB-IND,standard,2025-03-01T06:32:00,2025-03-04T08:32:00,delivered,RTE-IND-20250301-001,2025-03-05T11:32:00,,on_time
SHP-202504-000148,CLI-0042,HUB-CHI,freight,2025-04-30T07:37:00,2025-05-01T19:37:00,delivered,,2025-05-03T13:37:00,,on_time
SHP-202506-000155,CLI-0201,HUB-IND,expedited,2025-06-28T15:40:00,2025-06-29T19:40:00,delivered,RTE-IND-20250628-001,2025-07-01T21:40:00,,on_time
SHP-202509-000180,CLI-0042,HUB-CMH,freight,2025-09-03T08:26:00,2025-09-07T14:26:00,delivered,,2025-09-07T14:26:00,,on_time
SHP-202506-000156,CLI-0201,HUB-DET,standard,2025-06-06T15:28:00,2025-06-09T16:28:00,delivered,RTE-DET-20250606-002,2025-06-11T08:28:00,,on_time
SHP-202508-000168,CLI-0042,HUB-IND,freight,2025-08-07T19:21:00,2025-08-11T22:21:00,delivered,,2025-08-11T22:21:00,,on_time
SHP-202501-000166,CLI-0169,HUB-CMH,standard,2025-01-05T08:29:00,2025-01-07T14:29:00,delivered,RTE-CMH-20250105-001,2025-01-08T13:29:00,,on_time
SHP-202506-000158,CLI-0007,HUB-IND,standard,2025-06-03T20:33:00,2025-06-07T05:33:00,delivered,RTE-IND-20250603-002,2025-06-07T05:33:00,,on_time
SHP-202507-000181,CLI-0155,HUB-DET,standard,2025-07-21T09:19:00,2025-07-24T13:19:00,delivered,RTE-DET-20250721-002,2025-07-25T03:19:00,,on_time
SHP-202504-000149,CLI-0155,HUB-CMH,expedited,2025-04-24T10:39:00,2025-04-25T19:39:00,delivered,RTE-CMH-20250424-001,2025-04-26T17:39:00,,on_time
SHP-202505-000148,CLI-0155,HUB-DET,standard,2025-05-26T14:48:00,2025-05-28T16:48:00,delivered,RTE-DET-20250526-002,2025-05-30T02:48:00,,on_time
SHP-202504-000150,CLI-0169,HUB-CIN,standard,2025-04-25T15:46:00,2025-04-28T00:46:00,delivered,RTE-CIN-20250425-002,2025-04-28T12:46:00,,on_time
SHP-202510-000187,CLI-0042,HUB-CHI,freight,2025-10-20T07:55:00,2025-10-21T14:55:00,delivered,,2025-10-23T14:55:00,,on_time
SHP-202503-000209,CLI-0042,HUB-CMH,freight,2025-03-06T10:17:00,2025-03-09T16:17:00,delivered,,2025-03-10T20:17:00,,on_time
SHP-202508-000169,CLI-0201,HUB-IND,standard,2025-08-25T15:25:00,2025-08-29T01:25:00,delivered,RTE-IND-20250825-001,2025-08-29T17:25:00,,on_time
SHP-202512-000268,CLI-0042,HUB-CIN,freight,2025-12-13T12:51:00,2025-12-15T13:51:00,delivered,,2025-12-18T03:51:00,,on_time
SHP-202505-000150,CLI-0007,HUB-CMH,standard,2025-05-16T16:28:00,2025-05-21T00:28:00,delivered,RTE-CMH-20250516-004,2025-05-21T00:28:00,,on_time
SHP-202512-000269,CLI-0201,HUB-CIN,expedited,2025-12-21T06:35:00,2025-12-22T16:35:00,delivered,RTE-CIN-20251221-001,2025-12-24T10:35:00,,on_time
SHP-202501-000167,CLI-0169,HUB-CMH,standard,2025-01-20T14:50:00,2025-01-23T14:50:00,delivered,RTE-CMH-20250121-003,2025-01-23T14:50:00,,on_time
SHP-202501-000168,CLI-0201,HUB-CIN,expedited,2025-01-09T09:13:00,2025-01-10T12:13:00,delivered,RTE-CIN-20250109-001,2025-01-12T10:13:00,,on_time
SHP-202501-000169,CLI-0155,HUB-DET,standard,2025-01-12T07:46:00,2025-01-16T19:46:00,delivered,RTE-DET-20250113-003,2025-01-16T19:46:00,,on_time
SHP-202508-000170,CLI-0042,HUB-DET,freight,2025-08-22T19:27:00,2025-08-27T04:27:00,delivered,,2025-08-27T06:27:00,,on_time
SHP-202511-000245,CLI-0169,HUB-CHI,expedited,2025-11-09T06:11:00,2025-11-10T11:11:00,delivered,RTE-CHI-20251110-002,2025-11-12T08:11:00,,on_time
SHP-202503-000215,CLI-0007,HUB-CHI,standard,2025-03-17T15:02:00,2025-03-20T21:02:00,delivered,RTE-CHI-20250317-001,2025-03-20T22:02:00,,on_time
SHP-202502-000158,CLI-0007,HUB-CMH,standard,2025-02-21T13:32:00,2025-02-25T00:32:00,delivered,RTE-CMH-20250221-003,2025-02-25T00:32:00,,on_time
SHP-202507-000184,CLI-0169,HUB-CMH,standard,2025-07-01T08:11:00,2025-07-05T14:11:00,delivered,RTE-CMH-20250701-005,2025-07-05T14:11:00,,on_time
SHP-202502-000159,CLI-0201,HUB-IND,standard,2025-02-27T10:37:00,2025-03-03T13:37:00,delivered,RTE-IND-20250227-003,2025-03-03T15:37:00,,on_time
SHP-202510-000189,CLI-0201,HUB-CMH,expedited,2025-10-18T11:34:00,2025-10-19T23:34:00,delivered,RTE-CMH-20251018-001,2025-10-21T21:34:00,,on_time
SHP-202511-000247,CLI-0169,HUB-CIN,expedited,2025-11-06T08:09:00,2025-11-07T09:09:00,delivered,RTE-CIN-20251106-001,2025-11-08T02:09:00,,on_time
SHP-202502-000160,CLI-0201,HUB-CHI,standard,2025-02-06T15:20:00,2025-02-10T18:20:00,delivered,RTE-CHI-20250206-001,2025-02-11T03:20:00,,on_time
SHP-202508-000172,CLI-0169,HUB-IND,standard,2025-08-09T06:41:00,2025-08-12T07:41:00,delivered,RTE-IND-20250811-001,2025-08-12T16:41:00,,on_time
SHP-202504-000153,CLI-0007,HUB-CHI,standard,2025-04-10T18:54:00,2025-04-14T03:54:00,delivered,RTE-CHI-20250410-002,2025-04-14T05:54:00,,on_time
SHP-202509-000182,CLI-0007,HUB-IND,standard,2025-09-19T19:27:00,2025-09-24T01:27:00,delivered,RTE-IND-20250919-001,2025-09-24T01:27:00,,on_time
SHP-202502-000161,CLI-0155,HUB-CIN,standard,2025-02-26T12:19:00,,failed,RTE-CIN-20250227-002,2025-03-02T00:19:00,,
SHP-202512-000272,CLI-0201,HUB-CHI,standard,2025-12-11T14:58:00,2025-12-18T14:58:00,delayed,RTE-CHI-20251211-006,2025-12-16T14:58:00,48,1-2d
SHP-202507-000185,CLI-0201,HUB-IND,expedited,2025-07-25T07:38:00,2025-07-26T09:38:00,delivered,RTE-IND-20250725-003,2025-07-28T07:38:00,,on_time
SHP-202502-000162,CLI-0042,HUB-IND,freight,2025-02-08T17:04:00,2025-02-11T02:04:00,delivered,,2025-02-12T15:04:00,,on_time
SHP-202505-000156,CLI-0007,HUB-IND,expedited,2025-05-10T14:58:00,2025-05-12T02:58:00,delivered,RTE-IND-20250510-001,2025-05-12T12:58:00,,on_time
SHP-202512-000273,CLI-0007,HUB-DET,expedited,2025-12-25T13:09:00,2025-12-26T19:09:00,delivered,RTE-DET-20251225-001,2025-12-27T15:09:00,,on_time
SHP-202501-000171,CLI-0169,HUB-CHI,expedited,2025-01-02T14:21:00,2025-01-03T20:21:00,delivered,RTE-CHI-20250102-001,2025-01-05T14:21:00,,on_time
SHP-202501-000172,CLI-0042,HUB-IND,freight,2025-01-02T18:11:00,2025-01-05T02:11:00,delivered,,2025-01-06T13:11:00,,on_time
SHP-202512-000274,CLI-0169,HUB-CIN,standard,2025-12-30T20:26:00,2026-01-02T06:26:00,delivered,RTE-CIN-20251230-001,2026-01-03T01:26:00,,on_time
SHP-202502-000163,CLI-0201,HUB-CIN,standard,2025-02-01T08:52:00,2025-02-05T11:52:00,delivered,RTE-CIN-20250201-001,2025-02-05T12:52:00,,on_time
SHP-202506-000161,CLI-0042,HUB-DET,freight,2025-06-16T20:30:00,2025-06-18T06:30:00,delivered,,2025-06-21T06:30:00,,on_time
SHP-202501-000173,CLI-0169,HUB-CIN,standard,2025-01-23T16:57:00,2025-01-25T02:57:00,delivered,RTE-CIN-20250123-002,2025-01-26T11:57:00,,on_time
SHP-202505-000157,CLI-0007,HUB-CIN,standard,2025-05-17T15:28:00,2025-05-18T22:28:00,delivered,,2025-05-20T03:28:00,,on_time
SHP-202509-000183,CLI-0169,HUB-CIN,standard,2025-09-15T19:34:00,2025-09-19T00:34:00,delivered,RTE-CIN-20250915-001,2025-09-19T00:34:00,,on_time
SHP-202512-000275,CLI-0042,HUB-CHI,freight,2025-12-05T17:25:00,2025-12-10T01:25:00,delivered,,2025-12-10T01:25:00,,on_time
SHP-202506-000162,CLI-0155,HUB-DET,standard,2025-06-16T06:48:00,2025-06-19T08:48:00,delivered,RTE-DET-20250616-002,2025-06-19T13:48:00,,on_time
SHP-202508-000173,CLI-0201,HUB-DET,standard,2025-08-13T06:35:00,2025-08-17T10:35:00,delivered,RTE-DET-20250813-001,2025-08-18T06:35:00,,on_time
SHP-202512-000276,CLI-0155,HUB-CIN,standard,2025-12-18T15:54:00,2025-12-22T19:54:00,delivered,RTE-CIN-20251218-002,2025-12-22T19:54:00,,on_time
SHP-202510-000192,CLI-0155,HUB-IND,standard,2025-10-01T15:10:00,2025-10-05T15:10:00,delivered,RTE-IND-20251001-001,2025-10-05T15:10:00,,on_time
SHP-202501-000176,CLI-0155,HUB-CIN,standard,2025-01-22T15:38:00,2025-01-26T02:38:00,delivered,RTE-CIN-20250122-001,2025-01-26T09:38:00,,on_time
SHP-202502-000166,CLI-0201,HUB-CHI,standard,2025-02-24T20:28:00,2025-02-25T20:28:00,delivered,RTE-CHI-20250224-001,2025-02-28T21:28:00,,on_time
SHP-202501-000177,CLI-0169,HUB-DET,expedited,2025-01-01T12:06:00,2025-01-03T00:06:00,delivered,RTE-DET-20250101-004,2025-01-03T22:06:00,,on_time
SHP-202510-000194,CLI-0155,HUB-DET,standard,2025-10-05T06:32:00,2025-10-06T16:32:00,delivered,RTE-DET-20251006-001,2025-10-09T00:32:00,,on_time
SHP-202504-000159,CLI-0007,HUB-CMH,standard,2025-04-15T20:18:00,2025-04-18T22:18:00,delivered,RTE-CMH-20250415-001,2025-04-18T22:18:00,,on_time
SHP-202511-000251,CLI-0042,HUB-DET,freight,2025-11-04T13:17:00,2025-11-08T21:17:00,delivered,,2025-11-09T02:17:00,,on_time
SHP-202507-000187,CLI-0042,HUB-DET,freight,2025-07-11T08:50:00,2025-07-12T13:50:00,delivered,,2025-07-15T21:50:00,,on_time
SHP-202506-000163,CLI-0201,HUB-DET,standard,2025-06-26T20:27:00,2025-06-28T22:27:00,delivered,RTE-DET-20250626-005,2025-07-01T14:27:00,,on_time
SHP-202503-000217,CLI-0169,HUB-CHI,standard,2025-03-05T16:41:00,2025-03-10T04:41:00,delivered,RTE-CHI-20250305-001,2025-03-10T04:41:00,,on_time
SHP-202501-000178,CLI-0155,HUB-DET,expedited,2025-01-16T10:34:00,2025-01-17T22:34:00,delivered,RTE-DET-20250116-001,2025-01-19T02:34:00,,on_time
SHP-202506-000165,CLI-0169,HUB-CIN,standard,2025-06-27T08:37:00,2025-06-29T18:37:00,delivered,RTE-CIN-20250627-005,2025-06-30T02:37:00,,on_time
SHP-202506-000166,CLI-0169,HUB-CMH,standard,2025-06-27T14:20:00,2025-06-28T21:20:00,delivered,RTE-CMH-20250627-006,2025-06-30T17:20:00,,on_time
SHP-202502-000168,CLI-0042,HUB-CIN,freight,2025-02-04T19:40:00,2025-02-08T04:40:00,delivered,,2025-02-09T05:40:00,,on_time
SHP-202511-000252,CLI-0169,HUB-CHI,standard,2025-11-05T14:01:00,2025-11-06T22:01:00,delivered,RTE-CHI-20251105-001,2025-11-09T16:01:00,,on_time
SHP-202504-000162,CLI-0007,HUB-CHI,standard,2025-04-22T16:33:00,2025-04-24T22:33:00,delivered,RTE-CHI-20250422-004,2025-04-25T23:33:00,,on_time
SHP-202506-000167,CLI-0169,HUB-CHI,standard,2025-06-11T17:19:00,2025-06-13T22:19:00,delivered,RTE-CHI-20250611-001,2025-06-15T23:19:00,,on_time
SHP-202509-000184,CLI-0155,HUB-DET,standard,2025-09-02T17:30:00,2025-09-06T19:30:00,delivered,RTE-DET-20250902-005,2025-09-06T19:30:00,,on_time
SHP-202506-000168,CLI-0201,HUB-CHI,standard,2025-06-08T15:16:00,2025-06-12T19:16:00,delivered,RTE-CHI-20250608-001,2025-06-13T03:16:00,,on_time
SHP-202512-000277,CLI-0007,HUB-CMH,standard,2025-12-29T12:42:00,2026-01-01T14:42:00,delivered,RTE-CMH-20251229-001,2026-01-01T14:42:00,,on_time
SHP-202511-000254,CLI-0155,HUB-CIN,expedited,2025-11-30T10:39:00,2025-12-01T20:39:00,delivered,RTE-CIN-20251201-001,2025-12-02T23:39:00,,on_time
SHP-202511-000256,CLI-0169,HUB-CIN,standard,2025-11-22T14:47:00,2025-11-23T16:47:00,delivered,RTE-CIN-20251124-002,2025-11-25T18:47:00,,on_time
SHP-202510-000195,CLI-0155,HUB-IND,expedited,2025-10-25T18:17:00,2025-10-26T21:17:00,delivered,RTE-IND-20251027-003,2025-10-27T16:17:00,,on_time
SHP-202510-000196,CLI-0042,HUB-CIN,freight,2025-10-23T16:58:00,2025-10-25T17:58:00,delivered,,2025-10-28T09:58:00,,on_time
SHP-202508-000177,CLI-0042,HUB-IND,freight,2025-08-16T11:09:00,2025-08-20T17:09:00,delivered,,2025-08-20T17:09:00,,on_time
SHP-202510-000197,CLI-0169,HUB-CMH,standard,2025-10-27T16:20:00,2025-10-29T04:20:00,delivered,RTE-CMH-20251027-001,2025-10-30T15:20:00,,on_time
SHP-202503-000220,CLI-0169,HUB-IND,standard,2025-03-10T17:27:00,2025-03-12T04:27:00,delivered,RTE-IND-20250310-001,2025-03-14T06:27:00,,on_time
SHP-202502-000171,CLI-0169,HUB-CIN,expedited,2025-02-10T12:36:00,2025-02-11T17:36:00,delivered,RTE-CIN-20250210-001,2025-02-12T06:36:00,,on_time
SHP-202501-000180,CLI-0169,HUB-CIN,standard,2025-01-31T19:48:00,2025-02-04T20:48:00,delivered,RTE-CIN-20250131-001,2025-02-04T20:48:00,,on_time
SHP-202507-000188,CLI-0155,HUB-DET,standard,2025-07-07T07:41:00,2025-07-11T13:41:00,delivered,RTE-DET-20250707-002,2025-07-11T13:41:00,,on_time
SHP-202505-000161,CLI-0169,HUB-CMH,standard,2025-05-16T16:35:00,2025-05-18T23:35:00,delivered,RTE-CMH-20250516-002,2025-05-19T22:35:00,,on_time
SHP-202511-000258,CLI-0155,HUB-DET,standard,2025-11-21T18:37:00,2025-11-25T06:37:00,delivered,RTE-DET-20251121-003,2025-11-25T06:37:00,,on_time
SHP-202510-000199,CLI-0042,HUB-DET,freight,2025-10-22T13:25:00,2025-10-23T22:25:00,delivered,,2025-10-26T19:25:00,,on_time
SHP-202504-000167,CLI-0155,HUB-DET,standard,2025-04-30T19:16:00,2025-05-02T04:16:00,delivered,RTE-DET-20250430-001,2025-05-04T01:16:00,,on_time
SHP-202501-000182,CLI-0007,HUB-IND,standard,2025-01-07T19:40:00,2025-01-08T21:40:00,delivered,RTE-IND-20250107-001,2025-01-11T00:40:00,,on_time
SHP-202511-000259,CLI-0169,HUB-DET,standard,2025-11-09T06:17:00,2025-11-10T06:17:00,delivered,RTE-DET-20251110-001,2025-11-12T22:17:00,,on_time
SHP-202510-000201,CLI-0201,HUB-IND,expedited,2025-10-13T15:26:00,2025-10-14T17:26:00,delivered,RTE-IND-20251013-001,2025-10-17T00:26:00,,on_time
SHP-202505-000163,CLI-0201,HUB-CHI,standard,2025-05-02T11:12:00,2025-05-03T11:12:00,delivered,RTE-CHI-20250502-002,2025-05-06T11:12:00,,on_time
SHP-202504-000169,CLI-0007,HUB-CHI,expedited,2025-04-21T06:41:00,2025-04-22T08:41:00,delivered,RTE-CHI-20250421-001,2025-04-24T00:41:00,,on_time
SHP-202505-000164,CLI-0201,HUB-CMH,expedited,2025-05-12T08:52:00,2025-05-13T12:52:00,delivered,RTE-CMH-20250512-003,2025-05-15T11:52:00,,on_time
SHP-202503-000224,CLI-0169,HUB-IND,standard,2025-03-10T11:07:00,2025-03-12T12:07:00,delivered,RTE-IND-20250310-002,2025-03-13T18:07:00,,on_time
SHP-202502-000173,CLI-0007,HUB-IND,expedited,2025-02-24T14:37:00,2025-02-25T15:37:00,delivered,RTE-IND-20250224-004,2025-02-26T12:37:00,,on_time
SHP-202508-000180,CLI-0042,HUB-CIN,freight,2025-08-12T08:07:00,2025-08-16T13:07:00,delivered,,2025-08-16T23:07:00,,on_time
SHP-202504-000171,CLI-0042,HUB-CMH,freight,2025-04-22T14:33:00,2025-04-26T01:33:00,delivered,,2025-04-26T20:33:00,,on_time
SHP-202505-000166,CLI-0042,HUB-CMH,freight,2025-05-10T15:54:00,2025-05-15T00:54:00,delivered,,2025-05-15T00:54:00,,on_time
SHP-202506-000174,CLI-0007,HUB-CIN,standard,2025-06-22T10:24:00,2025-06-23T10:24:00,delivered,RTE-CIN-20250622-001,2025-06-24T22:24:00,,on_time
SHP-202506-000176,CLI-0042,HUB-CHI,freight,2025-06-08T16:16:00,2025-06-09T17:16:00,delivered,,2025-06-12T05:16:00,,on_time
SHP-202510-000204,CLI-0155,HUB-IND,standard,2025-10-22T17:17:00,2025-10-27T00:17:00,delivered,RTE-IND-20251022-005,2025-10-27T00:17:00,,on_time
SHP-202508-000181,CLI-0169,HUB-CHI,standard,2025-08-28T08:59:00,2025-09-01T08:59:00,delivered,RTE-CHI-20250828-001,2025-09-01T08:59:00,,on_time
SHP-202510-000205,CLI-0201,HUB-CMH,standard,2025-10-09T18:40:00,2025-10-13T03:40:00,delivered,RTE-CMH-20251009-002,2025-10-14T06:40:00,,on_time
SHP-202501-000186,CLI-0201,HUB-CMH,expedited,2025-01-10T06:29:00,2025-01-11T09:29:00,delivered,RTE-CMH-20250110-003,2025-01-13T12:29:00,,on_time
SHP-202501-000187,CLI-0201,HUB-CMH,standard,2025-01-29T08:35:00,2025-01-31T15:35:00,delivered,RTE-CMH-20250129-001,2025-02-02T18:35:00,,on_time
SHP-202508-000182,CLI-0007,HUB-CHI,standard,2025-08-07T20:16:00,2025-08-10T20:16:00,delivered,RTE-CHI-20250807-001,2025-08-11T02:16:00,,on_time
SHP-202505-000167,CLI-0042,HUB-IND,freight,2025-05-13T16:11:00,2025-05-17T22:11:00,delivered,,2025-05-17T22:11:00,,on_time
SHP-202506-000177,CLI-0042,HUB-CMH,freight,2025-06-03T15:05:00,2025-06-04T20:05:00,delivered,,2025-06-08T05:05:00,,on_time
SHP-202511-000263,CLI-0155,HUB-DET,expedited,2025-11-17T10:15:00,2025-11-18T16:15:00,delivered,RTE-DET-20251117-002,2025-11-20T01:15:00,,on_time
SHP-202502-000176,CLI-0201,HUB-CIN,standard,2025-02-12T11:48:00,2025-02-14T18:48:00,delivered,RTE-CIN-20250212-001,2025-02-16T23:48:00,,on_time
SHP-202512-000283,CLI-0201,HUB-DET,expedited,2025-12-09T14:25:00,2025-12-11T01:25:00,delivered,RTE-DET-20251209-001,2025-12-13T06:25:00,,on_time
SHP-202510-000206,CLI-0155,HUB-CIN,standard,2025-10-07T13:53:00,2025-10-09T22:53:00,delivered,RTE-CIN-20251008-003,2025-10-11T05:53:00,,on_time
SHP-202501-000188,CLI-0169,HUB-CMH,standard,2025-01-31T20:06:00,2025-02-04T04:06:00,delivered,RTE-CMH-20250131-001,2025-02-04T04:06:00,,on_time
SHP-202510-000207,CLI-0155,HUB-CHI,standard,2025-10-17T11:55:00,2025-10-19T15:55:00,delivered,RTE-CHI-20251017-003,2025-10-21T03:55:00,,on_time
SHP-202501-000189,CLI-0201,HUB-DET,standard,2025-01-28T07:09:00,2025-02-01T11:09:00,delivered,RTE-DET-20250128-005,2025-02-01T20:09:00,,on_time
SHP-202511-000264,CLI-0169,HUB-CHI,standard,2025-11-06T15:50:00,2025-11-11T01:50:00,delivered,RTE-CHI-20251106-004,2025-11-11T01:50:00,,on_time
SHP-202512-000285,CLI-0155,HUB-CMH,expedited,2025-12-20T07:42:00,2025-12-21T14:42:00,delivered,RTE-CMH-20251220-001,2025-12-22T16:42:00,,on_time
SHP-202504-000172,CLI-0007,HUB-CIN,standard,2025-04-11T09:00:00,2025-04-15T12:00:00,delivered,RTE-CIN-20250411-001,2025-04-15T12:00:00,,on_time
SHP-202509-000189,CLI-0201,HUB-CIN,standard,2025-09-22T12:25:00,2025-09-23T17:25:00,delivered,RTE-CIN-20250922-002,2025-09-26T23:25:00,,on_time
SHP-202501-000191,CLI-0201,HUB-CMH,standard,2025-01-16T17:33:00,2025-01-19T00:33:00,delivered,RTE-CMH-20250116-003,2025-01-21T03:33:00,,on_time
SHP-202511-000268,CLI-0155,HUB-DET,standard,2025-11-21T07:34:00,2025-11-24T10:34:00,delivered,RTE-DET-20251121-002,2025-11-24T19:34:00,,on_time
SHP-202501-000194,CLI-0201,HUB-CIN,expedited,2025-01-21T20:57:00,2025-01-23T08:57:00,delivered,RTE-CIN-20250122-001,2025-01-25T06:57:00,,on_time
SHP-202501-000195,CLI-0155,HUB-IND,standard,2025-01-08T18:08:00,2025-01-12T20:08:00,delivered,RTE-IND-20250108-002,2025-01-12T20:08:00,,on_time
SHP-202503-000226,CLI-0042,HUB-DET,freight,2025-03-04T15:42:00,2025-03-07T22:42:00,delivered,,2025-03-09T04:42:00,,on_time
SHP-202508-000183,CLI-0007,HUB-CHI,standard,2025-08-12T20:59:00,2025-08-14T21:59:00,delivered,RTE-CHI-20250812-001,2025-08-16T06:59:00,,on_time
SHP-202506-000180,CLI-0007,HUB-DET,expedited,2025-06-14T19:09:00,2025-06-15T19:09:00,delivered,RTE-DET-20250615-002,2025-06-16T18:09:00,,on_time
SHP-202504-000173,CLI-0042,HUB-CIN,freight,2025-04-22T18:16:00,2025-04-24T22:16:00,delivered,,2025-04-27T00:16:00,,on_time
SHP-202504-000174,CLI-0007,HUB-CIN,standard,2025-04-19T09:36:00,2025-04-22T17:36:00,delivered,RTE-CIN-20250421-002,2025-04-22T17:36:00,,on_time
SHP-202502-000178,CLI-0042,HUB-IND,freight,2025-02-03T20:06:00,2025-02-04T20:06:00,delivered,,2025-02-08T02:06:00,,on_time
SHP-202501-000196,CLI-0169,HUB-CMH,standard,2025-01-24T17:23:00,2025-01-29T04:23:00,delivered,RTE-CMH-20250124-001,2025-01-29T04:23:00,,on_time
SHP-202506-000181,CLI-0007,HUB-CMH,standard,2025-06-08T19:07:00,2025-06-12T02:07:00,delivered,RTE-CMH-20250608-002,2025-06-12T02:07:00,,on_time
SHP-202508-000185,CLI-0169,HUB-IND,expedited,2025-08-30T20:55:00,2025-09-01T04:55:00,delivered,RTE-IND-20250830-001,2025-09-02T08:55:00,,on_time
SHP-202509-000191,CLI-0007,HUB-CHI,standard,2025-09-10T11:48:00,2025-09-11T16:48:00,delivered,RTE-CHI-20250910-002,2025-09-14T02:48:00,,on_time
SHP-202507-000196,CLI-0201,HUB-CMH,expedited,2025-07-05T18:38:00,2025-07-06T21:38:00,delivered,RTE-CMH-20250705-001,2025-07-09T03:38:00,,on_time
SHP-202507-000197,CLI-0155,HUB-IND,standard,2025-07-16T17:53:00,2025-07-22T17:53:00,delayed,RTE-IND-20250716-002,2025-07-21T16:53:00,25,1-2d
SHP-202508-000186,CLI-0169,HUB-CMH,standard,2025-08-28T06:29:00,2025-09-01T07:29:00,delivered,RTE-CMH-20250828-001,2025-09-01T07:29:00,,on_time
SHP-202507-000198,CLI-0155,HUB-DET,standard,2025-07-05T16:48:00,2025-07-06T19:48:00,delivered,RTE-DET-20250706-001,2025-07-09T06:48:00,,on_time
SHP-202502-000179,CLI-0155,HUB-CHI,standard,2025-02-20T18:11:00,2025-02-23T19:11:00,delivered,RTE-CHI-20250220-002,2025-02-24T10:11:00,,on_time
SHP-202506-000182,CLI-0169,HUB-DET,standard,2025-06-04T12:03:00,2025-06-06T17:03:00,delivered,RTE-DET-20250605-001,2025-06-07T19:03:00,,on_time
SHP-202507-000199,CLI-0201,HUB-CHI,expedited,2025-07-21T08:35:00,2025-07-22T12:35:00,delivered,RTE-CHI-20250721-001,2025-07-24T16:35:00,,on_time
SHP-202501-000197,CLI-0201,HUB-IND,standard,2025-01-24T13:41:00,2025-01-26T15:41:00,delivered,RTE-IND-20250124-001,2025-01-28T22:41:00,,on_time
SHP-202512-000286,CLI-0169,HUB-CHI,expedited,2025-12-28T20:25:00,2025-12-30T07:25:00,delivered,RTE-CHI-20251228-001,2025-12-31T16:25:00,,on_time
SHP-202511-000269,CLI-0042,HUB-IND,freight,2025-11-07T14:58:00,2025-11-11T23:58:00,delivered,,2025-11-11T23:58:00,,on_time
SHP-202512-000287,CLI-0042,HUB-IND,freight,2025-12-14T18:23:00,2025-12-17T18:23:00,delivered,,2025-12-18T19:23:00,,on_time
SHP-202508-000187,CLI-0155,HUB-CMH,standard,2025-08-19T16:41:00,2025-08-23T23:41:00,delivered,RTE-CMH-20250820-003,2025-08-23T23:41:00,,on_time
SHP-202503-000228,CLI-0007,HUB-CIN,expedited,2025-03-23T06:15:00,2025-03-24T14:15:00,delivered,RTE-CIN-20250323-001,2025-03-24T17:15:00,,on_time
SHP-202503-000229,CLI-0155,HUB-CHI,standard,2025-03-26T14:23:00,2025-03-29T22:23:00,delivered,RTE-CHI-20250326-002,2025-03-30T03:23:00,,on_time
SHP-202505-000172,CLI-0201,HUB-IND,standard,2025-05-17T07:03:00,2025-05-18T08:03:00,delivered,RTE-IND-20250517-001,2025-05-21T11:03:00,,on_time
SHP-202508-000188,CLI-0042,HUB-CHI,freight,2025-08-19T18:05:00,2025-08-22T01:05:00,delivered,,2025-08-23T03:05:00,,on_time
SHP-202512-000289,CLI-0042,HUB-IND,freight,2025-12-17T15:12:00,2025-12-21T22:12:00,delivered,,2025-12-21T22:12:00,,on_time
SHP-202504-000176,CLI-0155,HUB-DET,standard,2025-04-04T19:07:00,2025-04-08T21:07:00,delivered,RTE-DET-20250404-001,2025-04-08T21:07:00,,on_time
SHP-202501-000200,CLI-0169,HUB-IND,standard,2025-01-17T20:22:00,2025-01-20T21:22:00,delivered,RTE-IND-20250117-002,2025-01-21T08:22:00,,on_time
SHP-202509-000192,CLI-0007,HUB-CHI,expedited,2025-09-10T07:52:00,2025-09-11T12:52:00,delivered,RTE-CHI-20250910-001,2025-09-12T16:52:00,,on_time
SHP-202501-000202,CLI-0007,HUB-CIN,expedited,2025-01-23T19:10:00,2025-01-24T21:10:00,delivered,RTE-CIN-20250123-001,2025-01-25T10:10:00,,on_time
SHP-202505-000173,CLI-0155,HUB-IND,standard,2025-05-02T20:02:00,2025-05-04T22:02:00,delivered,RTE-IND-20250503-001,2025-05-05T17:02:00,,on_time
SHP-202505-000174,CLI-0042,HUB-CHI,freight,2025-05-07T09:22:00,2025-05-09T21:22:00,delivered,,2025-05-10T19:22:00,,on_time
SHP-202506-000183,CLI-0042,HUB-CMH,freight,2025-06-19T15:56:00,2025-06-22T19:56:00,delivered,,2025-06-24T03:56:00,,on_time
SHP-202504-000178,CLI-0155,HUB-IND,standard,2025-04-29T20:37:00,2025-05-03T08:37:00,delivered,RTE-IND-20250429-001,2025-05-03T08:37:00,,on_time
SHP-202507-000202,CLI-0155,HUB-CMH,standard,2025-07-16T20:28:00,2025-07-18T05:28:00,delivered,RTE-CMH-20250716-003,2025-07-20T11:28:00,,on_time
SHP-202507-000203,CLI-0201,HUB-IND,standard,2025-07-25T08:42:00,2025-07-29T12:42:00,delivered,RTE-IND-20250725-003,2025-07-29T12:42:00,,on_time
SHP-202507-000205,CLI-0007,HUB-IND,standard,2025-07-01T18:08:00,2025-07-02T22:08:00,delivered,RTE-IND-20250702-001,2025-07-04T15:08:00,,on_time
SHP-202505-000175,CLI-0042,HUB-CIN,freight,2025-05-02T19:28:00,2025-05-07T05:28:00,delivered,,2025-05-07T05:28:00,,on_time
SHP-202509-000193,CLI-0155,HUB-IND,expedited,2025-09-14T14:50:00,2025-09-15T16:50:00,delivered,RTE-IND-20250914-001,2025-09-16T13:50:00,,on_time
SHP-202511-000273,CLI-0169,HUB-CIN,standard,2025-11-22T19:47:00,2025-11-26T06:47:00,delivered,RTE-CIN-20251124-002,2025-11-26T06:47:00,,on_time
SHP-202502-000180,CLI-0169,HUB-DET,standard,2025-02-24T20:19:00,2025-02-28T23:19:00,delivered,RTE-DET-20250224-001,2025-02-28T23:19:00,,on_time
SHP-202504-000181,CLI-0007,HUB-CHI,expedited,2025-04-03T09:59:00,2025-04-04T13:59:00,delivered,RTE-CHI-20250404-001,2025-04-05T17:59:00,,on_time
SHP-202508-000190,CLI-0201,HUB-DET,standard,2025-08-16T20:53:00,2025-08-18T05:53:00,delivered,RTE-DET-20250818-003,2025-08-21T13:53:00,,on_time
SHP-202502-000181,CLI-0007,HUB-CIN,standard,2025-02-08T11:48:00,2025-02-10T13:48:00,delivered,RTE-CIN-20250209-003,2025-02-11T04:48:00,,on_time
SHP-202501-000204,CLI-0042,HUB-CIN,freight,2025-01-24T08:29:00,2025-01-25T13:29:00,delivered,,2025-01-28T18:29:00,,on_time
SHP-202507-000208,CLI-0007,HUB-DET,expedited,2025-07-24T06:30:00,2025-07-25T08:30:00,delivered,RTE-DET-20250724-002,2025-07-26T01:30:00,,on_time
SHP-202502-000183,CLI-0155,HUB-IND,standard,2025-02-20T17:12:00,2025-02-25T00:12:00,delivered,RTE-IND-20250220-001,2025-02-25T00:12:00,,on_time
SHP-202512-000293,CLI-0155,HUB-CIN,standard,2025-12-21T15:02:00,2025-12-26T03:02:00,delivered,RTE-CIN-20251221-001,2025-12-26T03:02:00,,on_time
SHP-202502-000184,CLI-0169,HUB-CMH,standard,2025-02-05T13:01:00,,returned,RTE-CMH-20250205-002,2025-02-08T11:01:00,,
SHP-202510-000212,CLI-0155,HUB-IND,expedited,2025-10-14T07:49:00,2025-10-15T10:49:00,delivered,RTE-IND-20251014-003,2025-10-16T06:49:00,,on_time
SHP-202505-000177,CLI-0169,HUB-CHI,standard,2025-05-18T12:36:00,2025-05-19T14:36:00,delivered,RTE-CHI-20250518-001,2025-05-22T07:36:00,,on_time
SHP-202505-000178,CLI-0201,HUB-IND,standard,2025-05-18T18:37:00,2025-05-20T03:37:00,delivered,RTE-IND-20250520-001,2025-05-23T01:37:00,,on_time
SHP-202504-000182,CLI-0007,HUB-IND,standard,2025-04-23T06:19:00,2025-04-27T17:19:00,delivered,RTE-IND-20250423-001,2025-04-27T17:19:00,,on_time
SHP-202501-000206,CLI-0201,HUB-CMH,standard,2025-01-27T13:53:00,2025-01-30T19:53:00,delivered,RTE-CMH-20250127-001,2025-01-31T18:53:00,,on_time
SHP-202508-000191,CLI-0201,HUB-CHI,standard,2025-08-28T20:51:00,2025-08-30T01:51:00,delivered,RTE-CHI-20250828-001,2025-09-01T21:51:00,,on_time
SHP-202512-000295,CLI-0007,HUB-CIN,standard,2025-12-04T14:47:00,2025-12-05T14:47:00,delivered,RTE-CIN-20251204-001,2025-12-07T01:47:00,,on_time
SHP-202511-000274,CLI-0042,HUB-DET,freight,2025-11-03T13:48:00,2025-11-07T16:48:00,delivered,,2025-11-08T06:48:00,,on_time
SHP-202501-000209,CLI-0169,HUB-IND,expedited,2025-01-13T19:42:00,2025-01-15T04:42:00,delivered,RTE-IND-20250113-002,2025-01-16T12:42:00,,on_time
SHP-202503-000237,CLI-0007,HUB-DET,standard,2025-03-12T16:54:00,2025-03-14T00:54:00,delivered,RTE-DET-20250312-001,2025-03-15T13:54:00,,on_time
SHP-202503-000238,CLI-0201,HUB-IND,expedited,2025-03-03T18:13:00,2025-03-04T21:13:00,delivered,RTE-IND-20250303-002,2025-03-07T05:13:00,,on_time
SHP-202508-000192,CLI-0042,HUB-CIN,freight,2025-08-26T12:52:00,2025-08-29T14:52:00,delivered,,2025-08-31T01:52:00,,on_time
SHP-202512-000296,CLI-0169,HUB-IND,standard,2025-12-12T16:38:00,2025-12-13T20:38:00,delivered,RTE-IND-20251212-002,2025-12-16T03:38:00,,on_time
SHP-202508-000193,CLI-0169,HUB-IND,expedited,2025-08-13T14:10:00,2025-08-14T18:10:00,delivered,RTE-IND-20250813-002,2025-08-15T21:10:00,,on_time
SHP-202512-000297,CLI-0007,HUB-DET,expedited,2025-12-22T07:26:00,2025-12-23T07:26:00,delivered,RTE-DET-20251222-003,2025-12-24T05:26:00,,on_time
SHP-202507-000212,CLI-0155,HUB-CHI,standard,2025-07-17T11:56:00,2025-07-18T12:56:00,delivered,RTE-CHI-20250718-003,2025-07-21T05:56:00,,on_time
SHP-202507-000213,CLI-0155,HUB-CIN,expedited,2025-07-14T16:09:00,2025-07-16T02:09:00,delivered,RTE-CIN-20250714-001,2025-07-17T07:09:00,,on_time
SHP-202509-000196,CLI-0042,HUB-CHI,freight,2025-09-19T13:49:00,2025-09-23T13:49:00,delivered,,2025-09-23T13:49:00,,on_time
SHP-202511-000276,CLI-0201,HUB-IND,standard,2025-11-03T20:03:00,2025-11-05T04:03:00,delivered,RTE-IND-20251103-001,2025-11-07T20:03:00,,on_time
SHP-202511-000277,CLI-0007,HUB-DET,standard,2025-11-24T08:33:00,2025-11-28T16:33:00,delivered,RTE-DET-20251124-001,2025-11-28T16:33:00,,on_time
SHP-202503-000239,CLI-0155,HUB-IND,expedited,2025-03-31T11:48:00,2025-04-01T21:48:00,delivered,RTE-IND-20250331-002,2025-04-02T05:48:00,,on_time
SHP-202505-000179,CLI-0201,HUB-CIN,standard,2025-05-22T20:37:00,2025-05-26T21:37:00,delivered,RTE-CIN-20250523-006,2025-05-26T23:37:00,,on_time
SHP-202507-000214,CLI-0042,HUB-CIN,freight,2025-07-27T06:33:00,2025-07-28T09:33:00,delivered,,2025-07-31T20:33:00,,on_time
SHP-202511-000278,CLI-0042,HUB-CHI,freight,2025-11-16T20:26:00,2025-11-20T00:26:00,delivered,,2025-11-20T10:26:00,,on_time
SHP-202502-000188,CLI-0155,HUB-CHI,standard,2025-02-11T16:56:00,2025-02-16T01:56:00,delivered,RTE-CHI-20250212-006,2025-02-16T01:56:00,,on_time
SHP-202508-000194,CLI-0042,HUB-CHI,freight,2025-08-20T15:24:00,2025-08-24T15:24:00,delivered,,2025-08-24T15:24:00,,on_time
SHP-202505-000181,CLI-0169,HUB-CHI,expedited,2025-05-31T20:44:00,2025-06-02T01:44:00,delivered,RTE-CHI-20250531-002,2025-06-03T19:44:00,,on_time
SHP-202507-000215,CLI-0201,HUB-IND,standard,2025-07-01T07:44:00,2025-07-05T19:44:00,delivered,RTE-IND-20250702-001,2025-07-05T19:44:00,,on_time
SHP-202503-000240,CLI-0042,HUB-DET,freight,2025-03-07T12:51:00,2025-03-11T16:51:00,delivered,,2025-03-12T00:51:00,,on_time
SHP-202510-000216,CLI-0169,HUB-CIN,standard,2025-10-27T19:31:00,2025-10-29T21:31:00,delivered,RTE-CIN-20251027-003,2025-10-30T20:31:00,,on_time
SHP-202504-000185,CLI-0201,HUB-CHI,standard,2025-04-06T12:36:00,2025-04-07T18:36:00,delivered,RTE-CHI-20250407-003,2025-04-10T16:36:00,,on_time
SHP-202506-000186,CLI-0155,HUB-CIN,standard,2025-06-04T14:55:00,2025-06-06T15:55:00,delivered,RTE-CIN-20250604-001,2025-06-08T00:55:00,,on_time
SHP-202507-000217,CLI-0042,HUB-CMH,freight,2025-07-26T10:19:00,2025-07-30T16:19:00,delivered,,2025-07-30T17:19:00,,on_time
SHP-202512-000298,CLI-0042,HUB-IND,freight,2025-12-05T17:59:00,2025-12-07T21:59:00,delivered,,2025-12-09T22:59:00,,on_time
SHP-202508-000196,CLI-0007,HUB-CIN,expedited,2025-08-08T14:57:00,2025-08-09T16:57:00,delivered,RTE-CIN-20250808-001,2025-08-10T05:57:00,,on_time
SHP-202501-000213,CLI-0169,HUB-DET,standard,2025-01-18T20:00:00,2025-01-21T23:00:00,delivered,RTE-DET-20250118-001,2025-01-22T13:00:00,,on_time
SHP-202511-000281,CLI-0155,HUB-CMH,standard,2025-11-30T18:19:00,2025-12-02T05:19:00,delivered,RTE-CMH-20251201-001,2025-12-04T08:19:00,,on_time
SHP-202503-000243,CLI-0007,HUB-CHI,standard,2025-03-25T15:20:00,2025-03-26T15:20:00,delivered,RTE-CHI-20250325-001,2025-03-28T22:20:00,,on_time
SHP-202510-000217,CLI-0007,HUB-CIN,standard,2025-10-26T13:12:00,2025-10-27T16:12:00,delivered,RTE-CIN-20251027-004,2025-10-29T00:12:00,,on_time
SHP-202510-000218,CLI-0155,HUB-IND,standard,2025-10-31T10:02:00,2025-11-01T18:02:00,delivered,RTE-IND-20251031-003,2025-11-03T05:02:00,,on_time
SHP-202507-000218,CLI-0169,HUB-IND,standard,2025-07-01T07:46:00,2025-07-02T12:46:00,delivered,RTE-IND-20250702-001,2025-07-04T13:46:00,,on_time
SHP-202501-000216,CLI-0169,HUB-IND,standard,2025-01-07T10:01:00,,failed,RTE-IND-20250107-001,2025-01-10T22:01:00,,
SHP-202505-000184,CLI-0042,HUB-DET,freight,2025-05-23T14:34:00,2025-05-27T19:34:00,delivered,,2025-05-27T23:34:00,,on_time
SHP-202503-000244,CLI-0169,HUB-CMH,expedited,2025-03-22T12:18:00,2025-03-23T23:18:00,delivered,RTE-CMH-20250322-002,2025-03-24T10:18:00,,on_time
SHP-202507-000220,CLI-0007,HUB-IND,standard,2025-07-19T14:21:00,2025-07-22T16:21:00,delivered,RTE-IND-20250720-002,2025-07-22T16:21:00,,on_time
SHP-202507-000221,CLI-0007,HUB-CMH,standard,2025-07-24T12:02:00,2025-07-29T00:02:00,delivered,RTE-CMH-20250724-002,2025-07-29T00:02:00,,on_time
SHP-202507-000222,CLI-0155,HUB-DET,expedited,2025-07-06T18:03:00,2025-07-08T04:03:00,delivered,RTE-DET-20250706-001,2025-07-09T11:03:00,,on_time
SHP-202509-000197,CLI-0169,HUB-CMH,standard,2025-09-22T06:25:00,2025-09-26T06:25:00,delivered,RTE-CMH-20250922-001,2025-09-26T06:25:00,,on_time
SHP-202512-000303,CLI-0155,HUB-CIN,expedited,2025-12-05T06:20:00,2025-12-06T14:20:00,delivered,RTE-CIN-20251205-001,2025-12-07T23:20:00,,on_time
SHP-202511-000284,CLI-0155,HUB-IND,standard,2025-11-06T07:07:00,2025-11-07T18:07:00,delivered,RTE-IND-20251106-001,2025-11-09T06:07:00,,on_time
SHP-202510-000220,CLI-0169,HUB-IND,standard,2025-10-08T10:56:00,2025-10-11T22:56:00,delivered,RTE-IND-20251008-002,2025-10-12T00:56:00,,on_time
SHP-202506-000189,CLI-0201,HUB-CHI,expedited,2025-06-19T15:50:00,2025-06-20T17:50:00,delivered,RTE-CHI-20250619-004,2025-06-22T17:50:00,,on_time
SHP-202507-000226,CLI-0201,HUB-CHI,standard,2025-07-29T12:01:00,2025-08-01T19:01:00,delivered,RTE-CHI-20250729-005,2025-08-02T20:01:00,,on_time
SHP-202511-000285,CLI-0201,HUB-DET,standard,2025-11-24T09:22:00,2025-11-25T14:22:00,delivered,RTE-DET-20251124-001,2025-11-29T05:22:00,,on_time
SHP-202509-000198,CLI-0007,HUB-IND,expedited,2025-09-16T16:00:00,2025-09-17T19:00:00,delivered,RTE-IND-20250916-001,2025-09-18T21:00:00,,on_time
SHP-202512-000304,CLI-0007,HUB-DET,standard,2025-12-14T07:20:00,2025-12-17T15:20:00,delivered,RTE-DET-20251214-002,2025-12-17T15:20:00,,on_time
SHP-202508-000201,CLI-0169,HUB-CHI,standard,2025-08-14T10:04:00,2025-08-17T14:04:00,delivered,RTE-CHI-20250814-002,2025-08-18T06:04:00,,on_time
SHP-202508-000202,CLI-0042,HUB-DET,freight,2025-08-15T10:46:00,2025-08-17T11:46:00,delivered,,2025-08-20T03:46:00,,on_time
SHP-202504-000190,CLI-0201,HUB-CMH,standard,2025-04-20T09:56:00,2025-04-24T13:56:00,delivered,RTE-CMH-20250420-001,2025-04-24T19:56:00,,on_time
SHP-202512-000307,CLI-0201,HUB-CMH,expedited,2025-12-20T13:20:00,2025-12-22T00:20:00,delivered,RTE-CMH-20251220-001,2025-12-23T20:20:00,,on_time
SHP-202501-000219,CLI-0169,HUB-CHI,standard,2025-01-18T18:19:00,2025-01-21T19:19:00,delivered,RTE-CHI-20250118-001,2025-01-22T23:19:00,,on_time
SHP-202501-000220,CLI-0155,HUB-CMH,standard,2025-01-20T13:17:00,2025-01-24T20:17:00,delivered,RTE-CMH-20250121-003,2025-01-24T20:17:00,,on_time
SHP-202507-000227,CLI-0201,HUB-DET,standard,2025-07-07T11:36:00,2025-07-11T13:36:00,delivered,RTE-DET-20250707-004,2025-07-12T07:36:00,,on_time
SHP-202506-000190,CLI-0042,HUB-CMH,freight,2025-06-23T17:04:00,2025-06-27T23:04:00,delivered,,2025-06-28T01:04:00,,on_time
SHP-202512-000309,CLI-0155,HUB-CMH,standard,2025-12-03T06:24:00,2025-12-05T17:24:00,delivered,RTE-CMH-20251203-001,2025-12-06T12:24:00,,on_time
SHP-202505-000188,CLI-0169,HUB-DET,standard,2025-05-11T17:36:00,2025-05-14T23:36:00,delivered,RTE-DET-20250512-001,2025-05-15T03:36:00,,on_time
SHP-202512-000310,CLI-0042,HUB-CIN,freight,2025-12-14T19:58:00,2025-12-17T01:58:00,delivered,,2025-12-19T10:58:00,,on_time
SHP-202501-000221,CLI-0169,HUB-IND,expedited,2025-01-04T17:28:00,2025-01-05T23:28:00,delivered,RTE-IND-20250104-001,2025-01-07T09:28:00,,on_time
SHP-202503-000248,CLI-0201,HUB-IND,standard,2025-03-30T06:24:00,2025-04-02T14:24:00,delivered,RTE-IND-20250331-003,2025-04-03T06:24:00,,on_time
SHP-202503-000249,CLI-0042,HUB-IND,freight,2025-03-09T07:26:00,2025-03-12T12:26:00,delivered,,2025-03-13T11:26:00,,on_time
SHP-202502-000191,CLI-0155,HUB-IND,standard,2025-02-24T18:32:00,2025-02-28T22:32:00,delivered,RTE-IND-20250224-004,2025-02-28T22:32:00,,on_time
SHP-202512-000311,CLI-0042,HUB-CIN,freight,2025-12-22T15:47:00,2025-12-24T00:47:00,delivered,,2025-12-27T09:47:00,,on_time
SHP-202508-000204,CLI-0201,HUB-DET,standard,2025-08-26T14:00:00,2025-08-31T00:00:00,delivered,RTE-DET-20250826-001,2025-08-31T14:00:00,,on_time
SHP-202512-000312,CLI-0042,HUB-CHI,freight,2025-12-03T17:39:00,2025-12-06T03:39:00,delivered,,2025-12-07T09:39:00,,on_time
SHP-202501-000224,CLI-0155,HUB-CHI,standard,2025-01-09T07:36:00,2025-01-13T14:36:00,delivered,RTE-CHI-20250109-001,2025-01-13T14:36:00,,on_time
SHP-202506-000193,CLI-0201,HUB-IND,expedited,2025-06-08T16:33:00,2025-06-09T19:33:00,delivered,RTE-IND-20250609-004,2025-06-12T02:33:00,,on_time
SHP-202508-000205,CLI-0042,HUB-DET,freight,2025-08-16T12:11:00,2025-08-18T22:11:00,delivered,,2025-08-21T04:11:00,,on_time
SHP-202511-000292,CLI-0007,HUB-IND,standard,2025-11-25T18:33:00,2025-11-27T01:33:00,delivered,RTE-IND-20251125-003,2025-11-28T17:33:00,,on_time
SHP-202510-000226,CLI-0155,HUB-CHI,expedited,2025-10-04T19:23:00,2025-10-06T04:23:00,delivered,RTE-CHI-20251006-001,2025-10-07T10:23:00,,on_time
SHP-202510-000228,CLI-0155,HUB-CMH,standard,2025-10-25T13:26:00,2025-10-28T16:26:00,delivered,RTE-CMH-20251025-002,2025-10-28T21:26:00,,on_time
SHP-202503-000252,CLI-0201,HUB-CMH,standard,2025-03-19T20:40:00,2025-03-21T06:40:00,delivered,RTE-CMH-20250319-001,2025-03-24T05:40:00,,on_time
SHP-202506-000198,CLI-0042,HUB-IND,freight,2025-06-12T08:41:00,2025-06-16T17:41:00,delivered,,2025-06-16T17:41:00,,on_time
SHP-202511-000295,CLI-0007,HUB-CHI,expedited,2025-11-30T16:50:00,2025-12-01T16:50:00,delivered,RTE-CHI-20251130-003,2025-12-03T09:50:00,,on_time
SHP-202511-000296,CLI-0155,HUB-IND,standard,2025-11-24T10:16:00,2025-11-28T19:16:00,delivered,RTE-IND-20251124-001,2025-11-28T19:16:00,,on_time
SHP-202503-000253,CLI-0007,HUB-IND,standard,2025-03-11T20:45:00,2025-03-13T23:45:00,delivered,RTE-IND-20250311-002,2025-03-15T01:45:00,,on_time
SHP-202504-000195,CLI-0007,HUB-DET,expedited,2025-04-27T17:23:00,2025-04-28T22:23:00,delivered,RTE-DET-20250428-001,2025-04-29T23:23:00,,on_time
SHP-202506-000200,CLI-0201,HUB-DET,expedited,2025-06-03T12:11:00,2025-06-04T17:11:00,delivered,RTE-DET-20250603-004,2025-06-07T09:11:00,,on_time
SHP-202502-000194,CLI-0169,HUB-CMH,expedited,2025-02-02T20:10:00,2025-02-04T06:10:00,delivered,RTE-CMH-20250203-001,2025-02-05T00:10:00,,on_time
SHP-202512-000315,CLI-0042,HUB-CIN,freight,2025-12-08T10:52:00,2025-12-12T22:52:00,delivered,,2025-12-13T01:52:00,,on_time
SHP-202511-000299,CLI-0042,HUB-CIN,freight,2025-11-21T17:41:00,2025-11-23T18:41:00,delivered,,2025-11-26T02:41:00,,on_time
SHP-202501-000229,CLI-0169,HUB-DET,expedited,2025-01-01T10:11:00,2025-01-02T10:11:00,delivered,RTE-DET-20250101-006,2025-01-03T16:11:00,,on_time
SHP-202510-000231,CLI-0201,HUB-DET,standard,2025-10-11T17:01:00,2025-10-16T02:01:00,delivered,RTE-DET-20251012-001,2025-10-16T11:01:00,,on_time
SHP-202502-000196,CLI-0155,HUB-IND,expedited,2025-02-06T07:17:00,2025-02-07T16:17:00,delivered,RTE-IND-20250206-001,2025-02-08T02:17:00,,on_time
SHP-202503-000255,CLI-0169,HUB-CMH,standard,2025-03-26T19:25:00,2025-03-30T23:25:00,delivered,RTE-CMH-20250326-001,2025-03-30T23:25:00,,on_time
SHP-202508-000210,CLI-0155,HUB-CMH,standard,2025-08-13T06:01:00,2025-08-16T06:01:00,delivered,RTE-CMH-20250813-001,2025-08-16T18:01:00,,on_time
SHP-202502-000198,CLI-0169,HUB-IND,standard,2025-02-03T17:44:00,2025-02-07T21:44:00,delivered,RTE-IND-20250203-004,2025-02-07T21:44:00,,on_time
SHP-202503-000256,CLI-0007,HUB-IND,standard,2025-03-18T15:29:00,2025-03-23T00:29:00,delivered,RTE-IND-20250318-001,2025-03-23T00:29:00,,on_time
SHP-202511-000301,CLI-0007,HUB-CIN,standard,2025-11-30T17:33:00,2025-12-01T17:33:00,delivered,RTE-CIN-20251201-004,2025-12-03T04:33:00,,on_time
SHP-202506-000203,CLI-0007,HUB-IND,standard,2025-06-16T13:34:00,2025-06-18T01:34:00,delivered,RTE-IND-20250616-001,2025-06-19T08:34:00,,on_time
SHP-202509-000205,CLI-0155,HUB-CHI,standard,2025-09-26T13:53:00,2025-09-27T15:53:00,delivered,RTE-CHI-20250926-001,2025-09-30T04:53:00,,on_time
SHP-202512-000317,CLI-0007,HUB-IND,expedited,2025-12-03T08:45:00,2025-12-04T08:45:00,delivered,RTE-IND-20251203-003,2025-12-05T09:45:00,,on_time
SHP-202507-000231,CLI-0042,HUB-CMH,freight,2025-07-26T11:04:00,2025-07-28T11:04:00,delivered,,2025-07-30T22:04:00,,on_time
SHP-202503-000257,CLI-0042,HUB-IND,freight,2025-03-11T09:55:00,2025-03-13T11:55:00,delivered,,2025-03-15T03:55:00,,on_time
SHP-202512-000318,CLI-0169,HUB-DET,standard,2025-12-07T06:06:00,2025-12-16T06:06:00,delayed,RTE-DET-20251207-001,2025-12-14T21:06:00,33,1-2d
SHP-202511-000302,CLI-0007,HUB-CMH,expedited,2025-11-11T10:34:00,2025-11-12T13:34:00,delivered,RTE-CMH-20251111-001,2025-11-13T03:34:00,,on_time
SHP-202512-000319,CLI-0169,HUB-CHI,standard,2025-12-05T19:14:00,2025-12-07T00:14:00,delivered,RTE-CHI-20251205-001,2025-12-09T19:14:00,,on_time
SHP-202512-000320,CLI-0201,HUB-DET,standard,2025-12-19T11:36:00,2025-12-22T18:36:00,delivered,RTE-DET-20251219-001,2025-12-24T08:36:00,,on_time
SHP-202507-000233,CLI-0169,HUB-CHI,standard,2025-07-21T14:37:00,2025-07-25T16:37:00,delivered,RTE-CHI-20250721-004,2025-07-25T16:37:00,,on_time
SHP-202512-000321,CLI-0201,HUB-DET,expedited,2025-12-29T08:19:00,2025-12-30T15:19:00,delivered,RTE-DET-20251229-002,2026-01-01T21:19:00,,on_time
SHP-202505-000195,CLI-0155,HUB-DET,standard,2025-05-19T14:47:00,2025-05-20T20:47:00,delivered,RTE-DET-20250519-001,2025-05-23T04:47:00,,on_time
SHP-202504-000198,CLI-0155,HUB-CHI,expedited,2025-04-05T19:40:00,2025-04-07T06:40:00,delivered,RTE-CHI-20250407-002,2025-04-08T01:40:00,,on_time
SHP-202506-000204,CLI-0201,HUB-CHI,expedited,2025-06-01T09:38:00,2025-06-02T11:38:00,delivered,RTE-CHI-20250601-001,2025-06-04T14:38:00,,on_time
SHP-202510-000233,CLI-0155,HUB-CMH,standard,2025-10-29T19:36:00,2025-10-31T05:36:00,delivered,RTE-CMH-20251030-002,2025-11-02T10:36:00,,on_time
SHP-202502-000203,CLI-0201,HUB-DET,expedited,2025-02-26T15:29:00,2025-02-27T21:29:00,delivered,RTE-DET-20250226-002,2025-03-02T09:29:00,,on_time
SHP-202510-000234,CLI-0007,HUB-CHI,standard,2025-10-27T10:17:00,2025-10-31T17:17:00,delivered,RTE-CHI-20251027-002,2025-10-31T17:17:00,,on_time
SHP-202512-000322,CLI-0155,HUB-CIN,expedited,2025-12-03T10:02:00,2025-12-04T18:02:00,delivered,RTE-CIN-20251203-004,2025-12-05T17:02:00,,on_time
SHP-202512-000323,CLI-0042,HUB-CMH,freight,2025-12-20T19:27:00,2025-12-22T19:27:00,delivered,,2025-12-25T01:27:00,,on_time
SHP-202510-000235,CLI-0201,HUB-CMH,expedited,2025-10-06T15:41:00,2025-10-08T01:41:00,delivered,RTE-CMH-20251006-003,2025-10-09T19:41:00,,on_time
SHP-202512-000324,CLI-0042,HUB-CMH,freight,2025-12-03T19:19:00,2025-12-05T19:19:00,delivered,,2025-12-08T12:19:00,,on_time
SHP-202503-000258,CLI-0201,HUB-DET,expedited,2025-03-19T12:58:00,2025-03-20T12:58:00,delivered,RTE-DET-20250319-002,2025-03-23T01:58:00,,on_time
SHP-202511-000305,CLI-0155,HUB-CHI,standard,2025-11-05T19:49:00,2025-11-08T23:49:00,delivered,RTE-CHI-20251105-001,2025-11-09T06:49:00,,on_time
SHP-202509-000206,CLI-0007,HUB-DET,standard,2025-09-04T20:08:00,2025-09-06T05:08:00,delivered,RTE-DET-20250904-002,2025-09-07T20:08:00,,on_time
SHP-202512-000326,CLI-0042,HUB-CHI,freight,2025-12-16T10:57:00,2025-12-17T12:57:00,delivered,,2025-12-20T04:57:00,,on_time
SHP-202509-000207,CLI-0007,HUB-IND,standard,2025-09-24T08:53:00,2025-09-27T13:53:00,delivered,RTE-IND-20250924-001,2025-09-27T13:53:00,,on_time
SHP-202507-000234,CLI-0201,HUB-CHI,standard,2025-07-14T09:35:00,2025-07-15T09:35:00,delivered,RTE-CHI-20250714-001,2025-07-18T17:35:00,,on_time
SHP-202505-000197,CLI-0007,HUB-IND,standard,2025-05-08T06:04:00,2025-05-09T11:04:00,delivered,RTE-IND-20250508-001,2025-05-11T01:04:00,,on_time
SHP-202504-000199,CLI-0201,HUB-CIN,standard,2025-04-22T16:11:00,2025-04-27T00:11:00,delivered,RTE-CIN-20250422-003,2025-04-27T02:11:00,,on_time
SHP-202506-000205,CLI-0169,HUB-CHI,expedited,2025-06-22T13:47:00,2025-06-23T14:47:00,delivered,RTE-CHI-20250623-003,2025-06-25T15:47:00,,on_time
SHP-202501-000236,CLI-0169,HUB-IND,standard,2025-01-02T18:04:00,2025-01-07T03:04:00,delivered,RTE-IND-20250102-001,2025-01-07T03:04:00,,on_time
SHP-202512-000328,CLI-0201,HUB-DET,standard,2025-12-25T16:58:00,2025-12-28T21:58:00,delivered,RTE-DET-20251225-002,2025-12-30T06:58:00,,on_time
SHP-202507-000235,CLI-0042,HUB-IND,freight,2025-07-05T12:55:00,2025-07-06T22:55:00,delivered,,2025-07-09T07:55:00,,on_time
SHP-202501-000237,CLI-0155,HUB-CMH,expedited,2025-01-22T06:52:00,2025-01-23T16:52:00,delivered,RTE-CMH-20250122-001,2025-01-24T20:52:00,,on_time
SHP-202503-000259,CLI-0201,HUB-CHI,standard,2025-03-14T17:07:00,2025-03-16T19:07:00,delivered,RTE-CHI-20250314-003,2025-03-18T23:07:00,,on_time
SHP-202506-000206,CLI-0169,HUB-CHI,standard,2025-06-27T18:28:00,2025-06-30T06:28:00,delivered,RTE-CHI-20250627-001,2025-07-01T19:28:00,,on_time
SHP-202502-000205,CLI-0169,HUB-CHI,standard,2025-02-22T15:21:00,2025-02-25T03:21:00,delivered,RTE-CHI-20250224-001,2025-02-26T12:21:00,,on_time
SHP-202510-000239,CLI-0007,HUB-CIN,standard,2025-10-09T20:39:00,2025-10-13T23:39:00,delivered,RTE-CIN-20251009-002,2025-10-13T23:39:00,,on_time
SHP-202510-000240,CLI-0169,HUB-CIN,standard,2025-10-22T11:58:00,2025-10-25T20:58:00,delivered,RTE-CIN-20251022-003,2025-10-25T20:58:00,,on_time
SHP-202510-000241,CLI-0042,HUB-CIN,freight,2025-10-20T18:17:00,2025-10-22T00:17:00,delivered,,2025-10-25T09:17:00,,on_time
SHP-202507-000237,CLI-0042,HUB-DET,freight,2025-07-13T11:26:00,2025-07-19T11:26:00,delayed,,2025-07-16T23:26:00,60,>2d
SHP-202505-000201,CLI-0042,HUB-CMH,freight,2025-05-20T12:20:00,2025-05-24T13:20:00,delivered,,2025-05-24T20:20:00,,on_time
SHP-202511-000309,CLI-0155,HUB-CHI,standard,2025-11-22T12:39:00,2025-11-26T16:39:00,delivered,RTE-CHI-20251123-001,2025-11-26T16:39:00,,on_time
SHP-202502-000206,CLI-0169,HUB-IND,standard,2025-02-25T19:37:00,2025-03-01T21:37:00,delivered,RTE-IND-20250225-002,2025-03-01T21:37:00,,on_time
SHP-202509-000210,CLI-0201,HUB-CMH,standard,2025-09-13T08:23:00,2025-09-15T20:23:00,delivered,RTE-CMH-20250914-001,2025-09-17T16:23:00,,on_time
SHP-202501-000238,CLI-0201,HUB-DET,standard,2025-01-14T18:11:00,2025-01-18T04:11:00,delivered,RTE-DET-20250114-001,2025-01-19T18:11:00,,on_time
SHP-202505-000205,CLI-0201,HUB-DET,standard,2025-05-04T13:54:00,2025-05-08T13:54:00,delayed,RTE-DET-20250504-001,2025-05-07T18:54:00,19,1-2d
SHP-202503-000261,CLI-0155,HUB-CIN,expedited,2025-03-22T19:22:00,2025-03-23T21:22:00,delivered,RTE-CIN-20250322-002,2025-03-25T11:22:00,,on_time
SHP-202512-000330,CLI-0169,HUB-DET,standard,2025-12-29T08:11:00,2026-01-02T19:11:00,delivered,RTE-DET-20251229-002,2026-01-02T19:11:00,,on_time
SHP-202504-000204,CLI-0201,HUB-DET,standard,2025-04-30T18:34:00,2025-05-03T23:34:00,delivered,RTE-DET-20250430-001,2025-05-05T17:34:00,,on_time
SHP-202507-000239,CLI-0155,HUB-CHI,standard,2025-07-12T18:47:00,2025-07-16T06:47:00,delivered,RTE-CHI-20250714-001,2025-07-16T10:47:00,,on_time
SHP-202508-000214,CLI-0169,HUB-CMH,standard,2025-08-04T16:30:00,2025-08-08T17:30:00,delivered,RTE-CMH-20250805-004,2025-08-08T17:30:00,,on_time
SHP-202501-000240,CLI-0007,HUB-CIN,standard,2025-01-29T08:15:00,2025-01-30T14:15:00,delivered,RTE-CIN-20250130-002,2025-01-31T18:15:00,,on_time
SHP-202502-000208,CLI-0155,HUB-DET,standard,2025-02-07T16:40:00,2025-02-11T22:40:00,delivered,RTE-DET-20250207-001,2025-02-11T22:40:00,,on_time
SHP-202512-000332,CLI-0169,HUB-CIN,standard,2025-12-16T11:57:00,2025-12-18T11:57:00,delivered,RTE-CIN-20251216-002,2025-12-19T07:57:00,,on_time
SHP-202502-000209,CLI-0155,HUB-CMH,expedited,2025-02-18T18:22:00,2025-02-20T00:22:00,delivered,RTE-CMH-20250219-001,2025-02-21T00:22:00,,on_time
SHP-202507-000240,CLI-0201,HUB-DET,expedited,2025-07-21T20:14:00,2025-07-23T01:14:00,delivered,RTE-DET-20250721-003,2025-07-25T17:14:00,,on_time
SHP-202509-000212,CLI-0155,HUB-IND,expedited,2025-09-07T09:51:00,2025-09-08T16:51:00,delivered,RTE-IND-20250907-001,2025-09-09T03:51:00,,on_time
SHP-202507-000241,CLI-0169,HUB-DET,standard,2025-07-07T12:16:00,2025-07-10T21:16:00,delivered,RTE-DET-20250707-003,2025-07-10T23:16:00,,on_time
SHP-202508-000215,CLI-0155,HUB-CIN,standard,2025-08-07T11:53:00,2025-08-10T17:53:00,delivered,RTE-CIN-20250807-001,2025-08-10T21:53:00,,on_time
SHP-202511-000311,CLI-0042,HUB-DET,freight,2025-11-17T15:08:00,2025-11-21T20:08:00,delivered,,2025-11-22T03:08:00,,on_time
SHP-202507-000242,CLI-0169,HUB-CMH,standard,2025-07-16T16:03:00,2025-07-19T04:03:00,delivered,RTE-CMH-20250716-003,2025-07-19T22:03:00,,on_time
SHP-202504-000205,CLI-0155,HUB-CHI,standard,2025-04-21T15:07:00,2025-04-24T15:07:00,delivered,RTE-CHI-20250421-001,2025-04-25T08:07:00,,on_time
SHP-202509-000213,CLI-0042,HUB-CMH,freight,2025-09-24T07:08:00,2025-09-26T07:08:00,delivered,,2025-09-28T14:08:00,,on_time
SHP-202512-000335,CLI-0155,HUB-DET,expedited,2025-12-13T15:08:00,2025-12-14T20:08:00,delivered,RTE-DET-20251214-002,2025-12-16T04:08:00,,on_time
SHP-202508-000216,CLI-0042,HUB-CMH,freight,2025-08-03T19:12:00,2025-08-07T07:12:00,delivered,,2025-08-08T02:12:00,,on_time
SHP-202504-000208,CLI-0042,HUB-CMH,freight,2025-04-21T07:57:00,2025-04-25T08:57:00,delivered,,2025-04-25T15:57:00,,on_time
SHP-202505-000208,CLI-0042,HUB-IND,freight,2025-05-11T06:17:00,2025-05-14T12:17:00,delivered,,2025-05-15T07:17:00,,on_time
SHP-202501-000242,CLI-0042,HUB-CMH,freight,2025-01-22T20:25:00,2025-01-26T02:25:00,delivered,,2025-01-27T06:25:00,,on_time
SHP-202504-000209,CLI-0007,HUB-DET,expedited,2025-04-12T17:20:00,2025-04-13T22:20:00,delivered,RTE-DET-20250412-001,2025-04-14T15:20:00,,on_time
SHP-202506-000213,CLI-0169,HUB-CMH,standard,2025-06-12T08:55:00,2025-06-15T14:55:00,delivered,RTE-CMH-20250612-002,2025-06-15T14:55:00,,on_time
SHP-202502-000212,CLI-0007,HUB-CHI,standard,2025-02-01T19:09:00,2025-02-04T21:09:00,delivered,RTE-CHI-20250201-001,2025-02-05T13:09:00,,on_time
SHP-202504-000211,CLI-0155,HUB-DET,standard,2025-04-10T16:03:00,2025-04-15T03:03:00,delivered,RTE-DET-20250410-004,2025-04-15T03:03:00,,on_time
SHP-202505-000210,CLI-0155,HUB-CMH,standard,2025-05-01T17:23:00,2025-05-04T19:23:00,delivered,RTE-CMH-20250501-005,2025-05-05T11:23:00,,on_time
SHP-202512-000341,CLI-0169,HUB-CHI,expedited,2025-12-12T15:12:00,2025-12-17T15:12:00,delayed,RTE-CHI-20251212-001,2025-12-15T15:12:00,48,1-2d
SHP-202510-000246,CLI-0155,HUB-CHI,expedited,2025-10-24T17:00:00,2025-10-25T22:00:00,delivered,RTE-CHI-20251024-003,2025-10-27T04:00:00,,on_time
SHP-202511-000312,CLI-0007,HUB-IND,standard,2025-11-24T17:06:00,2025-11-29T04:06:00,delivered,RTE-IND-20251124-001,2025-11-29T04:06:00,,on_time
SHP-202503-000265,CLI-0042,HUB-CIN,freight,2025-03-19T06:08:00,2025-03-21T16:08:00,delivered,,2025-03-23T15:08:00,,on_time
SHP-202511-000313,CLI-0155,HUB-CIN,standard,2025-11-04T15:05:00,2025-11-08T18:05:00,delivered,RTE-CIN-20251104-002,2025-11-08T18:05:00,,on_time
SHP-202512-000343,CLI-0201,HUB-DET,expedited,2025-12-30T16:53:00,2025-12-31T18:53:00,delivered,RTE-DET-20251230-003,2026-01-03T07:53:00,,on_time
SHP-202509-000217,CLI-0201,HUB-DET,standard,2025-09-11T18:33:00,2025-09-16T02:33:00,delivered,RTE-DET-20250911-001,2025-09-16T14:33:00,,on_time
SHP-202512-000345,CLI-0201,HUB-CIN,expedited,2025-12-02T19:57:00,2025-12-03T19:57:00,delivered,RTE-CIN-20251202-001,2025-12-05T21:57:00,,on_time
SHP-202502-000214,CLI-0155,HUB-CIN,expedited,2025-02-28T08:33:00,2025-03-01T11:33:00,delivered,RTE-CIN-20250228-001,2025-03-02T22:33:00,,on_time
SHP-202506-000216,CLI-0155,HUB-CMH,standard,2025-06-21T20:38:00,2025-06-23T05:38:00,delivered,RTE-CMH-20250621-001,2025-06-25T09:38:00,,on_time
SHP-202504-000212,CLI-0155,HUB-CHI,standard,2025-04-28T12:27:00,2025-05-02T18:27:00,delivered,RTE-CHI-20250428-001,2025-05-02T18:27:00,,on_time
SHP-202503-000266,CLI-0042,HUB-CIN,freight,2025-03-29T18:51:00,2025-04-01T04:51:00,delivered,,2025-04-03T07:51:00,,on_time
SHP-202511-000314,CLI-0007,HUB-IND,expedited,2025-11-22T19:48:00,2025-11-24T07:48:00,delivered,RTE-IND-20251123-001,2025-11-24T23:48:00,,on_time
SHP-202504-000213,CLI-0007,HUB-CMH,expedited,2025-04-23T16:35:00,2025-04-25T02:35:00,delivered,RTE-CMH-20250423-002,2025-04-25T04:35:00,,on_time
SHP-202502-000215,CLI-0007,HUB-IND,standard,2025-02-18T12:38:00,2025-02-22T23:38:00,delivered,RTE-IND-20250218-001,2025-02-22T23:38:00,,on_time
SHP-202507-000245,CLI-0007,HUB-DET,expedited,2025-07-02T12:30:00,2025-07-03T13:30:00,delivered,RTE-DET-20250702-001,2025-07-04T14:30:00,,on_time
SHP-202509-000218,CLI-0201,HUB-CHI,standard,2025-09-18T14:51:00,2025-09-22T17:51:00,delivered,RTE-CHI-20250918-002,2025-09-23T01:51:00,,on_time
SHP-202508-000217,CLI-0169,HUB-CMH,standard,2025-08-10T16:25:00,2025-08-12T23:25:00,delivered,RTE-CMH-20250811-001,2025-08-13T17:25:00,,on_time
SHP-202512-000347,CLI-0155,HUB-CMH,expedited,2025-12-30T07:57:00,2025-12-31T13:57:00,delivered,RTE-CMH-20251230-004,2026-01-02T01:57:00,,on_time
SHP-202510-000247,CLI-0007,HUB-CMH,expedited,2025-10-01T10:33:00,2025-10-02T10:33:00,delivered,RTE-CMH-20251001-001,2025-10-02T22:33:00,,on_time
SHP-202511-000316,CLI-0042,HUB-CMH,freight,2025-11-30T17:38:00,2025-12-04T02:38:00,delivered,,2025-12-05T05:38:00,,on_time
SHP-202511-000317,CLI-0042,HUB-CHI,freight,2025-11-17T15:12:00,2025-11-19T02:12:00,delivered,,2025-11-21T00:12:00,,on_time
SHP-202503-000267,CLI-0042,HUB-CMH,freight,2025-03-18T16:32:00,2025-03-19T23:32:00,delivered,,2025-03-23T01:32:00,,on_time
SHP-202505-000213,CLI-0042,HUB-DET,freight,2025-05-21T16:41:00,2025-05-23T18:41:00,delivered,,2025-05-26T05:41:00,,on_time
SHP-202509-000219,CLI-0042,HUB-CHI,freight,2025-09-13T18:16:00,2025-09-18T04:16:00,delivered,,2025-09-18T04:16:00,,on_time
SHP-202512-000349,CLI-0155,HUB-CIN,standard,2025-12-30T09:30:00,2026-01-02T09:30:00,delivered,RTE-CIN-20251230-001,2026-01-02T19:30:00,,on_time
SHP-202512-000351,CLI-0169,HUB-DET,standard,2025-12-06T20:31:00,2025-12-11T04:31:00,delivered,RTE-DET-20251207-001,2025-12-11T04:31:00,,on_time
SHP-202507-000248,CLI-0155,HUB-IND,standard,2025-07-05T11:46:00,2025-07-09T21:46:00,delivered,RTE-IND-20250705-001,2025-07-09T21:46:00,,on_time
SHP-202510-000248,CLI-0201,HUB-IND,expedited,2025-10-02T14:12:00,2025-10-03T18:12:00,delivered,RTE-IND-20251002-003,2025-10-05T18:12:00,,on_time
SHP-202509-000220,CLI-0155,HUB-CIN,expedited,2025-09-17T09:42:00,2025-09-18T14:42:00,delivered,RTE-CIN-20250917-001,2025-09-20T03:42:00,,on_time
SHP-202512-000352,CLI-0201,HUB-CHI,expedited,2025-12-02T19:31:00,2025-12-04T01:31:00,delivered,RTE-CHI-20251202-001,2025-12-06T02:31:00,,on_time
SHP-202507-000249,CLI-0042,HUB-CIN,freight,2025-07-06T20:38:00,2025-07-12T20:38:00,delayed,,2025-07-10T08:38:00,60,>2d
SHP-202501-000246,CLI-0042,HUB-CIN,freight,2025-01-31T08:34:00,2025-02-04T10:34:00,delivered,,2025-02-05T00:34:00,,on_time
SHP-202506-000220,CLI-0169,HUB-CMH,standard,2025-06-11T20:01:00,2025-06-14T01:01:00,delivered,RTE-CMH-20250611-001,2025-06-14T14:01:00,,on_time
SHP-202504-000215,CLI-0007,HUB-CHI,expedited,2025-04-18T15:16:00,2025-04-20T01:16:00,delivered,RTE-CHI-20250418-002,2025-04-21T05:16:00,,on_time
SHP-202512-000355,CLI-0042,HUB-CIN,freight,2025-12-08T11:31:00,2025-12-10T19:31:00,delivered,,2025-12-13T04:31:00,,on_time
SHP-202512-000356,CLI-0155,HUB-IND,expedited,2025-12-13T10:40:00,2025-12-14T10:40:00,delivered,RTE-IND-20251213-001,2025-12-15T14:40:00,,on_time
SHP-202511-000319,CLI-0007,HUB-CIN,standard,2025-11-06T07:05:00,2025-11-09T12:05:00,delivered,RTE-CIN-20251106-001,2025-11-09T12:05:00,,on_time
SHP-202508-000218,CLI-0007,HUB-DET,standard,2025-08-31T09:28:00,2025-09-01T11:28:00,delivered,RTE-DET-20250831-001,2025-09-03T05:28:00,,on_time
SHP-202508-000219,CLI-0007,HUB-CHI,expedited,2025-08-06T06:32:00,2025-08-07T07:32:00,delivered,RTE-CHI-20250807-001,2025-08-08T23:32:00,,on_time
SHP-202501-000248,CLI-0042,HUB-IND,freight,2025-01-31T17:39:00,2025-02-02T19:39:00,delivered,,2025-02-04T19:39:00,,on_time
SHP-202512-000358,CLI-0201,HUB-DET,standard,2025-12-13T18:06:00,2025-12-18T18:06:00,delayed,RTE-DET-20251214-002,2025-12-17T00:06:00,42,1-2d
SHP-202506-000221,CLI-0007,HUB-IND,standard,2025-06-07T06:09:00,2025-06-09T12:09:00,delivered,RTE-IND-20250607-001,2025-06-10T03:09:00,,on_time
SHP-202508-000220,CLI-0169,HUB-DET,standard,2025-08-30T08:38:00,2025-08-31T19:38:00,delivered,RTE-DET-20250831-001,2025-09-02T22:38:00,,on_time
SHP-202506-000223,CLI-0042,HUB-IND,freight,2025-06-19T16:16:00,2025-06-21T00:16:00,delivered,,2025-06-23T20:16:00,,on_time
SHP-202512-000359,CLI-0155,HUB-CHI,standard,2025-12-29T15:23:00,2025-12-30T15:23:00,delivered,RTE-CHI-20251229-001,2026-01-01T21:23:00,,on_time
SHP-202509-000221,CLI-0042,HUB-IND,freight,2025-09-05T08:36:00,2025-09-09T15:36:00,delivered,,2025-09-09T15:36:00,,on_time
SHP-202501-000250,CLI-0155,HUB-IND,expedited,2025-01-01T17:39:00,2025-01-02T18:39:00,delivered,RTE-IND-20250101-001,2025-01-03T18:39:00,,on_time
SHP-202501-000251,CLI-0169,HUB-CMH,standard,2025-01-29T08:00:00,2025-02-02T19:00:00,delivered,RTE-CMH-20250129-002,2025-02-02T19:00:00,,on_time
SHP-202511-000322,CLI-0201,HUB-CMH,standard,2025-11-23T15:43:00,2025-11-25T01:43:00,delivered,RTE-CMH-20251124-002,2025-11-28T00:43:00,,on_time
SHP-202501-000253,CLI-0201,HUB-CHI,standard,2025-01-05T11:55:00,2025-01-08T12:55:00,delivered,RTE-CHI-20250105-001,2025-01-09T19:55:00,,on_time
SHP-202504-000216,CLI-0042,HUB-CIN,freight,2025-04-03T11:05:00,2025-04-04T20:05:00,delivered,,2025-04-07T18:05:00,,on_time
SHP-202506-000224,CLI-0169,HUB-DET,standard,2025-06-05T08:39:00,2025-06-08T14:39:00,delivered,RTE-DET-20250605-001,2025-06-08T21:39:00,,on_time
SHP-202502-000220,CLI-0201,HUB-DET,expedited,2025-02-24T13:34:00,2025-02-25T13:34:00,delivered,RTE-DET-20250224-001,2025-02-28T04:34:00,,on_time
SHP-202506-000225,CLI-0201,HUB-DET,standard,2025-06-04T12:13:00,2025-06-05T16:13:00,delivered,RTE-DET-20250605-001,2025-06-09T01:13:00,,on_time
SHP-202508-000222,CLI-0042,HUB-IND,freight,2025-08-01T12:20:00,2025-08-05T21:20:00,delivered,,2025-08-05T21:20:00,,on_time
SHP-202506-000226,CLI-0155,HUB-CMH,standard,2025-06-18T10:03:00,2025-06-20T19:03:00,delivered,RTE-CMH-20250618-001,2025-06-21T20:03:00,,on_time
SHP-202509-000224,CLI-0007,HUB-CIN,standard,2025-09-23T17:37:00,2025-09-28T03:37:00,delivered,RTE-CIN-20250923-001,2025-09-28T03:37:00,,on_time
SHP-202510-000251,CLI-0007,HUB-CMH,standard,2025-10-11T13:13:00,2025-10-14T19:13:00,delivered,RTE-CMH-20251011-001,2025-10-14T19:13:00,,on_time
SHP-202505-000215,CLI-0201,HUB-CHI,expedited,2025-05-05T08:38:00,2025-05-06T13:38:00,delivered,RTE-CHI-20250505-001,2025-05-08T12:38:00,,on_time
SHP-202510-000252,CLI-0007,HUB-CIN,expedited,2025-10-15T09:33:00,2025-10-16T20:33:00,delivered,RTE-CIN-20251015-001,2025-10-16T20:33:00,,on_time
SHP-202501-000256,CLI-0201,HUB-DET,standard,2025-01-07T18:43:00,2025-01-09T00:43:00,delivered,RTE-DET-20250107-002,2025-01-12T09:43:00,,on_time
SHP-202512-000367,CLI-0007,HUB-CHI,standard,2025-12-20T15:55:00,2025-12-24T00:55:00,delivered,RTE-CHI-20251221-001,2025-12-24T00:55:00,,on_time
SHP-202509-000226,CLI-0201,HUB-CHI,standard,2025-09-15T20:37:00,2025-09-16T22:37:00,delivered,RTE-CHI-20250915-003,2025-09-19T22:37:00,,on_time
SHP-202504-000219,CLI-0201,HUB-CMH,standard,2025-04-04T14:25:00,2025-04-07T19:25:00,delivered,RTE-CMH-20250407-001,2025-04-09T01:25:00,,on_time
SHP-202511-000325,CLI-0042,HUB-CIN,freight,2025-11-19T17:39:00,2025-11-22T04:39:00,delivered,,2025-11-24T03:39:00,,on_time
SHP-202502-000224,CLI-0155,HUB-IND,standard,2025-02-21T10:48:00,2025-02-27T10:48:00,delayed,RTE-IND-20250221-003,2025-02-26T16:48:00,18,1-2d
SHP-202503-000271,CLI-0042,HUB-CHI,freight,2025-03-21T17:17:00,2025-03-27T17:17:00,delayed,,2025-03-25T05:17:00,60,>2d
SHP-202512-000369,CLI-0201,HUB-CMH,expedited,2025-12-09T12:17:00,2025-12-11T00:17:00,delivered,RTE-CMH-20251209-002,2025-12-12T14:17:00,,on_time
SHP-202510-000254,CLI-0155,HUB-DET,standard,2025-10-22T15:34:00,2025-10-23T18:34:00,delivered,RTE-DET-20251022-001,2025-10-25T23:34:00,,on_time
SHP-202508-000223,CLI-0155,HUB-CHI,standard,2025-08-28T11:05:00,2025-08-29T19:05:00,delivered,RTE-CHI-20250828-001,2025-08-31T21:05:00,,on_time
SHP-202504-000221,CLI-0007,HUB-CMH,standard,2025-04-02T09:20:00,2025-04-05T11:20:00,delivered,RTE-CMH-20250402-004,2025-04-05T11:20:00,,on_time
SHP-202510-000256,CLI-0201,HUB-CIN,standard,2025-10-26T08:36:00,2025-10-28T16:36:00,delivered,RTE-CIN-20251027-002,2025-10-30T09:36:00,,on_time
SHP-202507-000255,CLI-0155,HUB-CMH,expedited,2025-07-16T16:52:00,2025-07-18T04:52:00,delivered,RTE-CMH-20250716-001,2025-07-18T22:52:00,,on_time
SHP-202504-000222,CLI-0042,HUB-CIN,freight,2025-04-09T18:14:00,2025-04-12T20:14:00,delivered,,2025-04-14T11:14:00,,on_time
SHP-202507-000256,CLI-0155,HUB-CIN,standard,2025-07-29T09:15:00,2025-08-02T14:15:00,delivered,RTE-CIN-20250729-001,2025-08-02T14:15:00,,on_time
SHP-202511-000327,CLI-0201,HUB-CIN,expedited,2025-11-09T12:28:00,2025-11-10T21:28:00,delivered,RTE-CIN-20251110-002,2025-11-12T13:28:00,,on_time
SHP-202510-000257,CLI-0042,HUB-DET,freight,2025-10-24T17:06:00,2025-10-25T23:06:00,delivered,,2025-10-28T23:06:00,,on_time
SHP-202510-000258,CLI-0155,HUB-CIN,standard,2025-10-27T07:05:00,2025-10-29T19:05:00,delivered,RTE-CIN-20251027-003,2025-10-30T16:05:00,,on_time
SHP-202501-000259,CLI-0007,HUB-CIN,expedited,2025-01-01T12:01:00,2025-01-02T18:01:00,delivered,RTE-CIN-20250101-003,2025-01-03T00:01:00,,on_time
SHP-202509-000230,CLI-0155,HUB-CIN,expedited,2025-09-09T16:11:00,2025-09-11T03:11:00,delivered,RTE-CIN-20250909-002,2025-09-12T08:11:00,,on_time
SHP-202507-000257,CLI-0201,HUB-CIN,standard,2025-07-08T06:56:00,2025-07-11T11:56:00,delivered,RTE-CIN-20250708-001,2025-07-12T13:56:00,,on_time
SHP-202501-000260,CLI-0201,HUB-DET,expedited,2025-01-09T15:50:00,2025-01-16T15:50:00,delayed,RTE-DET-20250109-002,2025-01-12T02:50:00,109,>2d
SHP-202506-000233,CLI-0007,HUB-DET,expedited,2025-06-04T09:33:00,2025-06-05T18:33:00,delivered,RTE-DET-20250605-001,2025-06-06T03:33:00,,on_time
SHP-202508-000225,CLI-0155,HUB-IND,standard,2025-08-05T15:16:00,2025-08-10T02:16:00,delivered,RTE-IND-20250805-003,2025-08-10T02:16:00,,on_time
SHP-202508-000226,CLI-0042,HUB-DET,freight,2025-08-04T20:14:00,2025-08-09T00:14:00,delivered,,2025-08-09T10:14:00,,on_time
SHP-202508-000227,CLI-0201,HUB-CHI,standard,2025-08-25T20:08:00,2025-08-30T03:08:00,delivered,RTE-CHI-20250825-001,2025-08-30T07:08:00,,on_time
SHP-202510-000259,CLI-0042,HUB-CIN,freight,2025-10-03T15:57:00,,failed,,2025-10-08T02:57:00,,
SHP-202507-000258,CLI-0155,HUB-CHI,expedited,2025-07-11T19:32:00,2025-07-12T21:32:00,delivered,RTE-CHI-20250711-003,2025-07-14T05:32:00,,on_time
SHP-202509-000232,CLI-0169,HUB-CMH,standard,2025-09-03T13:22:00,2025-09-04T14:22:00,delivered,RTE-CMH-20250903-001,2025-09-06T19:22:00,,on_time
SHP-202501-000262,CLI-0155,HUB-CMH,expedited,2025-01-24T11:25:00,2025-01-25T19:25:00,delivered,RTE-CMH-20250124-001,2025-01-27T02:25:00,,on_time
SHP-202503-000274,CLI-0155,HUB-IND,standard,2025-03-18T14:51:00,2025-03-22T19:51:00,delivered,RTE-IND-20250318-001,2025-03-22T19:51:00,,on_time
SHP-202511-000328,CLI-0042,HUB-CMH,freight,2025-11-20T10:29:00,2025-11-21T11:29:00,delivered,,2025-11-24T18:29:00,,on_time
SHP-202501-000263,CLI-0155,HUB-CIN,expedited,2025-01-31T16:23:00,2025-02-01T17:23:00,delivered,RTE-CIN-20250131-001,2025-02-03T03:23:00,,on_time
SHP-202510-000261,CLI-0169,HUB-CIN,standard,2025-10-08T13:50:00,2025-10-12T19:50:00,delivered,RTE-CIN-20251008-004,2025-10-12T19:50:00,,on_time
SHP-202502-000226,CLI-0155,HUB-DET,standard,2025-02-09T20:05:00,2025-02-14T04:05:00,delivered,RTE-DET-20250210-003,2025-02-14T04:05:00,,on_time
SHP-202509-000233,CLI-0155,HUB-DET,expedited,2025-09-07T12:25:00,2025-09-09T00:25:00,delivered,RTE-DET-20250907-001,2025-09-10T04:25:00,,on_time
SHP-202511-000329,CLI-0042,HUB-CIN,freight,2025-11-04T16:39:00,2025-11-07T03:39:00,delivered,,2025-11-08T22:39:00,,on_time
SHP-202504-000224,CLI-0042,HUB-CHI,freight,2025-04-30T15:45:00,2025-05-04T19:45:00,delivered,,2025-05-04T19:45:00,,on_time
SHP-202505-000224,CLI-0007,HUB-CHI,expedited,2025-05-10T14:24:00,2025-05-11T18:24:00,delivered,RTE-CHI-20250510-001,2025-05-13T01:24:00,,on_time
SHP-202509-000235,CLI-0155,HUB-DET,standard,2025-09-14T10:52:00,2025-09-16T15:52:00,delivered,RTE-DET-20250914-001,2025-09-17T22:52:00,,on_time
SHP-202511-000330,CLI-0007,HUB-CMH,expedited,2025-11-07T17:55:00,2025-11-09T04:55:00,delivered,RTE-CMH-20251107-003,2025-11-09T09:55:00,,on_time
SHP-202509-000236,CLI-0169,HUB-CMH,standard,2025-09-04T17:43:00,2025-09-08T23:43:00,delivered,RTE-CMH-20250904-001,2025-09-08T23:43:00,,on_time
SHP-202509-000237,CLI-0007,HUB-CHI,standard,2025-09-12T09:58:00,2025-09-14T09:58:00,delivered,RTE-CHI-20250912-001,2025-09-15T19:58:00,,on_time
SHP-202503-000275,CLI-0169,HUB-CHI,standard,2025-03-14T12:49:00,2025-03-15T17:49:00,delivered,RTE-CHI-20250314-003,2025-03-18T11:49:00,,on_time
SHP-202507-000260,CLI-0007,HUB-DET,standard,2025-07-06T11:21:00,2025-07-07T23:21:00,delivered,RTE-DET-20250706-001,2025-07-09T08:21:00,,on_time
SHP-202510-000262,CLI-0007,HUB-CHI,expedited,2025-10-23T14:24:00,2025-10-25T02:24:00,delivered,RTE-CHI-20251023-002,2025-10-25T20:24:00,,on_time
SHP-202502-000227,CLI-0169,HUB-CIN,standard,2025-02-26T14:13:00,2025-02-27T23:13:00,delivered,RTE-CIN-20250227-001,2025-03-01T09:13:00,,on_time
SHP-202509-000238,CLI-0155,HUB-DET,standard,2025-09-30T08:45:00,2025-10-02T12:45:00,delivered,RTE-DET-20250930-002,2025-10-03T16:45:00,,on_time
SHP-202509-000239,CLI-0007,HUB-CMH,standard,2025-09-30T20:47:00,2025-10-04T06:47:00,delivered,RTE-CMH-20250930-001,2025-10-04T06:47:00,,on_time
SHP-202506-000235,CLI-0201,HUB-DET,standard,2025-06-10T18:19:00,2025-06-13T19:19:00,delivered,RTE-DET-20250610-001,2025-06-15T13:19:00,,on_time
SHP-202504-000226,CLI-0007,HUB-CHI,standard,2025-04-05T15:54:00,2025-04-08T20:54:00,delivered,RTE-CHI-20250407-003,2025-04-09T08:54:00,,on_time
SHP-202503-000277,CLI-0155,HUB-CMH,expedited,2025-03-20T20:46:00,2025-03-21T20:46:00,delivered,RTE-CMH-20250320-001,2025-03-23T06:46:00,,on_time
SHP-202512-000371,CLI-0201,HUB-CIN,standard,2025-12-22T06:57:00,2025-12-24T08:57:00,delivered,RTE-CIN-20251222-001,2025-12-26T12:57:00,,on_time
SHP-202512-000372,CLI-0007,HUB-DET,standard,2025-12-07T12:52:00,2025-12-09T14:52:00,delivered,RTE-DET-20251207-001,2025-12-10T14:52:00,,on_time
SHP-202510-000263,CLI-0042,HUB-CHI,freight,2025-10-10T08:09:00,2025-10-16T08:09:00,delayed,,2025-10-13T20:09:00,60,>2d
SHP-202503-000279,CLI-0007,HUB-IND,standard,2025-03-16T20:45:00,2025-03-20T06:45:00,delivered,RTE-IND-20250317-003,2025-03-20T06:45:00,,on_time
SHP-202504-000227,CLI-0201,HUB-IND,expedited,2025-04-04T20:30:00,2025-04-06T08:30:00,delivered,RTE-IND-20250404-001,2025-04-07T22:30:00,,on_time
SHP-202510-000265,CLI-0201,HUB-DET,expedited,2025-10-27T10:13:00,2025-10-28T16:13:00,delivered,RTE-DET-20251027-001,2025-10-31T04:13:00,,on_time
SHP-202506-000236,CLI-0169,HUB-DET,expedited,2025-06-18T09:32:00,2025-06-19T17:32:00,delivered,RTE-DET-20250618-001,2025-06-21T00:32:00,,on_time
SHP-202507-000264,CLI-0155,HUB-DET,expedited,2025-07-15T10:42:00,2025-07-16T11:42:00,delivered,RTE-DET-20250715-001,2025-07-18T02:42:00,,on_time
SHP-202507-000266,CLI-0042,HUB-CIN,freight,2025-07-29T11:46:00,2025-08-04T11:46:00,delayed,,2025-08-01T23:46:00,60,>2d
SHP-202512-000375,CLI-0201,HUB-DET,expedited,2025-12-15T16:31:00,2025-12-17T01:31:00,delivered,RTE-DET-20251215-004,2025-12-19T07:31:00,,on_time
SHP-202509-000241,CLI-0007,HUB-CHI,standard,2025-09-01T09:05:00,2025-09-04T14:05:00,delivered,RTE-CHI-20250901-003,2025-09-05T01:05:00,,on_time
SHP-202512-000376,CLI-0169,HUB-CIN,standard,2025-12-17T20:32:00,2025-12-22T00:32:00,delivered,RTE-CIN-20251217-004,2025-12-22T00:32:00,,on_time
SHP-202510-000268,CLI-0155,HUB-CMH,expedited,2025-10-03T07:45:00,2025-10-04T15:45:00,delivered,RTE-CMH-20251003-002,2025-10-05T15:45:00,,on_time
SHP-202511-000332,CLI-0201,HUB-IND,standard,2025-11-12T10:39:00,2025-11-15T11:39:00,delivered,RTE-IND-20251112-003,2025-11-16T21:39:00,,on_time
SHP-202508-000229,CLI-0007,HUB-CIN,standard,2025-08-12T14:38:00,2025-08-14T02:38:00,delivered,RTE-CIN-20250812-003,2025-08-15T00:38:00,,on_time
SHP-202501-000267,CLI-0169,HUB-CIN,standard,2025-01-20T16:09:00,2025-01-23T18:09:00,delivered,RTE-CIN-20250120-001,2025-01-23T18:09:00,,on_time
SHP-202510-000270,CLI-0169,HUB-CHI,standard,2025-10-11T09:23:00,2025-10-15T15:23:00,delivered,RTE-CHI-20251011-001,2025-10-15T15:23:00,,on_time
SHP-202509-000242,CLI-0169,HUB-IND,standard,2025-09-06T12:56:00,2025-09-08T21:56:00,delivered,RTE-IND-20250907-001,2025-09-10T05:56:00,,on_time
SHP-202501-000268,CLI-0201,HUB-DET,expedited,2025-01-21T20:47:00,2025-01-23T02:47:00,delivered,RTE-DET-20250121-001,2025-01-25T08:47:00,,on_time
SHP-202512-000377,CLI-0155,HUB-CIN,standard,2025-12-23T07:38:00,2025-12-26T13:38:00,delivered,RTE-CIN-20251223-003,2025-12-27T01:38:00,,on_time
SHP-202509-000243,CLI-0155,HUB-IND,expedited,2025-09-02T06:28:00,2025-09-03T18:28:00,delivered,RTE-IND-20250903-002,2025-09-04T05:28:00,,on_time
SHP-202503-000281,CLI-0007,HUB-DET,expedited,2025-03-26T15:34:00,2025-03-28T03:34:00,delivered,RTE-DET-20250326-005,2025-03-28T13:34:00,,on_time
SHP-202509-000244,CLI-0169,HUB-IND,expedited,2025-09-04T10:41:00,2025-09-05T13:41:00,delivered,RTE-IND-20250904-003,2025-09-07T02:41:00,,on_time
SHP-202508-000230,CLI-0042,HUB-CMH,freight,2025-08-26T07:07:00,2025-08-29T14:07:00,delivered,,2025-08-30T14:07:00,,on_time
SHP-202505-000225,CLI-0155,HUB-CHI,standard,2025-05-28T19:57:00,2025-06-01T21:57:00,delivered,RTE-CHI-20250529-006,2025-06-01T21:57:00,,on_time
SHP-202503-000282,CLI-0169,HUB-DET,expedited,2025-03-30T11:25:00,2025-03-31T14:25:00,delivered,RTE-DET-20250330-001,2025-04-02T04:25:00,,on_time
SHP-202504-000228,CLI-0169,HUB-CHI,standard,2025-04-20T08:34:00,2025-04-23T13:34:00,delivered,RTE-CHI-20250420-001,2025-04-24T02:34:00,,on_time
SHP-202502-000230,CLI-0201,HUB-CMH,standard,2025-02-20T20:58:00,2025-02-24T06:58:00,delivered,RTE-CMH-20250220-001,2025-02-24T20:58:00,,on_time
SHP-202503-000283,CLI-0169,HUB-CIN,standard,2025-03-05T06:33:00,2025-03-09T10:33:00,delivered,RTE-CIN-20250307-001,2025-03-09T10:33:00,,on_time
SHP-202507-000270,CLI-0201,HUB-CMH,standard,2025-07-10T06:12:00,2025-07-14T07:12:00,delivered,RTE-CMH-20250710-003,2025-07-14T10:12:00,,on_time
SHP-202501-000271,CLI-0169,HUB-CIN,standard,2025-01-10T16:54:00,2025-01-11T23:54:00,delivered,RTE-CIN-20250110-001,2025-01-13T21:54:00,,on_time
SHP-202508-000231,CLI-0155,HUB-CIN,standard,2025-08-24T14:27:00,2025-08-26T22:27:00,delivered,RTE-CIN-20250824-002,2025-08-28T03:27:00,,on_time
SHP-202506-000239,CLI-0007,HUB-DET,expedited,2025-06-10T08:07:00,2025-06-11T13:07:00,delivered,RTE-DET-20250610-001,2025-06-12T13:07:00,,on_time
SHP-202504-000229,CLI-0007,HUB-IND,standard,2025-04-10T15:29:00,2025-04-13T17:29:00,delivered,RTE-IND-20250410-001,2025-04-13T20:29:00,,on_time
SHP-202501-000272,CLI-0042,HUB-CMH,freight,2025-01-12T20:29:00,2025-01-15T08:29:00,delivered,,2025-01-17T12:29:00,,on_time
SHP-202509-000247,CLI-0169,HUB-CHI,expedited,2025-09-20T16:26:00,2025-09-22T03:26:00,delivered,RTE-CHI-20250921-001,2025-09-23T11:26:00,,on_time
SHP-202505-000227,CLI-0007,HUB-CHI,expedited,2025-05-16T19:48:00,2025-05-18T01:48:00,delivered,RTE-CHI-20250516-001,2025-05-19T11:48:00,,on_time
SHP-202511-000337,CLI-0169,HUB-CHI,expedited,2025-11-17T07:59:00,2025-11-18T14:59:00,delivered,RTE-CHI-20251117-003,2025-11-20T13:59:00,,on_time
SHP-202506-000240,CLI-0155,HUB-IND,standard,2025-06-13T11:44:00,2025-06-16T21:44:00,delivered,RTE-IND-20250613-001,2025-06-16T21:44:00,,on_time
SHP-202506-000241,CLI-0007,HUB-CMH,standard,2025-06-12T18:49:00,2025-06-15T19:49:00,delivered,RTE-CMH-20250612-002,2025-06-15T19:49:00,,on_time
SHP-202505-000228,CLI-0042,HUB-CMH,freight,2025-05-05T07:11:00,2025-05-07T13:11:00,delivered,,2025-05-09T16:11:00,,on_time
SHP-202501-000274,CLI-0042,HUB-DET,freight,2025-01-24T16:42:00,2025-01-26T00:42:00,delivered,,2025-01-29T04:42:00,,on_time
SHP-202508-000233,CLI-0007,HUB-DET,standard,2025-08-02T10:34:00,2025-08-06T18:34:00,delivered,RTE-DET-20250803-001,2025-08-06T18:34:00,,on_time
SHP-202501-000275,CLI-0007,HUB-CIN,standard,2025-01-26T15:14:00,2025-01-28T21:14:00,delivered,RTE-CIN-20250126-001,2025-01-29T08:14:00,,on_time
SHP-202506-000242,CLI-0201,HUB-IND,standard,2025-06-02T13:19:00,2025-06-03T19:19:00,delivered,RTE-IND-20250602-001,2025-06-06T20:19:00,,on_time
SHP-202511-000339,CLI-0042,HUB-CMH,freight,2025-11-02T14:04:00,2025-11-08T14:04:00,delayed,,2025-11-06T02:04:00,60,>2d
SHP-202510-000275,CLI-0201,HUB-CIN,standard,2025-10-21T12:29:00,2025-10-25T16:29:00,delivered,RTE-CIN-20251021-004,2025-10-25T19:29:00,,on_time
SHP-202503-000284,CLI-0169,HUB-CHI,standard,2025-03-31T09:40:00,2025-04-02T21:40:00,delivered,RTE-CHI-20250331-001,2025-04-04T11:40:00,,on_time
SHP-202503-000285,CLI-0201,HUB-CIN,expedited,2025-03-13T18:01:00,2025-03-15T02:01:00,delivered,RTE-CIN-20250313-001,2025-03-17T04:01:00,,on_time
SHP-202508-000234,CLI-0155,HUB-CIN,standard,2025-08-22T19:53:00,2025-08-24T22:53:00,delivered,RTE-CIN-20250822-001,2025-08-26T09:53:00,,on_time
SHP-202507-000273,CLI-0169,HUB-CMH,standard,2025-07-05T11:58:00,2025-07-07T23:58:00,delivered,RTE-CMH-20250705-002,2025-07-08T11:58:00,,on_time
SHP-202512-000381,CLI-0007,HUB-CMH,expedited,2025-12-20T17:05:00,2025-12-22T05:05:00,delivered,RTE-CMH-20251220-002,2025-12-22T05:05:00,,on_time
SHP-202512-000382,CLI-0042,HUB-IND,freight,2025-12-25T12:32:00,2025-12-26T21:32:00,delivered,,2025-12-29T11:32:00,,on_time
SHP-202506-000243,CLI-0155,HUB-DET,standard,2025-06-05T07:25:00,2025-06-07T19:25:00,delivered,RTE-DET-20250605-001,2025-06-09T01:25:00,,on_time
SHP-202510-000277,CLI-0201,HUB-DET,standard,2025-10-13T16:27:00,2025-10-14T22:27:00,delivered,RTE-DET-20251014-004,2025-10-18T10:27:00,,on_time
SHP-202505-000229,CLI-0169,HUB-CIN,expedited,2025-05-24T13:43:00,2025-05-25T16:43:00,delivered,RTE-CIN-20250526-001,2025-05-26T10:43:00,,on_time
SHP-202510-000279,CLI-0169,HUB-DET,standard,2025-10-05T11:54:00,2025-10-09T11:54:00,delivered,RTE-DET-20251006-001,2025-10-09T11:54:00,,on_time
SHP-202505-000230,CLI-0169,HUB-DET,standard,2025-05-29T08:32:00,2025-06-02T10:32:00,delivered,RTE-DET-20250529-002,2025-06-02T10:32:00,,on_time
SHP-202508-000237,CLI-0201,HUB-DET,expedited,2025-08-02T17:38:00,2025-08-04T03:38:00,delivered,RTE-DET-20250803-001,2025-08-06T08:38:00,,on_time
SHP-202508-000238,CLI-0169,HUB-DET,standard,2025-08-22T16:13:00,2025-08-26T18:13:00,delivered,RTE-DET-20250822-001,2025-08-26T18:13:00,,on_time
SHP-202512-000383,CLI-0042,HUB-DET,freight,2025-12-10T18:15:00,2025-12-14T18:15:00,delivered,,2025-12-15T06:15:00,,on_time
SHP-202503-000287,CLI-0201,HUB-CHI,standard,2025-03-08T18:02:00,2025-03-10T22:02:00,delivered,RTE-CHI-20250308-002,2025-03-12T20:02:00,,on_time
SHP-202505-000231,CLI-0201,HUB-CMH,expedited,2025-05-24T12:36:00,2025-05-30T12:36:00,delayed,RTE-CMH-20250524-002,2025-05-30T00:36:00,12,4-12h
SHP-202512-000384,CLI-0042,HUB-DET,freight,2025-12-29T15:22:00,2025-12-31T20:22:00,delivered,,2026-01-03T00:22:00,,on_time
SHP-202508-000239,CLI-0201,HUB-IND,expedited,2025-08-13T15:19:00,2025-08-14T23:19:00,delivered,RTE-IND-20250813-001,2025-08-17T00:19:00,,on_time
SHP-202506-000244,CLI-0042,HUB-CMH,freight,2025-06-25T18:24:00,2025-06-28T22:24:00,delivered,,2025-06-30T05:24:00,,on_time
SHP-202501-000277,CLI-0201,HUB-CIN,standard,2025-01-16T13:34:00,2025-01-18T13:34:00,delivered,RTE-CIN-20250117-001,2025-01-21T00:34:00,,on_time
SHP-202506-000246,CLI-0201,HUB-CHI,expedited,2025-06-16T18:36:00,2025-06-18T02:36:00,delivered,RTE-CHI-20250616-001,2025-06-19T19:36:00,,on_time
SHP-202512-000386,CLI-0155,HUB-IND,standard,2025-12-08T06:15:00,2025-12-10T14:15:00,delivered,RTE-IND-20251208-002,2025-12-11T06:15:00,,on_time
SHP-202509-000248,CLI-0169,HUB-CMH,standard,2025-09-27T06:09:00,2025-09-28T07:09:00,delivered,RTE-CMH-20250927-001,2025-09-30T01:09:00,,on_time
SHP-202509-000249,CLI-0169,HUB-IND,standard,2025-09-08T10:33:00,2025-09-10T20:33:00,delivered,RTE-IND-20250908-001,2025-09-11T20:33:00,,on_time
SHP-202512-000387,CLI-0155,HUB-DET,standard,2025-12-23T19:29:00,2025-12-25T07:29:00,delivered,RTE-DET-20251223-002,2025-12-27T11:29:00,,on_time
SHP-202502-000236,CLI-0201,HUB-CIN,standard,2025-02-20T10:10:00,2025-02-22T21:10:00,delivered,RTE-CIN-20250220-001,2025-02-24T10:10:00,,on_time
SHP-202501-000278,CLI-0169,HUB-CIN,expedited,2025-01-07T08:57:00,2025-01-08T16:57:00,delivered,RTE-CIN-20250108-002,2025-01-09T06:57:00,,on_time
SHP-202504-000234,CLI-0042,HUB-DET,freight,2025-04-21T06:50:00,2025-04-24T11:50:00,delivered,,2025-04-25T14:50:00,,on_time
SHP-202503-000289,CLI-0201,HUB-DET,standard,2025-03-20T17:42:00,2025-03-22T02:42:00,delivered,RTE-DET-20250320-002,2025-03-25T15:42:00,,on_time
SHP-202511-000342,CLI-0007,HUB-IND,standard,2025-11-21T07:36:00,2025-11-25T17:36:00,delivered,RTE-IND-20251121-004,2025-11-25T17:36:00,,on_time
SHP-202511-000344,CLI-0169,HUB-CMH,standard,2025-11-20T19:13:00,2025-11-24T20:13:00,delivered,RTE-CMH-20251120-001,2025-11-24T20:13:00,,on_time
SHP-202505-000232,CLI-0042,HUB-DET,freight,2025-05-25T11:53:00,2025-05-28T22:53:00,delivered,,2025-05-29T17:53:00,,on_time
SHP-202508-000241,CLI-0201,HUB-DET,standard,2025-08-19T20:48:00,2025-08-22T06:48:00,delivered,RTE-DET-20250819-002,2025-08-24T17:48:00,,on_time
SHP-202506-000249,CLI-0169,HUB-IND,standard,2025-06-06T13:33:00,2025-06-10T18:33:00,delivered,RTE-IND-20250606-001,2025-06-10T18:33:00,,on_time
SHP-202509-000250,CLI-0201,HUB-IND,standard,2025-09-01T14:55:00,2025-09-02T16:55:00,delivered,RTE-IND-20250901-001,2025-09-05T19:55:00,,on_time
SHP-202511-000346,CLI-0042,HUB-CHI,freight,2025-11-11T10:59:00,2025-11-17T10:59:00,delayed,,2025-11-14T22:59:00,60,>2d
SHP-202501-000279,CLI-0042,HUB-CIN,freight,2025-01-26T07:26:00,2025-01-30T10:26:00,delivered,,2025-01-30T14:26:00,,on_time
SHP-202509-000251,CLI-0155,HUB-CHI,standard,2025-09-02T17:49:00,2025-09-04T19:49:00,delivered,RTE-CHI-20250902-002,2025-09-06T07:49:00,,on_time
SHP-202511-000347,CLI-0007,HUB-IND,standard,2025-11-19T09:06:00,2025-11-20T21:06:00,delivered,RTE-IND-20251119-002,2025-11-22T09:06:00,,on_time
SHP-202511-000348,CLI-0155,HUB-CHI,expedited,2025-11-21T18:14:00,2025-11-22T23:14:00,delivered,RTE-CHI-20251121-004,2025-11-24T00:14:00,,on_time
SHP-202511-000349,CLI-0155,HUB-DET,expedited,2025-11-09T08:10:00,2025-11-10T18:10:00,delivered,RTE-DET-20251110-001,2025-11-11T22:10:00,,on_time
SHP-202507-000278,CLI-0155,HUB-IND,standard,2025-07-28T14:31:00,2025-07-31T19:31:00,delivered,RTE-IND-20250728-001,2025-07-31T19:31:00,,on_time
SHP-202505-000233,CLI-0042,HUB-IND,freight,2025-05-14T08:41:00,2025-05-18T17:41:00,delivered,,2025-05-18T17:41:00,,on_time
SHP-202509-000252,CLI-0042,HUB-DET,freight,2025-09-10T13:23:00,2025-09-13T22:23:00,delivered,,2025-09-14T21:23:00,,on_time
SHP-202504-000236,CLI-0155,HUB-CHI,standard,2025-04-26T12:37:00,2025-04-29T15:37:00,delivered,RTE-CHI-20250428-002,2025-04-29T22:37:00,,on_time
SHP-202507-000279,CLI-0007,HUB-CIN,standard,2025-07-21T11:52:00,2025-07-22T13:52:00,delivered,RTE-CIN-20250721-001,2025-07-23T17:52:00,,on_time
SHP-202506-000252,CLI-0042,HUB-DET,freight,2025-06-14T18:33:00,2025-06-15T21:33:00,delivered,,2025-06-19T05:33:00,,on_time
SHP-202506-000253,CLI-0155,HUB-CMH,standard,2025-06-08T19:30:00,2025-06-13T07:30:00,delivered,RTE-CMH-20250608-001,2025-06-13T07:30:00,,on_time
SHP-202506-000254,CLI-0007,HUB-DET,standard,2025-06-10T09:11:00,2025-06-12T13:11:00,delivered,RTE-DET-20250610-001,2025-06-13T11:11:00,,on_time
SHP-202507-000280,CLI-0201,HUB-CMH,expedited,2025-07-29T08:54:00,2025-07-30T18:54:00,delivered,RTE-CMH-20250729-002,2025-08-01T12:54:00,,on_time
SHP-202512-000390,CLI-0169,HUB-DET,standard,2025-12-09T08:00:00,2025-12-10T15:00:00,delivered,RTE-DET-20251209-001,2025-12-13T02:00:00,,on_time
SHP-202511-000352,CLI-0155,HUB-DET,standard,2025-11-01T12:15:00,2025-11-02T18:15:00,delivered,RTE-DET-20251103-001,2025-11-04T22:15:00,,on_time
SHP-202509-000254,CLI-0042,HUB-CMH,freight,2025-09-03T13:09:00,2025-09-05T13:09:00,delivered,,2025-09-07T20:09:00,,on_time
SHP-202511-000354,CLI-0007,HUB-IND,standard,2025-11-23T16:12:00,2025-11-26T22:12:00,delivered,RTE-IND-20251123-002,2025-11-26T22:12:00,,on_time
SHP-202504-000238,CLI-0201,HUB-CIN,standard,2025-04-24T20:33:00,2025-04-27T21:33:00,delivered,RTE-CIN-20250424-004,2025-04-28T21:33:00,,on_time
SHP-202511-000355,CLI-0155,HUB-CIN,standard,2025-11-25T12:29:00,2025-11-28T18:29:00,delivered,RTE-CIN-20251125-002,2025-11-29T06:29:00,,on_time
SHP-202509-000255,CLI-0042,HUB-DET,freight,2025-09-04T12:33:00,2025-09-10T12:33:00,delayed,,2025-09-08T00:33:00,60,>2d
SHP-202507-000282,CLI-0169,HUB-CIN,expedited,2025-07-01T19:25:00,2025-07-02T23:25:00,delivered,RTE-CIN-20250701-001,2025-07-03T14:25:00,,on_time
SHP-202506-000256,CLI-0169,HUB-DET,standard,2025-06-28T18:13:00,2025-07-03T05:13:00,delivered,RTE-DET-20250628-001,2025-07-03T05:13:00,,on_time
SHP-202512-000391,CLI-0007,HUB-CHI,standard,2025-12-11T06:08:00,2025-12-14T11:08:00,delivered,RTE-CHI-20251211-001,2025-12-15T00:08:00,,on_time
SHP-202506-000257,CLI-0042,HUB-IND,freight,2025-06-14T10:37:00,2025-06-22T10:37:00,delivered,,2025-06-22T10:37:00,,on_time
SHP-202506-000258,CLI-0155,HUB-CIN,expedited,2025-06-10T06:31:00,2025-06-11T17:31:00,delivered,RTE-CIN-20250610-003,2025-06-12T21:31:00,,on_time
SHP-202502-000238,CLI-0007,HUB-IND,standard,2025-02-22T17:02:00,2025-02-24T01:02:00,delivered,RTE-IND-20250222-001,2025-02-25T17:02:00,,on_time
SHP-202505-000239,CLI-0155,HUB-IND,standard,2025-05-01T07:53:00,2025-05-02T15:53:00,delivered,RTE-IND-20250501-003,2025-05-04T08:53:00,,on_time
SHP-202501-000283,CLI-0201,HUB-DET,standard,2025-01-17T18:07:00,2025-01-19T03:07:00,delivered,RTE-DET-20250117-001,2025-01-22T16:07:00,,on_time
SHP-202505-000240,CLI-0201,HUB-CMH,standard,2025-05-08T06:16:00,2025-05-09T14:16:00,delivered,RTE-CMH-20250508-003,2025-05-12T07:16:00,,on_time
SHP-202511-000358,CLI-0169,HUB-DET,expedited,2025-11-12T16:38:00,2025-11-13T20:38:00,delivered,RTE-DET-20251112-001,2025-11-15T04:38:00,,on_time
SHP-202509-000259,CLI-0042,HUB-CIN,freight,2025-09-15T17:17:00,2025-09-21T17:17:00,delayed,,2025-09-19T08:17:00,57,>2d
SHP-202502-000240,CLI-0201,HUB-CMH,standard,2025-02-06T12:48:00,2025-02-09T15:48:00,delivered,RTE-CMH-20250206-001,2025-02-10T20:48:00,,on_time
SHP-202511-000360,CLI-0169,HUB-IND,standard,2025-11-05T07:10:00,2025-11-09T07:10:00,delivered,RTE-IND-20251105-001,2025-11-09T07:10:00,,on_time
SHP-202505-000241,CLI-0007,HUB-CMH,expedited,2025-05-07T20:57:00,2025-05-09T03:57:00,delivered,RTE-CMH-20250507-001,2025-05-09T08:57:00,,on_time
SHP-202501-000286,CLI-0007,HUB-CMH,expedited,2025-01-19T07:28:00,2025-01-20T18:28:00,delivered,RTE-CMH-20250121-001,2025-01-20T18:28:00,,on_time
SHP-202501-000287,CLI-0042,HUB-CHI,freight,2025-01-19T20:05:00,2025-01-22T21:05:00,delivered,,2025-01-23T08:05:00,,on_time
SHP-202512-000392,CLI-0169,HUB-CHI,standard,2025-12-26T07:30:00,2025-12-27T10:30:00,delivered,RTE-CHI-20251226-001,2025-12-30T11:30:00,,on_time
SHP-202504-000240,CLI-0042,HUB-CMH,freight,2025-04-30T10:39:00,2025-05-02T16:39:00,delivered,,2025-05-04T22:39:00,,on_time
SHP-202511-000362,CLI-0169,HUB-CHI,expedited,2025-11-17T17:07:00,2025-11-25T17:07:00,delayed,RTE-CHI-20251117-003,2025-11-24T23:07:00,18,1-2d
SHP-202509-000261,CLI-0169,HUB-CHI,expedited,2025-09-27T08:55:00,2025-09-28T20:55:00,delivered,RTE-CHI-20250927-002,2025-09-30T09:55:00,,on_time
SHP-202507-000287,CLI-0007,HUB-IND,expedited,2025-07-18T20:15:00,2025-07-19T23:15:00,delivered,RTE-IND-20250718-001,2025-07-20T19:15:00,,on_time
SHP-202507-000288,CLI-0042,HUB-DET,freight,2025-07-19T06:23:00,2025-07-25T06:23:00,delayed,,2025-07-22T18:23:00,60,>2d
SHP-202508-000248,CLI-0007,HUB-CMH,standard,2025-08-25T11:01:00,2025-08-27T16:01:00,delivered,RTE-CMH-20250826-001,2025-08-28T03:01:00,,on_time
SHP-202505-000242,CLI-0201,HUB-CHI,expedited,2025-05-15T14:44:00,2025-05-16T14:44:00,delivered,RTE-CHI-20250515-002,2025-05-19T01:44:00,,on_time
SHP-202512-000393,CLI-0169,HUB-IND,standard,2025-12-06T19:55:00,2025-12-08T23:55:00,delivered,RTE-IND-20251207-002,2025-12-10T09:55:00,,on_time
SHP-202512-000394,CLI-0007,HUB-CIN,expedited,2025-12-05T12:47:00,2025-12-06T14:47:00,delivered,RTE-CIN-20251205-002,2025-12-06T18:47:00,,on_time
SHP-202501-000288,CLI-0007,HUB-CMH,standard,2025-01-25T11:27:00,2025-01-26T20:27:00,delivered,RTE-CMH-20250125-001,2025-01-28T02:27:00,,on_time
SHP-202508-000249,CLI-0155,HUB-IND,expedited,2025-08-24T17:39:00,2025-08-25T18:39:00,delivered,RTE-IND-20250824-001,2025-08-26T11:39:00,,on_time
SHP-202502-000242,CLI-0155,HUB-CIN,standard,2025-02-01T16:56:00,2025-02-06T02:56:00,delivered,RTE-CIN-20250201-001,2025-02-06T02:56:00,,on_time
SHP-202505-000243,CLI-0201,HUB-IND,expedited,2025-05-06T17:26:00,2025-05-07T19:26:00,delivered,RTE-IND-20250506-002,2025-05-09T20:26:00,,on_time
SHP-202503-000294,CLI-0007,HUB-CHI,expedited,2025-03-04T08:12:00,2025-03-05T20:12:00,delivered,RTE-CHI-20250304-001,2025-03-06T22:12:00,,on_time
SHP-202503-000295,CLI-0201,HUB-CIN,standard,2025-03-01T14:12:00,2025-03-02T20:12:00,delivered,RTE-CIN-20250303-001,2025-03-05T17:12:00,,on_time
SHP-202508-000250,CLI-0042,HUB-CHI,freight,2025-08-25T08:14:00,2025-08-31T08:14:00,delayed,,2025-08-28T20:14:00,60,>2d
SHP-202512-000395,CLI-0169,HUB-CHI,expedited,2025-12-04T14:09:00,2025-12-06T00:09:00,delivered,RTE-CHI-20251204-002,2025-12-07T09:09:00,,on_time
SHP-202504-000243,CLI-0201,HUB-IND,standard,2025-04-24T17:33:00,2025-04-29T00:33:00,delivered,RTE-IND-20250425-004,2025-04-29T00:33:00,,on_time
SHP-202505-000244,CLI-0007,HUB-DET,standard,2025-05-01T17:25:00,2025-05-02T20:25:00,delivered,RTE-DET-20250501-001,2025-05-04T21:25:00,,on_time
SHP-202510-000284,CLI-0169,HUB-CMH,standard,2025-10-24T16:52:00,2025-10-28T20:52:00,delivered,RTE-CMH-20251024-002,2025-10-28T20:52:00,,on_time
SHP-202512-000397,CLI-0007,HUB-DET,standard,2025-12-16T12:59:00,2025-12-18T23:59:00,delivered,RTE-DET-20251216-001,2025-12-19T18:59:00,,on_time
SHP-202509-000264,CLI-0169,HUB-DET,expedited,2025-09-28T13:55:00,2025-09-29T14:55:00,delivered,RTE-DET-20250929-002,2025-10-01T04:55:00,,on_time
SHP-202501-000289,CLI-0169,HUB-DET,expedited,2025-01-08T06:47:00,2025-01-09T17:47:00,delivered,RTE-DET-20250108-001,2025-01-10T21:47:00,,on_time
SHP-202506-000261,CLI-0042,HUB-CMH,freight,2025-06-19T11:56:00,2025-06-25T11:56:00,delayed,,2025-06-22T23:56:00,60,>2d
SHP-202506-000262,CLI-0155,HUB-CHI,standard,2025-06-05T20:11:00,2025-06-06T20:11:00,delivered,RTE-CHI-20250605-001,2025-06-09T07:11:00,,on_time
SHP-202512-000399,CLI-0042,HUB-CHI,freight,2025-12-01T16:17:00,2025-12-07T16:17:00,delayed,,2025-12-05T04:17:00,60,>2d
SHP-202512-000400,CLI-0007,HUB-DET,expedited,2025-12-30T18:27:00,2026-01-01T02:27:00,delivered,RTE-DET-20251230-004,2026-01-01T13:27:00,,on_time
SHP-202501-000290,CLI-0201,HUB-DET,standard,2025-01-10T13:00:00,2025-01-13T17:00:00,delivered,RTE-DET-20250110-001,2025-01-15T13:00:00,,on_time
SHP-202506-000264,CLI-0007,HUB-IND,expedited,2025-06-19T07:31:00,2025-06-20T09:31:00,delivered,RTE-IND-20250620-004,2025-06-21T03:31:00,,on_time
SHP-202512-000401,CLI-0042,HUB-CIN,freight,2025-12-21T08:18:00,2025-12-27T08:18:00,delayed,,2025-12-24T20:18:00,60,>2d
SHP-202512-000402,CLI-0201,HUB-CIN,standard,2025-12-01T17:26:00,2025-12-03T18:26:00,delivered,RTE-CIN-20251201-002,2025-12-05T18:26:00,,on_time
SHP-202511-000366,CLI-0155,HUB-CHI,standard,2025-11-28T10:47:00,2025-12-01T17:47:00,delivered,RTE-CHI-20251128-002,2025-12-01T20:47:00,,on_time
SHP-202507-000290,CLI-0169,HUB-CHI,standard,2025-07-27T06:49:00,2025-07-28T11:49:00,delivered,RTE-CHI-20250727-001,2025-07-31T03:49:00,,on_time
SHP-202506-000265,CLI-0201,HUB-CHI,standard,2025-06-13T17:34:00,2025-06-15T23:34:00,delivered,RTE-CHI-20250613-001,2025-06-18T05:34:00,,on_time
SHP-202512-000404,CLI-0169,HUB-DET,standard,2025-12-29T08:28:00,2026-01-01T20:28:00,delivered,RTE-DET-20251229-002,2026-01-02T02:28:00,,on_time
SHP-202512-000405,CLI-0201,HUB-CMH,standard,2025-12-16T20:54:00,2025-12-20T20:54:00,delivered,RTE-CMH-20251216-001,2025-12-21T07:54:00,,on_time
SHP-202504-000246,CLI-0201,HUB-CMH,standard,2025-04-11T14:40:00,2025-04-13T14:40:00,delivered,RTE-CMH-20250411-001,2025-04-15T15:40:00,,on_time
SHP-202502-000244,CLI-0169,HUB-DET,expedited,2025-02-23T20:50:00,2025-02-24T23:50:00,delivered,RTE-DET-20250223-002,2025-02-26T06:50:00,,on_time
SHP-202509-000266,CLI-0007,HUB-CIN,expedited,2025-09-20T10:49:00,2025-09-21T19:49:00,delivered,RTE-CIN-20250922-002,2025-09-21T20:49:00,,on_time
SHP-202505-000246,CLI-0155,HUB-IND,standard,2025-05-22T19:02:00,2025-05-25T06:02:00,delivered,RTE-IND-20250522-002,2025-05-25T20:02:00,,on_time
SHP-202508-000254,CLI-0169,HUB-IND,standard,2025-08-07T10:49:00,2025-08-10T19:49:00,delivered,RTE-IND-20250807-005,2025-08-10T19:49:00,,on_time
SHP-202502-000245,CLI-0042,HUB-IND,freight,2025-02-25T09:21:00,2025-02-27T18:21:00,delivered,,2025-03-01T05:21:00,,on_time
SHP-202508-000256,CLI-0007,HUB-DET,standard,2025-08-15T12:06:00,2025-08-17T17:06:00,delivered,RTE-DET-20250815-003,2025-08-18T11:06:00,,on_time
SHP-202512-000408,CLI-0042,HUB-DET,freight,2025-12-03T14:34:00,2025-12-09T14:34:00,delayed,,2025-12-07T02:34:00,60,>2d
SHP-202510-000287,CLI-0042,HUB-CHI,freight,2025-10-11T09:05:00,2025-10-17T09:05:00,delayed,,2025-10-14T21:05:00,60,>2d
SHP-202511-000367,CLI-0155,HUB-CIN,standard,2025-11-16T09:08:00,2025-11-21T09:08:00,delayed,RTE-CIN-20251117-001,2025-11-19T23:08:00,34,1-2d
SHP-202505-000247,CLI-0007,HUB-IND,standard,2025-05-18T15:21:00,2025-05-21T02:21:00,delivered,RTE-IND-20250520-001,2025-05-21T10:21:00,,on_time
SHP-202507-000293,CLI-0169,HUB-DET,expedited,2025-07-02T06:58:00,2025-07-03T06:58:00,delivered,RTE-DET-20250702-002,2025-07-04T23:58:00,,on_time
SHP-202501-000294,CLI-0201,HUB-CMH,expedited,2025-01-16T08:55:00,2025-01-17T16:55:00,delivered,RTE-CMH-20250116-003,2025-01-19T18:55:00,,on_time
SHP-202511-000369,CLI-0042,HUB-IND,freight,2025-11-29T12:18:00,2025-12-05T12:18:00,delayed,,2025-12-03T04:18:00,56,>2d
SHP-202512-000409,CLI-0155,HUB-IND,standard,2025-12-10T18:21:00,2025-12-11T20:21:00,delivered,RTE-IND-20251210-001,2025-12-13T23:21:00,,on_time
SHP-202507-000295,CLI-0169,HUB-DET,standard,2025-07-28T13:31:00,2025-08-01T01:31:00,delivered,RTE-DET-20250728-002,2025-08-01T02:31:00,,on_time
SHP-202512-000410,CLI-0042,HUB-CMH,freight,2025-12-14T14:11:00,2025-12-20T14:11:00,delayed,,2025-12-18T02:11:00,60,>2d
SHP-202502-000246,CLI-0042,HUB-CHI,freight,2025-02-25T15:54:00,2025-03-01T00:54:00,delivered,,2025-03-01T09:54:00,,on_time
SHP-202511-000371,CLI-0201,HUB-CIN,standard,2025-11-02T06:54:00,2025-11-03T13:54:00,delivered,RTE-CIN-20251102-001,2025-11-06T13:54:00,,on_time
SHP-202502-000248,CLI-0201,HUB-CMH,expedited,2025-02-13T20:35:00,2025-02-14T22:35:00,delivered,RTE-CMH-20250213-001,2025-02-16T21:35:00,,on_time
SHP-202505-000248,CLI-0169,HUB-DET,expedited,2025-05-27T14:56:00,2025-05-28T16:56:00,delivered,RTE-DET-20250527-002,2025-05-29T20:56:00,,on_time
SHP-202505-000249,CLI-0155,HUB-IND,standard,2025-05-16T13:13:00,2025-05-21T00:13:00,delivered,RTE-IND-20250516-001,2025-05-21T00:13:00,,on_time
SHP-202510-000289,CLI-0201,HUB-CIN,standard,2025-10-07T15:08:00,2025-10-09T21:08:00,delivered,RTE-CIN-20251008-004,2025-10-11T22:08:00,,on_time
SHP-202512-000411,CLI-0201,HUB-IND,standard,2025-12-18T06:00:00,2025-12-22T07:00:00,delivered,RTE-IND-20251218-001,2025-12-22T10:00:00,,on_time
SHP-202511-000372,CLI-0201,HUB-CMH,standard,2025-11-27T17:45:00,2025-11-29T05:45:00,delivered,RTE-CMH-20251127-002,2025-12-02T02:45:00,,on_time
SHP-202504-000251,CLI-0201,HUB-DET,standard,2025-04-14T13:55:00,2025-04-17T23:55:00,delivered,RTE-DET-20250414-001,2025-04-19T10:55:00,,on_time
SHP-202509-000271,CLI-0007,HUB-DET,standard,2025-09-25T14:49:00,2025-09-29T21:49:00,delivered,RTE-DET-20250925-002,2025-09-29T21:49:00,,on_time
SHP-202502-000251,CLI-0042,HUB-DET,freight,2025-02-22T13:41:00,2025-02-23T20:41:00,delivered,,2025-02-26T22:41:00,,on_time
SHP-202501-000297,CLI-0042,HUB-CMH,freight,2025-01-27T13:35:00,2025-01-29T00:35:00,delivered,,2025-02-01T04:35:00,,on_time
SHP-202504-000252,CLI-0042,HUB-CHI,freight,2025-04-01T11:42:00,2025-04-05T13:42:00,delivered,,2025-04-05T13:42:00,,on_time
SHP-202512-000413,CLI-0201,HUB-CIN,standard,2025-12-18T16:57:00,2025-12-20T00:57:00,delivered,RTE-CIN-20251218-002,2025-12-22T23:57:00,,on_time
SHP-202506-000267,CLI-0007,HUB-DET,standard,2025-06-13T16:02:00,2025-06-17T01:02:00,delivered,RTE-DET-20250613-006,2025-06-17T01:02:00,,on_time
SHP-202507-000298,CLI-0007,HUB-IND,standard,2025-07-20T15:02:00,2025-07-23T03:02:00,delivered,RTE-IND-20250720-002,2025-07-23T18:02:00,,on_time
SHP-202510-000291,CLI-0007,HUB-CMH,standard,2025-10-30T06:58:00,2025-11-02T18:58:00,delivered,RTE-CMH-20251030-003,2025-11-02T18:58:00,,on_time
SHP-202512-000415,CLI-0155,HUB-CIN,standard,2025-12-22T18:02:00,2025-12-25T04:02:00,delivered,RTE-CIN-20251222-003,2025-12-26T10:02:00,,on_time
SHP-202508-000259,CLI-0169,HUB-CIN,expedited,2025-08-03T13:42:00,2025-08-04T13:42:00,delivered,RTE-CIN-20250804-001,2025-08-05T08:42:00,,on_time
SHP-202511-000373,CLI-0007,HUB-IND,standard,2025-11-09T16:16:00,2025-11-12T23:16:00,delivered,RTE-IND-20251109-001,2025-11-12T23:16:00,,on_time
SHP-202506-000271,CLI-0155,HUB-CHI,standard,2025-06-06T20:29:00,2025-06-11T07:29:00,delivered,RTE-CHI-20250606-001,2025-06-11T07:29:00,,on_time
SHP-202505-000252,CLI-0007,HUB-CIN,expedited,2025-05-01T08:46:00,2025-05-02T19:46:00,delivered,RTE-CIN-20250501-004,2025-05-03T00:46:00,,on_time
SHP-202504-000254,CLI-0042,HUB-IND,freight,2025-04-20T15:27:00,2025-04-24T20:27:00,delivered,,2025-04-24T20:27:00,,on_time
SHP-202509-000272,CLI-0155,HUB-DET,standard,2025-09-28T12:46:00,2025-10-01T18:46:00,delivered,RTE-DET-20250929-003,2025-10-02T00:46:00,,on_time
SHP-202507-000299,CLI-0201,HUB-CHI,expedited,2025-07-29T17:58:00,2025-07-30T17:58:00,delivered,RTE-CHI-20250729-004,2025-08-01T22:58:00,,on_time
SHP-202508-000260,CLI-0201,HUB-IND,standard,2025-08-27T14:01:00,2025-08-29T15:01:00,delivered,RTE-IND-20250827-001,2025-09-01T02:01:00,,on_time
SHP-202506-000272,CLI-0169,HUB-DET,standard,2025-06-02T07:51:00,2025-06-04T17:51:00,delivered,RTE-DET-20250602-001,2025-06-05T16:51:00,,on_time
SHP-202502-000254,CLI-0042,HUB-DET,freight,2025-02-09T14:54:00,2025-02-13T22:54:00,delivered,,2025-02-13T22:54:00,,on_time
SHP-202508-000261,CLI-0155,HUB-IND,standard,2025-08-02T14:21:00,2025-08-06T17:21:00,delivered,RTE-IND-20250804-002,2025-08-06T17:21:00,,on_time
SHP-202507-000301,CLI-0155,HUB-CMH,standard,2025-07-01T06:10:00,2025-07-03T11:10:00,delivered,RTE-CMH-20250701-003,2025-07-04T12:10:00,,on_time
SHP-202507-000302,CLI-0155,HUB-CHI,expedited,2025-07-15T20:55:00,2025-07-17T04:55:00,delivered,RTE-CHI-20250715-002,2025-07-18T14:55:00,,on_time
SHP-202508-000262,CLI-0042,HUB-CMH,freight,2025-08-20T10:21:00,2025-08-26T10:21:00,delayed,,2025-08-23T22:21:00,60,>2d
SHP-202510-000294,CLI-0042,HUB-CHI,freight,2025-10-27T18:29:00,,failed,,2025-10-31T08:29:00,,
SHP-202503-000301,CLI-0169,HUB-IND,expedited,2025-03-20T14:38:00,2025-03-22T01:38:00,delivered,RTE-IND-20250320-002,2025-03-22T22:38:00,,on_time
SHP-202511-000377,CLI-0155,HUB-DET,expedited,2025-11-23T13:14:00,2025-11-25T01:14:00,delivered,RTE-DET-20251123-002,2025-11-26T04:14:00,,on_time
SHP-202506-000274,CLI-0042,HUB-IND,freight,2025-06-25T10:32:00,2025-07-01T10:32:00,delayed,,2025-06-29T03:32:00,55,>2d
SHP-202501-000299,CLI-0042,HUB-CHI,freight,2025-01-31T19:15:00,2025-02-02T06:15:00,delivered,,2025-02-04T05:15:00,,on_time
SHP-202510-000296,CLI-0007,HUB-IND,expedited,2025-10-04T09:29:00,2025-10-05T21:29:00,delivered,RTE-IND-20251004-002,2025-10-06T13:29:00,,on_time
SHP-202507-000305,CLI-0201,HUB-CIN,standard,2025-07-15T17:58:00,2025-07-18T22:58:00,delivered,RTE-CIN-20250715-003,2025-07-19T22:58:00,,on_time
SHP-202509-000273,CLI-0169,HUB-CIN,standard,2025-09-11T11:01:00,2025-09-14T21:01:00,delivered,RTE-CIN-20250911-001,2025-09-14T21:01:00,,on_time
SHP-202505-000254,CLI-0201,HUB-CHI,standard,2025-05-03T16:05:00,2025-05-07T00:05:00,delivered,RTE-CHI-20250505-001,2025-05-07T18:05:00,,on_time
SHP-202510-000297,CLI-0169,HUB-CHI,standard,2025-10-14T08:47:00,2025-10-17T10:47:00,delivered,RTE-CHI-20251014-002,2025-10-18T07:47:00,,on_time
SHP-202505-000255,CLI-0042,HUB-CIN,freight,2025-05-15T17:49:00,2025-05-18T17:49:00,delivered,,2025-05-20T10:49:00,,on_time
SHP-202505-000257,CLI-0007,HUB-CIN,expedited,2025-05-09T11:45:00,2025-05-10T13:45:00,delivered,RTE-CIN-20250509-001,2025-05-10T23:45:00,,on_time
SHP-202507-000307,CLI-0169,HUB-CIN,standard,2025-07-01T17:01:00,2025-07-06T02:01:00,delivered,RTE-CIN-20250701-003,2025-07-06T02:01:00,,on_time
SHP-202511-000378,CLI-0007,HUB-CHI,expedited,2025-11-01T17:46:00,2025-11-07T17:46:00,delayed,RTE-CHI-20251104-001,2025-11-06T18:46:00,23,1-2d
SHP-202508-000264,CLI-0007,HUB-CHI,standard,2025-08-07T10:52:00,2025-08-08T12:52:00,delivered,RTE-CHI-20250807-001,2025-08-10T21:52:00,,on_time
SHP-202507-000308,CLI-0155,HUB-IND,standard,2025-07-14T07:52:00,2025-07-15T15:52:00,delivered,RTE-IND-20250714-001,2025-07-17T02:52:00,,on_time
SHP-202511-000380,CLI-0042,HUB-IND,freight,2025-11-17T20:45:00,2025-11-23T20:45:00,delayed,,2025-11-21T08:45:00,60,>2d
SHP-202509-000275,CLI-0169,HUB-CMH,standard,2025-09-03T17:13:00,2025-09-05T05:13:00,delivered,RTE-CMH-20250903-001,2025-09-06T15:13:00,,on_time
SHP-202505-000259,CLI-0155,HUB-CIN,standard,2025-05-08T06:31:00,2025-05-12T18:31:00,delivered,RTE-CIN-20250508-001,2025-05-12T18:31:00,,on_time
SHP-202512-000424,CLI-0042,HUB-IND,freight,2025-12-10T18:56:00,2025-12-16T18:56:00,delayed,,2025-12-14T06:56:00,60,>2d
SHP-202506-000276,CLI-0155,HUB-DET,expedited,2025-06-26T19:53:00,2025-06-28T01:53:00,delivered,RTE-DET-20250626-001,2025-06-29T10:53:00,,on_time
SHP-202512-000426,CLI-0042,HUB-CMH,freight,2025-12-15T15:31:00,2025-12-21T15:31:00,delayed,,2025-12-19T03:31:00,60,>2d
SHP-202512-000427,CLI-0201,HUB-CHI,standard,2025-12-02T09:19:00,2025-12-03T21:19:00,delivered,RTE-CHI-20251202-001,2025-12-06T16:19:00,,on_time
SHP-202503-000306,CLI-0169,HUB-CIN,expedited,2025-03-14T08:43:00,2025-03-15T13:43:00,delivered,RTE-CIN-20250316-001,2025-03-16T05:43:00,,on_time
SHP-202505-000260,CLI-0007,HUB-CHI,standard,2025-05-21T07:57:00,2025-05-25T19:57:00,delivered,RTE-CHI-20250521-001,2025-05-25T19:57:00,,on_time
SHP-202502-000258,CLI-0169,HUB-CHI,standard,2025-02-24T13:25:00,2025-02-27T18:25:00,delivered,RTE-CHI-20250224-001,2025-02-28T12:25:00,,on_time
SHP-202508-000265,CLI-0007,HUB-IND,expedited,2025-08-13T17:24:00,2025-08-14T18:24:00,delivered,RTE-IND-20250813-001,2025-08-15T15:24:00,,on_time
SHP-202508-000266,CLI-0007,HUB-CMH,standard,2025-08-01T20:01:00,2025-08-05T21:01:00,delivered,RTE-CMH-20250801-001,2025-08-05T21:01:00,,on_time
SHP-202512-000428,CLI-0201,HUB-IND,expedited,2025-12-30T08:47:00,2025-12-31T11:47:00,delivered,RTE-IND-20251230-001,2026-01-02T18:47:00,,on_time
SHP-202507-000312,CLI-0155,HUB-CHI,standard,2025-07-14T07:17:00,2025-07-16T11:17:00,delivered,RTE-CHI-20250714-002,2025-07-17T23:17:00,,on_time
SHP-202512-000429,CLI-0169,HUB-IND,expedited,2025-12-13T19:36:00,2025-12-15T01:36:00,delivered,RTE-IND-20251213-001,2025-12-16T07:36:00,,on_time
SHP-202512-000430,CLI-0007,HUB-DET,expedited,2025-12-18T18:13:00,2025-12-20T02:13:00,delivered,RTE-DET-20251218-004,2025-12-20T15:13:00,,on_time
SHP-202504-000256,CLI-0042,HUB-CIN,freight,2025-04-29T11:53:00,2025-05-03T11:53:00,delivered,,2025-05-04T00:53:00,,on_time
SHP-202510-000299,CLI-0042,HUB-CIN,freight,2025-10-27T15:05:00,2025-11-02T15:05:00,delayed,,2025-10-31T03:05:00,60,>2d
SHP-202511-000383,CLI-0155,HUB-CHI,expedited,2025-11-18T13:52:00,2025-11-19T13:52:00,delivered,RTE-CHI-20251118-003,2025-11-21T04:52:00,,on_time
SHP-202508-000268,CLI-0155,HUB-CHI,expedited,2025-08-08T17:48:00,2025-08-10T04:48:00,delivered,RTE-CHI-20250808-001,2025-08-11T07:48:00,,on_time
SHP-202512-000432,CLI-0201,HUB-CHI,standard,2025-12-24T08:32:00,2025-12-25T09:32:00,delivered,RTE-CHI-20251224-002,2025-12-28T19:32:00,,on_time
SHP-202512-000433,CLI-0201,HUB-CMH,expedited,2025-12-02T09:02:00,2025-12-03T21:02:00,delivered,RTE-CMH-20251202-001,2025-12-05T14:02:00,,on_time
SHP-202510-000301,CLI-0155,HUB-CMH,standard,2025-10-17T19:18:00,2025-10-20T00:18:00,delivered,RTE-CMH-20251017-001,2025-10-21T05:18:00,,on_time
SHP-202508-000270,CLI-0155,HUB-DET,standard,2025-08-02T12:45:00,2025-08-03T21:45:00,delivered,RTE-DET-20250803-001,2025-08-06T00:45:00,,on_time
SHP-202512-000437,CLI-0155,HUB-CIN,standard,2025-12-09T17:31:00,2025-12-11T00:31:00,delivered,RTE-CIN-20251209-001,2025-12-13T10:31:00,,on_time
SHP-202510-000303,CLI-0007,HUB-CHI,standard,2025-10-14T08:21:00,2025-10-16T09:21:00,delivered,RTE-CHI-20251014-001,2025-10-17T22:21:00,,on_time
SHP-202510-000304,CLI-0201,HUB-DET,standard,2025-10-27T06:09:00,2025-10-30T17:09:00,delivered,RTE-DET-20251027-001,2025-11-01T03:09:00,,on_time
SHP-202512-000438,CLI-0007,HUB-CMH,expedited,2025-12-09T09:43:00,2025-12-16T09:43:00,delayed,RTE-CMH-20251209-002,2025-12-15T20:43:00,13,1-2d
SHP-202506-000279,CLI-0201,HUB-CHI,standard,2025-06-05T11:03:00,2025-06-08T21:03:00,delivered,RTE-CHI-20250605-001,2025-06-09T15:03:00,,on_time
SHP-202504-000258,CLI-0201,HUB-IND,standard,2025-04-21T20:23:00,2025-04-23T23:23:00,delivered,RTE-IND-20250421-001,2025-04-25T22:23:00,,on_time
SHP-202501-000301,CLI-0042,HUB-DET,freight,2025-01-06T18:49:00,2025-01-12T18:49:00,delayed,,2025-01-10T06:49:00,60,>2d
SHP-202507-000314,CLI-0007,HUB-DET,standard,2025-07-15T08:41:00,2025-07-19T14:41:00,delivered,RTE-DET-20250715-001,2025-07-19T14:41:00,,on_time
SHP-202502-000263,CLI-0169,HUB-CHI,standard,2025-02-01T20:49:00,2025-02-03T23:49:00,delivered,RTE-CHI-20250201-001,2025-02-06T00:49:00,,on_time
SHP-202512-000440,CLI-0169,HUB-CIN,standard,2025-12-12T06:14:00,2025-12-16T18:14:00,delivered,RTE-CIN-20251212-001,2025-12-16T18:14:00,,on_time
SHP-202512-000441,CLI-0042,HUB-CMH,freight,2025-12-24T14:44:00,2025-12-30T14:44:00,delayed,,2025-12-28T02:44:00,60,>2d
SHP-202504-000259,CLI-0042,HUB-CHI,freight,2025-04-17T17:28:00,2025-04-23T17:28:00,delayed,,2025-04-21T14:28:00,51,>2d
SHP-202511-000385,CLI-0169,HUB-IND,standard,2025-11-18T17:53:00,2025-11-19T22:53:00,delivered,RTE-IND-20251118-001,2025-11-22T00:53:00,,on_time
SHP-202504-000264,CLI-0169,HUB-CMH,standard,2025-04-19T07:38:00,2025-04-23T12:38:00,delivered,RTE-CMH-20250420-001,2025-04-23T12:38:00,,on_time
SHP-202512-000443,CLI-0042,HUB-CHI,freight,2025-12-15T11:00:00,2025-12-21T11:00:00,delayed,,2025-12-18T23:00:00,60,>2d
SHP-202511-000386,CLI-0042,HUB-DET,freight,2025-11-29T16:29:00,2025-12-05T16:29:00,delayed,,2025-12-03T04:29:00,60,>2d
SHP-202508-000271,CLI-0155,HUB-CIN,standard,2025-08-02T14:27:00,2025-08-06T01:27:00,delivered,RTE-CIN-20250804-001,2025-08-06T05:27:00,,on_time
SHP-202511-000387,CLI-0042,HUB-CHI,freight,2025-11-12T14:21:00,,failed,,2025-11-15T20:21:00,,
SHP-202507-000317,CLI-0007,HUB-IND,standard,2025-07-15T18:25:00,2025-07-19T22:25:00,delivered,RTE-IND-20250715-003,2025-07-19T22:25:00,,on_time
SHP-202504-000265,CLI-0201,HUB-CHI,standard,2025-04-16T10:39:00,2025-04-19T10:39:00,delivered,RTE-CHI-20250416-001,2025-04-20T13:39:00,,on_time
SHP-202504-000266,CLI-0169,HUB-IND,expedited,2025-04-13T10:26:00,2025-04-14T22:26:00,delivered,RTE-IND-20250413-001,2025-04-15T20:26:00,,on_time
SHP-202501-000302,CLI-0007,HUB-CMH,standard,2025-01-28T17:51:00,2025-01-30T23:51:00,delivered,RTE-CMH-20250128-002,2025-01-31T10:51:00,,on_time
SHP-202502-000264,CLI-0201,HUB-CMH,expedited,2025-02-03T15:07:00,2025-02-04T15:07:00,delivered,RTE-CMH-20250203-002,2025-02-06T22:07:00,,on_time
SHP-202506-000281,CLI-0201,HUB-DET,expedited,2025-06-04T17:01:00,2025-06-05T20:01:00,delivered,RTE-DET-20250605-001,2025-06-08T06:01:00,,on_time
SHP-202503-000310,CLI-0155,HUB-DET,expedited,2025-03-20T14:56:00,2025-03-22T01:56:00,delivered,RTE-DET-20250320-001,2025-03-22T21:56:00,,on_time
SHP-202510-000305,CLI-0155,HUB-IND,expedited,2025-10-14T19:15:00,2025-10-16T01:15:00,delivered,RTE-IND-20251014-005,2025-10-16T23:15:00,,on_time
SHP-202504-000268,CLI-0155,HUB-DET,standard,2025-04-08T15:33:00,2025-04-10T22:33:00,delivered,RTE-DET-20250408-001,2025-04-12T09:33:00,,on_time
SHP-202505-000264,CLI-0155,HUB-IND,standard,2025-05-21T19:25:00,2025-05-24T03:25:00,delivered,RTE-IND-20250521-001,2025-05-24T23:25:00,,on_time
SHP-202501-000303,CLI-0169,HUB-CMH,standard,2025-01-21T06:32:00,2025-01-25T10:32:00,delivered,RTE-CMH-20250121-002,2025-01-25T10:32:00,,on_time
SHP-202509-000281,CLI-0042,HUB-CIN,freight,2025-09-16T14:02:00,2025-09-22T14:02:00,delayed,,2025-09-20T02:02:00,60,>2d
SHP-202511-000390,CLI-0201,HUB-CMH,expedited,2025-11-15T15:51:00,2025-11-16T22:51:00,delivered,RTE-CMH-20251115-001,2025-11-18T15:51:00,,on_time
SHP-202507-000319,CLI-0155,HUB-DET,standard,2025-07-26T20:37:00,2025-07-28T02:37:00,delivered,RTE-DET-20250728-001,2025-07-30T05:37:00,,on_time
SHP-202502-000265,CLI-0007,HUB-IND,standard,2025-02-11T18:15:00,2025-02-16T05:15:00,delivered,RTE-IND-20250211-004,2025-02-16T05:15:00,,on_time
SHP-202512-000448,CLI-0007,HUB-CIN,expedited,2025-12-30T06:02:00,2025-12-31T10:02:00,delivered,RTE-CIN-20251230-001,2025-12-31T17:02:00,,on_time
SHP-202512-000449,CLI-0007,HUB-CHI,standard,2025-12-05T11:47:00,2025-12-06T13:47:00,delivered,RTE-CHI-20251205-001,2025-12-09T02:47:00,,on_time
SHP-202510-000307,CLI-0007,HUB-CIN,standard,2025-10-14T15:49:00,2025-10-16T21:49:00,delivered,RTE-CIN-20251014-002,2025-10-17T05:49:00,,on_time
SHP-202511-000391,CLI-0169,HUB-CMH,expedited,2025-11-17T11:07:00,2025-11-18T21:07:00,delivered,RTE-CMH-20251117-004,2025-11-19T10:07:00,,on_time
SHP-202509-000282,CLI-0042,HUB-IND,freight,2025-09-05T15:09:00,2025-09-11T15:09:00,delayed,,2025-09-09T03:09:00,60,>2d
SHP-202507-000320,CLI-0007,HUB-CIN,standard,2025-07-07T08:37:00,2025-07-09T09:37:00,delivered,RTE-CIN-20250707-001,2025-07-09T19:37:00,,on_time
SHP-202504-000269,CLI-0169,HUB-CHI,expedited,2025-04-10T06:36:00,2025-04-11T18:36:00,delivered,RTE-CHI-20250410-001,2025-04-13T11:36:00,,on_time
SHP-202505-000265,CLI-0042,HUB-CHI,freight,2025-05-16T13:55:00,2025-05-20T20:55:00,delivered,,2025-05-20T20:55:00,,on_time
SHP-202507-000321,CLI-0169,HUB-DET,standard,2025-07-05T13:16:00,2025-07-09T19:16:00,delivered,RTE-DET-20250706-001,2025-07-09T19:16:00,,on_time
SHP-202507-000322,CLI-0169,HUB-CMH,standard,2025-07-18T13:43:00,2025-07-19T14:43:00,delivered,RTE-CMH-20250718-002,2025-07-21T19:43:00,,on_time
SHP-202510-000309,CLI-0007,HUB-CIN,standard,2025-10-11T07:42:00,2025-10-13T17:42:00,delivered,RTE-CIN-20251013-001,2025-10-14T00:42:00,,on_time
SHP-202502-000267,CLI-0201,HUB-CIN,standard,2025-02-25T10:22:00,2025-02-27T11:22:00,delivered,RTE-CIN-20250225-005,2025-03-01T22:22:00,,on_time
SHP-202502-000268,CLI-0042,HUB-CHI,freight,2025-02-03T18:27:00,2025-02-05T00:27:00,delivered,,2025-02-07T05:27:00,,on_time
SHP-202512-000451,CLI-0042,HUB-IND,freight,2025-12-19T10:47:00,2025-12-25T10:47:00,delayed,,2025-12-22T22:47:00,60,>2d
SHP-202510-000311,CLI-0169,HUB-CIN,standard,2025-10-30T19:08:00,2025-11-03T23:08:00,delivered,RTE-CIN-20251030-001,2025-11-03T23:08:00,,on_time
SHP-202512-000452,CLI-0155,HUB-CHI,standard,2025-12-01T10:05:00,2025-12-02T14:05:00,delivered,RTE-CHI-20251201-002,2025-12-04T19:05:00,,on_time
SHP-202509-000283,CLI-0201,HUB-CMH,standard,2025-09-11T10:43:00,2025-09-14T19:43:00,delivered,RTE-CMH-20250911-003,2025-09-15T17:43:00,,on_time
SHP-202501-000304,CLI-0201,HUB-CHI,standard,2025-01-08T13:24:00,2025-01-12T19:24:00,delivered,RTE-CHI-20250108-001,2025-01-13T01:24:00,,on_time
SHP-202510-000312,CLI-0042,HUB-CHI,freight,2025-10-04T10:38:00,,failed,,2025-10-07T18:38:00,,
SHP-202511-000395,CLI-0201,HUB-DET,standard,2025-11-01T07:25:00,2025-11-03T14:25:00,delivered,RTE-DET-20251103-002,2025-11-05T20:25:00,,on_time
SHP-202506-000284,CLI-0007,HUB-IND,expedited,2025-06-01T13:08:00,2025-06-03T00:08:00,delivered,RTE-IND-20250601-001,2025-06-03T14:08:00,,on_time
SHP-202503-000313,CLI-0155,HUB-CHI,expedited,2025-03-17T11:09:00,2025-03-18T22:09:00,delivered,RTE-CHI-20250317-001,2025-03-20T05:09:00,,on_time
SHP-202502-000269,CLI-0007,HUB-CIN,standard,2025-02-14T20:26:00,2025-02-17T00:26:00,delivered,RTE-CIN-20250214-001,2025-02-17T04:26:00,,on_time
SHP-202510-000313,CLI-0155,HUB-CHI,expedited,2025-10-24T18:52:00,2025-10-26T05:52:00,delivered,RTE-CHI-20251024-009,2025-10-27T00:52:00,,on_time
SHP-202511-000396,CLI-0155,HUB-CMH,expedited,2025-11-25T14:59:00,2025-11-26T22:59:00,delivered,RTE-CMH-20251125-005,2025-11-28T06:59:00,,on_time
SHP-202502-000271,CLI-0042,HUB-CIN,freight,2025-02-25T12:09:00,2025-02-27T18:09:00,delivered,,2025-03-01T21:09:00,,on_time
SHP-202503-000314,CLI-0155,HUB-CIN,standard,2025-03-07T14:09:00,2025-03-12T00:09:00,delivered,RTE-CIN-20250307-001,2025-03-12T00:09:00,,on_time
SHP-202503-000315,CLI-0155,HUB-CHI,standard,2025-03-18T11:12:00,2025-03-19T18:12:00,delivered,RTE-CHI-20250318-001,2025-03-22T03:12:00,,on_time
SHP-202502-000272,CLI-0042,HUB-DET,freight,2025-02-18T19:18:00,2025-02-19T23:18:00,delivered,,2025-02-23T13:18:00,,on_time
SHP-202505-000267,CLI-0007,HUB-CMH,expedited,2025-05-15T07:17:00,2025-05-16T12:17:00,delivered,RTE-CMH-20250515-001,2025-05-16T17:17:00,,on_time
SHP-202508-000272,CLI-0042,HUB-CMH,freight,2025-08-28T17:13:00,2025-09-03T17:13:00,delayed,,2025-09-01T05:13:00,60,>2d
SHP-202509-000285,CLI-0155,HUB-CIN,expedited,2025-09-21T20:13:00,2025-09-22T22:13:00,delivered,RTE-CIN-20250922-003,2025-09-24T14:13:00,,on_time
SHP-202508-000273,CLI-0007,HUB-IND,expedited,2025-08-19T20:47:00,2025-08-21T04:47:00,delivered,RTE-IND-20250819-001,2025-08-21T23:47:00,,on_time
SHP-202501-000307,CLI-0201,HUB-DET,expedited,2025-01-10T18:22:00,2025-01-11T18:22:00,delivered,RTE-DET-20250110-001,2025-01-14T16:22:00,,on_time
SHP-202512-000457,CLI-0201,HUB-CHI,standard,2025-12-11T14:54:00,2025-12-14T02:54:00,delivered,RTE-CHI-20251211-001,2025-12-15T23:54:00,,on_time
SHP-202503-000319,CLI-0155,HUB-DET,standard,2025-03-26T10:45:00,2025-03-28T13:45:00,delivered,RTE-DET-20250326-003,2025-03-30T04:45:00,,on_time
SHP-202507-000324,CLI-0201,HUB-CIN,standard,2025-07-04T18:02:00,2025-07-09T04:02:00,delivered,RTE-CIN-20250704-002,2025-07-09T04:02:00,,on_time
SHP-202507-000325,CLI-0155,HUB-CIN,standard,2025-07-23T09:06:00,2025-07-26T19:06:00,delivered,RTE-CIN-20250723-001,2025-07-26T19:06:00,,on_time
SHP-202505-000269,CLI-0169,HUB-CIN,expedited,2025-05-16T10:37:00,2025-05-17T18:37:00,delivered,RTE-CIN-20250516-001,2025-05-18T09:37:00,,on_time
SHP-202505-000270,CLI-0042,HUB-DET,freight,2025-05-14T17:15:00,2025-05-16T00:15:00,delivered,,2025-05-19T07:15:00,,on_time
SHP-202502-000275,CLI-0169,HUB-CIN,standard,2025-02-12T11:47:00,2025-02-20T11:47:00,delayed,RTE-CIN-20250212-001,2025-02-18T21:47:00,38,1-2d
SHP-202507-000326,CLI-0201,HUB-IND,standard,2025-07-29T08:31:00,2025-08-02T16:31:00,delivered,RTE-IND-20250729-001,2025-08-02T16:31:00,,on_time
SHP-202509-000286,CLI-0169,HUB-CIN,standard,2025-09-10T18:35:00,2025-09-13T06:35:00,delivered,RTE-CIN-20250910-002,2025-09-13T16:35:00,,on_time
SHP-202506-000286,CLI-0155,HUB-CIN,standard,2025-06-08T11:14:00,2025-06-09T19:14:00,delivered,RTE-CIN-20250609-001,2025-06-11T22:14:00,,on_time
SHP-202512-000460,CLI-0155,HUB-CHI,standard,2025-12-01T13:54:00,2025-12-03T22:54:00,delivered,RTE-CHI-20251201-002,2025-12-04T19:54:00,,on_time
SHP-202504-000274,CLI-0155,HUB-DET,standard,2025-04-12T18:04:00,2025-04-13T19:04:00,delivered,RTE-DET-20250412-001,2025-04-16T08:04:00,,on_time
SHP-202512-000461,CLI-0155,HUB-CIN,standard,2025-12-27T07:21:00,2026-01-03T07:21:00,delayed,RTE-CIN-20251227-001,2026-01-01T16:21:00,39,1-2d
SHP-202504-000275,CLI-0042,HUB-DET,freight,2025-04-25T13:39:00,2025-05-01T13:39:00,delayed,,2025-04-29T01:39:00,60,>2d
SHP-202508-000274,CLI-0155,HUB-CHI,standard,2025-08-23T06:23:00,2025-08-27T15:23:00,delivered,RTE-CHI-20250823-001,2025-08-27T15:23:00,,on_time
SHP-202501-000308,CLI-0169,HUB-IND,standard,2025-01-04T07:53:00,2025-01-13T07:53:00,delayed,RTE-IND-20250104-001,2025-01-08T22:53:00,105,>2d
SHP-202509-000288,CLI-0201,HUB-DET,standard,2025-09-23T19:37:00,2025-09-28T06:37:00,delivered,RTE-DET-20250923-002,2025-09-28T17:37:00,,on_time
SHP-202511-000400,CLI-0155,HUB-CIN,standard,2025-11-28T11:56:00,2025-12-01T16:56:00,delivered,RTE-CIN-20251128-001,2025-12-01T20:56:00,,on_time
SHP-202501-000310,CLI-0169,HUB-IND,standard,2025-01-14T06:49:00,2025-01-22T06:49:00,delayed,RTE-IND-20250115-001,2025-01-19T02:49:00,76,>2d
SHP-202511-000401,CLI-0201,HUB-CIN,standard,2025-11-07T17:33:00,2025-11-11T05:33:00,delivered,RTE-CIN-20251107-003,2025-11-12T05:33:00,,on_time
SHP-202501-000313,CLI-0201,HUB-CHI,standard,2025-01-01T17:16:00,2025-01-04T18:16:00,delivered,RTE-CHI-20250101-001,2025-01-05T21:16:00,,on_time
SHP-202507-000327,CLI-0201,HUB-IND,standard,2025-07-22T18:57:00,2025-07-27T05:57:00,delivered,RTE-IND-20250722-002,2025-07-27T05:57:00,,on_time
SHP-202506-000287,CLI-0042,HUB-CIN,freight,2025-06-21T10:52:00,2025-06-27T10:52:00,delayed,,2025-06-24T22:52:00,60,>2d
SHP-202511-000402,CLI-0201,HUB-IND,expedited,2025-11-02T10:37:00,2025-11-03T17:37:00,delivered,RTE-IND-20251102-001,2025-11-05T21:37:00,,on_time
SHP-202501-000318,CLI-0007,HUB-CMH,standard,2025-01-06T18:25:00,2025-01-09T19:25:00,delivered,RTE-CMH-20250106-002,2025-01-09T19:25:00,,on_time
SHP-202505-000271,CLI-0042,HUB-DET,freight,2025-05-17T14:13:00,2025-05-23T14:13:00,delayed,,2025-05-21T02:13:00,60,>2d
SHP-202512-000464,CLI-0155,HUB-IND,standard,2025-12-14T13:11:00,2025-12-15T16:11:00,delivered,RTE-IND-20251215-001,2025-12-17T12:11:00,,on_time
SHP-202509-000289,CLI-0201,HUB-IND,standard,2025-09-17T07:27:00,2025-09-20T18:27:00,delivered,RTE-IND-20250917-001,2025-09-21T13:27:00,,on_time
SHP-202511-000403,CLI-0155,HUB-IND,expedited,2025-11-16T20:02:00,2025-11-18T06:02:00,delivered,RTE-IND-20251116-001,2025-11-19T02:02:00,,on_time
SHP-202502-000280,CLI-0169,HUB-CMH,standard,2025-02-17T08:12:00,2025-02-19T19:12:00,delivered,RTE-CMH-20250217-001,2025-02-20T09:12:00,,on_time
SHP-202503-000322,CLI-0169,HUB-IND,standard,2025-03-18T19:06:00,2025-03-20T03:06:00,delivered,RTE-IND-20250318-001,2025-03-22T13:06:00,,on_time
SHP-202510-000320,CLI-0007,HUB-CIN,standard,2025-10-28T19:23:00,2025-11-02T05:23:00,delivered,RTE-CIN-20251029-001,2025-11-02T05:23:00,,on_time
SHP-202509-000290,CLI-0007,HUB-IND,expedited,2025-09-27T15:02:00,2025-09-28T23:02:00,delivered,RTE-IND-20250929-001,2025-09-29T10:02:00,,on_time
SHP-202502-000281,CLI-0169,HUB-CMH,expedited,2025-02-22T18:18:00,2025-02-23T22:18:00,delivered,RTE-CMH-20250224-001,2025-02-24T23:18:00,,on_time
SHP-202509-000291,CLI-0155,HUB-IND,standard,2025-09-19T10:02:00,2025-09-22T10:02:00,delivered,RTE-IND-20250919-001,2025-09-22T10:02:00,,on_time
SHP-202507-000328,CLI-0169,HUB-IND,expedited,2025-07-31T15:44:00,2025-08-01T18:44:00,delivered,RTE-IND-20250801-002,2025-08-03T08:44:00,,on_time
SHP-202509-000292,CLI-0042,HUB-CIN,freight,2025-09-18T18:45:00,2025-09-24T18:45:00,delayed,,2025-09-22T06:45:00,60,>2d
SHP-202511-000405,CLI-0042,HUB-CMH,freight,2025-11-02T13:03:00,,failed,,2025-11-06T20:03:00,,
SHP-202508-000277,CLI-0042,HUB-DET,freight,2025-08-17T10:07:00,2025-08-23T10:07:00,delayed,,2025-08-20T22:07:00,60,>2d
SHP-202503-000327,CLI-0201,HUB-IND,standard,2025-03-17T07:18:00,2025-03-18T18:18:00,delivered,RTE-IND-20250317-002,2025-03-21T09:18:00,,on_time
SHP-202511-000407,CLI-0007,HUB-DET,expedited,2025-11-18T16:52:00,2025-11-19T21:52:00,delivered,RTE-DET-20251118-001,2025-11-20T21:52:00,,on_time
SHP-202506-000290,CLI-0155,HUB-IND,standard,2025-06-22T11:56:00,2025-06-26T23:56:00,delivered,RTE-IND-20250622-001,2025-06-26T23:56:00,,on_time
SHP-202512-000467,CLI-0169,HUB-DET,standard,2025-12-06T19:48:00,2025-12-08T03:48:00,delivered,RTE-DET-20251207-001,2025-12-10T01:48:00,,on_time
SHP-202511-000408,CLI-0042,HUB-IND,freight,2025-11-10T18:47:00,2025-11-16T18:47:00,delayed,,2025-11-14T13:47:00,53,>2d
SHP-202501-000320,CLI-0007,HUB-DET,standard,2025-01-27T20:21:00,2025-01-31T08:21:00,delivered,RTE-DET-20250127-001,2025-01-31T08:21:00,,on_time
SHP-202512-000468,CLI-0007,HUB-CMH,standard,2025-12-14T18:48:00,2025-12-15T19:48:00,delivered,RTE-CMH-20251215-001,2025-12-17T10:48:00,,on_time
SHP-202504-000279,CLI-0007,HUB-CHI,standard,2025-04-30T17:49:00,2025-05-04T00:49:00,delivered,RTE-CHI-20250430-001,2025-05-04T01:49:00,,on_time
SHP-202505-000273,CLI-0201,HUB-IND,standard,2025-05-23T06:16:00,2025-05-25T18:16:00,delivered,RTE-IND-20250523-003,2025-05-27T14:16:00,,on_time
SHP-202511-000411,CLI-0007,HUB-CIN,standard,2025-11-30T19:54:00,2025-12-02T23:54:00,delivered,RTE-CIN-20251201-004,2025-12-03T06:54:00,,on_time
SHP-202507-000329,CLI-0007,HUB-IND,expedited,2025-07-18T10:24:00,2025-07-19T13:24:00,delivered,RTE-IND-20250718-001,2025-07-20T14:24:00,,on_time
SHP-202510-000321,CLI-0169,HUB-CHI,standard,2025-10-19T11:21:00,2025-10-23T15:21:00,delivered,RTE-CHI-20251019-001,2025-10-23T15:21:00,,on_time
SHP-202510-000322,CLI-0201,HUB-CIN,standard,2025-10-29T20:07:00,2025-10-31T22:07:00,delivered,RTE-CIN-20251029-001,2025-11-02T23:07:00,,on_time
SHP-202509-000293,CLI-0155,HUB-IND,standard,2025-09-14T12:43:00,2025-09-17T22:43:00,delivered,RTE-IND-20250914-001,2025-09-17T22:43:00,,on_time
SHP-202508-000280,CLI-0169,HUB-DET,standard,2025-08-19T14:43:00,2025-08-22T19:43:00,delivered,RTE-DET-20250819-001,2025-08-23T01:43:00,,on_time
SHP-202511-000412,CLI-0201,HUB-IND,standard,2025-11-23T15:16:00,2025-11-27T18:16:00,delivered,RTE-IND-20251123-001,2025-11-27T21:16:00,,on_time
SHP-202503-000330,CLI-0169,HUB-DET,standard,2025-03-26T12:22:00,2025-03-30T00:22:00,delivered,RTE-DET-20250326-003,2025-03-30T00:22:00,,on_time
SHP-202505-000274,CLI-0042,HUB-IND,freight,2025-05-10T08:05:00,2025-05-16T08:05:00,delayed,,2025-05-13T20:05:00,60,>2d
SHP-202505-000275,CLI-0007,HUB-IND,standard,2025-05-09T09:20:00,2025-05-10T18:20:00,delivered,RTE-IND-20250509-001,2025-05-12T07:20:00,,on_time
SHP-202509-000294,CLI-0042,HUB-IND,freight,2025-09-28T12:23:00,,failed,,2025-10-02T17:23:00,,
SHP-202512-000472,CLI-0042,HUB-IND,freight,2025-12-10T08:13:00,2025-12-16T08:13:00,delayed,,2025-12-13T20:13:00,60,>2d
SHP-202511-000413,CLI-0007,HUB-CMH,expedited,2025-11-12T09:20:00,2025-11-13T17:20:00,delivered,RTE-CMH-20251112-001,2025-11-13T17:20:00,,on_time
SHP-202504-000280,CLI-0042,HUB-DET,freight,2025-04-10T13:46:00,2025-04-16T13:46:00,delayed,,2025-04-14T01:46:00,60,>2d
SHP-202504-000281,CLI-0007,HUB-CMH,standard,2025-04-24T08:57:00,2025-04-26T09:57:00,delivered,RTE-CMH-20250424-001,2025-04-26T14:57:00,,on_time
SHP-202502-000285,CLI-0201,HUB-DET,standard,2025-02-14T19:02:00,2025-02-17T01:02:00,delivered,RTE-DET-20250214-001,2025-02-19T08:02:00,,on_time
SHP-202507-000334,CLI-0042,HUB-DET,freight,2025-07-02T18:09:00,2025-07-08T18:09:00,delayed,,2025-07-06T09:09:00,57,>2d
SHP-202503-000332,CLI-0169,HUB-CMH,standard,2025-03-15T20:22:00,2025-03-20T04:22:00,delivered,RTE-CMH-20250315-001,2025-03-20T04:22:00,,on_time
SHP-202512-000473,CLI-0201,HUB-DET,expedited,2025-12-24T15:12:00,2025-12-25T18:12:00,delivered,RTE-DET-20251224-001,2025-12-28T04:12:00,,on_time
SHP-202512-000474,CLI-0007,HUB-DET,standard,2025-12-25T19:03:00,2025-12-28T22:03:00,delivered,RTE-DET-20251225-001,2025-12-28T22:03:00,,on_time
SHP-202512-000475,CLI-0042,HUB-CHI,freight,2025-12-28T10:11:00,2026-01-03T10:11:00,delayed,,2025-12-31T22:11:00,60,>2d
SHP-202511-000414,CLI-0169,HUB-CMH,standard,2025-11-18T08:46:00,2025-11-19T20:46:00,delivered,RTE-CMH-20251118-001,2025-11-21T03:46:00,,on_time
SHP-202512-000476,CLI-0169,HUB-IND,standard,2025-12-01T06:49:00,2025-12-02T15:49:00,delivered,RTE-IND-20251201-002,2025-12-04T17:49:00,,on_time
SHP-202504-000283,CLI-0201,HUB-IND,expedited,2025-04-24T09:26:00,2025-04-25T12:26:00,delivered,RTE-IND-20250425-002,2025-04-27T12:26:00,,on_time
SHP-202501-000322,CLI-0169,HUB-IND,standard,2025-01-04T17:55:00,2025-01-07T18:55:00,delivered,RTE-IND-20250104-001,2025-01-08T04:55:00,,on_time
SHP-202505-000277,CLI-0007,HUB-CHI,standard,2025-05-19T17:55:00,2025-05-21T20:55:00,delivered,RTE-CHI-20250519-001,2025-05-23T04:55:00,,on_time
SHP-202509-000296,CLI-0201,HUB-CIN,standard,2025-09-28T06:22:00,2025-10-02T17:22:00,delivered,RTE-CIN-20250929-004,2025-10-02T17:22:00,,on_time
SHP-202510-000325,CLI-0007,HUB-CMH,standard,2025-10-16T17:23:00,2025-10-18T05:23:00,delivered,RTE-CMH-20251016-001,2025-10-19T02:23:00,,on_time
SHP-202505-000278,CLI-0042,HUB-CIN,freight,2025-05-28T15:45:00,2025-06-03T15:45:00,delayed,,2025-06-01T03:45:00,60,>2d
SHP-202507-000336,CLI-0155,HUB-IND,expedited,2025-07-17T17:21:00,2025-07-18T22:21:00,delivered,RTE-IND-20250717-002,2025-07-19T14:21:00,,on_time
SHP-202508-000282,CLI-0169,HUB-DET,standard,2025-08-29T17:11:00,2025-08-31T23:11:00,delivered,RTE-DET-20250831-001,2025-09-02T08:11:00,,on_time
SHP-202511-000416,CLI-0007,HUB-CMH,standard,2025-11-20T14:55:00,2025-11-21T14:55:00,delivered,RTE-CMH-20251120-001,2025-11-23T05:55:00,,on_time
SHP-202502-000286,CLI-0042,HUB-CMH,freight,2025-02-04T19:12:00,2025-02-10T19:12:00,delayed,,2025-02-08T11:12:00,56,>2d
SHP-202503-000333,CLI-0042,HUB-DET,freight,2025-03-31T11:06:00,,failed,,2025-04-04T22:06:00,,
SHP-202506-000292,CLI-0042,HUB-CMH,freight,2025-06-29T15:12:00,,failed,,2025-07-04T09:12:00,,
SHP-202508-000283,CLI-0007,HUB-CHI,standard,2025-08-07T13:07:00,2025-08-11T22:07:00,delivered,RTE-CHI-20250807-001,2025-08-11T22:07:00,,on_time
SHP-202510-000328,CLI-0169,HUB-CHI,standard,2025-10-22T09:40:00,2025-10-26T17:40:00,delivered,RTE-CHI-20251022-003,2025-10-26T17:40:00,,on_time
SHP-202504-000284,CLI-0201,HUB-CIN,standard,2025-04-21T18:47:00,2025-04-25T23:47:00,delivered,RTE-CIN-20250421-003,2025-04-26T03:47:00,,on_time
SHP-202504-000285,CLI-0169,HUB-CHI,standard,2025-04-29T08:03:00,2025-05-02T20:03:00,delivered,RTE-CHI-20250429-002,2025-05-03T02:03:00,,on_time
SHP-202505-000279,CLI-0007,HUB-CMH,standard,2025-05-10T08:25:00,2025-05-12T12:25:00,delivered,RTE-CMH-20250511-001,2025-05-12T15:25:00,,on_time
SHP-202508-000285,CLI-0042,HUB-IND,freight,2025-08-13T11:30:00,2025-08-19T11:30:00,delayed,,2025-08-17T07:30:00,52,>2d
SHP-202510-000329,CLI-0155,HUB-CHI,standard,2025-10-16T08:42:00,2025-10-19T18:42:00,delivered,RTE-CHI-20251016-001,2025-10-19T18:42:00,,on_time
SHP-202509-000301,CLI-0169,HUB-CMH,standard,2025-09-24T18:17:00,2025-09-27T22:17:00,delivered,RTE-CMH-20250924-001,2025-09-27T22:17:00,,on_time
SHP-202502-000288,CLI-0007,HUB-CMH,standard,2025-02-24T19:31:00,2025-02-28T23:31:00,delivered,RTE-CMH-20250224-001,2025-02-28T23:31:00,,on_time
SHP-202511-000418,CLI-0155,HUB-CIN,standard,2025-11-15T20:00:00,2025-11-17T04:00:00,delivered,RTE-CIN-20251117-001,2025-11-19T06:00:00,,on_time
SHP-202506-000295,CLI-0155,HUB-CIN,expedited,2025-06-14T07:06:00,2025-06-15T18:06:00,delivered,RTE-CIN-20250614-003,2025-06-16T16:06:00,,on_time
SHP-202508-000286,CLI-0155,HUB-CHI,standard,2025-08-16T12:58:00,2025-08-19T16:58:00,delivered,RTE-CHI-20250818-001,2025-08-19T19:58:00,,on_time
SHP-202508-000287,CLI-0042,HUB-DET,freight,2025-08-30T06:50:00,2025-09-05T06:50:00,delayed,,2025-09-02T18:50:00,60,>2d
SHP-202508-000288,CLI-0169,HUB-CMH,standard,2025-08-15T11:08:00,2025-08-16T22:08:00,delivered,RTE-CMH-20250815-001,2025-08-18T07:08:00,,on_time
SHP-202506-000296,CLI-0155,HUB-CIN,standard,2025-06-18T07:52:00,2025-06-19T17:52:00,delivered,RTE-CIN-20250618-002,2025-06-21T14:52:00,,on_time
SHP-202512-000478,CLI-0155,HUB-CHI,standard,2025-12-18T20:38:00,2025-12-20T00:38:00,delivered,RTE-CHI-20251218-001,2025-12-22T04:38:00,,on_time
SHP-202502-000289,CLI-0007,HUB-CHI,expedited,2025-02-26T11:44:00,2025-02-27T20:44:00,delivered,RTE-CHI-20250226-002,2025-02-28T20:44:00,,on_time
SHP-202510-000330,CLI-0007,HUB-IND,expedited,2025-10-25T12:20:00,2025-10-26T13:20:00,delivered,RTE-IND-20251027-003,2025-10-27T15:20:00,,on_time
SHP-202501-000324,CLI-0155,HUB-CMH,standard,2025-01-16T15:57:00,2025-01-20T02:57:00,delivered,RTE-CMH-20250116-004,2025-01-20T06:57:00,,on_time
SHP-202505-000281,CLI-0155,HUB-CMH,expedited,2025-05-29T08:56:00,2025-05-30T19:56:00,delivered,RTE-CMH-20250529-002,2025-05-31T22:56:00,,on_time
SHP-202505-000282,CLI-0201,HUB-DET,expedited,2025-05-09T16:15:00,,returned,RTE-DET-20250509-002,2025-05-13T12:15:00,,
SHP-202510-000332,CLI-0042,HUB-DET,freight,2025-10-02T13:24:00,2025-10-08T13:24:00,delayed,,2025-10-06T01:24:00,60,>2d
SHP-202504-000288,CLI-0201,HUB-CHI,standard,2025-04-02T11:44:00,2025-04-03T23:44:00,delivered,RTE-CHI-20250402-002,2025-04-06T17:44:00,,on_time
SHP-202508-000289,CLI-0201,HUB-CIN,standard,2025-08-24T20:47:00,2025-08-27T22:47:00,delivered,RTE-CIN-20250824-001,2025-08-29T01:47:00,,on_time
SHP-202511-000421,CLI-0169,HUB-DET,expedited,2025-11-30T09:05:00,2025-12-01T18:05:00,delivered,RTE-DET-20251130-001,2025-12-02T22:05:00,,on_time
SHP-202507-000340,CLI-0007,HUB-CMH,expedited,2025-07-08T16:37:00,2025-07-10T02:37:00,delivered,RTE-CMH-20250708-001,2025-07-10T04:37:00,,on_time
SHP-202502-000290,CLI-0169,HUB-CHI,standard,2025-02-11T13:46:00,2025-02-12T20:46:00,delivered,RTE-CHI-20250212-001,2025-02-15T13:46:00,,on_time
SHP-202507-000341,CLI-0201,HUB-CHI,expedited,2025-07-13T09:34:00,2025-07-14T21:34:00,delivered,RTE-CHI-20250714-004,2025-07-16T15:34:00,,on_time
SHP-202507-000342,CLI-0155,HUB-CIN,standard,2025-07-03T11:17:00,2025-07-05T16:17:00,delivered,RTE-CIN-20250703-004,2025-07-06T21:17:00,,on_time
SHP-202510-000334,CLI-0007,HUB-CHI,expedited,2025-10-26T19:12:00,2025-10-28T06:12:00,delivered,RTE-CHI-20251027-001,2025-10-29T04:12:00,,on_time
SHP-202506-000300,CLI-0169,HUB-IND,standard,2025-06-17T12:13:00,2025-06-20T13:13:00,delivered,RTE-IND-20250617-001,2025-06-20T20:13:00,,on_time
SHP-202512-000482,CLI-0007,HUB-CMH,standard,2025-12-27T13:19:00,2025-12-30T01:19:00,delivered,RTE-CMH-20251227-001,2025-12-30T04:19:00,,on_time
SHP-202508-000290,CLI-0169,HUB-CIN,standard,2025-08-08T19:21:00,2025-08-11T20:21:00,delivered,RTE-CIN-20250808-001,2025-08-11T20:21:00,,on_time
SHP-202501-900001,CLI-0042,HUB-CHI,freight,2025-01-14T09:41:00,2025-01-20T09:41:00,delayed,,2025-01-17T21:41:00,60,>2d
SHP-202501-900002,CLI-0042,HUB-CHI,freight,2025-01-15T09:05:00,2025-01-21T09:05:00,delayed,,2025-01-18T21:05:00,60,>2d
SHP-202501-900003,CLI-0042,HUB-CHI,freight,2025-01-16T10:49:00,2025-01-21T10:49:00,delayed,,2025-01-19T22:49:00,36,1-2d
SHP-202502-900004,CLI-0042,HUB-CHI,freight,2025-02-03T08:47:00,2025-02-11T08:47:00,delayed,,2025-02-08T18:47:00,62,>2d
SHP-202501-900005,CLI-0042,HUB-CHI,freight,2025-01-14T10:52:00,2025-01-20T10:52:00,delayed,,2025-01-17T22:52:00,60,>2d
SHP-202501-900006,CLI-0042,HUB-CHI,freight,2025-01-15T07:02:00,2025-01-20T07:02:00,delayed,,2025-01-18T19:02:00,36,1-2d
SHP-202501-900007,CLI-0042,HUB-CHI,freight,2025-01-16T10:31:00,2025-01-20T10:31:00,delayed,,2025-01-19T22:31:00,12,4-12h
SHP-202502-900008,CLI-0042,HUB-CHI,freight,2025-02-03T10:17:00,2025-02-10T10:17:00,delayed,,2025-02-06T22:17:00,84,>2d
SHP-202501-900009,CLI-0042,HUB-CHI,freight,2025-01-14T11:08:00,2025-01-21T11:08:00,delayed,,2025-01-17T23:08:00,84,>2d
SHP-202501-900010,CLI-0042,HUB-CHI,freight,2025-01-15T08:08:00,2025-01-20T08:08:00,delayed,,2025-01-18T20:08:00,36,1-2d
SHP-202501-900011,CLI-0201,HUB-CHI,standard,2025-01-16T10:07:00,2025-01-22T10:07:00,delayed,RTE-CHI-20250116-206,2025-01-18T22:07:00,84,>2d
SHP-202502-900016,CLI-0007,HUB-CHI,standard,2025-02-03T08:19:00,2025-02-07T08:19:00,delayed,RTE-CHI-20250203-201,2025-02-05T20:19:00,36,1-2d
SHP-202501-900018,CLI-0007,HUB-CHI,standard,2025-01-15T06:07:00,2025-01-19T06:07:00,delayed,RTE-CHI-20250115-207,2025-01-17T18:07:00,36,1-2d
SHP-202501-900022,CLI-0169,HUB-CHI,standard,2025-01-15T06:02:00,2025-01-20T06:02:00,delayed,RTE-CHI-20250115-202,2025-01-17T18:02:00,60,>2d
SHP-202501-900023,CLI-0155,HUB-CHI,standard,2025-01-16T06:10:00,2025-01-20T06:10:00,delayed,RTE-CHI-20250116-203,2025-01-18T18:10:00,36,1-2d
SHP-202501-900025,CLI-0169,HUB-CHI,standard,2025-01-14T09:52:00,2025-01-20T09:52:00,delayed,RTE-CHI-20250114-204,2025-01-16T21:52:00,84,>2d
SHP-202501-900026,CLI-0169,HUB-CHI,standard,2025-01-15T07:19:00,2025-01-21T07:19:00,delayed,RTE-CHI-20250115-207,2025-01-17T19:19:00,84,>2d
SHP-202501-900031,CLI-0169,HUB-CHI,standard,2025-01-16T10:12:00,2025-01-22T10:12:00,delayed,RTE-CHI-20250116-204,2025-01-18T22:12:00,84,>2d
SHP-202501-900033,CLI-0007,HUB-CHI,standard,2025-01-14T08:14:00,2025-01-21T08:14:00,delayed,RTE-CHI-20250114-207,2025-01-16T20:14:00,108,>2d
SHP-202501-900034,CLI-0169,HUB-CHI,standard,2025-01-15T06:17:00,2025-01-23T06:17:00,delayed,RTE-CHI-20250115-207,2025-01-17T18:17:00,132,>2d
SHP-202502-900036,CLI-0007,HUB-CHI,standard,2025-02-03T07:49:00,2025-02-08T07:49:00,delayed,RTE-CHI-20250203-202,2025-02-06T21:49:00,34,1-2d
SHP-202501-900037,CLI-0201,HUB-CHI,standard,2025-01-14T09:31:00,2025-01-18T09:31:00,delayed,RTE-CHI-20250114-201,2025-01-16T21:31:00,36,1-2d
SHP-202501-900038,CLI-0169,HUB-CHI,standard,2025-01-15T07:41:00,2025-01-20T07:41:00,delayed,RTE-CHI-20250115-206,2025-01-17T19:41:00,60,>2d
SHP-202501-900039,CLI-0007,HUB-CHI,standard,2025-01-16T08:10:00,2025-01-20T08:10:00,delayed,RTE-CHI-20250116-208,2025-01-18T20:10:00,36,1-2d
SHP-202502-900040,CLI-0007,HUB-CHI,standard,2025-02-03T11:04:00,2025-02-09T11:04:00,delayed,RTE-CHI-20250203-202,2025-02-08T05:04:00,30,1-2d
SHP-202501-900042,CLI-0155,HUB-CHI,standard,2025-01-15T10:01:00,2025-01-21T10:01:00,delayed,RTE-CHI-20250115-202,2025-01-17T23:01:00,83,>2d
SHP-202501-900043,CLI-0007,HUB-CHI,standard,2025-01-16T06:01:00,2025-01-24T06:01:00,delayed,RTE-CHI-20250116-206,2025-01-19T13:01:00,113,>2d
SHP-202501-900045,CLI-0155,HUB-CHI,standard,2025-01-14T12:56:00,2025-01-22T12:56:00,delayed,RTE-CHI-20250114-208,2025-01-17T13:56:00,119,>2d
SHP-202505-950001,CLI-0007,HUB-IND,standard,2025-05-12T10:00:00,,failed,,2025-05-15T12:00:00,,
SHP-202505-950004,CLI-0155,HUB-IND,standard,2025-05-15T12:00:00,,failed,,2025-05-18T12:00:00,,
SHP-202505-950005,CLI-0169,HUB-IND,standard,2025-05-16T11:00:00,,returned,,2025-05-20T00:00:00,,
SHP-202505-950006,CLI-0201,HUB-IND,standard,2025-05-12T10:00:00,,failed,,2025-05-16T14:00:00,,
SHP-202301-000001,CLI-0007,HUB-DET,standard,2023-01-20T09:12:03,2023-01-22T09:12:03,delivered,RTE-DET-20230120-003,2023-01-23T15:12:03,,on_time
SHP-202301-000002,CLI-0155,HUB-CHI,standard,2023-01-20T17:37:05,2023-01-22T17:37:05,delivered,RTE-CHI-20230120-001,2023-01-23T23:37:05,,on_time
SHP-202301-000003,CLI-0169,HUB-DET,freight,2023-01-06T12:34:40,2023-01-10T12:34:40,delivered,RTE-DET-20230106-001,2023-01-11T01:34:40,,on_time
SHP-202301-000004,CLI-0169,HUB-CHI,standard,2023-01-30T20:13:24,2023-02-02T20:13:24,delivered,RTE-CHI-20230131-001,2023-02-03T19:13:24,,on_time
SHP-202301-000005,CLI-0042,HUB-CMH,expedited,2023-01-27T20:00:11,2023-01-30T20:00:11,delivered,RTE-CMH-20230127-001,2023-01-30T20:00:11,,on_time
SHP-202301-000006,CLI-0155,HUB-IND,expedited,2023-01-03T06:58:14,2023-01-07T06:58:14,delivered,RTE-IND-20230103-001,2023-01-07T06:58:14,,on_time
SHP-202301-000007,CLI-0155,HUB-CHI,standard,2023-01-18T17:38:15,2023-01-19T17:38:15,delivered,RTE-CHI-20230118-003,2023-01-22T01:38:15,,on_time
SHP-202301-000008,CLI-0042,HUB-CIN,expedited,2023-01-16T19:26:14,2023-01-18T19:26:14,delivered,RTE-CIN-20230116-001,2023-01-19T13:26:14,,on_time
SHP-202301-000009,CLI-0169,HUB-CIN,standard,2023-01-19T07:24:22,2023-01-20T07:24:22,delivered,RTE-CIN-20230119-003,2023-01-22T12:24:22,,on_time
SHP-202301-000010,CLI-0201,HUB-CMH,standard,2023-01-06T17:07:56,2023-01-08T17:07:56,delivered,RTE-CMH-20230106-002,2023-01-11T00:07:56,,on_time
SHP-202301-000011,CLI-0201,HUB-IND,expedited,2023-01-06T17:10:37,2023-01-08T17:10:37,delivered,RTE-IND-20230106-002,2023-01-09T17:10:37,,on_time
SHP-202301-000012,CLI-0201,HUB-CIN,standard,2023-01-22T11:32:57,2023-01-24T11:32:57,delivered,,2023-01-26T21:32:57,,on_time
SHP-202301-000013,CLI-0155,HUB-CHI,expedited,2023-01-10T08:11:13,2023-01-14T08:11:13,delivered,RTE-CHI-20230110-001,2023-01-14T08:11:13,,on_time
SHP-202301-000014,CLI-0155,HUB-CHI,standard,2023-01-11T10:21:32,2023-01-14T10:21:32,delivered,RTE-CHI-20230111-002,2023-01-14T22:21:32,,on_time
SHP-202301-000015,CLI-0201,HUB-CHI,standard,2023-01-24T06:40:25,2023-01-25T06:40:25,delivered,RTE-CHI-20230124-002,2023-01-28T12:40:25,,on_time
SHP-202301-000016,CLI-0201,HUB-IND,standard,2023-01-20T14:25:59,2023-01-24T14:25:59,delivered,,2023-01-24T22:25:59,,on_time
SHP-202301-000017,CLI-0201,HUB-CMH,freight,2023-01-26T15:49:31,2023-01-28T15:49:31,delivered,RTE-CMH-20230126-002,2023-01-31T17:49:31,,on_time
SHP-202301-000018,CLI-0007,HUB-IND,freight,2023-01-18T16:34:28,2023-01-20T16:34:28,delivered,,2023-01-22T18:34:28,,on_time
SHP-202301-000019,CLI-0169,HUB-DET,standard,2023-01-31T19:24:58,2023-02-06T19:24:58,delayed,,2023-02-06T11:24:58,8,4-12h
SHP-202301-000020,CLI-0007,HUB-CIN,standard,2023-01-06T15:57:47,2023-01-07T15:57:47,delivered,RTE-CIN-20230109-001,2023-01-09T09:57:47,,on_time
SHP-202301-000021,CLI-0042,HUB-IND,freight,2023-01-18T19:57:48,2023-01-19T19:57:48,delivered,RTE-IND-20230118-005,2023-01-22T14:57:48,,on_time
SHP-202301-000022,CLI-0169,HUB-CMH,standard,2023-01-12T09:36:08,2023-01-13T09:36:08,delivered,RTE-CMH-20230113-001,2023-01-15T09:36:08,,on_time
SHP-202301-000023,CLI-0155,HUB-CHI,standard,2023-01-18T20:24:01,2023-01-20T20:24:01,delivered,,2023-01-22T04:24:01,,on_time
SHP-202301-000024,CLI-0169,HUB-IND,freight,2023-01-19T08:54:30,2023-01-21T08:54:30,delivered,RTE-IND-20230119-001,2023-01-24T02:54:30,,on_time
SHP-202301-000025,CLI-0155,HUB-CMH,freight,2023-01-27T20:37:31,2023-01-29T20:37:31,delivered,RTE-CMH-20230127-001,2023-02-01T11:37:31,,on_time
SHP-202301-000026,CLI-0007,HUB-IND,expedited,2023-01-23T09:51:04,2023-01-24T09:51:04,delivered,RTE-IND-20230124-001,2023-01-25T08:51:04,,on_time
SHP-202301-000027,CLI-0042,HUB-CIN,freight,2023-01-31T20:25:26,2023-02-03T20:25:26,delivered,,2023-02-05T03:25:26,,on_time
SHP-202301-000028,CLI-0155,HUB-IND,expedited,2023-01-22T11:05:59,2023-01-23T11:05:59,delivered,RTE-IND-20230122-001,2023-01-24T11:05:59,,on_time
SHP-202301-000029,CLI-0042,HUB-IND,expedited,2023-01-09T15:02:55,2023-01-12T15:02:55,delivered,RTE-IND-20230110-002,2023-01-12T15:02:55,,on_time
SHP-202301-000030,CLI-0201,HUB-DET,standard,2023-01-12T16:47:34,2023-01-15T16:47:34,delivered,RTE-DET-20230112-001,2023-01-17T15:47:34,,on_time
SHP-202301-000031,CLI-0201,HUB-CMH,expedited,2023-01-02T19:34:20,,failed,RTE-CMH-20230102-002,2023-01-05T22:34:20,,
SHP-202301-000032,CLI-0007,HUB-CIN,standard,2023-01-05T09:30:04,2023-01-07T09:30:04,delivered,RTE-CIN-20230105-001,2023-01-07T19:30:04,,on_time
SHP-202301-000033,CLI-0042,HUB-CMH,expedited,2023-01-14T16:24:55,2023-01-17T16:24:55,delivered,RTE-CMH-20230115-001,2023-01-17T16:24:55,,on_time
SHP-202301-000034,CLI-0042,HUB-CHI,freight,2023-01-10T06:34:43,2023-01-13T06:34:43,delivered,RTE-CHI-20230111-001,2023-01-13T19:34:43,,on_time
SHP-202301-000035,CLI-0007,HUB-CHI,standard,2023-01-09T10:16:20,2023-01-10T10:16:20,delivered,RTE-CHI-20230109-001,2023-01-12T20:16:20,,on_time
SHP-202301-000036,CLI-0007,HUB-IND,standard,2023-01-30T11:51:37,2023-02-02T11:51:37,delivered,RTE-IND-20230130-004,2023-02-02T11:51:37,,on_time
SHP-202301-000037,CLI-0169,HUB-CIN,expedited,2023-01-24T18:12:17,2023-01-25T18:12:17,delivered,RTE-CIN-20230124-002,2023-01-26T14:12:17,,on_time
SHP-202301-000038,CLI-0169,HUB-CIN,standard,2023-01-29T20:34:28,2023-01-30T20:34:28,delivered,RTE-CIN-20230130-001,2023-02-01T21:34:28,,on_time
SHP-202301-000039,CLI-0007,HUB-CHI,freight,2023-01-25T18:04:22,2023-01-26T18:04:22,delivered,,2023-01-30T00:04:22,,on_time
SHP-202301-000040,CLI-0169,HUB-CMH,standard,2023-01-19T10:25:02,2023-01-23T10:25:02,delivered,RTE-CMH-20230119-001,2023-01-23T10:25:02,,on_time
SHP-202301-000041,CLI-0007,HUB-IND,standard,2023-01-17T20:30:51,2023-01-18T20:30:51,delivered,,2023-01-20T17:30:51,,on_time
SHP-202301-000042,CLI-0201,HUB-DET,standard,2023-01-17T11:38:18,2023-01-21T11:38:18,delivered,RTE-DET-20230118-002,2023-01-22T09:38:18,,on_time
SHP-202301-000043,CLI-0007,HUB-IND,standard,2023-01-26T14:07:15,2023-01-29T14:07:15,delivered,RTE-IND-20230126-001,2023-01-29T19:07:15,,on_time
SHP-202301-000044,CLI-0155,HUB-DET,freight,2023-01-13T20:31:38,2023-01-17T20:31:38,delivered,RTE-DET-20230113-001,2023-01-18T06:31:38,,on_time
SHP-202301-000045,CLI-0155,HUB-CMH,standard,2023-01-03T09:25:02,2023-01-04T09:25:02,delivered,RTE-CMH-20230103-001,2023-01-07T03:25:02,,on_time
SHP-202301-000046,CLI-0042,HUB-IND,standard,2023-01-27T18:05:10,2023-01-30T18:05:10,delivered,RTE-IND-20230127-001,2023-01-30T18:05:10,,on_time
SHP-202301-000047,CLI-0042,HUB-IND,freight,2023-01-23T20:56:26,2023-01-26T20:56:26,delivered,RTE-IND-20230124-001,2023-01-28T00:56:26,,on_time
SHP-202301-000048,CLI-0007,HUB-CIN,standard,2023-01-11T06:42:29,2023-01-12T06:42:29,delivered,RTE-CIN-20230111-002,2023-01-13T13:42:29,,on_time
SHP-202301-000049,CLI-0007,HUB-CMH,freight,2023-01-26T08:58:55,2023-01-30T08:58:55,delivered,RTE-CMH-20230126-001,2023-01-30T08:58:55,,on_time
SHP-202301-000050,CLI-0201,HUB-CMH,expedited,2023-01-03T15:49:29,2023-01-04T15:49:29,delivered,RTE-CMH-20230103-002,2023-01-06T18:49:29,,on_time
SHP-202301-000051,CLI-0155,HUB-DET,standard,2023-01-18T15:40:58,2023-01-19T15:40:58,delivered,RTE-DET-20230118-001,2023-01-21T23:40:58,,on_time
SHP-202301-000052,CLI-0201,HUB-DET,standard,2023-01-19T12:32:22,2023-01-22T12:32:22,delivered,RTE-DET-20230119-005,2023-01-24T04:32:22,,on_time
SHP-202301-000053,CLI-0007,HUB-CIN,standard,2023-01-27T07:13:57,2023-01-31T07:13:57,delivered,RTE-CIN-20230127-001,2023-01-31T07:13:57,,on_time
SHP-202301-000054,CLI-0169,HUB-CIN,standard,2023-01-13T15:32:43,2023-01-15T15:32:43,delivered,RTE-CIN-20230113-001,2023-01-16T10:32:43,,on_time
SHP-202301-000055,CLI-0042,HUB-CMH,expedited,2023-01-05T09:51:58,2023-01-06T09:51:58,delivered,RTE-CMH-20230106-003,2023-01-07T16:51:58,,on_time
SHP-202301-000056,CLI-0155,HUB-DET,expedited,2023-01-30T16:37:39,2023-01-31T16:37:39,delivered,,2023-02-01T22:37:39,,on_time
SHP-202301-000057,CLI-0201,HUB-IND,freight,2023-01-10T17:31:50,2023-01-11T17:31:50,delivered,,2023-01-15T22:31:50,,on_time
SHP-202301-000058,CLI-0169,HUB-DET,freight,2023-01-31T15:22:05,2023-02-01T15:22:05,delivered,RTE-DET-20230131-002,2023-02-05T03:22:05,,on_time
SHP-202301-000059,CLI-0007,HUB-CHI,standard,2023-01-31T17:35:33,2023-02-02T17:35:33,delivered,RTE-CHI-20230131-001,2023-02-04T01:35:33,,on_time
SHP-202301-000060,CLI-0042,HUB-CHI,standard,2023-01-18T10:21:43,2023-01-21T10:21:43,delivered,RTE-CHI-20230118-002,2023-01-21T10:21:43,,on_time
SHP-202301-000061,CLI-0155,HUB-CIN,standard,2023-01-27T08:10:18,2023-01-28T08:10:18,delivered,RTE-CIN-20230127-001,2023-01-30T15:10:18,,on_time
SHP-202301-000062,CLI-0169,HUB-CMH,standard,2023-01-13T07:56:33,2023-01-17T07:56:33,delivered,RTE-CMH-20230113-001,2023-01-17T07:56:33,,on_time
SHP-202301-000063,CLI-0042,HUB-DET,standard,2023-01-03T19:05:52,2023-01-04T19:05:52,delivered,RTE-DET-20230105-003,2023-01-07T12:05:52,,on_time
SHP-202301-000064,CLI-0155,HUB-IND,freight,2023-01-15T06:22:28,2023-01-17T06:22:28,delivered,RTE-IND-20230115-001,2023-01-19T06:22:28,,on_time
SHP-202301-000065,CLI-0042,HUB-CMH,freight,2023-01-10T18:18:31,2023-01-11T18:18:31,delivered,RTE-CMH-20230110-002,2023-01-15T06:18:31,,on_time
SHP-202301-000066,CLI-0201,HUB-CMH,freight,2023-01-01T15:45:07,2023-01-02T15:45:07,delivered,RTE-CMH-20230101-002,2023-01-06T15:45:07,,on_time
SHP-202301-000067,CLI-0155,HUB-CMH,standard,2023-01-01T14:11:39,2023-01-05T14:11:39,delivered,RTE-CMH-20230101-001,2023-01-05T14:11:39,,on_time
SHP-202301-000068,CLI-0169,HUB-IND,standard,2023-01-30T11:00:58,2023-02-03T11:00:58,delivered,RTE-IND-20230130-004,2023-02-03T11:00:58,,on_time
SHP-202301-000069,CLI-0155,HUB-CMH,standard,2023-01-26T14:34:13,2023-01-30T14:34:13,delivered,,2023-01-30T14:34:13,,on_time
SHP-202301-000070,CLI-0155,HUB-IND,standard,2023-01-03T16:50:41,2023-01-05T16:50:41,delivered,RTE-IND-20230103-001,2023-01-06T10:50:41,,on_time
SHP-202301-000071,CLI-0201,HUB-DET,standard,2023-01-11T06:35:43,2023-01-15T06:35:43,delivered,RTE-DET-20230111-005,2023-01-16T06:35:43,,on_time
SHP-202301-000072,CLI-0201,HUB-CHI,standard,2023-01-26T20:55:31,2023-02-01T20:55:31,delayed,RTE-CHI-20230126-003,2023-02-01T11:55:31,9,4-12h
SHP-202301-000073,CLI-0007,HUB-DET,freight,2023-01-27T06:42:41,2023-01-29T06:42:41,delivered,,2023-01-31T11:42:41,,on_time
SHP-202301-000074,CLI-0201,HUB-CMH,expedited,2023-01-25T19:20:27,2023-01-27T19:20:27,delivered,RTE-CMH-20230126-003,2023-01-28T23:20:27,,on_time
SHP-202301-000075,CLI-0201,HUB-IND,freight,2023-01-04T14:44:11,2023-01-06T14:44:11,delivered,RTE-IND-20230105-004,2023-01-09T23:44:11,,on_time
SHP-202301-000076,CLI-0201,HUB-CHI,freight,2023-01-01T12:55:53,2023-01-02T12:55:53,delivered,RTE-CHI-20230102-003,2023-01-06T13:55:53,,on_time
SHP-202301-000077,CLI-0201,HUB-IND,expedited,2023-01-09T07:55:51,2023-01-10T07:55:51,delivered,RTE-IND-20230110-003,2023-01-12T16:55:51,,on_time
SHP-202301-000078,CLI-0042,HUB-IND,standard,2023-01-09T09:38:36,2023-01-10T09:38:36,delivered,RTE-IND-20230110-002,2023-01-12T10:38:36,,on_time
SHP-202301-000079,CLI-0201,HUB-CHI,standard,2023-01-19T08:41:58,2023-01-23T08:41:58,delivered,RTE-CHI-20230119-001,2023-01-23T14:41:58,,on_time
SHP-202301-000080,CLI-0201,HUB-CHI,freight,2023-01-13T10:19:23,2023-01-15T10:19:23,delivered,,2023-01-18T13:19:23,,on_time
SHP-202301-000081,CLI-0201,HUB-CIN,standard,2023-01-18T17:36:41,2023-01-22T17:36:41,delivered,RTE-CIN-20230119-004,2023-01-22T18:36:41,,on_time
SHP-202301-000082,CLI-0201,HUB-CHI,freight,2023-01-30T20:34:08,2023-02-02T20:34:08,delivered,RTE-CHI-20230130-001,2023-02-05T08:34:08,,on_time
SHP-202301-000083,CLI-0007,HUB-CHI,standard,2023-01-10T06:13:09,2023-01-11T06:13:09,delivered,,2023-01-13T20:13:09,,on_time
SHP-202301-000084,CLI-0169,HUB-IND,standard,2023-01-23T06:01:34,2023-01-24T06:01:34,delivered,RTE-IND-20230124-001,2023-01-27T00:01:34,,on_time
SHP-202301-000085,CLI-0007,HUB-CHI,standard,2023-01-26T09:58:54,2023-01-30T09:58:54,delivered,RTE-CHI-20230126-001,2023-01-30T09:58:54,,on_time
SHP-202301-000086,CLI-0201,HUB-CIN,freight,2023-01-27T07:44:57,2023-01-28T07:44:57,delivered,,2023-02-01T14:44:57,,on_time
SHP-202301-000087,CLI-0155,HUB-IND,standard,2023-01-30T16:00:58,2023-02-02T16:00:58,delivered,RTE-IND-20230130-005,2023-02-02T16:00:58,,on_time
SHP-202301-000088,CLI-0007,HUB-IND,standard,2023-01-20T07:34:15,2023-01-21T07:34:15,delivered,RTE-IND-20230120-002,2023-01-23T02:34:15,,on_time
SHP-202301-000089,CLI-0201,HUB-CIN,standard,2023-01-17T07:33:59,2023-01-21T07:33:59,delivered,RTE-CIN-20230117-001,2023-01-21T10:33:59,,on_time
SHP-202301-000090,CLI-0155,HUB-CIN,standard,2023-01-28T08:38:45,2023-01-31T08:38:45,delivered,RTE-CIN-20230130-003,2023-01-31T21:38:45,,on_time
SHP-202301-000091,CLI-0155,HUB-CHI,standard,2023-01-24T10:08:29,2023-01-28T10:08:29,delivered,RTE-CHI-20230124-001,2023-01-28T10:08:29,,on_time
SHP-202301-000092,CLI-0155,HUB-CIN,freight,2023-01-13T13:38:25,2023-01-17T13:38:25,delivered,RTE-CIN-20230113-001,2023-01-17T19:38:25,,on_time
SHP-202301-000093,CLI-0042,HUB-IND,expedited,2023-01-26T06:11:26,2023-01-27T06:11:26,delivered,,2023-01-28T05:11:26,,on_time
SHP-202301-000094,CLI-0155,HUB-CHI,expedited,2023-01-12T09:55:06,,failed,RTE-CHI-20230112-003,2023-01-14T19:55:06,,
SHP-202301-000095,CLI-0169,HUB-CHI,expedited,2023-01-12T09:46:32,2023-01-13T09:46:32,delivered,RTE-CHI-20230112-003,2023-01-15T04:46:32,,on_time
SHP-202301-000096,CLI-0169,HUB-IND,standard,2023-01-06T19:25:08,2023-01-10T19:25:08,delivered,,2023-01-10T19:25:08,,on_time
SHP-202301-000097,CLI-0155,HUB-CHI,freight,2023-01-31T17:17:57,2023-02-04T17:17:57,delivered,RTE-CHI-20230131-002,2023-02-05T02:17:57,,on_time
SHP-202301-000098,CLI-0042,HUB-CHI,standard,2023-01-22T18:04:46,2023-01-23T18:04:46,delivered,,2023-01-25T07:04:46,,on_time
SHP-202301-000099,CLI-0155,HUB-DET,standard,2023-01-28T10:49:50,2023-01-31T10:49:50,delivered,RTE-DET-20230129-001,2023-01-31T22:49:50,,on_time
SHP-202301-000100,CLI-0042,HUB-CIN,standard,2023-01-26T15:20:04,2023-01-28T15:20:04,delivered,RTE-CIN-20230126-003,2023-01-30T08:20:04,,on_time
SHP-202301-000101,CLI-0169,HUB-CMH,expedited,2023-01-10T09:15:59,2023-01-14T09:15:59,delivered,RTE-CMH-20230110-002,2023-01-14T09:15:59,,on_time
SHP-202301-000102,CLI-0169,HUB-CIN,standard,2023-01-08T17:25:08,2023-01-12T17:25:08,delivered,RTE-CIN-20230109-001,2023-01-12T17:25:08,,on_time
SHP-202301-000103,CLI-0201,HUB-CIN,standard,2023-01-07T12:21:59,2023-01-08T12:21:59,delivered,RTE-CIN-20230109-002,2023-01-11T12:21:59,,on_time
SHP-202301-000104,CLI-0169,HUB-IND,expedited,2023-01-11T20:22:58,2023-01-15T20:22:58,delivered,,2023-01-15T20:22:58,,on_time
SHP-202301-000105,CLI-0201,HUB-CMH,freight,2023-01-23T10:05:16,2023-01-26T10:05:16,delivered,RTE-CMH-20230123-001,2023-01-28T21:05:16,,on_time
SHP-202301-000106,CLI-0155,HUB-CHI,standard,2023-01-11T20:04:09,2023-01-17T20:04:09,delayed,RTE-CHI-20230112-001,2023-01-17T13:04:09,7,4-12h
SHP-202301-000107,CLI-0201,HUB-CHI,standard,2023-01-19T18:28:34,2023-01-23T18:28:34,delivered,RTE-CHI-20230119-002,2023-01-23T22:28:34,,on_time
SHP-202301-000108,CLI-0042,HUB-CMH,expedited,2023-01-02T13:37:08,2023-01-03T13:37:08,delivered,RTE-CMH-20230102-001,2023-01-05T07:37:08,,on_time
SHP-202301-000109,CLI-0007,HUB-CHI,expedited,2023-01-09T06:33:23,2023-01-13T06:33:23,delivered,RTE-CHI-20230109-001,2023-01-13T06:33:23,,on_time
SHP-202301-000110,CLI-0042,HUB-IND,standard,2023-01-24T20:19:41,2023-01-28T20:19:41,delivered,,2023-01-28T20:19:41,,on_time
SHP-202301-000111,CLI-0169,HUB-CMH,expedited,2023-01-13T06:36:48,2023-01-17T06:36:48,delivered,RTE-CMH-20230113-001,2023-01-17T06:36:48,,on_time
SHP-202301-000112,CLI-0042,HUB-CMH,standard,2023-01-31T08:17:32,2023-02-02T08:17:32,delivered,,2023-02-03T14:17:32,,on_time
SHP-202301-000113,CLI-0169,HUB-CIN,expedited,2023-01-17T16:39:16,2023-01-19T16:39:16,delivered,RTE-CIN-20230117-002,2023-01-19T17:39:16,,on_time
SHP-202301-000114,CLI-0155,HUB-DET,freight,2023-01-17T18:09:49,2023-01-21T18:09:49,delivered,RTE-DET-20230117-001,2023-01-22T11:09:49,,on_time
SHP-202301-000115,CLI-0155,HUB-DET,standard,2023-01-03T10:46:38,2023-01-04T10:46:38,delivered,RTE-DET-20230104-001,2023-01-06T23:46:38,,on_time
SHP-202301-000116,CLI-0201,HUB-CIN,standard,2023-01-06T15:08:24,2023-01-10T15:08:24,delivered,RTE-CIN-20230109-002,2023-01-10T15:08:24,,on_time
SHP-202301-000117,CLI-0042,HUB-IND,standard,2023-01-05T12:50:33,2023-01-09T12:50:33,delivered,RTE-IND-20230105-004,2023-01-09T12:50:33,,on_time
SHP-202301-000118,CLI-0042,HUB-CHI,expedited,2023-01-07T07:04:38,2023-01-08T07:04:38,delivered,,2023-01-08T19:04:38,,on_time
SHP-202301-000119,CLI-0007,HUB-DET,standard,2023-01-24T10:08:52,2023-01-25T10:08:52,delivered,,2023-01-27T11:08:52,,on_time
SHP-202301-000120,CLI-0169,HUB-CMH,freight,2023-01-03T20:23:53,2023-01-04T20:23:53,delivered,RTE-CMH-20230103-001,2023-01-07T15:23:53,,on_time
SHP-202301-000121,CLI-0042,HUB-CIN,standard,2023-01-31T09:39:22,2023-02-02T09:39:22,delivered,,2023-02-03T17:39:22,,on_time
SHP-202301-000122,CLI-0201,HUB-IND,standard,2023-01-27T11:03:25,2023-01-30T11:03:25,delivered,RTE-IND-20230127-001,2023-01-31T11:03:25,,on_time
SHP-202301-000123,CLI-0042,HUB-CHI,standard,2023-01-03T19:07:04,2023-01-04T19:07:04,delivered,,2023-01-06T07:07:04,,on_time
SHP-202301-000124,CLI-0155,HUB-IND,expedited,2023-01-26T14:49:20,2023-01-27T14:49:20,delivered,RTE-IND-20230126-002,2023-01-28T19:49:20,,on_time
SHP-202301-000125,CLI-0155,HUB-CHI,expedited,2023-01-18T18:03:48,2023-01-19T18:03:48,delivered,RTE-CHI-20230118-002,2023-01-21T03:03:48,,on_time
SHP-202301-000126,CLI-0042,HUB-DET,standard,2023-01-04T12:20:37,2023-01-08T12:20:37,delivered,RTE-DET-20230104-001,2023-01-08T12:20:37,,on_time
SHP-202301-000127,CLI-0201,HUB-CHI,expedited,2023-01-19T16:26:54,2023-01-23T16:26:54,delivered,RTE-CHI-20230119-001,2023-01-23T16:26:54,,on_time
SHP-202301-000128,CLI-0007,HUB-CHI,expedited,2023-01-26T10:33:26,2023-01-27T10:33:26,delivered,RTE-CHI-20230127-002,2023-01-28T16:33:26,,on_time
SHP-202301-000129,CLI-0007,HUB-IND,standard,2023-01-26T15:08:15,2023-01-28T15:08:15,delivered,RTE-IND-20230126-001,2023-01-29T20:08:15,,on_time
SHP-202301-000130,CLI-0169,HUB-CHI,standard,2023-01-05T06:15:44,2023-01-06T06:15:44,delivered,RTE-CHI-20230105-007,2023-01-09T01:15:44,,on_time
SHP-202301-000131,CLI-0201,HUB-DET,standard,2023-01-03T13:36:04,2023-01-04T13:36:04,delivered,RTE-DET-20230104-001,2023-01-08T08:36:04,,on_time
SHP-202301-000132,CLI-0169,HUB-DET,freight,2023-01-30T15:37:59,2023-02-01T15:37:59,delivered,RTE-DET-20230131-002,2023-02-04T08:37:59,,on_time
SHP-202301-000133,CLI-0201,HUB-IND,expedited,2023-01-16T19:06:07,2023-01-19T19:06:07,delivered,RTE-IND-20230116-001,2023-01-20T00:06:07,,on_time
SHP-202301-000134,CLI-0042,HUB-CIN,standard,2023-01-10T07:26:03,2023-01-11T07:26:03,delivered,RTE-CIN-20230111-001,2023-01-14T00:26:03,,on_time
SHP-202301-000135,CLI-0042,HUB-DET,standard,2023-01-23T07:17:20,2023-01-24T07:17:20,delivered,RTE-DET-20230123-001,2023-01-26T20:17:20,,on_time
SHP-202301-000136,CLI-0201,HUB-CIN,expedited,2023-01-11T06:09:34,2023-01-15T06:09:34,delivered,RTE-CIN-20230112-003,2023-01-15T06:09:34,,on_time
SHP-202301-000137,CLI-0042,HUB-IND,expedited,2023-01-31T12:02:13,2023-02-04T12:02:13,delivered,RTE-IND-20230201-001,2023-02-04T12:02:13,,on_time
SHP-202301-000138,CLI-0169,HUB-CMH,freight,2023-01-20T11:49:04,2023-01-21T11:49:04,delivered,RTE-CMH-20230120-002,2023-01-24T13:49:04,,on_time
SHP-202301-000139,CLI-0007,HUB-IND,freight,2023-01-27T07:17:42,2023-01-29T07:17:42,delivered,,2023-01-31T08:17:42,,on_time
SHP-202301-000140,CLI-0155,HUB-DET,standard,2023-01-02T12:22:37,2023-01-05T12:22:37,delivered,RTE-DET-20230102-005,2023-01-05T22:22:37,,on_time
SHP-202301-000141,CLI-0042,HUB-IND,standard,2023-01-16T08:44:38,2023-01-20T08:44:38,delivered,RTE-IND-20230116-001,2023-01-20T08:44:38,,on_time
SHP-202301-000142,CLI-0169,HUB-IND,freight,2023-01-09T18:49:06,2023-01-10T18:49:06,delivered,RTE-IND-20230110-001,2023-01-14T00:49:06,,on_time
SHP-202301-000143,CLI-0155,HUB-IND,standard,2023-01-03T15:11:31,2023-01-04T15:11:31,delivered,RTE-IND-20230103-001,2023-01-06T11:11:31,,on_time
SHP-202301-000144,CLI-0155,HUB-DET,expedited,2023-01-19T11:14:00,2023-01-20T11:14:00,delivered,RTE-DET-20230119-004,2023-01-22T00:14:00,,on_time
SHP-202301-000145,CLI-0042,HUB-CMH,standard,2023-01-28T08:49:39,2023-01-31T08:49:39,delivered,RTE-CMH-20230129-001,2023-01-31T19:49:39,,on_time
SHP-202301-000146,CLI-0042,HUB-CMH,standard,2023-01-09T11:03:10,2023-01-10T11:03:10,delivered,RTE-CMH-20230109-003,2023-01-13T02:03:10,,on_time
SHP-202301-000147,CLI-0201,HUB-CIN,expedited,2023-01-18T15:17:43,2023-01-21T15:17:43,delivered,RTE-CIN-20230118-002,2023-01-22T03:17:43,,on_time
SHP-202301-000148,CLI-0155,HUB-CHI,standard,2023-01-13T19:20:25,2023-01-16T19:20:25,delivered,RTE-CHI-20230113-002,2023-01-17T03:20:25,,on_time
SHP-202301-000149,CLI-0155,HUB-CIN,standard,2023-01-31T17:41:49,2023-02-01T17:41:49,delivered,RTE-CIN-20230131-001,2023-02-04T07:41:49,,on_time
SHP-202301-000150,CLI-0155,HUB-CIN,standard,2023-01-24T07:36:10,2023-01-28T07:36:10,delivered,RTE-CIN-20230124-001,2023-01-28T07:36:10,,on_time
SHP-202301-000151,CLI-0007,HUB-DET,standard,2023-01-24T16:51:34,2023-01-25T16:51:34,delivered,RTE-DET-20230124-003,2023-01-27T21:51:34,,on_time
SHP-202301-000152,CLI-0042,HUB-IND,standard,2023-01-09T20:31:38,2023-01-13T20:31:38,delivered,RTE-IND-20230110-002,2023-01-13T20:31:38,,on_time
SHP-202301-000153,CLI-0155,HUB-CHI,freight,2023-01-25T08:29:18,2023-01-27T08:29:18,delivered,,2023-01-29T17:29:18,,on_time
SHP-202301-000154,CLI-0007,HUB-CHI,standard,2023-01-23T15:46:33,2023-01-24T15:46:33,delivered,RTE-CHI-20230124-003,2023-01-27T05:46:33,,on_time
SHP-202301-000155,CLI-0201,HUB-DET,expedited,2023-01-24T16:38:45,2023-01-25T16:38:45,delivered,RTE-DET-20230124-001,2023-01-28T04:38:45,,on_time
SHP-202301-000156,CLI-0042,HUB-CIN,expedited,2023-01-13T07:33:03,2023-01-16T07:33:03,delivered,RTE-CIN-20230113-003,2023-01-16T07:33:03,,on_time
SHP-202301-000157,CLI-0007,HUB-IND,standard,2023-01-24T07:07:54,2023-01-28T07:07:54,delivered,RTE-IND-20230124-001,2023-01-28T07:07:54,,on_time
SHP-202301-000158,CLI-0042,HUB-DET,standard,2023-01-01T08:43:12,2023-01-02T08:43:12,delivered,RTE-DET-20230101-001,2023-01-04T14:43:12,,on_time
SHP-202301-000159,CLI-0169,HUB-IND,standard,2023-01-30T07:29:00,2023-01-31T07:29:00,delivered,RTE-IND-20230130-003,2023-02-02T17:29:00,,on_time
SHP-202301-000160,CLI-0042,HUB-CMH,expedited,2023-01-24T06:20:34,2023-01-28T06:20:34,delivered,RTE-CMH-20230124-001,2023-01-28T06:20:34,,on_time
SHP-202301-000161,CLI-0007,HUB-DET,standard,2023-01-31T18:10:34,2023-02-02T18:10:34,delivered,,2023-02-03T22:10:34,,on_time
SHP-202301-000162,CLI-0169,HUB-CMH,standard,2023-01-01T14:21:49,2023-01-02T14:21:49,delivered,RTE-CMH-20230101-002,2023-01-04T18:21:49,,on_time
SHP-202301-000163,CLI-0201,HUB-DET,expedited,2023-01-25T07:28:40,2023-01-28T07:28:40,delivered,RTE-DET-20230125-001,2023-01-29T05:28:40,,on_time
SHP-202301-000164,CLI-0007,HUB-CIN,standard,2023-01-09T20:43:51,2023-01-10T20:43:51,delivered,,2023-01-12T13:43:51,,on_time
SHP-202301-000165,CLI-0007,HUB-CIN,expedited,2023-01-09T13:03:59,2023-01-11T13:03:59,delivered,RTE-CIN-20230109-001,2023-01-11T13:03:59,,on_time
SHP-202301-000166,CLI-0201,HUB-DET,expedited,2023-01-11T18:10:51,2023-01-12T18:10:51,delivered,RTE-DET-20230111-005,2023-01-15T09:10:51,,on_time
SHP-202301-000167,CLI-0042,HUB-CMH,standard,2023-01-24T15:34:39,,failed,RTE-CMH-20230124-001,2023-01-28T05:34:39,,
SHP-202301-000168,CLI-0201,HUB-DET,standard,2023-01-05T09:23:54,2023-01-06T09:23:54,delivered,RTE-DET-20230105-001,2023-01-10T00:23:54,,on_time
SHP-202301-000169,CLI-0169,HUB-CHI,standard,2023-01-14T07:44:50,2023-01-17T07:44:50,delivered,RTE-CHI-20230115-001,2023-01-18T01:44:50,,on_time
SHP-202301-000170,CLI-0169,HUB-CIN,standard,2023-01-25T20:37:16,2023-01-28T20:37:16,delivered,RTE-CIN-20230125-002,2023-01-28T20:37:16,,on_time
SHP-202301-000171,CLI-0201,HUB-CMH,expedited,2023-01-30T15:10:50,2023-02-01T15:10:50,delivered,RTE-CMH-20230201-004,2023-02-02T20:10:50,,on_time
SHP-202301-000172,CLI-0155,HUB-IND,standard,2023-01-27T13:21:04,2023-01-30T13:21:04,delivered,RTE-IND-20230127-001,2023-01-30T13:21:04,,on_time
SHP-202301-000173,CLI-0042,HUB-DET,standard,2023-01-20T14:39:05,2023-01-21T14:39:05,delivered,RTE-DET-20230120-002,2023-01-24T05:39:05,,on_time
SHP-202301-000174,CLI-0042,HUB-CMH,standard,2023-01-06T17:56:21,2023-01-10T17:56:21,delivered,RTE-CMH-20230106-002,2023-01-10T17:56:21,,on_time
SHP-202301-000175,CLI-0169,HUB-DET,standard,2023-01-13T07:10:42,2023-01-14T07:10:42,delivered,RTE-DET-20230113-001,2023-01-17T01:10:42,,on_time
SHP-202301-000176,CLI-0042,HUB-IND,standard,2023-01-12T10:55:17,2023-01-16T10:55:17,delivered,,2023-01-16T10:55:17,,on_time
SHP-202301-000177,CLI-0042,HUB-CIN,standard,2023-01-11T18:01:50,2023-01-12T18:01:50,delivered,,2023-01-15T02:01:50,,on_time
SHP-202301-000178,CLI-0042,HUB-IND,standard,2023-01-06T06:46:22,2023-01-07T06:46:22,delivered,RTE-IND-20230106-003,2023-01-09T06:46:22,,on_time
SHP-202301-000179,CLI-0007,HUB-CMH,standard,2023-01-01T12:31:17,2023-01-05T12:31:17,delivered,,2023-01-05T12:31:17,,on_time
SHP-202301-000180,CLI-0201,HUB-DET,freight,2023-01-24T20:40:38,2023-01-25T20:40:38,delivered,RTE-DET-20230124-001,2023-01-30T10:40:38,,on_time
SHP-202301-000181,CLI-0042,HUB-DET,expedited,2023-01-03T17:06:04,2023-01-04T17:06:04,delivered,RTE-DET-20230104-003,2023-01-06T06:06:04,,on_time
SHP-202301-000182,CLI-0169,HUB-DET,standard,2023-01-01T14:24:45,2023-01-02T14:24:45,delivered,RTE-DET-20230102-001,2023-01-05T03:24:45,,on_time
SHP-202301-000183,CLI-0155,HUB-CHI,standard,2023-01-11T18:47:20,2023-01-15T18:47:20,delivered,RTE-CHI-20230111-001,2023-01-15T18:47:20,,on_time
SHP-202302-000001,CLI-0169,HUB-IND,standard,2023-02-09T14:10:22,2023-02-13T14:10:22,delivered,RTE-IND-20230209-002,2023-02-13T14:10:22,,on_time
SHP-202302-000002,CLI-0155,HUB-CIN,standard,2023-02-13T09:06:44,2023-02-14T09:06:44,delivered,RTE-CIN-20230213-001,2023-02-16T17:06:44,,on_time
SHP-202302-000003,CLI-0201,HUB-DET,standard,2023-02-13T07:17:49,2023-02-15T07:17:49,delivered,RTE-DET-20230213-001,2023-02-18T03:17:49,,on_time
SHP-202302-000004,CLI-0201,HUB-IND,standard,2023-02-02T13:13:20,2023-02-03T13:13:20,delivered,RTE-IND-20230202-001,2023-02-06T20:13:20,,on_time
SHP-202302-000005,CLI-0042,HUB-CMH,expedited,2023-02-24T17:16:20,2023-02-25T17:16:20,delivered,RTE-CMH-20230224-001,2023-02-27T11:16:20,,on_time
SHP-202302-000006,CLI-0007,HUB-DET,standard,2023-02-09T19:29:47,2023-02-12T19:29:47,delivered,RTE-DET-20230209-004,2023-02-13T00:29:47,,on_time
SHP-202302-000007,CLI-0169,HUB-CMH,expedited,2023-02-14T15:11:46,2023-02-16T15:11:46,delivered,RTE-CMH-20230214-003,2023-02-16T20:11:46,,on_time
SHP-202302-000008,CLI-0169,HUB-CHI,freight,2023-02-21T08:35:29,2023-02-24T08:35:29,delivered,,2023-02-26T04:35:29,,on_time
SHP-202302-000009,CLI-0201,HUB-CIN,standard,2023-02-10T14:53:57,2023-02-11T14:53:57,delivered,,2023-02-14T17:53:57,,on_time
SHP-202302-000010,CLI-0155,HUB-CHI,freight,2023-02-01T15:38:13,2023-02-07T15:38:13,delayed,RTE-CHI-20230201-003,2023-02-07T09:38:13,6,4-12h
SHP-202302-000011,CLI-0155,HUB-CIN,freight,2023-02-28T16:22:14,2023-03-03T16:22:14,delivered,,2023-03-05T07:22:14,,on_time
SHP-202302-000012,CLI-0201,HUB-CIN,standard,2023-02-14T15:02:51,2023-02-17T15:02:51,delivered,RTE-CIN-20230214-002,2023-02-18T23:02:51,,on_time
SHP-202302-000013,CLI-0169,HUB-CIN,standard,2023-02-21T17:31:27,2023-02-22T17:31:27,delivered,RTE-CIN-20230221-001,2023-02-24T19:31:27,,on_time
SHP-202302-000014,CLI-0201,HUB-CIN,standard,2023-02-15T17:07:33,2023-02-17T17:07:33,delivered,RTE-CIN-20230215-002,2023-02-19T18:07:33,,on_time
SHP-202302-000015,CLI-0169,HUB-CMH,freight,2023-02-20T10:54:52,2023-02-23T10:54:52,delivered,RTE-CMH-20230221-002,2023-02-24T04:54:52,,on_time
SHP-202302-000016,CLI-0155,HUB-DET,freight,2023-02-09T06:35:27,2023-02-12T06:35:27,delivered,RTE-DET-20230209-002,2023-02-14T00:35:27,,on_time
SHP-202302-000017,CLI-0007,HUB-IND,standard,2023-02-17T16:58:36,2023-02-20T16:58:36,delivered,RTE-IND-20230218-001,2023-02-20T16:58:36,,on_time
SHP-202302-000018,CLI-0201,HUB-CMH,standard,2023-02-19T15:45:58,2023-02-20T15:45:58,delivered,RTE-CMH-20230219-002,2023-02-23T16:45:58,,on_time
SHP-202302-000019,CLI-0155,HUB-CIN,freight,2023-02-09T08:47:31,2023-02-11T08:47:31,delivered,RTE-CIN-20230209-001,2023-02-14T02:47:31,,on_time
SHP-202302-000020,CLI-0042,HUB-CHI,expedited,2023-02-15T16:55:35,2023-02-16T16:55:35,delivered,RTE-CHI-20230215-003,2023-02-17T06:55:35,,on_time
SHP-202302-000021,CLI-0201,HUB-CHI,standard,2023-02-22T08:33:38,2023-02-25T08:33:38,delivered,RTE-CHI-20230222-002,2023-02-26T14:33:38,,on_time
SHP-202302-000022,CLI-0201,HUB-CHI,expedited,2023-02-15T14:18:20,2023-02-16T14:18:20,delivered,RTE-CHI-20230215-003,2023-02-19T00:18:20,,on_time
SHP-202302-000023,CLI-0155,HUB-IND,standard,2023-02-22T12:57:09,2023-02-23T12:57:09,delivered,RTE-IND-20230222-002,2023-02-25T15:57:09,,on_time
SHP-202302-000024,CLI-0201,HUB-DET,freight,2023-02-16T11:06:59,2023-02-18T11:06:59,delivered,,2023-02-22T03:06:59,,on_time
SHP-202302-000025,CLI-0155,HUB-DET,expedited,2023-02-07T10:15:27,2023-02-10T10:15:27,delivered,RTE-DET-20230207-002,2023-02-10T10:15:27,,on_time
SHP-202302-000026,CLI-0007,HUB-CHI,expedited,2023-02-06T07:38:26,2023-02-07T07:38:26,delivered,RTE-CHI-20230206-001,2023-02-08T16:38:26,,on_time
SHP-202302-000027,CLI-0169,HUB-CMH,standard,2023-02-06T16:15:59,2023-02-07T16:15:59,delivered,,2023-02-09T10:15:59,,on_time
SHP-202302-000028,CLI-0007,HUB-CHI,expedited,2023-02-28T11:30:53,2023-03-01T11:30:53,delivered,RTE-CHI-20230301-002,2023-03-02T23:30:53,,on_time
SHP-202302-000029,CLI-0201,HUB-IND,standard,2023-02-16T11:56:52,2023-02-17T11:56:52,delivered,RTE-IND-20230216-001,2023-02-20T21:56:52,,on_time
SHP-202302-000030,CLI-0042,HUB-DET,freight,2023-02-06T06:41:04,2023-02-08T06:41:04,delivered,,2023-02-10T20:41:04,,on_time
SHP-202302-000031,CLI-0169,HUB-CMH,standard,2023-02-21T10:00:16,2023-02-27T10:00:16,delayed,RTE-CMH-20230221-001,2023-02-27T07:00:16,3,<4h
SHP-202302-000032,CLI-0042,HUB-CMH,standard,2023-02-22T11:09:18,2023-02-25T11:09:18,delivered,RTE-CMH-20230222-003,2023-02-25T21:09:18,,on_time
SHP-202302-000033,CLI-0042,HUB-CHI,freight,2023-02-21T11:44:40,2023-02-22T11:44:40,delivered,,2023-02-25T05:44:40,,on_time
SHP-202302-000034,CLI-0201,HUB-CIN,standard,2023-02-28T20:31:32,2023-03-03T20:31:32,delivered,RTE-CIN-20230228-003,2023-03-05T05:31:32,,on_time
SHP-202302-000035,CLI-0169,HUB-IND,expedited,2023-02-10T17:24:59,2023-02-11T17:24:59,delivered,RTE-IND-20230210-003,2023-02-13T00:24:59,,on_time
SHP-202302-000036,CLI-0155,HUB-CMH,standard,2023-02-02T08:52:01,2023-02-05T08:52:01,delivered,RTE-CMH-20230202-001,2023-02-05T20:52:01,,on_time
SHP-202302-000037,CLI-0201,HUB-CMH,standard,2023-02-21T13:16:45,2023-02-23T13:16:45,delivered,RTE-CMH-20230221-003,2023-02-25T19:16:45,,on_time
SHP-202302-000038,CLI-0169,HUB-CHI,standard,2023-02-20T13:24:27,2023-02-24T13:24:27,delivered,RTE-CHI-20230220-002,2023-02-24T14:24:27,,on_time
SHP-202302-000039,CLI-0169,HUB-IND,expedited,2023-02-27T19:16:39,2023-03-01T19:16:39,delivered,,2023-03-02T06:16:39,,on_time
SHP-202302-000040,CLI-0042,HUB-CIN,freight,2023-02-28T19:17:44,2023-03-04T19:17:44,delivered,,2023-03-05T09:17:44,,on_time
SHP-202302-000041,CLI-0155,HUB-CHI,standard,2023-02-14T07:11:20,2023-02-16T07:11:20,delivered,RTE-CHI-20230214-002,2023-02-17T19:11:20,,on_time
SHP-202302-000042,CLI-0155,HUB-CHI,standard,2023-02-13T10:10:58,2023-02-16T10:10:58,delivered,RTE-CHI-20230213-003,2023-02-16T20:10:58,,on_time
SHP-202302-000043,CLI-0201,HUB-DET,freight,2023-02-07T16:11:27,2023-02-08T16:11:27,delivered,RTE-DET-20230207-002,2023-02-13T05:11:27,,on_time
SHP-202302-000044,CLI-0007,HUB-DET,standard,2023-02-02T16:59:05,2023-02-03T16:59:05,delivered,,2023-02-05T21:59:05,,on_time
SHP-202302-000045,CLI-0042,HUB-CIN,freight,2023-02-06T08:46:48,2023-02-08T08:46:48,delivered,RTE-CIN-20230206-001,2023-02-10T14:46:48,,on_time
SHP-202302-000046,CLI-0155,HUB-IND,standard,2023-02-23T06:50:53,2023-02-27T06:50:53,delivered,,2023-02-27T06:50:53,,on_time
SHP-202302-000047,CLI-0169,HUB-DET,standard,2023-02-07T19:35:40,2023-02-08T19:35:40,delivered,RTE-DET-20230207-003,2023-02-11T13:35:40,,on_time
SHP-202302-000048,CLI-0155,HUB-CHI,expedited,2023-02-20T17:30:04,2023-02-23T17:30:04,delivered,RTE-CHI-20230221-001,2023-02-23T17:30:04,,on_time
SHP-202302-000049,CLI-0042,HUB-CHI,standard,2023-02-14T12:07:37,2023-02-18T12:07:37,delivered,RTE-CHI-20230214-007,2023-02-18T12:07:37,,on_time
SHP-202302-000050,CLI-0155,HUB-DET,standard,2023-02-06T19:28:58,2023-02-10T19:28:58,delivered,,2023-02-10T19:28:58,,on_time
SHP-202302-000051,CLI-0201,HUB-DET,standard,2023-02-22T16:18:21,2023-02-26T16:18:21,delivered,RTE-DET-20230222-004,2023-02-27T11:18:21,,on_time
SHP-202302-000052,CLI-0155,HUB-IND,standard,2023-02-27T08:22:54,2023-02-28T08:22:54,delivered,,2023-03-02T08:22:54,,on_time
SHP-202302-000053,CLI-0155,HUB-IND,expedited,2023-02-16T07:18:01,2023-02-19T07:18:01,delivered,RTE-IND-20230216-002,2023-02-19T07:18:01,,on_time
SHP-202302-000054,CLI-0042,HUB-CHI,freight,2023-02-06T16:47:06,2023-02-07T16:47:06,delivered,RTE-CHI-20230206-001,2023-02-10T06:47:06,,on_time
SHP-202302-000055,CLI-0201,HUB-CHI,standard,2023-02-03T12:59:48,2023-02-05T12:59:48,delivered,,2023-02-07T15:59:48,,on_time
SHP-202302-000056,CLI-0007,HUB-CHI,expedited,2023-02-23T08:25:04,2023-02-24T08:25:04,delivered,RTE-CHI-20230223-002,2023-02-25T17:25:04,,on_time
SHP-202302-000057,CLI-0007,HUB-CMH,standard,2023-02-09T09:35:25,2023-02-11T09:35:25,delivered,,2023-02-11T15:35:25,,on_time
SHP-202302-000058,CLI-0155,HUB-CMH,freight,2023-02-02T15:36:08,2023-02-03T15:36:08,delivered,,2023-02-07T08:36:08,,on_time
SHP-202302-000059,CLI-0201,HUB-CMH,standard,2023-02-14T07:29:40,2023-02-15T07:29:40,delivered,RTE-CMH-20230214-001,2023-02-18T12:29:40,,on_time
SHP-202302-000060,CLI-0155,HUB-CIN,standard,2023-02-11T16:07:05,2023-02-12T16:07:05,delivered,RTE-CIN-20230213-001,2023-02-15T04:07:05,,on_time
SHP-202302-000061,CLI-0007,HUB-CHI,standard,2023-02-15T13:35:52,2023-02-16T13:35:52,delivered,RTE-CHI-20230215-003,2023-02-18T21:35:52,,on_time
SHP-202302-000062,CLI-0201,HUB-CHI,standard,2023-02-14T11:16:07,2023-02-17T11:16:07,delivered,RTE-CHI-20230216-004,2023-02-18T13:16:07,,on_time
SHP-202302-000063,CLI-0007,HUB-CHI,freight,2023-02-24T19:56:23,2023-02-26T19:56:23,delivered,,2023-03-01T12:56:23,,on_time
SHP-202302-000064,CLI-0155,HUB-DET,standard,2023-02-10T12:34:15,2023-02-13T12:34:15,delivered,RTE-DET-20230213-002,2023-02-14T05:34:15,,on_time
SHP-202302-000065,CLI-0042,HUB-DET,standard,2023-02-02T13:02:30,2023-02-03T13:02:30,delivered,RTE-DET-20230202-002,2023-02-05T19:02:30,,on_time
SHP-202302-000066,CLI-0007,HUB-CIN,expedited,2023-02-20T20:11:36,2023-02-21T20:11:36,delivered,RTE-CIN-20230221-001,2023-02-22T06:11:36,,on_time
SHP-202302-000067,CLI-0155,HUB-DET,standard,2023-02-25T18:31:19,2023-03-01T18:31:19,delivered,RTE-DET-20230225-001,2023-03-01T18:31:19,,on_time
SHP-202302-000068,CLI-0169,HUB-CIN,standard,2023-02-16T06:46:34,2023-02-17T06:46:34,delivered,RTE-CIN-20230216-001,2023-02-19T00:46:34,,on_time
SHP-202302-000069,CLI-0201,HUB-CHI,standard,2023-02-06T08:50:56,2023-02-08T08:50:56,delivered,RTE-CHI-20230206-001,2023-02-10T14:50:56,,on_time
SHP-202302-000070,CLI-0042,HUB-DET,freight,2023-02-21T08:04:25,2023-02-23T08:04:25,delivered,RTE-DET-20230221-001,2023-02-25T20:04:25,,on_time
SHP-202302-000071,CLI-0007,HUB-CHI,freight,2023-02-24T13:51:27,2023-02-25T13:51:27,delivered,,2023-03-01T00:51:27,,on_time
SHP-202302-000072,CLI-0007,HUB-DET,standard,2023-02-10T14:02:45,2023-02-11T14:02:45,delivered,RTE-DET-20230210-001,2023-02-13T17:02:45,,on_time
SHP-202302-000073,CLI-0169,HUB-CMH,standard,2023-02-17T08:06:16,2023-02-21T08:06:16,delivered,,2023-02-21T08:06:16,,on_time
SHP-202302-000074,CLI-0042,HUB-CIN,freight,2023-02-27T08:58:17,2023-03-03T08:58:17,delivered,RTE-CIN-20230228-002,2023-03-04T01:58:17,,on_time
SHP-202302-000075,CLI-0007,HUB-IND,expedited,2023-02-22T17:49:37,2023-02-26T17:49:37,delivered,RTE-IND-20230222-003,2023-02-26T17:49:37,,on_time
SHP-202302-000076,CLI-0007,HUB-IND,standard,2023-02-10T17:59:26,2023-02-14T17:59:26,delivered,RTE-IND-20230210-003,2023-02-14T17:59:26,,on_time
SHP-202302-000077,CLI-0042,HUB-IND,expedited,2023-02-09T10:16:33,2023-02-11T10:16:33,delivered,RTE-IND-20230209-003,2023-02-11T10:16:33,,on_time
SHP-202302-000078,CLI-0042,HUB-IND,freight,2023-02-06T09:49:25,2023-02-09T09:49:25,delivered,,2023-02-10T13:49:25,,on_time
SHP-202302-000079,CLI-0169,HUB-CHI,standard,2023-02-17T14:47:03,2023-02-20T14:47:03,delivered,RTE-CHI-20230217-001,2023-02-21T18:47:03,,on_time
SHP-202302-000080,CLI-0201,HUB-CIN,freight,2023-02-21T06:20:10,2023-02-25T06:20:10,delivered,RTE-CIN-20230221-001,2023-02-26T14:20:10,,on_time
SHP-202302-000081,CLI-0042,HUB-CIN,standard,2023-02-13T20:35:18,2023-02-16T20:35:18,delivered,RTE-CIN-20230213-001,2023-02-17T13:35:18,,on_time
SHP-202302-000082,CLI-0201,HUB-CHI,standard,2023-02-27T20:23:37,2023-02-28T20:23:37,delivered,RTE-CHI-20230227-003,2023-03-04T02:23:37,,on_time
SHP-202302-000083,CLI-0042,HUB-DET,freight,2023-02-01T15:55:30,2023-02-03T15:55:30,delivered,RTE-DET-20230201-001,2023-02-06T02:55:30,,on_time
SHP-202302-000084,CLI-0007,HUB-IND,freight,2023-02-17T10:42:15,2023-02-21T10:42:15,delivered,RTE-IND-20230217-001,2023-02-21T10:42:15,,on_time
SHP-202302-000085,CLI-0201,HUB-DET,freight,2023-02-24T19:48:12,2023-02-27T19:48:12,delivered,RTE-DET-20230224-002,2023-03-02T08:48:12,,on_time
SHP-202302-000086,CLI-0007,HUB-CHI,standard,2023-02-22T11:23:27,2023-02-23T11:23:27,delivered,RTE-CHI-20230222-002,2023-02-25T22:23:27,,on_time
SHP-202302-000087,CLI-0007,HUB-CIN,standard,2023-02-03T06:33:28,2023-02-06T06:33:28,delivered,RTE-CIN-20230203-001,2023-02-06T06:33:28,,on_time
SHP-202302-000088,CLI-0201,HUB-IND,expedited,2023-02-22T20:56:10,2023-02-23T20:56:10,delivered,RTE-IND-20230223-001,2023-02-26T06:56:10,,on_time
SHP-202302-000089,CLI-0201,HUB-CHI,standard,2023-02-23T07:47:36,2023-02-24T07:47:36,delivered,RTE-CHI-20230224-002,2023-02-27T08:47:36,,on_time
SHP-202302-000090,CLI-0007,HUB-IND,expedited,2023-02-03T08:11:55,2023-02-07T08:11:55,delivered,RTE-IND-20230206-001,2023-02-07T08:11:55,,on_time
SHP-202302-000091,CLI-0155,HUB-CIN,expedited,2023-02-22T08:13:34,2023-02-26T08:13:34,delivered,RTE-CIN-20230224-004,2023-02-26T08:13:34,,on_time
SHP-202302-000092,CLI-0007,HUB-CMH,freight,2023-02-09T12:03:36,2023-02-13T12:03:36,delivered,RTE-CMH-20230209-003,2023-02-13T12:03:36,,on_time
SHP-202302-000093,CLI-0007,HUB-CHI,standard,2023-02-01T16:33:43,2023-02-03T16:33:43,delivered,,2023-02-04T22:33:43,,on_time
SHP-202302-000094,CLI-0169,HUB-IND,standard,2023-02-13T09:21:36,2023-02-14T09:21:36,delivered,RTE-IND-20230213-001,2023-02-17T01:21:36,,on_time
SHP-202302-000095,CLI-0169,HUB-DET,standard,2023-02-23T09:37:32,2023-02-26T09:37:32,delivered,RTE-DET-20230223-001,2023-02-27T02:37:32,,on_time
SHP-202302-000096,CLI-0007,HUB-CMH,expedited,2023-02-20T11:16:29,2023-02-21T11:16:29,delivered,RTE-CMH-20230221-003,2023-02-22T05:16:29,,on_time
SHP-202302-000097,CLI-0042,HUB-DET,standard,2023-02-13T20:15:32,2023-02-17T20:15:32,delivered,RTE-DET-20230213-001,2023-02-17T20:15:32,,on_time
SHP-202302-000098,CLI-0042,HUB-DET,standard,2023-02-03T06:08:00,2023-02-07T06:08:00,delivered,RTE-DET-20230203-001,2023-02-07T06:08:00,,on_time
SHP-202302-000099,CLI-0169,HUB-CHI,standard,2023-02-24T19:11:35,2023-02-25T19:11:35,delivered,RTE-CHI-20230224-001,2023-02-28T19:11:35,,on_time
SHP-202302-000100,CLI-0007,HUB-DET,standard,2023-02-06T07:34:40,2023-02-09T07:34:40,delivered,RTE-DET-20230207-002,2023-02-09T09:34:40,,on_time
SHP-202302-000101,CLI-0155,HUB-CMH,standard,2023-02-24T17:52:35,2023-02-27T17:52:35,delivered,RTE-CMH-20230224-001,2023-02-28T06:52:35,,on_time
SHP-202302-000102,CLI-0155,HUB-CMH,expedited,2023-02-18T06:47:15,2023-02-21T06:47:15,delivered,,2023-02-21T06:47:15,,on_time
SHP-202302-000103,CLI-0169,HUB-CMH,standard,2023-02-20T07:39:08,2023-02-21T07:39:08,delivered,RTE-CMH-20230220-001,2023-02-23T06:39:08,,on_time
SHP-202302-000104,CLI-0007,HUB-DET,standard,2023-02-06T17:57:22,2023-02-07T17:57:22,delivered,,2023-02-09T19:57:22,,on_time
SHP-202302-000105,CLI-0155,HUB-IND,standard,2023-02-21T15:01:28,2023-02-25T15:01:28,delivered,RTE-IND-20230222-001,2023-02-25T15:01:28,,on_time
SHP-202302-000106,CLI-0169,HUB-CMH,standard,2023-02-03T20:17:59,2023-02-04T20:17:59,delivered,,2023-02-07T01:17:59,,on_time
SHP-202302-000107,CLI-0042,HUB-DET,standard,2023-02-02T17:53:30,2023-02-06T17:53:30,delivered,,2023-02-06T17:53:30,,on_time
SHP-202302-000108,CLI-0042,HUB-DET,expedited,2023-02-08T17:41:21,2023-02-14T17:41:21,delayed,,2023-02-14T08:41:21,9,4-12h
SHP-202302-000109,CLI-0169,HUB-IND,standard,2023-02-16T06:20:08,2023-02-17T06:20:08,delivered,RTE-IND-20230216-002,2023-02-19T23:20:08,,on_time
SHP-202302-000110,CLI-0007,HUB-CMH,standard,2023-02-28T12:03:49,2023-03-02T12:03:49,delivered,RTE-CMH-20230228-002,2023-03-03T06:03:49,,on_time
SHP-202302-000111,CLI-0155,HUB-DET,standard,2023-02-15T16:31:26,2023-02-18T16:31:26,delivered,RTE-DET-20230217-002,2023-02-19T04:31:26,,on_time
SHP-202302-000112,CLI-0042,HUB-CHI,expedited,2023-02-09T14:51:48,2023-02-10T14:51:48,delivered,RTE-CHI-20230209-001,2023-02-11T01:51:48,,on_time
SHP-202302-000113,CLI-0155,HUB-CIN,standard,2023-02-20T15:34:51,2023-02-24T15:34:51,delivered,RTE-CIN-20230221-001,2023-02-24T15:34:51,,on_time
SHP-202302-000114,CLI-0201,HUB-CIN,standard,2023-02-16T17:57:24,2023-02-19T17:57:24,delivered,,2023-02-21T02:57:24,,on_time
SHP-202302-000115,CLI-0155,HUB-CHI,standard,2023-02-09T11:58:56,2023-02-13T11:58:56,delivered,RTE-CHI-20230209-001,2023-02-13T11:58:56,,on_time
SHP-202302-000116,CLI-0169,HUB-DET,expedited,2023-02-05T09:23:58,2023-02-06T09:23:58,delivered,RTE-DET-20230206-001,2023-02-07T15:23:58,,on_time
SHP-202302-000117,CLI-0155,HUB-CMH,standard,2023-02-07T09:26:20,2023-02-10T09:26:20,delivered,,2023-02-10T21:26:20,,on_time
SHP-202302-000118,CLI-0007,HUB-CMH,standard,2023-02-24T13:35:51,2023-02-25T13:35:51,delivered,RTE-CMH-20230224-001,2023-02-27T06:35:51,,on_time
SHP-202302-000119,CLI-0155,HUB-IND,freight,2023-02-06T06:53:46,2023-02-09T06:53:46,delivered,,2023-02-10T08:53:46,,on_time
SHP-202302-000120,CLI-0155,HUB-CIN,standard,2023-02-05T14:15:57,2023-02-06T14:15:57,delivered,RTE-CIN-20230205-001,2023-02-09T06:15:57,,on_time
SHP-202302-000121,CLI-0201,HUB-CHI,expedited,2023-02-24T11:08:17,2023-02-25T11:08:17,delivered,RTE-CHI-20230224-002,2023-02-27T21:08:17,,on_time
SHP-202302-000122,CLI-0007,HUB-CIN,freight,2023-02-03T12:16:45,2023-02-04T12:16:45,delivered,RTE-CIN-20230203-001,2023-02-06T18:16:45,,on_time
SHP-202302-000123,CLI-0201,HUB-CHI,standard,2023-02-11T08:51:25,2023-02-12T08:51:25,delivered,RTE-CHI-20230211-001,2023-02-15T09:51:25,,on_time
SHP-202302-000124,CLI-0007,HUB-IND,expedited,2023-02-07T17:34:35,2023-02-11T17:34:35,delivered,RTE-IND-20230208-003,2023-02-11T17:34:35,,on_time
SHP-202302-000125,CLI-0007,HUB-CIN,expedited,2023-02-15T08:08:22,2023-02-18T08:08:22,delivered,RTE-CIN-20230215-002,2023-02-18T08:08:22,,on_time
SHP-202302-000126,CLI-0155,HUB-CHI,freight,2023-02-21T11:43:51,2023-02-22T11:43:51,delivered,RTE-CHI-20230221-001,2023-02-25T21:43:51,,on_time
SHP-202302-000127,CLI-0155,HUB-IND,standard,2023-02-28T18:01:35,2023-03-02T18:01:35,delivered,RTE-IND-20230301-002,2023-03-03T16:01:35,,on_time
SHP-202302-000128,CLI-0042,HUB-DET,standard,2023-02-28T06:14:58,2023-03-06T06:14:58,delayed,RTE-DET-20230228-002,2023-03-06T02:14:58,4,4-12h
SHP-202302-000129,CLI-0042,HUB-CIN,expedited,2023-02-27T16:41:52,2023-03-01T16:41:52,delivered,,2023-03-02T10:41:52,,on_time
SHP-202302-000130,CLI-0169,HUB-CIN,expedited,2023-02-13T10:41:23,2023-02-14T10:41:23,delivered,,2023-02-15T15:41:23,,on_time
SHP-202302-000131,CLI-0155,HUB-CHI,expedited,2023-02-06T20:34:24,2023-02-07T20:34:24,delivered,RTE-CHI-20230206-001,2023-02-09T11:34:24,,on_time
SHP-202302-000132,CLI-0201,HUB-CMH,standard,2023-02-24T18:44:39,2023-02-26T18:44:39,delivered,RTE-CMH-20230224-001,2023-02-28T20:44:39,,on_time
SHP-202302-000133,CLI-0201,HUB-CIN,expedited,2023-02-03T12:47:47,2023-02-04T12:47:47,delivered,,2023-02-07T00:47:47,,on_time
SHP-202302-000134,CLI-0201,HUB-IND,standard,2023-02-16T19:35:18,2023-02-17T19:35:18,delivered,RTE-IND-20230216-001,2023-02-21T00:35:18,,on_time
SHP-202302-000135,CLI-0042,HUB-DET,standard,2023-02-17T18:35:26,2023-02-21T18:35:26,delivered,RTE-DET-20230217-003,2023-02-21T18:35:26,,on_time
SHP-202302-000136,CLI-0169,HUB-DET,standard,2023-02-19T20:13:38,2023-02-21T20:13:38,delivered,RTE-DET-20230219-001,2023-02-23T10:13:38,,on_time
SHP-202302-000137,CLI-0201,HUB-CIN,freight,2023-02-08T09:33:13,2023-02-11T09:33:13,delivered,RTE-CIN-20230208-003,2023-02-13T19:33:13,,on_time
SHP-202302-000138,CLI-0007,HUB-CIN,expedited,2023-02-08T11:45:22,2023-02-11T11:45:22,delivered,,2023-02-11T11:45:22,,on_time
SHP-202302-000139,CLI-0169,HUB-CHI,standard,2023-02-07T16:30:59,2023-02-09T16:30:59,delivered,RTE-CHI-20230208-003,2023-02-11T10:30:59,,on_time
SHP-202302-000140,CLI-0155,HUB-IND,standard,2023-02-28T17:20:44,2023-03-04T17:20:44,delivered,RTE-IND-20230228-001,2023-03-04T17:20:44,,on_time
SHP-202302-000141,CLI-0007,HUB-IND,standard,2023-02-10T08:47:40,2023-02-11T08:47:40,delivered,RTE-IND-20230210-001,2023-02-13T06:47:40,,on_time
SHP-202302-000142,CLI-0169,HUB-IND,standard,2023-02-27T14:43:00,2023-03-02T14:43:00,delivered,RTE-IND-20230227-001,2023-03-03T00:43:00,,on_time
SHP-202302-000143,CLI-0155,HUB-CIN,freight,2023-02-16T13:16:19,2023-02-17T13:16:19,delivered,RTE-CIN-20230216-001,2023-02-21T04:16:19,,on_time
SHP-202303-000001,CLI-0042,HUB-CHI,standard,2023-03-20T18:58:07,2023-03-21T18:58:07,delivered,RTE-CHI-20230320-003,2023-03-23T06:58:07,,on_time
SHP-202303-000002,CLI-0155,HUB-CHI,freight,2023-03-31T12:11:30,2023-04-01T12:11:30,delivered,RTE-CHI-20230401-001,2023-04-05T03:11:30,,on_time
SHP-202303-000003,CLI-0042,HUB-IND,expedited,2023-03-02T09:26:22,2023-03-03T09:26:22,delivered,,2023-03-04T14:26:22,,on_time
SHP-202303-000004,CLI-0155,HUB-CMH,standard,2023-03-22T07:17:26,2023-03-23T07:17:26,delivered,RTE-CMH-20230323-002,2023-03-26T01:17:26,,on_time
SHP-202303-000005,CLI-0201,HUB-CIN,freight,2023-03-23T10:48:40,2023-03-24T10:48:40,delivered,,2023-03-28T11:48:40,,on_time
SHP-202303-000006,CLI-0007,HUB-CIN,standard,2023-03-31T11:39:49,2023-04-03T11:39:49,delivered,RTE-CIN-20230331-001,2023-04-03T11:39:49,,on_time
SHP-202303-000007,CLI-0007,HUB-IND,standard,2023-03-29T15:41:19,2023-03-31T15:41:19,delivered,RTE-IND-20230329-001,2023-04-01T15:41:19,,on_time
SHP-202303-000008,CLI-0201,HUB-CMH,standard,2023-03-08T18:00:18,2023-03-09T18:00:18,delivered,RTE-CMH-20230308-001,2023-03-13T01:00:18,,on_time
SHP-202303-000009,CLI-0169,HUB-CMH,standard,2023-03-27T07:49:18,2023-03-30T07:49:18,delivered,RTE-CMH-20230327-001,2023-03-30T07:49:18,,on_time
SHP-202303-000010,CLI-0155,HUB-DET,expedited,2023-03-20T17:43:39,2023-03-23T17:43:39,delivered,RTE-DET-20230320-002,2023-03-23T17:43:39,,on_time
SHP-202303-000011,CLI-0007,HUB-IND,standard,2023-03-17T07:35:39,2023-03-18T07:35:39,delivered,RTE-IND-20230317-001,2023-03-20T07:35:39,,on_time
SHP-202303-000012,CLI-0155,HUB-CIN,expedited,2023-03-27T07:39:56,2023-03-30T07:39:56,delivered,,2023-03-30T07:39:56,,on_time
SHP-202303-000013,CLI-0007,HUB-IND,expedited,2023-03-06T20:51:35,2023-03-07T20:51:35,delivered,RTE-IND-20230306-001,2023-03-08T21:51:35,,on_time
SHP-202303-000014,CLI-0042,HUB-CHI,expedited,2023-03-30T11:39:17,2023-03-31T11:39:17,delivered,RTE-CHI-20230330-002,2023-04-01T05:39:17,,on_time
SHP-202303-000015,CLI-0155,HUB-CMH,standard,2023-03-20T13:47:30,2023-03-24T13:47:30,delivered,,2023-03-24T13:47:30,,on_time
SHP-202303-000016,CLI-0007,HUB-IND,standard,2023-03-14T11:21:53,2023-03-17T11:21:53,delivered,RTE-IND-20230314-001,2023-03-17T11:21:53,,on_time
SHP-202303-000017,CLI-0007,HUB-CMH,expedited,2023-03-27T09:01:08,2023-03-28T09:01:08,delivered,RTE-CMH-20230327-001,2023-03-29T03:01:08,,on_time
SHP-202303-000018,CLI-0201,HUB-CMH,freight,2023-03-17T18:55:55,2023-03-18T18:55:55,delivered,RTE-CMH-20230317-001,2023-03-22T23:55:55,,on_time
SHP-202303-000019,CLI-0007,HUB-CMH,standard,2023-03-24T14:38:31,2023-03-25T14:38:31,delivered,,2023-03-27T01:38:31,,on_time
SHP-202303-000020,CLI-0169,HUB-DET,freight,2023-03-07T10:25:47,2023-03-10T10:25:47,delivered,RTE-DET-20230307-002,2023-03-11T20:25:47,,on_time
SHP-202303-000021,CLI-0155,HUB-CMH,freight,2023-03-20T13:43:02,2023-03-23T13:43:02,delivered,RTE-CMH-20230321-001,2023-03-24T19:43:02,,on_time
SHP-202303-000022,CLI-0169,HUB-CMH,freight,2023-03-29T12:44:18,2023-04-02T12:44:18,delivered,RTE-CMH-20230330-001,2023-04-02T12:44:18,,on_time
SHP-202303-000023,CLI-0155,HUB-CIN,freight,2023-03-10T15:32:42,2023-03-11T15:32:42,delivered,RTE-CIN-20230310-001,2023-03-15T04:32:42,,on_time
SHP-202303-000024,CLI-0042,HUB-DET,standard,2023-03-17T09:28:29,2023-03-18T09:28:29,delivered,RTE-DET-20230317-001,2023-03-20T15:28:29,,on_time
SHP-202303-000025,CLI-0042,HUB-CIN,expedited,2023-03-28T19:27:42,2023-03-31T19:27:42,delivered,RTE-CIN-20230328-004,2023-03-31T19:27:42,,on_time
SHP-202303-000026,CLI-0042,HUB-DET,expedited,2023-03-08T19:15:15,2023-03-09T19:15:15,delivered,RTE-DET-20230309-001,2023-03-11T11:15:15,,on_time
SHP-202303-000027,CLI-0155,HUB-CHI,standard,2023-03-22T13:30:52,2023-03-26T13:30:52,delivered,,2023-03-26T13:30:52,,on_time
SHP-202303-000028,CLI-0169,HUB-IND,standard,2023-03-13T10:44:35,2023-03-16T10:44:35,delivered,RTE-IND-20230313-001,2023-03-16T20:44:35,,on_time
SHP-202303-000029,CLI-0007,HUB-CMH,freight,2023-03-29T18:00:37,2023-03-31T18:00:37,delivered,RTE-CMH-20230330-001,2023-04-02T03:00:37,,on_time
SHP-202303-000030,CLI-0155,HUB-IND,freight,2023-03-09T11:59:22,2023-03-11T11:59:22,delivered,RTE-IND-20230309-001,2023-03-13T12:59:22,,on_time
SHP-202303-000031,CLI-0155,HUB-CHI,freight,2023-03-15T09:17:06,2023-03-19T09:17:06,delivered,RTE-CHI-20230316-001,2023-03-20T01:17:06,,on_time
SHP-202303-000032,CLI-0201,HUB-CIN,standard,2023-03-17T11:23:32,2023-03-18T11:23:32,delivered,,2023-03-21T11:23:32,,on_time
SHP-202303-000033,CLI-0201,HUB-CMH,standard,2023-03-22T16:50:04,2023-03-23T16:50:04,delivered,RTE-CMH-20230322-001,2023-03-26T16:50:04,,on_time
SHP-202303-000034,CLI-0201,HUB-CIN,freight,2023-03-10T15:23:59,2023-03-12T15:23:59,delivered,RTE-CIN-20230310-001,2023-03-16T01:23:59,,on_time
SHP-202303-000035,CLI-0201,HUB-DET,expedited,2023-03-13T09:13:00,2023-03-14T09:13:00,delivered,RTE-DET-20230313-001,2023-03-17T02:13:00,,on_time
SHP-202303-000036,CLI-0042,HUB-CIN,standard,2023-03-29T08:52:16,2023-03-30T08:52:16,delivered,RTE-CIN-20230329-002,2023-04-01T23:52:16,,on_time
SHP-202303-000037,CLI-0042,HUB-CHI,freight,2023-03-02T16:13:36,2023-03-03T16:13:36,delivered,RTE-CHI-20230302-002,2023-03-06T02:13:36,,on_time
SHP-202303-000038,CLI-0169,HUB-IND,expedited,2023-03-09T13:37:15,2023-03-12T13:37:15,delivered,RTE-IND-20230309-001,2023-03-12T13:37:15,,on_time
SHP-202303-000039,CLI-0201,HUB-DET,standard,2023-03-28T09:50:20,2023-03-31T09:50:20,delivered,,2023-04-02T02:50:20,,on_time
SHP-202303-000040,CLI-0007,HUB-CIN,expedited,2023-03-22T16:33:26,2023-03-24T16:33:26,delivered,,2023-03-24T16:33:26,,on_time
SHP-202303-000041,CLI-0201,HUB-DET,standard,2023-03-14T18:13:26,2023-03-17T18:13:26,delivered,RTE-DET-20230314-002,2023-03-19T12:13:26,,on_time
SHP-202303-000042,CLI-0169,HUB-IND,standard,2023-03-14T20:55:00,2023-03-15T20:55:00,delivered,RTE-IND-20230314-001,2023-03-18T10:55:00,,on_time
SHP-202303-000043,CLI-0201,HUB-CHI,expedited,2023-03-09T09:48:48,2023-03-11T09:48:48,delivered,RTE-CHI-20230309-001,2023-03-12T11:48:48,,on_time
SHP-202303-000044,CLI-0201,HUB-CIN,standard,2023-03-09T06:11:14,2023-03-15T06:11:14,delayed,RTE-CIN-20230309-002,2023-03-14T22:11:14,8,4-12h
SHP-202303-000045,CLI-0201,HUB-CIN,standard,2023-03-30T16:49:03,2023-04-02T16:49:03,delivered,RTE-CIN-20230330-002,2023-04-04T03:49:03,,on_time
SHP-202303-000046,CLI-0155,HUB-CIN,expedited,2023-03-21T16:29:18,2023-03-25T16:29:18,delivered,RTE-CIN-20230321-002,2023-03-25T16:29:18,,on_time
SHP-202303-000047,CLI-0007,HUB-CMH,standard,2023-03-31T09:03:56,2023-04-01T09:03:56,delivered,RTE-CMH-20230331-001,2023-04-02T19:03:56,,on_time
SHP-202303-000048,CLI-0169,HUB-IND,standard,2023-03-31T12:00:56,2023-04-04T12:00:56,delivered,RTE-IND-20230402-001,2023-04-04T12:00:56,,on_time
SHP-202303-000049,CLI-0042,HUB-DET,expedited,2023-03-09T13:02:04,2023-03-12T13:02:04,delivered,RTE-DET-20230309-001,2023-03-12T13:02:04,,on_time
SHP-202303-000050,CLI-0169,HUB-CMH,expedited,2023-03-08T19:34:00,2023-03-09T19:34:00,delivered,,2023-03-10T20:34:00,,on_time
SHP-202303-000051,CLI-0155,HUB-CHI,standard,2023-03-21T08:39:03,2023-03-22T08:39:03,delivered,RTE-CHI-20230321-001,2023-03-24T16:39:03,,on_time
SHP-202303-000052,CLI-0155,HUB-CIN,standard,2023-03-08T16:46:38,2023-03-09T16:46:38,delivered,,2023-03-12T00:46:38,,on_time
SHP-202303-000053,CLI-0169,HUB-CMH,standard,2023-03-27T14:27:44,2023-03-30T14:27:44,delivered,RTE-CMH-20230327-001,2023-03-30T14:27:44,,on_time
SHP-202303-000054,CLI-0007,HUB-IND,standard,2023-03-21T14:53:55,2023-03-23T14:53:55,delivered,RTE-IND-20230321-001,2023-03-24T16:53:55,,on_time
SHP-202303-000055,CLI-0007,HUB-DET,standard,2023-03-28T11:25:08,2023-03-30T11:25:08,delivered,RTE-DET-20230328-001,2023-03-31T15:25:08,,on_time
SHP-202303-000056,CLI-0042,HUB-IND,expedited,2023-03-14T07:00:28,2023-03-16T07:00:28,delivered,RTE-IND-20230314-002,2023-03-16T13:00:28,,on_time
SHP-202303-000057,CLI-0007,HUB-CMH,expedited,2023-03-08T16:14:20,2023-03-11T16:14:20,delivered,RTE-CMH-20230308-001,2023-03-11T16:14:20,,on_time
SHP-202303-000058,CLI-0042,HUB-CMH,standard,2023-03-24T06:42:08,2023-03-25T06:42:08,delivered,RTE-CMH-20230324-003,2023-03-27T18:42:08,,on_time
SHP-202303-000059,CLI-0007,HUB-IND,freight,2023-03-30T16:17:15,2023-04-03T16:17:15,delivered,RTE-IND-20230402-001,2023-04-03T20:17:15,,on_time
SHP-202303-000060,CLI-0155,HUB-DET,standard,2023-03-01T08:21:53,2023-03-02T08:21:53,delivered,RTE-DET-20230301-002,2023-03-04T19:21:53,,on_time
SHP-202303-000061,CLI-0155,HUB-IND,standard,2023-03-17T14:12:36,2023-03-18T14:12:36,delivered,RTE-IND-20230317-001,2023-03-20T09:12:36,,on_time
SHP-202303-000062,CLI-0007,HUB-DET,expedited,2023-03-09T12:24:19,2023-03-13T12:24:19,delivered,RTE-DET-20230310-001,2023-03-13T12:24:19,,on_time
SHP-202303-000063,CLI-0169,HUB-CMH,standard,2023-03-06T08:39:58,2023-03-08T08:39:58,delivered,RTE-CMH-20230306-001,2023-03-09T08:39:58,,on_time
SHP-202303-000064,CLI-0201,HUB-CIN,standard,2023-03-20T12:00:29,2023-03-23T12:00:29,delivered,RTE-CIN-20230320-003,2023-03-24T13:00:29,,on_time
SHP-202303-000065,CLI-0155,HUB-CHI,standard,2023-03-08T12:50:17,2023-03-09T12:50:17,delivered,RTE-CHI-20230308-004,2023-03-11T18:50:17,,on_time
SHP-202303-000066,CLI-0155,HUB-DET,freight,2023-03-16T11:54:23,2023-03-20T11:54:23,delivered,RTE-DET-20230316-002,2023-03-21T02:54:23,,on_time
SHP-202303-000067,CLI-0169,HUB-CMH,standard,2023-03-26T08:37:13,2023-03-30T08:37:13,delivered,RTE-CMH-20230327-001,2023-03-30T08:37:13,,on_time
SHP-202303-000068,CLI-0042,HUB-DET,expedited,2023-03-08T10:02:19,2023-03-10T10:02:19,delivered,,2023-03-11T01:02:19,,on_time
SHP-202303-000069,CLI-0169,HUB-CMH,freight,2023-03-09T17:10:17,2023-03-11T17:10:17,delivered,RTE-CMH-20230310-004,2023-03-13T21:10:17,,on_time
SHP-202303-000070,CLI-0201,HUB-CIN,standard,2023-03-24T15:51:14,2023-03-27T15:51:14,delivered,RTE-CIN-20230324-003,2023-03-29T01:51:14,,on_time
SHP-202303-000071,CLI-0201,HUB-CMH,freight,2023-03-13T11:38:34,2023-03-14T11:38:34,delivered,RTE-CMH-20230313-001,2023-03-18T14:38:34,,on_time
SHP-202303-000072,CLI-0042,HUB-CIN,expedited,2023-03-13T18:08:10,2023-03-15T18:08:10,delivered,RTE-CIN-20230314-001,2023-03-16T02:08:10,,on_time
SHP-202303-000073,CLI-0201,HUB-CHI,freight,2023-03-22T15:21:00,2023-03-24T15:21:00,delivered,,2023-03-27T19:21:00,,on_time
SHP-202303-000074,CLI-0201,HUB-CHI,standard,2023-03-15T16:04:34,2023-03-19T16:04:34,delivered,,2023-03-20T02:04:34,,on_time
SHP-202303-000075,CLI-0201,HUB-DET,standard,2023-03-15T09:21:13,2023-03-17T09:21:13,delivered,RTE-DET-20230315-002,2023-03-20T09:21:13,,on_time
SHP-202303-000076,CLI-0042,HUB-CHI,standard,2023-03-29T15:32:29,2023-03-30T15:32:29,delivered,RTE-CHI-20230329-001,2023-04-01T03:32:29,,on_time
SHP-202303-000077,CLI-0042,HUB-CHI,standard,2023-03-16T07:25:25,2023-03-18T07:25:25,delivered,RTE-CHI-20230316-003,2023-03-18T17:25:25,,on_time
SHP-202303-000078,CLI-0042,HUB-DET,standard,2023-03-17T09:14:13,2023-03-19T09:14:13,delivered,RTE-DET-20230317-001,2023-03-20T20:14:13,,on_time
SHP-202303-000079,CLI-0007,HUB-IND,standard,2023-03-17T14:53:30,2023-03-19T14:53:30,delivered,RTE-IND-20230317-001,2023-03-20T19:53:30,,on_time
SHP-202303-000080,CLI-0042,HUB-CIN,expedited,2023-03-07T10:09:04,2023-03-11T10:09:04,delivered,,2023-03-11T10:09:04,,on_time
SHP-202303-000081,CLI-0155,HUB-DET,standard,2023-03-14T06:38:39,2023-03-16T06:38:39,delivered,,2023-03-17T14:38:39,,on_time
SHP-202303-000082,CLI-0042,HUB-DET,standard,2023-03-21T18:59:37,2023-03-24T18:59:37,delivered,RTE-DET-20230322-001,2023-03-25T03:59:37,,on_time
SHP-202303-000083,CLI-0042,HUB-DET,freight,2023-03-21T12:00:17,2023-03-25T12:00:17,delivered,RTE-DET-20230322-001,2023-03-25T20:00:17,,on_time
SHP-202303-000084,CLI-0007,HUB-CMH,standard,2023-03-20T06:31:01,2023-03-21T06:31:01,delivered,RTE-CMH-20230321-001,2023-03-22T23:31:01,,on_time
SHP-202303-000085,CLI-0007,HUB-CHI,standard,2023-03-23T15:48:07,2023-03-27T15:48:07,delivered,RTE-CHI-20230324-007,2023-03-27T15:48:07,,on_time
SHP-202303-000086,CLI-0007,HUB-CIN,standard,2023-03-10T06:14:51,2023-03-12T06:14:51,delivered,,2023-03-12T17:14:51,,on_time
SHP-202303-000087,CLI-0201,HUB-DET,standard,2023-03-20T09:26:56,2023-03-21T09:26:56,delivered,,2023-03-25T09:26:56,,on_time
SHP-202303-000088,CLI-0042,HUB-CHI,standard,2023-03-14T11:40:33,2023-03-15T11:40:33,delivered,RTE-CHI-20230314-001,2023-03-16T23:40:33,,on_time
SHP-202303-000089,CLI-0201,HUB-IND,standard,2023-03-17T15:47:20,2023-03-25T15:47:20,delayed,RTE-IND-20230317-001,2023-03-25T07:47:20,8,4-12h
SHP-202303-000090,CLI-0169,HUB-CMH,standard,2023-03-24T18:48:54,2023-03-25T18:48:54,delivered,,2023-03-27T12:48:54,,on_time
SHP-202303-000091,CLI-0042,HUB-CHI,standard,2023-03-29T20:09:57,2023-03-30T20:09:57,delivered,RTE-CHI-20230329-001,2023-04-01T07:09:57,,on_time
SHP-202303-000092,CLI-0042,HUB-DET,standard,2023-03-20T07:09:14,2023-03-22T07:09:14,delivered,RTE-DET-20230320-002,2023-03-23T15:09:14,,on_time
SHP-202303-000093,CLI-0007,HUB-CHI,expedited,2023-03-08T09:51:26,2023-03-09T09:51:26,delivered,RTE-CHI-20230308-005,2023-03-11T01:51:26,,on_time
SHP-202303-000094,CLI-0201,HUB-IND,standard,2023-03-01T07:12:55,2023-03-04T07:12:55,delivered,,2023-03-05T16:12:55,,on_time
SHP-202303-000095,CLI-0007,HUB-CHI,freight,2023-03-14T13:49:49,2023-03-15T13:49:49,delivered,RTE-CHI-20230314-001,2023-03-19T03:49:49,,on_time
SHP-202303-000096,CLI-0042,HUB-CMH,freight,2023-03-20T10:34:45,2023-03-21T10:34:45,delivered,,2023-03-24T23:34:45,,on_time
SHP-202303-000097,CLI-0007,HUB-IND,standard,2023-03-13T06:00:31,2023-03-16T06:00:31,delivered,RTE-IND-20230313-002,2023-03-16T10:00:31,,on_time
SHP-202303-000098,CLI-0169,HUB-DET,freight,2023-03-22T17:08:42,2023-03-25T17:08:42,delivered,RTE-DET-20230322-001,2023-03-27T03:08:42,,on_time
SHP-202303-000099,CLI-0169,HUB-IND,standard,2023-03-08T20:25:24,2023-03-09T20:25:24,delivered,RTE-IND-20230310-003,2023-03-12T04:25:24,,on_time
SHP-202303-000100,CLI-0169,HUB-CIN,freight,2023-03-23T16:43:24,2023-03-24T16:43:24,delivered,RTE-CIN-20230323-001,2023-03-27T19:43:24,,on_time
SHP-202303-000101,CLI-0201,HUB-CMH,expedited,2023-03-08T06:38:51,2023-03-09T06:38:51,delivered,RTE-CMH-20230308-001,2023-03-11T06:38:51,,on_time
SHP-202303-000102,CLI-0007,HUB-DET,standard,2023-03-11T19:36:09,2023-03-12T19:36:09,delivered,RTE-DET-20230311-001,2023-03-14T16:36:09,,on_time
SHP-202303-000103,CLI-0169,HUB-CMH,expedited,2023-03-06T16:34:35,2023-03-10T16:34:35,delivered,RTE-CMH-20230307-004,2023-03-10T16:34:35,,on_time
SHP-202303-000104,CLI-0155,HUB-CMH,standard,2023-03-22T14:47:54,2023-03-24T14:47:54,delivered,RTE-CMH-20230322-001,2023-03-25T22:47:54,,on_time
SHP-202303-000105,CLI-0201,HUB-IND,expedited,2023-03-06T19:41:26,2023-03-12T19:41:26,delayed,RTE-IND-20230306-002,2023-03-12T17:41:26,2,<4h
SHP-202303-000106,CLI-0201,HUB-CMH,standard,2023-03-22T08:39:38,2023-03-23T08:39:38,delivered,RTE-CMH-20230322-001,2023-03-26T17:39:38,,on_time
SHP-202303-000107,CLI-0201,HUB-CHI,expedited,2023-03-02T12:24:24,2023-03-05T12:24:24,delivered,RTE-CHI-20230302-003,2023-03-05T20:24:24,,on_time
SHP-202303-000108,CLI-0169,HUB-DET,freight,2023-03-01T20:30:49,2023-03-02T20:30:49,delivered,RTE-DET-20230303-001,2023-03-06T02:30:49,,on_time
SHP-202303-000109,CLI-0155,HUB-CHI,standard,2023-03-22T18:01:53,2023-03-26T18:01:53,delivered,RTE-CHI-20230322-001,2023-03-26T18:01:53,,on_time
SHP-202303-000110,CLI-0201,HUB-IND,expedited,2023-03-30T15:29:39,2023-04-03T15:29:39,delivered,RTE-IND-20230402-001,2023-04-03T15:29:39,,on_time
SHP-202303-000111,CLI-0042,HUB-CHI,standard,2023-03-03T10:10:39,2023-03-05T10:10:39,delivered,RTE-CHI-20230303-001,2023-03-06T00:10:39,,on_time
SHP-202303-000112,CLI-0169,HUB-CIN,standard,2023-03-24T12:21:38,2023-03-28T12:21:38,delivered,,2023-03-28T12:21:38,,on_time
SHP-202303-000113,CLI-0201,HUB-CIN,freight,2023-03-12T15:43:40,2023-03-15T15:43:40,delivered,,2023-03-17T21:43:40,,on_time
SHP-202303-000114,CLI-0042,HUB-CHI,standard,2023-03-13T11:01:11,2023-03-14T11:01:11,delivered,,2023-03-16T03:01:11,,on_time
SHP-202303-000115,CLI-0201,HUB-CMH,expedited,2023-03-29T06:28:10,2023-04-01T06:28:10,delivered,RTE-CMH-20230330-001,2023-04-01T11:28:10,,on_time
SHP-202303-000116,CLI-0201,HUB-CHI,standard,2023-03-29T15:13:01,2023-03-31T15:13:01,delivered,RTE-CHI-20230329-001,2023-04-02T23:13:01,,on_time
SHP-202303-000117,CLI-0169,HUB-DET,expedited,2023-03-10T10:37:23,2023-03-13T10:37:23,delivered,RTE-DET-20230310-002,2023-03-13T10:37:23,,on_time
SHP-202303-000118,CLI-0042,HUB-CHI,standard,2023-03-30T15:46:45,2023-04-02T15:46:45,delivered,,2023-04-02T15:46:45,,on_time
SHP-202303-000119,CLI-0042,HUB-CMH,standard,2023-03-13T16:01:46,2023-03-16T16:01:46,delivered,RTE-CMH-20230313-001,2023-03-17T07:01:46,,on_time
SHP-202303-000120,CLI-0155,HUB-CMH,freight,2023-03-14T16:22:32,2023-03-15T16:22:32,delivered,RTE-CMH-20230315-001,2023-03-19T09:22:32,,on_time
SHP-202303-000121,CLI-0169,HUB-CMH,freight,2023-03-28T15:56:18,2023-03-31T15:56:18,delivered,,2023-04-01T10:56:18,,on_time
SHP-202303-000122,CLI-0007,HUB-CMH,expedited,2023-03-08T11:59:52,2023-03-12T11:59:52,delivered,RTE-CMH-20230308-001,2023-03-12T11:59:52,,on_time
SHP-202303-000123,CLI-0201,HUB-CIN,expedited,2023-03-01T09:50:20,2023-03-02T09:50:20,delivered,RTE-CIN-20230301-002,2023-03-04T09:50:20,,on_time
SHP-202303-000124,CLI-0155,HUB-CMH,standard,2023-03-02T11:02:20,2023-03-05T11:02:20,delivered,RTE-CMH-20230303-001,2023-03-05T18:02:20,,on_time
SHP-202303-000125,CLI-0201,HUB-CMH,expedited,2023-03-14T09:25:58,2023-03-15T09:25:58,delivered,RTE-CMH-20230314-004,2023-03-17T09:25:58,,on_time
SHP-202303-000126,CLI-0007,HUB-IND,standard,2023-03-23T20:49:36,2023-03-27T20:49:36,delivered,RTE-IND-20230323-001,2023-03-27T20:49:36,,on_time
SHP-202303-000127,CLI-0042,HUB-CIN,expedited,2023-03-24T14:28:27,2023-03-27T14:28:27,delivered,,2023-03-27T14:28:27,,on_time
SHP-202303-000128,CLI-0007,HUB-CMH,standard,2023-03-25T12:27:32,2023-03-26T12:27:32,delivered,RTE-CMH-20230325-001,2023-03-28T05:27:32,,on_time
SHP-202303-000129,CLI-0155,HUB-DET,standard,2023-03-24T11:56:29,2023-03-25T11:56:29,delivered,RTE-DET-20230324-002,2023-03-27T21:56:29,,on_time
SHP-202303-000130,CLI-0201,HUB-IND,standard,2023-03-22T19:22:05,2023-03-23T19:22:05,delivered,RTE-IND-20230322-001,2023-03-27T01:22:05,,on_time
SHP-202303-000131,CLI-0201,HUB-CIN,standard,2023-03-15T12:27:12,2023-03-16T12:27:12,delivered,RTE-CIN-20230315-002,2023-03-20T00:27:12,,on_time
SHP-202303-000132,CLI-0155,HUB-CIN,standard,2023-03-09T11:51:10,2023-03-10T11:51:10,delivered,RTE-CIN-20230309-001,2023-03-12T21:51:10,,on_time
SHP-202303-000133,CLI-0155,HUB-IND,freight,2023-03-23T14:58:47,2023-03-24T14:58:47,delivered,RTE-IND-20230323-001,2023-03-27T10:58:47,,on_time
SHP-202303-000134,CLI-0169,HUB-IND,expedited,2023-03-01T20:08:30,2023-03-04T20:08:30,delivered,RTE-IND-20230301-002,2023-03-04T20:08:30,,on_time
SHP-202303-000135,CLI-0155,HUB-CMH,standard,2023-03-31T08:03:37,2023-04-04T08:03:37,delivered,,2023-04-04T08:03:37,,on_time
SHP-202303-000136,CLI-0201,HUB-IND,freight,2023-03-16T19:10:43,2023-03-17T19:10:43,delivered,RTE-IND-20230316-002,2023-03-22T01:10:43,,on_time
SHP-202303-000137,CLI-0169,HUB-CIN,expedited,2023-03-15T18:17:59,2023-03-18T18:17:59,delivered,,2023-03-18T18:17:59,,on_time
SHP-202303-000138,CLI-0007,HUB-CIN,freight,2023-03-17T10:28:42,2023-03-21T10:28:42,delivered,RTE-CIN-20230317-001,2023-03-21T10:28:42,,on_time
SHP-202303-000139,CLI-0201,HUB-IND,standard,2023-03-13T13:38:56,2023-03-14T13:38:56,delivered,RTE-IND-20230313-003,2023-03-17T17:38:56,,on_time
SHP-202303-000140,CLI-0007,HUB-CMH,standard,2023-03-07T17:27:29,2023-03-10T17:27:29,delivered,RTE-CMH-20230307-003,2023-03-10T17:27:29,,on_time
SHP-202303-000141,CLI-0042,HUB-CIN,expedited,2023-03-06T11:57:58,2023-03-10T11:57:58,delivered,RTE-CIN-20230308-001,2023-03-10T11:57:58,,on_time
SHP-202303-000142,CLI-0042,HUB-CHI,freight,2023-03-10T12:25:43,2023-03-11T12:25:43,delivered,RTE-CHI-20230310-002,2023-03-14T01:25:43,,on_time
SHP-202303-000143,CLI-0155,HUB-IND,standard,2023-03-03T17:12:01,2023-03-07T17:12:01,delivered,RTE-IND-20230303-001,2023-03-07T17:12:01,,on_time
SHP-202303-000144,CLI-0042,HUB-CMH,standard,2023-03-09T11:07:10,2023-03-11T11:07:10,delivered,RTE-CMH-20230310-002,2023-03-13T00:07:10,,on_time
SHP-202303-000145,CLI-0007,HUB-CIN,standard,2023-03-17T16:27:16,2023-03-21T16:27:16,delivered,,2023-03-21T16:27:16,,on_time
SHP-202303-000146,CLI-0007,HUB-CHI,standard,2023-03-30T15:02:31,2023-03-31T15:02:31,delivered,RTE-CHI-20230330-002,2023-04-02T22:02:31,,on_time
SHP-202303-000147,CLI-0155,HUB-CMH,standard,2023-03-02T16:03:35,2023-03-06T16:03:35,delivered,RTE-CMH-20230303-001,2023-03-06T16:03:35,,on_time
SHP-202303-000148,CLI-0007,HUB-DET,standard,2023-03-14T14:26:00,2023-03-18T14:26:00,delivered,,2023-03-18T14:26:00,,on_time
SHP-202303-000149,CLI-0007,HUB-IND,standard,2023-03-02T11:53:31,2023-03-05T11:53:31,delivered,RTE-IND-20230302-005,2023-03-05T15:53:31,,on_time
SHP-202303-000150,CLI-0155,HUB-CHI,freight,2023-03-16T18:24:02,2023-03-17T18:24:02,delivered,RTE-CHI-20230318-001,2023-03-21T02:24:02,,on_time
SHP-202303-000151,CLI-0201,HUB-IND,expedited,2023-03-28T14:28:44,2023-04-05T14:28:44,delayed,RTE-IND-20230328-001,2023-04-05T05:28:44,9,4-12h
SHP-202303-000152,CLI-0007,HUB-CIN,standard,2023-03-23T08:45:59,2023-03-24T08:45:59,delivered,RTE-CIN-20230323-003,2023-03-25T20:45:59,,on_time
SHP-202303-000153,CLI-0042,HUB-IND,standard,2023-03-28T11:34:42,2023-03-31T11:34:42,delivered,RTE-IND-20230328-001,2023-03-31T12:34:42,,on_time
SHP-202303-000154,CLI-0042,HUB-IND,freight,2023-03-20T15:19:29,2023-03-21T15:19:29,delivered,RTE-IND-20230320-005,2023-03-24T20:19:29,,on_time
SHP-202303-000155,CLI-0042,HUB-DET,standard,2023-03-23T16:38:50,2023-03-26T16:38:50,delivered,,2023-03-27T10:38:50,,on_time
SHP-202303-000156,CLI-0169,HUB-CMH,freight,2023-03-27T13:39:53,2023-03-30T13:39:53,delivered,,2023-03-31T12:39:53,,on_time
SHP-202303-000157,CLI-0155,HUB-IND,standard,2023-03-02T18:58:12,2023-03-03T18:58:12,delivered,RTE-IND-20230303-001,2023-03-05T21:58:12,,on_time
SHP-202303-000158,CLI-0155,HUB-CHI,standard,2023-03-05T18:31:40,2023-03-06T18:31:40,delivered,,2023-03-09T01:31:40,,on_time
SHP-202303-000159,CLI-0155,HUB-DET,expedited,2023-03-24T07:27:06,2023-03-25T07:27:06,delivered,RTE-DET-20230324-001,2023-03-27T01:27:06,,on_time
SHP-202303-000160,CLI-0007,HUB-CMH,expedited,2023-03-13T15:46:59,2023-03-17T15:46:59,delivered,RTE-CMH-20230315-002,2023-03-17T15:46:59,,on_time
SHP-202304-000001,CLI-0169,HUB-CHI,standard,2023-04-18T10:28:23,2023-04-22T10:28:23,delivered,RTE-CHI-20230418-001,2023-04-22T12:28:23,,on_time
SHP-202304-000002,CLI-0007,HUB-CMH,standard,2023-04-06T07:06:13,2023-04-08T07:06:13,delivered,RTE-CMH-20230406-003,2023-04-08T15:06:13,,on_time
SHP-202304-000003,CLI-0155,HUB-CIN,standard,2023-04-17T16:01:58,2023-04-19T16:01:58,delivered,RTE-CIN-20230418-001,2023-04-21T00:01:58,,on_time
SHP-202304-000004,CLI-0155,HUB-CMH,standard,2023-04-14T08:36:39,2023-04-15T08:36:39,delivered,RTE-CMH-20230414-005,2023-04-17T22:36:39,,on_time
SHP-202304-000005,CLI-0042,HUB-CMH,standard,2023-04-17T10:38:22,2023-04-18T10:38:22,delivered,RTE-CMH-20230417-002,2023-04-21T01:38:22,,on_time
SHP-202304-000006,CLI-0042,HUB-CHI,standard,2023-04-21T18:48:48,2023-04-24T18:48:48,delivered,RTE-CHI-20230421-004,2023-04-24T18:48:48,,on_time
SHP-202304-000007,CLI-0155,HUB-CHI,standard,2023-04-01T15:31:13,2023-04-10T15:31:13,delayed,RTE-CHI-20230401-001,2023-04-10T05:31:13,10,4-12h
SHP-202304-000008,CLI-0007,HUB-IND,standard,2023-04-01T17:38:39,2023-04-02T17:38:39,delivered,,2023-04-04T20:38:39,,on_time
SHP-202304-000009,CLI-0007,HUB-DET,freight,2023-04-18T10:37:01,2023-04-19T10:37:01,delivered,,2023-04-22T09:37:01,,on_time
SHP-202304-000010,CLI-0169,HUB-CMH,standard,2023-04-28T09:58:53,2023-04-30T09:58:53,delivered,,2023-05-01T11:58:53,,on_time
SHP-202304-000011,CLI-0042,HUB-CIN,standard,2023-04-03T14:50:01,2023-04-04T14:50:01,delivered,RTE-CIN-20230404-002,2023-04-07T03:50:01,,on_time
SHP-202304-000012,CLI-0201,HUB-IND,expedited,2023-04-11T17:42:31,2023-04-13T17:42:31,delivered,RTE-IND-20230411-002,2023-04-14T17:42:31,,on_time
SHP-202304-000013,CLI-0201,HUB-DET,standard,2023-04-13T14:30:22,2023-04-14T14:30:22,delivered,,2023-04-18T14:30:22,,on_time
SHP-202304-000014,CLI-0155,HUB-CMH,standard,2023-04-22T09:05:12,2023-04-24T09:05:12,delivered,RTE-CMH-20230422-001,2023-04-26T02:05:12,,on_time
SHP-202304-000015,CLI-0169,HUB-CIN,standard,2023-04-30T12:19:35,2023-05-01T12:19:35,delivered,RTE-CIN-20230430-001,2023-05-03T15:19:35,,on_time
SHP-202304-000016,CLI-0155,HUB-IND,standard,2023-04-14T20:17:50,2023-04-18T20:17:50,delivered,RTE-IND-20230414-003,2023-04-18T20:17:50,,on_time
SHP-202304-000017,CLI-0007,HUB-CIN,expedited,2023-04-14T13:32:34,2023-04-18T13:32:34,delivered,RTE-CIN-20230414-003,2023-04-18T13:32:34,,on_time
SHP-202304-000018,CLI-0042,HUB-IND,expedited,2023-04-18T10:58:13,2023-04-21T10:58:13,delivered,RTE-IND-20230418-002,2023-04-21T10:58:13,,on_time
SHP-202304-000019,CLI-0042,HUB-IND,freight,2023-04-04T13:57:00,2023-04-05T13:57:00,delivered,RTE-IND-20230404-001,2023-04-08T13:57:00,,on_time
SHP-202304-000020,CLI-0007,HUB-CMH,standard,2023-04-11T18:27:09,2023-04-13T18:27:09,delivered,,2023-04-14T00:27:09,,on_time
SHP-202304-000021,CLI-0155,HUB-CIN,standard,2023-04-19T15:04:18,2023-04-20T15:04:18,delivered,RTE-CIN-20230419-001,2023-04-23T04:04:18,,on_time
SHP-202304-000022,CLI-0201,HUB-CIN,standard,2023-04-10T09:28:34,2023-04-11T09:28:34,delivered,RTE-CIN-20230410-001,2023-04-14T21:28:34,,on_time
SHP-202304-000023,CLI-0201,HUB-CMH,standard,2023-04-12T16:35:42,2023-04-13T16:35:42,delivered,RTE-CMH-20230412-005,2023-04-16T23:35:42,,on_time
SHP-202304-000024,CLI-0007,HUB-DET,expedited,2023-04-01T10:14:42,,failed,RTE-DET-20230402-001,2023-04-03T08:14:42,,
SHP-202304-000025,CLI-0201,HUB-CHI,standard,2023-04-10T08:01:08,2023-04-14T08:01:08,delivered,,2023-04-14T13:01:08,,on_time
SHP-202304-000026,CLI-0155,HUB-CIN,expedited,2023-04-21T10:56:52,2023-04-22T10:56:52,delivered,RTE-CIN-20230421-001,2023-04-23T22:56:52,,on_time
SHP-202304-000027,CLI-0155,HUB-DET,standard,2023-04-21T14:12:11,2023-04-24T14:12:11,delivered,RTE-DET-20230421-001,2023-04-24T21:12:11,,on_time
SHP-202304-000028,CLI-0042,HUB-CIN,expedited,2023-04-27T12:23:41,2023-04-29T12:23:41,delivered,,2023-04-30T01:23:41,,on_time
SHP-202304-000029,CLI-0155,HUB-CIN,standard,2023-04-27T18:05:27,2023-05-01T18:05:27,delivered,,2023-05-01T18:05:27,,on_time
SHP-202304-000030,CLI-0201,HUB-CMH,expedited,2023-04-29T14:47:03,2023-04-30T14:47:03,delivered,RTE-CMH-20230430-002,2023-05-02T23:47:03,,on_time
SHP-202304-000031,CLI-0155,HUB-CHI,freight,2023-04-03T10:45:45,2023-04-07T10:45:45,delivered,RTE-CHI-20230403-002,2023-04-07T17:45:45,,on_time
SHP-202304-000032,CLI-0155,HUB-CHI,standard,2023-04-13T19:41:25,2023-04-14T19:41:25,delivered,,2023-04-17T08:41:25,,on_time
SHP-202304-000033,CLI-0201,HUB-CMH,expedited,2023-04-17T11:16:55,2023-04-18T11:16:55,delivered,RTE-CMH-20230417-001,2023-04-20T23:16:55,,on_time
SHP-202304-000034,CLI-0007,HUB-DET,freight,2023-04-18T15:38:39,2023-04-21T15:38:39,delivered,RTE-DET-20230418-003,2023-04-22T20:38:39,,on_time
SHP-202304-000035,CLI-0155,HUB-IND,expedited,2023-04-14T09:41:33,2023-04-15T09:41:33,delivered,,2023-04-16T10:41:33,,on_time
SHP-202304-000036,CLI-0042,HUB-DET,freight,2023-04-05T17:24:44,2023-04-07T17:24:44,delivered,RTE-DET-20230405-003,2023-04-10T10:24:44,,on_time
SHP-202304-000037,CLI-0201,HUB-IND,expedited,2023-04-05T15:03:57,2023-04-08T15:03:57,delivered,RTE-IND-20230405-004,2023-04-08T18:03:57,,on_time
SHP-202304-000038,CLI-0042,HUB-CHI,standard,2023-04-18T09:19:09,2023-04-24T09:19:09,delayed,RTE-CHI-20230418-001,2023-04-24T03:19:09,6,4-12h
SHP-202304-000039,CLI-0007,HUB-CMH,standard,2023-04-24T15:14:49,2023-04-25T15:14:49,delivered,RTE-CMH-20230424-003,2023-04-26T22:14:49,,on_time
SHP-202304-000040,CLI-0169,HUB-CIN,standard,2023-04-19T13:15:59,2023-04-21T13:15:59,delivered,RTE-CIN-20230419-002,2023-04-22T12:15:59,,on_time
SHP-202304-000041,CLI-0201,HUB-CHI,standard,2023-04-04T06:42:45,2023-04-05T06:42:45,delivered,RTE-CHI-20230404-001,2023-04-08T07:42:45,,on_time
SHP-202304-000042,CLI-0169,HUB-CMH,standard,2023-04-07T13:17:21,2023-04-08T13:17:21,delivered,RTE-CMH-20230410-003,2023-04-10T14:17:21,,on_time
SHP-202304-000043,CLI-0169,HUB-CMH,expedited,2023-04-05T10:06:26,2023-04-06T10:06:26,delivered,RTE-CMH-20230406-001,2023-04-07T16:06:26,,on_time
SHP-202304-000044,CLI-0201,HUB-CIN,expedited,2023-04-28T12:09:25,2023-05-01T12:09:25,delivered,RTE-CIN-20230428-002,2023-05-01T13:09:25,,on_time
SHP-202304-000045,CLI-0042,HUB-DET,standard,2023-04-30T09:15:57,2023-05-01T09:15:57,delivered,RTE-DET-20230430-001,2023-05-03T23:15:57,,on_time
SHP-202304-000046,CLI-0201,HUB-IND,standard,2023-04-28T15:55:23,2023-04-29T15:55:23,delivered,RTE-IND-20230430-001,2023-05-02T22:55:23,,on_time
SHP-202304-000047,CLI-0007,HUB-DET,expedited,2023-04-18T15:22:00,2023-04-19T15:22:00,delivered,RTE-DET-20230419-001,2023-04-20T16:22:00,,on_time
SHP-202304-000048,CLI-0201,HUB-IND,freight,2023-04-06T18:33:12,2023-04-07T18:33:12,delivered,RTE-IND-20230406-003,2023-04-11T20:33:12,,on_time
SHP-202304-000049,CLI-0201,HUB-CHI,freight,2023-04-13T19:08:26,2023-04-14T19:08:26,delivered,RTE-CHI-20230414-003,2023-04-19T03:08:26,,on_time
SHP-202304-000050,CLI-0155,HUB-CIN,freight,2023-04-28T12:56:17,2023-04-29T12:56:17,delivered,RTE-CIN-20230428-004,2023-05-03T00:56:17,,on_time
SHP-202304-000051,CLI-0169,HUB-CHI,expedited,2023-04-07T17:15:22,2023-04-10T17:15:22,delivered,,2023-04-10T17:15:22,,on_time
SHP-202304-000052,CLI-0007,HUB-IND,freight,2023-04-21T16:40:50,2023-04-22T16:40:50,delivered,RTE-IND-20230421-002,2023-04-25T18:40:50,,on_time
SHP-202304-000053,CLI-0201,HUB-CIN,standard,2023-04-26T17:18:32,2023-04-29T17:18:32,delivered,RTE-CIN-20230426-001,2023-05-01T02:18:32,,on_time
SHP-202304-000054,CLI-0169,HUB-CMH,standard,2023-04-07T18:27:35,2023-04-08T18:27:35,delivered,,2023-04-10T15:27:35,,on_time
SHP-202304-000055,CLI-0201,HUB-IND,standard,2023-04-19T18:38:26,2023-04-20T18:38:26,delivered,RTE-IND-20230419-001,2023-04-24T00:38:26,,on_time
SHP-202304-000056,CLI-0201,HUB-CIN,expedited,2023-04-24T09:12:38,2023-04-25T09:12:38,delivered,RTE-CIN-20230424-003,2023-04-27T16:12:38,,on_time
SHP-202304-000057,CLI-0169,HUB-CHI,expedited,2023-04-05T13:55:16,2023-04-09T13:55:16,delivered,RTE-CHI-20230406-001,2023-04-09T13:55:16,,on_time
SHP-202304-000058,CLI-0007,HUB-IND,freight,2023-04-15T19:42:05,2023-04-16T19:42:05,delivered,RTE-IND-20230415-001,2023-04-19T17:42:05,,on_time
SHP-202304-000059,CLI-0169,HUB-CHI,standard,2023-04-27T11:53:58,2023-04-29T11:53:58,delivered,RTE-CHI-20230427-002,2023-05-01T10:53:58,,on_time
SHP-202304-000060,CLI-0169,HUB-CHI,expedited,2023-04-07T07:34:02,2023-04-08T07:34:02,delivered,RTE-CHI-20230407-001,2023-04-10T03:34:02,,on_time
SHP-202304-000061,CLI-0155,HUB-CHI,expedited,2023-04-06T17:11:30,2023-04-07T17:11:30,delivered,RTE-CHI-20230406-001,2023-04-09T04:11:30,,on_time
SHP-202304-000062,CLI-0155,HUB-DET,standard,2023-04-28T18:46:46,2023-04-30T18:46:46,delivered,RTE-DET-20230428-003,2023-05-02T03:46:46,,on_time
SHP-202304-000063,CLI-0169,HUB-CHI,freight,2023-04-05T11:36:51,2023-04-07T11:36:51,delivered,,2023-04-10T15:36:51,,on_time
SHP-202304-000064,CLI-0155,HUB-CMH,standard,2023-04-04T20:08:29,2023-04-05T20:08:29,delivered,RTE-CMH-20230404-002,2023-04-08T07:08:29,,on_time
SHP-202304-000065,CLI-0169,HUB-IND,standard,2023-04-12T08:26:31,2023-04-14T08:26:31,delivered,RTE-IND-20230412-002,2023-04-16T01:26:31,,on_time
SHP-202304-000066,CLI-0007,HUB-IND,standard,2023-04-21T17:01:07,2023-04-24T17:01:07,delivered,,2023-04-24T18:01:07,,on_time
SHP-202304-000067,CLI-0007,HUB-IND,standard,2023-04-25T16:58:05,2023-04-26T16:58:05,delivered,RTE-IND-20230426-002,2023-04-28T14:58:05,,on_time
SHP-202304-000068,CLI-0169,HUB-CIN,standard,2023-04-09T17:20:18,2023-04-13T17:20:18,delivered,RTE-CIN-20230410-001,2023-04-13T17:20:18,,on_time
SHP-202304-000069,CLI-0201,HUB-IND,expedited,2023-04-14T10:26:38,2023-04-16T10:26:38,delivered,RTE-IND-20230414-002,2023-04-17T14:26:38,,on_time
SHP-202304-000070,CLI-0169,HUB-CMH,standard,2023-04-02T07:48:36,2023-04-03T07:48:36,delivered,RTE-CMH-20230404-001,2023-04-05T01:48:36,,on_time
SHP-202304-000071,CLI-0042,HUB-CHI,expedited,2023-04-11T16:32:59,2023-04-13T16:32:59,delivered,RTE-CHI-20230411-001,2023-04-13T16:32:59,,on_time
SHP-202304-000072,CLI-0155,HUB-CMH,freight,2023-04-13T11:29:05,2023-04-17T11:29:05,delivered,RTE-CMH-20230414-002,2023-04-17T18:29:05,,on_time
SHP-202304-000073,CLI-0169,HUB-CMH,freight,2023-04-10T11:16:28,2023-04-11T11:16:28,delivered,RTE-CMH-20230410-003,2023-04-14T13:16:28,,on_time
SHP-202304-000074,CLI-0155,HUB-CMH,standard,2023-04-26T09:42:52,2023-04-27T09:42:52,delivered,RTE-CMH-20230426-003,2023-04-29T19:42:52,,on_time
SHP-202304-000075,CLI-0007,HUB-DET,expedited,2023-04-19T08:56:08,2023-04-22T08:56:08,delivered,RTE-DET-20230421-001,2023-04-22T08:56:08,,on_time
SHP-202304-000076,CLI-0155,HUB-CHI,expedited,2023-04-22T18:54:29,2023-04-25T18:54:29,delivered,,2023-04-25T18:54:29,,on_time
SHP-202304-000077,CLI-0042,HUB-DET,expedited,2023-04-21T11:49:20,2023-04-22T11:49:20,delivered,RTE-DET-20230421-002,2023-04-23T17:49:20,,on_time
SHP-202304-000078,CLI-0007,HUB-CHI,standard,2023-04-04T18:27:06,2023-04-05T18:27:06,delivered,RTE-CHI-20230404-001,2023-04-08T07:27:06,,on_time
SHP-202304-000079,CLI-0155,HUB-CMH,freight,2023-04-20T06:37:33,2023-04-23T06:37:33,delivered,RTE-CMH-20230421-001,2023-04-24T17:37:33,,on_time
SHP-202304-000080,CLI-0201,HUB-CIN,freight,2023-04-19T11:38:16,2023-04-20T11:38:16,delivered,RTE-CIN-20230419-001,2023-04-24T21:38:16,,on_time
SHP-202304-000081,CLI-0201,HUB-IND,standard,2023-04-14T10:24:49,2023-04-17T10:24:49,delivered,RTE-IND-20230414-002,2023-04-18T15:24:49,,on_time
SHP-202304-000082,CLI-0155,HUB-IND,standard,2023-04-05T19:05:30,2023-04-06T19:05:30,delivered,RTE-IND-20230405-003,2023-04-08T16:05:30,,on_time
SHP-202304-000083,CLI-0201,HUB-IND,freight,2023-04-18T09:01:44,2023-04-20T09:01:44,delivered,,2023-04-23T13:01:44,,on_time
SHP-202304-000084,CLI-0201,HUB-IND,standard,2023-04-03T08:08:43,2023-04-04T08:08:43,delivered,RTE-IND-20230403-003,2023-04-07T10:08:43,,on_time
SHP-202304-000085,CLI-0155,HUB-CMH,standard,2023-04-26T20:32:29,2023-04-30T20:32:29,delivered,RTE-CMH-20230426-001,2023-04-30T20:32:29,,on_time
SHP-202304-000086,CLI-0169,HUB-IND,standard,2023-04-18T09:14:35,2023-04-19T09:14:35,delivered,RTE-IND-20230418-001,2023-04-22T01:14:35,,on_time
SHP-202304-000087,CLI-0007,HUB-IND,standard,2023-04-11T12:14:55,2023-04-12T12:14:55,delivered,RTE-IND-20230411-001,2023-04-14T06:14:55,,on_time
SHP-202304-000088,CLI-0042,HUB-CHI,expedited,2023-04-14T15:16:24,2023-04-17T15:16:24,delivered,,2023-04-17T15:16:24,,on_time
SHP-202304-000089,CLI-0169,HUB-IND,standard,2023-04-13T18:04:50,2023-04-17T18:04:50,delivered,RTE-IND-20230413-002,2023-04-17T18:04:50,,on_time
SHP-202304-000090,CLI-0007,HUB-CHI,expedited,2023-04-26T09:31:22,2023-04-27T09:31:22,delivered,,2023-04-29T02:31:22,,on_time
SHP-202304-000091,CLI-0155,HUB-CHI,standard,2023-04-10T18:50:29,2023-04-13T18:50:29,delivered,RTE-CHI-20230412-005,2023-04-14T11:50:29,,on_time
SHP-202304-000092,CLI-0155,HUB-CMH,standard,2023-04-07T20:04:14,2023-04-11T20:04:14,delivered,RTE-CMH-20230410-003,2023-04-11T20:04:14,,on_time
SHP-202304-000093,CLI-0201,HUB-DET,standard,2023-04-27T17:29:38,2023-04-28T17:29:38,delivered,RTE-DET-20230427-002,2023-05-02T10:29:38,,on_time
SHP-202304-000094,CLI-0007,HUB-CIN,standard,2023-04-04T08:13:30,2023-04-05T08:13:30,delivered,RTE-CIN-20230404-002,2023-04-06T15:13:30,,on_time
SHP-202304-000095,CLI-0042,HUB-CHI,standard,2023-04-20T13:08:30,2023-04-21T13:08:30,delivered,,2023-04-22T23:08:30,,on_time
SHP-202304-000096,CLI-0201,HUB-DET,expedited,2023-04-26T16:43:12,2023-04-27T16:43:12,delivered,RTE-DET-20230427-001,2023-04-30T04:43:12,,on_time
SHP-202304-000097,CLI-0169,HUB-IND,standard,2023-04-22T10:36:13,2023-04-25T10:36:13,delivered,RTE-IND-20230423-003,2023-04-26T02:36:13,,on_time
SHP-202304-000098,CLI-0042,HUB-CIN,standard,2023-04-22T15:29:16,2023-04-25T15:29:16,delivered,RTE-CIN-20230423-001,2023-04-26T00:29:16,,on_time
SHP-202304-000099,CLI-0155,HUB-CMH,expedited,2023-04-24T06:14:07,2023-04-28T06:14:07,delivered,RTE-CMH-20230424-002,2023-04-28T06:14:07,,on_time
SHP-202304-000100,CLI-0007,HUB-CMH,expedited,2023-04-20T08:40:32,2023-04-22T08:40:32,delivered,RTE-CMH-20230421-001,2023-04-22T08:40:32,,on_time
SHP-202304-000101,CLI-0155,HUB-IND,standard,2023-04-12T20:57:49,2023-04-14T20:57:49,delivered,RTE-IND-20230412-001,2023-04-15T18:57:49,,on_time
SHP-202304-000102,CLI-0169,HUB-CHI,expedited,2023-04-10T13:56:03,2023-04-14T13:56:03,delivered,RTE-CHI-20230411-001,2023-04-14T13:56:03,,on_time
SHP-202304-000103,CLI-0155,HUB-CHI,standard,2023-04-04T10:39:30,2023-04-08T10:39:30,delivered,,2023-04-08T10:39:30,,on_time
SHP-202304-000104,CLI-0007,HUB-CMH,standard,2023-04-27T19:01:26,2023-04-28T19:01:26,delivered,RTE-CMH-20230428-003,2023-04-30T07:01:26,,on_time
SHP-202304-000105,CLI-0169,HUB-CIN,standard,2023-04-26T06:11:58,2023-04-28T06:11:58,delivered,RTE-CIN-20230426-002,2023-04-29T05:11:58,,on_time
SHP-202304-000106,CLI-0155,HUB-CHI,expedited,2023-04-07T17:23:22,2023-04-08T17:23:22,delivered,RTE-CHI-20230407-001,2023-04-10T05:23:22,,on_time
SHP-202304-000107,CLI-0042,HUB-CIN,standard,2023-04-14T07:14:22,2023-04-18T07:14:22,delivered,,2023-04-18T07:14:22,,on_time
SHP-202304-000108,CLI-0007,HUB-DET,expedited,2023-04-03T07:16:02,2023-04-07T07:16:02,delivered,,2023-04-07T07:16:02,,on_time
SHP-202304-000109,CLI-0155,HUB-IND,expedited,2023-04-20T14:16:21,2023-04-21T14:16:21,delivered,,2023-04-22T18:16:21,,on_time
SHP-202304-000110,CLI-0007,HUB-DET,expedited,2023-04-18T07:38:15,2023-04-19T07:38:15,delivered,RTE-DET-20230418-002,2023-04-20T07:38:15,,on_time
SHP-202304-000111,CLI-0201,HUB-CIN,freight,2023-04-27T15:37:10,2023-04-29T15:37:10,delivered,RTE-CIN-20230427-001,2023-05-02T20:37:10,,on_time
SHP-202304-000112,CLI-0007,HUB-CMH,standard,2023-04-09T14:15:44,2023-04-10T14:15:44,delivered,RTE-CMH-20230410-002,2023-04-11T22:15:44,,on_time
SHP-202304-000113,CLI-0155,HUB-CHI,freight,2023-04-17T07:13:43,2023-04-18T07:13:43,delivered,,2023-04-21T14:13:43,,on_time
SHP-202304-000114,CLI-0155,HUB-CIN,freight,2023-04-29T09:30:52,2023-04-30T09:30:52,delivered,RTE-CIN-20230430-001,2023-05-04T03:30:52,,on_time
SHP-202304-000115,CLI-0042,HUB-DET,standard,2023-04-21T16:11:40,2023-04-23T16:11:40,delivered,RTE-DET-20230421-001,2023-04-25T08:11:40,,on_time
SHP-202304-000116,CLI-0155,HUB-CIN,standard,2023-04-17T13:08:19,2023-04-18T13:08:19,delivered,RTE-CIN-20230417-002,2023-04-21T02:08:19,,on_time
SHP-202304-000117,CLI-0169,HUB-DET,freight,2023-04-09T12:26:05,2023-04-12T12:26:05,delivered,RTE-DET-20230410-001,2023-04-13T23:26:05,,on_time
SHP-202304-000118,CLI-0007,HUB-CIN,standard,2023-04-07T06:26:53,2023-04-08T06:26:53,delivered,RTE-CIN-20230407-002,2023-04-09T20:26:53,,on_time
SHP-202304-000119,CLI-0169,HUB-CMH,freight,2023-04-06T08:36:55,2023-04-07T08:36:55,delivered,RTE-CMH-20230406-001,2023-04-10T14:36:55,,on_time
SHP-202304-000120,CLI-0007,HUB-DET,expedited,2023-04-06T16:21:03,2023-04-10T16:21:03,delivered,RTE-DET-20230406-003,2023-04-10T16:21:03,,on_time
SHP-202304-000121,CLI-0169,HUB-IND,expedited,2023-04-13T20:30:24,2023-04-16T20:30:24,delivered,RTE-IND-20230413-002,2023-04-16T20:30:24,,on_time
SHP-202304-000122,CLI-0155,HUB-CMH,expedited,2023-04-14T12:15:05,2023-04-18T12:15:05,delivered,RTE-CMH-20230414-003,2023-04-18T12:15:05,,on_time
SHP-202304-000123,CLI-0007,HUB-CMH,standard,2023-04-30T12:12:19,2023-05-01T12:12:19,delivered,RTE-CMH-20230430-001,2023-05-03T03:12:19,,on_time
SHP-202304-000124,CLI-0007,HUB-CIN,standard,2023-04-04T07:51:56,2023-04-06T07:51:56,delivered,RTE-CIN-20230404-002,2023-04-06T23:51:56,,on_time
SHP-202304-000125,CLI-0201,HUB-CHI,standard,2023-04-20T09:26:13,2023-04-22T09:26:13,delivered,RTE-CHI-20230421-002,2023-04-24T18:26:13,,on_time
SHP-202304-000126,CLI-0201,HUB-CMH,expedited,2023-04-27T19:04:54,2023-04-30T19:04:54,delivered,,2023-04-30T20:04:54,,on_time
SHP-202304-000127,CLI-0042,HUB-DET,expedited,2023-04-05T14:17:22,2023-04-06T14:17:22,delivered,,2023-04-08T00:17:22,,on_time
SHP-202304-000128,CLI-0042,HUB-CHI,standard,2023-04-25T09:37:00,2023-04-26T09:37:00,delivered,RTE-CHI-20230425-001,2023-04-28T03:37:00,,on_time
SHP-202304-000129,CLI-0155,HUB-DET,freight,2023-04-07T09:26:23,2023-04-09T09:26:23,delivered,RTE-DET-20230409-001,2023-04-11T23:26:23,,on_time
SHP-202304-000130,CLI-0201,HUB-CHI,standard,2023-04-21T07:34:51,2023-04-22T07:34:51,delivered,,2023-04-25T12:34:51,,on_time
SHP-202304-000131,CLI-0042,HUB-IND,standard,2023-04-10T17:47:39,2023-04-13T17:47:39,delivered,RTE-IND-20230410-001,2023-04-13T22:47:39,,on_time
SHP-202304-000132,CLI-0155,HUB-IND,standard,2023-04-13T14:29:29,2023-04-21T14:29:29,delayed,RTE-IND-20230413-001,2023-04-21T12:29:29,2,<4h
SHP-202304-000133,CLI-0155,HUB-CMH,freight,2023-04-28T07:43:52,2023-05-02T07:43:52,delivered,,2023-05-02T23:43:52,,on_time
SHP-202304-000134,CLI-0201,HUB-DET,standard,2023-04-19T08:10:02,2023-04-20T08:10:02,delivered,RTE-DET-20230419-003,2023-04-24T03:10:02,,on_time
SHP-202304-000135,CLI-0042,HUB-CMH,standard,2023-04-26T18:27:23,2023-04-27T18:27:23,delivered,,2023-04-30T12:27:23,,on_time
SHP-202304-000136,CLI-0042,HUB-CHI,standard,2023-04-27T11:06:47,2023-04-30T11:06:47,delivered,RTE-CHI-20230427-001,2023-04-30T11:06:47,,on_time
SHP-202304-000137,CLI-0042,HUB-CIN,expedited,2023-04-13T17:34:12,2023-04-15T17:34:12,delivered,,2023-04-16T05:34:12,,on_time
SHP-202304-000138,CLI-0201,HUB-CIN,standard,2023-04-14T12:17:25,2023-04-15T12:17:25,delivered,,2023-04-18T13:17:25,,on_time
SHP-202304-000139,CLI-0155,HUB-DET,standard,2023-04-21T17:49:37,2023-04-22T17:49:37,delivered,RTE-DET-20230421-002,2023-04-25T05:49:37,,on_time
SHP-202304-000140,CLI-0201,HUB-DET,standard,2023-04-27T20:35:24,2023-04-30T20:35:24,delivered,RTE-DET-20230427-002,2023-05-02T14:35:24,,on_time
SHP-202304-000141,CLI-0007,HUB-CIN,standard,2023-04-11T17:46:48,2023-04-12T17:46:48,delivered,RTE-CIN-20230411-002,2023-04-14T09:46:48,,on_time
SHP-202304-000142,CLI-0042,HUB-CMH,expedited,2023-04-29T20:54:00,2023-05-01T20:54:00,delivered,,2023-05-02T06:54:00,,on_time
SHP-202304-000143,CLI-0155,HUB-CIN,standard,2023-04-14T14:47:05,2023-04-15T14:47:05,delivered,RTE-CIN-20230414-001,2023-04-18T00:47:05,,on_time
SHP-202304-000144,CLI-0201,HUB-CIN,freight,2023-04-17T14:42:13,2023-04-20T14:42:13,delivered,RTE-CIN-20230417-001,2023-04-22T21:42:13,,on_time
SHP-202304-000145,CLI-0042,HUB-DET,standard,2023-04-17T12:52:55,2023-04-18T12:52:55,delivered,RTE-DET-20230417-002,2023-04-21T03:52:55,,on_time
SHP-202305-000001,CLI-0201,HUB-IND,standard,2023-05-08T11:33:42,2023-05-10T11:33:42,delivered,,2023-05-12T21:33:42,,on_time
SHP-202305-000002,CLI-0042,HUB-CMH,expedited,2023-05-08T13:00:16,2023-05-11T13:00:16,delivered,RTE-CMH-20230508-002,2023-05-11T13:00:16,,on_time
SHP-202305-000003,CLI-0155,HUB-IND,freight,2023-05-30T06:43:55,2023-05-31T06:43:55,delivered,RTE-IND-20230531-002,2023-06-03T01:43:55,,on_time
SHP-202305-000004,CLI-0201,HUB-CMH,standard,2023-05-14T16:15:04,2023-05-16T16:15:04,delivered,RTE-CMH-20230514-002,2023-05-18T21:15:04,,on_time
SHP-202305-000005,CLI-0155,HUB-CHI,standard,2023-05-16T09:54:46,2023-05-17T09:54:46,delivered,,2023-05-19T16:54:46,,on_time
SHP-202305-000006,CLI-0169,HUB-DET,freight,2023-05-15T18:32:00,2023-05-16T18:32:00,delivered,RTE-DET-20230515-001,2023-05-20T10:32:00,,on_time
SHP-202305-000007,CLI-0155,HUB-CIN,standard,2023-05-29T07:41:23,2023-05-30T07:41:23,delivered,RTE-CIN-20230529-001,2023-06-01T13:41:23,,on_time
SHP-202305-000008,CLI-0201,HUB-DET,expedited,2023-05-08T06:42:27,2023-05-09T06:42:27,delivered,RTE-DET-20230508-002,2023-05-11T21:42:27,,on_time
SHP-202305-000009,CLI-0007,HUB-CIN,freight,2023-05-16T12:10:06,2023-05-20T12:10:06,delivered,RTE-CIN-20230516-002,2023-05-20T12:10:06,,on_time
SHP-202305-000010,CLI-0201,HUB-CHI,standard,2023-05-19T15:32:47,2023-05-22T15:32:47,delivered,RTE-CHI-20230519-004,2023-05-24T00:32:47,,on_time
SHP-202305-000011,CLI-0169,HUB-DET,standard,2023-05-24T09:04:35,2023-05-25T09:04:35,delivered,RTE-DET-20230524-001,2023-05-27T21:04:35,,on_time
SHP-202305-000012,CLI-0007,HUB-DET,expedited,2023-05-19T19:13:18,2023-05-22T19:13:18,delivered,RTE-DET-20230519-001,2023-05-22T19:13:18,,on_time
SHP-202305-000013,CLI-0201,HUB-DET,standard,2023-05-12T07:24:30,2023-05-16T07:24:30,delivered,RTE-DET-20230512-001,2023-05-16T21:24:30,,on_time
SHP-202305-000014,CLI-0042,HUB-CHI,freight,2023-05-18T11:13:39,2023-05-22T11:13:39,delivered,RTE-CHI-20230519-003,2023-05-22T11:13:39,,on_time
SHP-202305-000015,CLI-0155,HUB-IND,standard,2023-05-04T14:50:38,2023-05-05T14:50:38,delivered,RTE-IND-20230504-002,2023-05-07T11:50:38,,on_time
SHP-202305-000016,CLI-0042,HUB-IND,standard,2023-05-12T10:21:05,2023-05-14T10:21:05,delivered,,2023-05-15T10:21:05,,on_time
SHP-202305-000017,CLI-0155,HUB-CMH,standard,2023-05-28T06:40:15,2023-05-30T06:40:15,delivered,RTE-CMH-20230529-001,2023-05-31T13:40:15,,on_time
SHP-202305-000018,CLI-0169,HUB-IND,freight,2023-05-12T15:02:32,2023-05-13T15:02:32,delivered,RTE-IND-20230512-002,2023-05-17T08:02:32,,on_time
SHP-202305-000019,CLI-0007,HUB-DET,standard,2023-05-02T12:28:45,2023-05-06T12:28:45,delivered,RTE-DET-20230502-001,2023-05-06T12:28:45,,on_time
SHP-202305-000020,CLI-0042,HUB-DET,standard,2023-05-09T17:02:04,2023-05-10T17:02:04,delivered,RTE-DET-20230510-001,2023-05-13T08:02:04,,on_time
SHP-202305-000021,CLI-0042,HUB-CMH,expedited,2023-05-15T14:03:23,2023-05-16T14:03:23,delivered,RTE-CMH-20230515-002,2023-05-18T01:03:23,,on_time
SHP-202305-000022,CLI-0201,HUB-DET,standard,2023-05-09T09:11:42,2023-05-10T09:11:42,delivered,RTE-DET-20230509-001,2023-05-13T23:11:42,,on_time
SHP-202305-000023,CLI-0201,HUB-CHI,expedited,2023-05-30T20:44:54,2023-06-03T20:44:54,delivered,,2023-06-03T20:44:54,,on_time
SHP-202305-000024,CLI-0042,HUB-CHI,standard,2023-05-03T14:15:37,2023-05-06T14:15:37,delivered,,2023-05-06T14:15:37,,on_time
SHP-202305-000025,CLI-0155,HUB-CIN,standard,2023-05-11T14:56:15,2023-05-15T14:56:15,delivered,RTE-CIN-20230512-001,2023-05-15T14:56:15,,on_time
SHP-202305-000026,CLI-0042,HUB-CMH,standard,2023-05-28T15:30:29,2023-05-29T15:30:29,delivered,RTE-CMH-20230529-001,2023-06-01T06:30:29,,on_time
SHP-202305-000027,CLI-0007,HUB-CMH,freight,2023-05-01T17:16:47,2023-05-03T17:16:47,delivered,,2023-05-05T04:16:47,,on_time
SHP-202305-000028,CLI-0169,HUB-CMH,freight,2023-05-09T14:52:52,2023-05-12T14:52:52,delivered,RTE-CMH-20230509-001,2023-05-13T12:52:52,,on_time
SHP-202305-000029,CLI-0155,HUB-CIN,expedited,2023-05-24T13:41:37,2023-05-27T13:41:37,delivered,RTE-CIN-20230524-002,2023-05-27T13:41:37,,on_time
SHP-202305-000030,CLI-0042,HUB-CIN,expedited,2023-05-17T07:44:23,2023-05-21T07:44:23,delivered,RTE-CIN-20230517-001,2023-05-21T07:44:23,,on_time
SHP-202305-000031,CLI-0155,HUB-CHI,expedited,2023-05-04T11:58:24,2023-05-08T11:58:24,delivered,RTE-CHI-20230504-001,2023-05-08T11:58:24,,on_time
SHP-202305-000032,CLI-0007,HUB-DET,standard,2023-05-11T19:09:40,2023-05-12T19:09:40,delivered,,2023-05-14T15:09:40,,on_time
SHP-202305-000033,CLI-0042,HUB-CIN,freight,2023-05-01T10:08:31,2023-05-02T10:08:31,delivered,RTE-CIN-20230502-001,2023-05-06T03:08:31,,on_time
SHP-202305-000034,CLI-0007,HUB-CMH,standard,2023-05-04T08:27:57,2023-05-07T08:27:57,delivered,RTE-CMH-20230504-002,2023-05-07T08:27:57,,on_time
SHP-202305-000035,CLI-0155,HUB-CIN,freight,2023-05-31T20:23:19,2023-06-04T20:23:19,delivered,RTE-CIN-20230531-001,2023-06-05T04:23:19,,on_time
SHP-202305-000036,CLI-0042,HUB-DET,expedited,2023-05-19T16:38:11,2023-05-20T16:38:11,delivered,RTE-DET-20230519-003,2023-05-22T05:38:11,,on_time
SHP-202305-000037,CLI-0042,HUB-CMH,expedited,2023-05-09T09:58:30,2023-05-13T09:58:30,delivered,RTE-CMH-20230509-002,2023-05-13T09:58:30,,on_time
SHP-202305-000038,CLI-0042,HUB-CHI,standard,2023-05-09T16:17:02,2023-05-13T16:17:02,delivered,RTE-CHI-20230509-001,2023-05-13T16:17:02,,on_time
SHP-202305-000039,CLI-0007,HUB-CMH,standard,2023-05-29T07:31:43,2023-06-02T07:31:43,delivered,RTE-CMH-20230529-001,2023-06-02T07:31:43,,on_time
SHP-202305-000040,CLI-0042,HUB-CIN,standard,2023-05-26T20:22:49,2023-05-27T20:22:49,delivered,RTE-CIN-20230528-001,2023-05-30T03:22:49,,on_time
SHP-202305-000041,CLI-0201,HUB-CIN,freight,2023-05-09T08:43:33,2023-05-11T08:43:33,delivered,RTE-CIN-20230509-002,2023-05-14T12:43:33,,on_time
SHP-202305-000042,CLI-0042,HUB-CMH,standard,2023-05-08T17:47:27,2023-05-09T17:47:27,delivered,RTE-CMH-20230508-002,2023-05-12T00:47:27,,on_time
SHP-202305-000043,CLI-0155,HUB-CIN,standard,2023-05-25T12:29:17,2023-05-26T12:29:17,delivered,,2023-05-28T23:29:17,,on_time
SHP-202305-000044,CLI-0169,HUB-CHI,freight,2023-05-01T13:21:22,2023-05-05T13:21:22,delivered,RTE-CHI-20230502-002,2023-05-06T18:21:22,,on_time
SHP-202305-000045,CLI-0007,HUB-DET,freight,2023-05-28T15:32:04,2023-05-29T15:32:04,delivered,RTE-DET-20230528-001,2023-06-01T19:32:04,,on_time
SHP-202305-000046,CLI-0155,HUB-CMH,standard,2023-05-08T07:42:52,2023-05-09T07:42:52,delivered,RTE-CMH-20230510-001,2023-05-11T15:42:52,,on_time
SHP-202305-000047,CLI-0201,HUB-IND,standard,2023-05-26T06:59:16,2023-05-30T06:59:16,delivered,,2023-05-30T14:59:16,,on_time
SHP-202305-000048,CLI-0007,HUB-CIN,freight,2023-05-23T20:33:58,2023-05-25T20:33:58,delivered,RTE-CIN-20230525-002,2023-05-27T04:33:58,,on_time
SHP-202305-000049,CLI-0042,HUB-CMH,standard,2023-05-24T13:55:30,2023-05-25T13:55:30,delivered,RTE-CMH-20230524-002,2023-05-27T20:55:30,,on_time
SHP-202305-000050,CLI-0155,HUB-IND,expedited,2023-05-14T07:00:46,2023-05-15T07:00:46,delivered,RTE-IND-20230515-001,2023-05-16T05:00:46,,on_time
SHP-202305-000051,CLI-0042,HUB-IND,standard,2023-05-24T07:39:39,2023-05-25T07:39:39,delivered,RTE-IND-20230524-001,2023-05-27T05:39:39,,on_time
SHP-202305-000052,CLI-0169,HUB-CIN,expedited,2023-05-08T19:37:14,2023-05-11T19:37:14,delivered,RTE-CIN-20230508-002,2023-05-11T19:37:14,,on_time
SHP-202305-000053,CLI-0042,HUB-IND,standard,2023-05-14T16:57:50,2023-05-15T16:57:50,delivered,,2023-05-17T15:57:50,,on_time
SHP-202305-000054,CLI-0007,HUB-CIN,standard,2023-05-29T16:02:25,2023-05-30T16:02:25,delivered,RTE-CIN-20230530-001,2023-06-01T06:02:25,,on_time
SHP-202305-000055,CLI-0007,HUB-DET,standard,2023-05-10T08:34:05,2023-05-12T08:34:05,delivered,RTE-DET-20230510-001,2023-05-13T11:34:05,,on_time
SHP-202305-000056,CLI-0007,HUB-CIN,freight,2023-05-05T06:07:34,2023-05-09T06:07:34,delivered,,2023-05-09T06:07:34,,on_time
SHP-202305-000057,CLI-0169,HUB-CMH,expedited,2023-05-27T15:46:46,2023-05-30T15:46:46,delivered,RTE-CMH-20230529-002,2023-05-30T15:46:46,,on_time
SHP-202305-000058,CLI-0007,HUB-CHI,standard,2023-05-08T06:10:34,2023-05-10T06:10:34,delivered,,2023-05-11T13:10:34,,on_time
SHP-202305-000059,CLI-0042,HUB-CMH,standard,2023-05-15T13:15:50,2023-05-16T13:15:50,delivered,RTE-CMH-20230515-002,2023-05-18T20:15:50,,on_time
SHP-202305-000060,CLI-0155,HUB-DET,standard,2023-05-01T06:43:13,2023-05-03T06:43:13,delivered,RTE-DET-20230501-002,2023-05-04T19:43:13,,on_time
SHP-202305-000061,CLI-0201,HUB-CHI,standard,2023-05-09T11:59:27,2023-05-10T11:59:27,delivered,,2023-05-13T22:59:27,,on_time
SHP-202305-000062,CLI-0042,HUB-IND,freight,2023-05-24T06:27:36,2023-05-28T06:27:36,delivered,RTE-IND-20230524-002,2023-05-28T11:27:36,,on_time
SHP-202305-000063,CLI-0155,HUB-CIN,standard,2023-05-02T10:52:16,2023-05-04T10:52:16,delivered,RTE-CIN-20230502-001,2023-05-06T00:52:16,,on_time
SHP-202305-000064,CLI-0007,HUB-DET,standard,2023-05-18T18:32:59,2023-05-21T18:32:59,delivered,RTE-DET-20230518-002,2023-05-21T18:32:59,,on_time
SHP-202305-000065,CLI-0155,HUB-CHI,freight,2023-05-20T07:04:04,2023-05-24T07:04:04,delivered,RTE-CHI-20230522-001,2023-05-24T22:04:04,,on_time
SHP-202305-000066,CLI-0169,HUB-DET,expedited,2023-05-29T11:22:08,2023-05-30T11:22:08,delivered,RTE-DET-20230530-001,2023-05-31T18:22:08,,on_time
SHP-202305-000067,CLI-0201,HUB-IND,freight,2023-05-10T16:23:44,2023-05-13T16:23:44,delivered,,2023-05-16T00:23:44,,on_time
SHP-202305-000068,CLI-0169,HUB-DET,expedited,2023-05-01T17:12:49,2023-05-03T17:12:49,delivered,,2023-05-04T02:12:49,,on_time
SHP-202305-000069,CLI-0201,HUB-CMH,freight,2023-05-01T09:40:49,2023-05-05T09:40:49,delivered,RTE-CMH-20230502-001,2023-05-06T12:40:49,,on_time
SHP-202305-000070,CLI-0201,HUB-CHI,freight,2023-05-23T09:51:15,2023-05-24T09:51:15,delivered,RTE-CHI-20230523-001,2023-05-28T19:51:15,,on_time
SHP-202305-000071,CLI-0155,HUB-CIN,expedited,2023-05-21T15:57:41,2023-05-25T15:57:41,delivered,RTE-CIN-20230521-001,2023-05-25T15:57:41,,on_time
SHP-202305-000072,CLI-0042,HUB-IND,standard,2023-05-28T10:27:08,2023-05-30T10:27:08,delivered,RTE-IND-20230528-001,2023-05-31T05:27:08,,on_time
SHP-202305-000073,CLI-0155,HUB-CIN,expedited,2023-05-07T18:35:20,2023-05-10T18:35:20,delivered,RTE-CIN-20230507-001,2023-05-10T18:35:20,,on_time
SHP-202305-000074,CLI-0201,HUB-CMH,standard,2023-05-18T17:31:51,2023-05-19T17:31:51,delivered,,2023-05-22T22:31:51,,on_time
SHP-202305-000075,CLI-0042,HUB-CHI,standard,2023-05-03T12:14:39,2023-05-04T12:14:39,delivered,RTE-CHI-20230503-001,2023-05-05T18:14:39,,on_time
SHP-202305-000076,CLI-0169,HUB-DET,expedited,2023-05-15T19:36:46,2023-05-19T19:36:46,delivered,RTE-DET-20230515-002,2023-05-19T19:36:46,,on_time
SHP-202305-000077,CLI-0201,HUB-DET,standard,2023-05-22T19:56:49,2023-05-23T19:56:49,delivered,RTE-DET-20230522-003,2023-05-27T10:56:49,,on_time
SHP-202305-000078,CLI-0042,HUB-CHI,freight,2023-05-26T08:44:23,2023-05-30T08:44:23,delivered,RTE-CHI-20230526-003,2023-05-30T08:44:23,,on_time
SHP-202305-000079,CLI-0155,HUB-DET,expedited,2023-05-04T09:10:05,2023-05-05T09:10:05,delivered,RTE-DET-20230505-001,2023-05-06T18:10:05,,on_time
SHP-202305-000080,CLI-0169,HUB-CMH,standard,2023-05-11T09:05:54,2023-05-12T09:05:54,delivered,RTE-CMH-20230511-001,2023-05-14T08:05:54,,on_time
SHP-202305-000081,CLI-0155,HUB-CMH,standard,2023-05-05T19:06:43,2023-05-08T19:06:43,delivered,RTE-CMH-20230505-001,2023-05-09T09:06:43,,on_time
SHP-202305-000082,CLI-0007,HUB-DET,expedited,2023-05-15T06:15:31,2023-05-16T06:15:31,delivered,RTE-DET-20230515-001,2023-05-17T01:15:31,,on_time
SHP-202305-000083,CLI-0201,HUB-CIN,freight,2023-05-10T17:54:35,2023-05-14T17:54:35,delivered,,2023-05-15T19:54:35,,on_time
SHP-202305-000084,CLI-0007,HUB-CMH,standard,2023-05-05T14:49:49,2023-05-07T14:49:49,delivered,RTE-CMH-20230505-001,2023-05-08T08:49:49,,on_time
SHP-202305-000085,CLI-0007,HUB-IND,standard,2023-05-22T17:37:05,2023-05-23T17:37:05,delivered,RTE-IND-20230522-001,2023-05-25T12:37:05,,on_time
SHP-202305-000086,CLI-0042,HUB-CIN,expedited,2023-05-22T08:10:47,2023-05-25T08:10:47,delivered,,2023-05-25T08:10:47,,on_time
SHP-202305-000087,CLI-0169,HUB-CIN,standard,2023-05-19T20:17:12,2023-05-23T20:17:12,delivered,RTE-CIN-20230519-002,2023-05-23T20:17:12,,on_time
SHP-202305-000088,CLI-0169,HUB-CMH,expedited,2023-05-10T13:37:31,2023-05-11T13:37:31,delivered,,2023-05-12T16:37:31,,on_time
SHP-202305-000089,CLI-0201,HUB-IND,expedited,2023-05-03T18:41:46,2023-05-04T18:41:46,delivered,RTE-IND-20230504-001,2023-05-06T18:41:46,,on_time
SHP-202305-000090,CLI-0007,HUB-DET,standard,2023-05-21T16:30:44,2023-05-27T16:30:44,delayed,RTE-DET-20230521-001,2023-05-27T08:30:44,8,4-12h
SHP-202305-000091,CLI-0042,HUB-IND,standard,2023-05-08T14:52:42,2023-05-09T14:52:42,delivered,RTE-IND-20230509-001,2023-05-11T10:52:42,,on_time
SHP-202305-000092,CLI-0042,HUB-CMH,standard,2023-05-17T07:45:01,2023-05-18T07:45:01,delivered,RTE-CMH-20230518-002,2023-05-21T00:45:01,,on_time
SHP-202305-000093,CLI-0007,HUB-DET,freight,2023-05-18T10:32:34,2023-05-20T10:32:34,delivered,,2023-05-22T11:32:34,,on_time
SHP-202305-000094,CLI-0007,HUB-CIN,freight,2023-05-16T16:50:28,2023-05-20T16:50:28,delivered,RTE-CIN-20230516-002,2023-05-20T16:50:28,,on_time
SHP-202305-000095,CLI-0169,HUB-IND,standard,2023-05-18T19:27:20,2023-05-19T19:27:20,delivered,RTE-IND-20230518-002,2023-05-22T06:27:20,,on_time
SHP-202305-000096,CLI-0042,HUB-CIN,standard,2023-05-03T18:41:28,2023-05-06T18:41:28,delivered,RTE-CIN-20230504-002,2023-05-07T03:41:28,,on_time
SHP-202305-000097,CLI-0169,HUB-CMH,freight,2023-05-22T13:36:38,2023-05-24T13:36:38,delivered,RTE-CMH-20230524-001,2023-05-26T14:36:38,,on_time
SHP-202305-000098,CLI-0007,HUB-CIN,standard,2023-05-09T18:49:48,2023-05-11T18:49:48,delivered,,2023-05-12T07:49:48,,on_time
SHP-202305-000099,CLI-0042,HUB-CIN,freight,2023-05-22T17:16:31,2023-05-26T17:16:31,delivered,RTE-CIN-20230522-001,2023-05-27T05:16:31,,on_time
SHP-202305-000100,CLI-0155,HUB-CMH,standard,2023-05-02T12:43:37,2023-05-04T12:43:37,delivered,RTE-CMH-20230502-001,2023-05-06T03:43:37,,on_time
SHP-202305-000101,CLI-0007,HUB-CHI,expedited,2023-05-08T13:07:16,2023-05-12T13:07:16,delivered,RTE-CHI-20230508-001,2023-05-12T13:07:16,,on_time
SHP-202305-000102,CLI-0042,HUB-DET,standard,2023-05-23T07:29:17,2023-05-24T07:29:17,delivered,,2023-05-26T23:29:17,,on_time
SHP-202305-000103,CLI-0042,HUB-CIN,freight,2023-05-09T06:03:42,2023-05-12T06:03:42,delivered,,2023-05-13T13:03:42,,on_time
SHP-202305-000104,CLI-0169,HUB-CIN,standard,2023-05-20T14:33:28,2023-05-24T14:33:28,delivered,RTE-CIN-20230521-002,2023-05-24T14:33:28,,on_time
SHP-202305-000105,CLI-0155,HUB-CIN,standard,2023-05-10T15:42:22,2023-05-13T15:42:22,delivered,RTE-CIN-20230510-002,2023-05-13T23:42:22,,on_time
SHP-202305-000106,CLI-0042,HUB-CMH,standard,2023-05-04T14:41:34,2023-05-05T14:41:34,delivered,RTE-CMH-20230506-001,2023-05-08T03:41:34,,on_time
SHP-202305-000107,CLI-0007,HUB-IND,standard,2023-05-26T11:53:26,2023-05-30T11:53:26,delivered,,2023-05-30T11:53:26,,on_time
SHP-202305-000108,CLI-0007,HUB-CMH,expedited,2023-05-23T15:22:06,2023-05-27T15:22:06,delivered,RTE-CMH-20230523-002,2023-05-27T15:22:06,,on_time
SHP-202305-000109,CLI-0155,HUB-CHI,standard,2023-05-08T15:02:46,2023-05-09T15:02:46,delivered,RTE-CHI-20230508-003,2023-05-12T06:02:46,,on_time
SHP-202305-000110,CLI-0201,HUB-IND,standard,2023-05-01T11:13:51,2023-05-05T11:13:51,delivered,RTE-IND-20230501-001,2023-05-05T21:13:51,,on_time
SHP-202305-000111,CLI-0155,HUB-CMH,expedited,2023-05-25T08:43:50,2023-05-26T08:43:50,delivered,,2023-05-28T00:43:50,,on_time
SHP-202305-000112,CLI-0201,HUB-CHI,freight,2023-05-30T06:40:09,2023-06-01T06:40:09,delivered,,2023-06-04T13:40:09,,on_time
SHP-202305-000113,CLI-0155,HUB-CIN,expedited,2023-05-03T16:44:18,2023-05-07T16:44:18,delivered,RTE-CIN-20230503-001,2023-05-07T16:44:18,,on_time
SHP-202305-000114,CLI-0007,HUB-CMH,expedited,2023-05-24T13:05:07,2023-05-26T13:05:07,delivered,RTE-CMH-20230524-002,2023-05-26T13:05:07,,on_time
SHP-202305-000115,CLI-0201,HUB-CMH,freight,2023-05-26T10:57:00,2023-05-30T10:57:00,delivered,RTE-CMH-20230526-002,2023-05-31T11:57:00,,on_time
SHP-202305-000116,CLI-0007,HUB-CMH,standard,2023-05-03T07:41:58,2023-05-05T07:41:58,delivered,RTE-CMH-20230503-001,2023-05-06T00:41:58,,on_time
SHP-202305-000117,CLI-0007,HUB-CIN,standard,2023-05-25T17:08:54,2023-05-29T17:08:54,delivered,,2023-05-29T17:08:54,,on_time
SHP-202305-000118,CLI-0201,HUB-DET,expedited,2023-05-27T16:27:22,2023-05-30T16:27:22,delivered,,2023-05-31T04:27:22,,on_time
SHP-202305-000119,CLI-0169,HUB-DET,expedited,2023-05-09T11:30:39,2023-05-10T11:30:39,delivered,RTE-DET-20230509-002,2023-05-11T18:30:39,,on_time
SHP-202305-000120,CLI-0201,HUB-IND,expedited,2023-05-16T13:19:40,2023-05-20T13:19:40,delivered,RTE-IND-20230516-002,2023-05-20T13:19:40,,on_time
SHP-202305-000121,CLI-0042,HUB-CMH,freight,2023-05-06T09:12:16,2023-05-09T09:12:16,delivered,RTE-CMH-20230506-001,2023-05-10T16:12:16,,on_time
SHP-202305-000122,CLI-0155,HUB-CMH,standard,2023-05-26T09:30:09,2023-05-30T09:30:09,delivered,RTE-CMH-20230526-001,2023-05-30T09:30:09,,on_time
SHP-202305-000123,CLI-0155,HUB-CHI,standard,2023-05-31T09:32:34,2023-06-02T09:32:34,delivered,RTE-CHI-20230531-001,2023-06-03T19:32:34,,on_time
SHP-202305-000124,CLI-0155,HUB-IND,expedited,2023-05-31T10:28:24,2023-06-04T10:28:24,delivered,RTE-IND-20230531-002,2023-06-04T10:28:24,,on_time
SHP-202305-000125,CLI-0007,HUB-IND,standard,2023-05-12T19:31:02,2023-05-16T19:31:02,delivered,,2023-05-16T19:31:02,,on_time
SHP-202305-000126,CLI-0201,HUB-DET,expedited,2023-05-11T11:26:52,2023-05-12T11:26:52,delivered,RTE-DET-20230511-002,2023-05-15T05:26:52,,on_time
SHP-202305-000127,CLI-0169,HUB-CHI,standard,2023-05-30T15:53:42,2023-06-02T15:53:42,delivered,RTE-CHI-20230531-002,2023-06-03T19:53:42,,on_time
SHP-202305-000128,CLI-0155,HUB-DET,freight,2023-05-29T19:41:51,2023-05-30T19:41:51,delivered,RTE-DET-20230530-001,2023-06-03T01:41:51,,on_time
SHP-202305-000129,CLI-0201,HUB-DET,expedited,2023-05-02T13:15:38,2023-05-04T13:15:38,delivered,RTE-DET-20230502-001,2023-05-06T12:15:38,,on_time
SHP-202305-000130,CLI-0201,HUB-CIN,standard,2023-05-13T14:47:59,2023-05-14T14:47:59,delivered,RTE-CIN-20230513-003,2023-05-17T16:47:59,,on_time
SHP-202305-000131,CLI-0042,HUB-CIN,expedited,2023-05-30T17:44:00,2023-05-31T17:44:00,delivered,RTE-CIN-20230530-001,2023-06-02T07:44:00,,on_time
SHP-202305-000132,CLI-0007,HUB-IND,expedited,2023-05-24T07:18:05,2023-05-26T07:18:05,delivered,RTE-IND-20230524-001,2023-05-26T10:18:05,,on_time
SHP-202305-000133,CLI-0201,HUB-CMH,standard,2023-05-12T07:23:59,2023-05-13T07:23:59,delivered,RTE-CMH-20230512-002,2023-05-16T12:23:59,,on_time
SHP-202305-000134,CLI-0169,HUB-DET,standard,2023-05-02T17:13:59,2023-05-05T17:13:59,delivered,,2023-05-06T01:13:59,,on_time
SHP-202305-000135,CLI-0201,HUB-CMH,standard,2023-05-17T19:40:59,2023-05-18T19:40:59,delivered,,2023-05-22T07:40:59,,on_time
SHP-202305-000136,CLI-0007,HUB-CHI,freight,2023-05-08T11:11:19,2023-05-09T11:11:19,delivered,RTE-CHI-20230509-002,2023-05-12T23:11:19,,on_time
SHP-202305-000137,CLI-0169,HUB-CMH,freight,2023-05-01T15:48:27,2023-05-05T15:48:27,delivered,RTE-CMH-20230501-001,2023-05-05T15:48:27,,on_time
SHP-202305-000138,CLI-0042,HUB-IND,standard,2023-05-23T06:06:08,2023-05-26T06:06:08,delivered,RTE-IND-20230523-003,2023-05-26T07:06:08,,on_time
SHP-202305-000139,CLI-0155,HUB-CHI,freight,2023-05-05T14:28:07,2023-05-08T14:28:07,delivered,RTE-CHI-20230505-002,2023-05-10T00:28:07,,on_time
SHP-202305-000140,CLI-0007,HUB-CHI,freight,2023-05-17T07:07:18,2023-05-19T07:07:18,delivered,RTE-CHI-20230518-001,2023-05-21T15:07:18,,on_time
SHP-202305-000141,CLI-0169,HUB-CIN,expedited,2023-05-14T13:00:33,2023-05-15T13:00:33,delivered,RTE-CIN-20230514-001,2023-05-16T13:00:33,,on_time
SHP-202305-000142,CLI-0169,HUB-IND,standard,2023-05-27T11:14:50,2023-05-28T11:14:50,delivered,,2023-05-30T23:14:50,,on_time
SHP-202305-000143,CLI-0201,HUB-DET,standard,2023-05-31T07:02:16,2023-06-02T07:02:16,delivered,RTE-DET-20230531-004,2023-06-05T01:02:16,,on_time
SHP-202305-000144,CLI-0042,HUB-CHI,expedited,2023-05-05T16:57:44,2023-05-08T16:57:44,delivered,RTE-CHI-20230505-004,2023-05-08T16:57:44,,on_time
SHP-202305-000145,CLI-0169,HUB-CIN,expedited,2023-05-15T08:35:11,2023-05-17T08:35:11,delivered,RTE-CIN-20230515-003,2023-05-17T08:35:11,,on_time
SHP-202305-000146,CLI-0042,HUB-CMH,standard,2023-05-04T10:47:40,2023-05-05T10:47:40,delivered,,2023-05-07T23:47:40,,on_time
SHP-202305-000147,CLI-0155,HUB-CMH,standard,2023-05-24T18:17:05,2023-05-26T18:17:05,delivered,RTE-CMH-20230524-002,2023-05-28T00:17:05,,on_time
SHP-202305-000148,CLI-0201,HUB-CMH,standard,2023-05-03T15:57:31,2023-05-05T15:57:31,delivered,RTE-CMH-20230503-001,2023-05-07T22:57:31,,on_time
SHP-202305-000149,CLI-0042,HUB-CIN,freight,2023-05-03T12:49:17,2023-05-04T12:49:17,delivered,RTE-CIN-20230503-001,2023-05-07T20:49:17,,on_time
SHP-202305-000150,CLI-0169,HUB-IND,expedited,2023-05-09T06:19:40,2023-05-13T06:19:40,delivered,,2023-05-13T06:19:40,,on_time
SHP-202305-000151,CLI-0042,HUB-CMH,freight,2023-05-05T20:30:46,2023-05-09T20:30:46,delivered,,2023-05-10T03:30:46,,on_time
SHP-202306-000001,CLI-0007,HUB-IND,standard,2023-06-15T08:24:47,2023-06-18T08:24:47,delivered,,2023-06-18T08:24:47,,on_time
SHP-202306-000002,CLI-0042,HUB-DET,expedited,2023-06-26T16:41:05,2023-06-28T16:41:05,delivered,RTE-DET-20230627-001,2023-06-29T07:41:05,,on_time
SHP-202306-000003,CLI-0155,HUB-IND,standard,2023-06-29T19:19:03,2023-07-03T19:19:03,delivered,RTE-IND-20230629-001,2023-07-03T19:19:03,,on_time
SHP-202306-000004,CLI-0042,HUB-CMH,freight,2023-06-06T13:22:13,2023-06-08T13:22:13,delivered,RTE-CMH-20230606-002,2023-06-11T06:22:13,,on_time
SHP-202306-000005,CLI-0155,HUB-CHI,expedited,2023-06-02T19:12:49,2023-06-04T19:12:49,delivered,RTE-CHI-20230602-001,2023-06-05T10:12:49,,on_time
SHP-202306-000006,CLI-0201,HUB-CIN,expedited,2023-06-12T08:18:21,2023-06-13T08:18:21,delivered,RTE-CIN-20230613-001,2023-06-15T11:18:21,,on_time
SHP-202306-000007,CLI-0201,HUB-CHI,expedited,2023-06-15T17:37:54,2023-06-16T17:37:54,delivered,,2023-06-18T17:37:54,,on_time
SHP-202306-000008,CLI-0007,HUB-CMH,expedited,2023-06-07T20:58:52,2023-06-11T20:58:52,delivered,RTE-CMH-20230607-001,2023-06-11T20:58:52,,on_time
SHP-202306-000009,CLI-0155,HUB-IND,standard,2023-06-01T07:45:51,2023-06-05T07:45:51,delivered,RTE-IND-20230601-001,2023-06-05T07:45:51,,on_time
SHP-202306-000010,CLI-0042,HUB-CMH,standard,2023-06-03T07:17:35,2023-06-04T07:17:35,delivered,RTE-CMH-20230603-001,2023-06-06T19:17:35,,on_time
SHP-202306-000011,CLI-0201,HUB-DET,standard,2023-06-12T07:56:27,2023-06-13T07:56:27,delivered,,2023-06-17T00:56:27,,on_time
SHP-202306-000012,CLI-0042,HUB-IND,expedited,2023-06-15T19:59:07,2023-06-16T19:59:07,delivered,RTE-IND-20230615-002,2023-06-17T19:59:07,,on_time
SHP-202306-000013,CLI-0169,HUB-CMH,standard,2023-06-11T20:48:22,2023-06-14T20:48:22,delivered,RTE-CMH-20230612-002,2023-06-15T00:48:22,,on_time
SHP-202306-000014,CLI-0169,HUB-DET,freight,2023-06-20T06:36:57,,failed,RTE-DET-20230620-005,2023-06-24T21:36:57,,
SHP-202306-000015,CLI-0042,HUB-CMH,expedited,2023-06-21T18:05:15,2023-06-23T18:05:15,delivered,RTE-CMH-20230621-003,2023-06-24T02:05:15,,on_time
SHP-202306-000016,CLI-0169,HUB-CMH,expedited,2023-06-09T17:12:24,2023-06-10T17:12:24,delivered,RTE-CMH-20230609-004,2023-06-11T20:12:24,,on_time
SHP-202306-000017,CLI-0007,HUB-IND,freight,2023-06-01T13:25:21,2023-06-03T13:25:21,delivered,,2023-06-05T15:25:21,,on_time
SHP-202306-000018,CLI-0007,HUB-DET,freight,2023-06-30T12:08:05,2023-07-01T12:08:05,delivered,RTE-DET-20230630-003,2023-07-04T11:08:05,,on_time
SHP-202306-000019,CLI-0042,HUB-CHI,standard,2023-06-21T18:30:10,2023-06-24T18:30:10,delivered,RTE-CHI-20230621-002,2023-06-24T18:30:10,,on_time
SHP-202306-000020,CLI-0042,HUB-CMH,expedited,2023-06-12T12:24:27,2023-06-13T12:24:27,delivered,,2023-06-15T01:24:27,,on_time
SHP-202306-000021,CLI-0042,HUB-CHI,standard,2023-06-27T13:43:44,2023-06-28T13:43:44,delivered,RTE-CHI-20230627-001,2023-06-29T23:43:44,,on_time
SHP-202306-000022,CLI-0201,HUB-IND,standard,2023-06-18T10:08:06,2023-06-19T10:08:06,delivered,RTE-IND-20230618-001,2023-06-22T16:08:06,,on_time
SHP-202306-000023,CLI-0201,HUB-DET,standard,2023-06-29T16:51:50,2023-07-03T16:51:50,delivered,RTE-DET-20230701-001,2023-07-04T12:51:50,,on_time
SHP-202306-000024,CLI-0155,HUB-CMH,freight,2023-06-01T20:05:16,2023-06-02T20:05:16,delivered,RTE-CMH-20230601-001,2023-06-06T03:05:16,,on_time
SHP-202306-000025,CLI-0169,HUB-IND,standard,2023-06-01T13:55:00,2023-06-03T13:55:00,delivered,,2023-06-04T22:55:00,,on_time
SHP-202306-000026,CLI-0007,HUB-CIN,freight,2023-06-20T10:04:04,2023-06-22T10:04:04,delivered,RTE-CIN-20230620-003,2023-06-24T00:04:04,,on_time
SHP-202306-000027,CLI-0169,HUB-CMH,freight,2023-06-13T19:50:50,2023-06-16T19:50:50,delivered,RTE-CMH-20230614-001,2023-06-18T01:50:50,,on_time
SHP-202306-000028,CLI-0155,HUB-DET,standard,2023-06-03T20:46:59,2023-06-07T20:46:59,delivered,RTE-DET-20230604-001,2023-06-07T20:46:59,,on_time
SHP-202306-000029,CLI-0155,HUB-CIN,standard,2023-06-06T11:46:23,2023-06-07T11:46:23,delivered,RTE-CIN-20230607-002,2023-06-09T23:46:23,,on_time
SHP-202306-000030,CLI-0007,HUB-CHI,standard,2023-06-19T18:40:02,2023-06-21T18:40:02,delivered,RTE-CHI-20230619-002,2023-06-23T01:40:02,,on_time
SHP-202306-000031,CLI-0042,HUB-CMH,expedited,2023-06-17T06:25:57,2023-06-19T06:25:57,delivered,RTE-CMH-20230618-002,2023-06-19T22:25:57,,on_time
SHP-202306-000032,CLI-0155,HUB-CMH,freight,2023-06-07T08:52:19,2023-06-09T08:52:19,delivered,RTE-CMH-20230607-001,2023-06-11T20:52:19,,on_time
SHP-202306-000033,CLI-0007,HUB-CIN,standard,2023-06-12T20:12:57,2023-06-14T20:12:57,delivered,RTE-CIN-20230612-002,2023-06-15T04:12:57,,on_time
SHP-202306-000034,CLI-0169,HUB-CHI,freight,2023-06-28T11:23:03,2023-07-04T11:23:03,delayed,RTE-CHI-20230629-005,2023-07-04T08:23:03,3,<4h
SHP-202306-000035,CLI-0169,HUB-DET,expedited,2023-06-08T07:58:00,2023-06-11T07:58:00,delivered,RTE-DET-20230609-005,2023-06-11T07:58:00,,on_time
SHP-202306-000036,CLI-0201,HUB-CHI,standard,2023-06-26T18:28:45,2023-06-30T18:28:45,delivered,RTE-CHI-20230626-001,2023-07-01T05:28:45,,on_time
SHP-202306-000037,CLI-0042,HUB-CHI,standard,2023-06-20T15:46:44,2023-06-24T15:46:44,delivered,RTE-CHI-20230620-001,2023-06-24T15:46:44,,on_time
SHP-202306-000038,CLI-0042,HUB-DET,freight,2023-06-22T12:05:25,2023-06-23T12:05:25,delivered,RTE-DET-20230622-001,2023-06-26T19:05:25,,on_time
SHP-202306-000039,CLI-0007,HUB-CMH,freight,2023-06-07T06:39:23,2023-06-08T06:39:23,delivered,RTE-CMH-20230607-001,2023-06-10T20:39:23,,on_time
SHP-202306-000040,CLI-0201,HUB-CMH,standard,2023-06-29T19:34:05,2023-06-30T19:34:05,delivered,RTE-CMH-20230629-003,2023-07-03T19:34:05,,on_time
SHP-202306-000041,CLI-0042,HUB-CMH,expedited,2023-06-12T20:49:00,2023-06-13T20:49:00,delivered,,2023-06-15T14:49:00,,on_time
SHP-202306-000042,CLI-0007,HUB-DET,standard,2023-06-06T13:45:34,2023-06-08T13:45:34,delivered,,2023-06-09T11:45:34,,on_time
SHP-202306-000043,CLI-0007,HUB-DET,standard,2023-06-27T09:52:07,2023-06-30T09:52:07,delivered,RTE-DET-20230627-001,2023-06-30T14:52:07,,on_time
SHP-202306-000044,CLI-0042,HUB-DET,expedited,2023-06-14T10:04:24,2023-06-15T10:04:24,delivered,RTE-DET-20230614-001,2023-06-16T21:04:24,,on_time
SHP-202306-000045,CLI-0169,HUB-DET,expedited,2023-06-09T14:45:26,2023-06-11T14:45:26,delivered,RTE-DET-20230609-004,2023-06-11T20:45:26,,on_time
SHP-202306-000046,CLI-0169,HUB-CIN,expedited,2023-06-26T19:27:17,2023-06-27T19:27:17,delivered,RTE-CIN-20230626-002,2023-06-28T13:27:17,,on_time
SHP-202306-000047,CLI-0155,HUB-CIN,standard,2023-06-15T15:53:45,2023-06-16T15:53:45,delivered,RTE-CIN-20230615-001,2023-06-19T09:53:45,,on_time
SHP-202306-000048,CLI-0042,HUB-CHI,expedited,2023-06-22T17:47:37,2023-06-25T17:47:37,delivered,RTE-CHI-20230622-002,2023-06-25T17:47:37,,on_time
SHP-202306-000049,CLI-0155,HUB-DET,standard,2023-06-08T18:24:11,2023-06-09T18:24:11,delivered,RTE-DET-20230608-002,2023-06-12T09:24:11,,on_time
SHP-202306-000050,CLI-0155,HUB-CHI,standard,2023-06-01T06:59:51,2023-06-03T06:59:51,delivered,RTE-CHI-20230601-001,2023-06-04T23:59:51,,on_time
SHP-202306-000051,CLI-0201,HUB-CIN,standard,2023-06-09T13:58:50,2023-06-10T13:58:50,delivered,RTE-CIN-20230609-001,2023-06-13T17:58:50,,on_time
SHP-202306-000052,CLI-0042,HUB-CMH,standard,2023-06-18T11:53:45,2023-06-20T11:53:45,delivered,RTE-CMH-20230618-002,2023-06-22T03:53:45,,on_time
SHP-202306-000053,CLI-0201,HUB-CMH,expedited,2023-06-12T16:11:55,2023-06-13T16:11:55,delivered,RTE-CMH-20230612-001,2023-06-16T03:11:55,,on_time
SHP-202306-000054,CLI-0201,HUB-CMH,standard,2023-06-29T14:20:25,2023-07-03T14:20:25,delivered,RTE-CMH-20230629-003,2023-07-04T01:20:25,,on_time
SHP-202306-000055,CLI-0155,HUB-DET,expedited,2023-06-06T18:17:12,2023-06-07T18:17:12,delivered,RTE-DET-20230606-002,2023-06-09T09:17:12,,on_time
SHP-202306-000056,CLI-0155,HUB-CIN,expedited,2023-06-20T11:36:07,2023-06-24T11:36:07,delivered,RTE-CIN-20230620-002,2023-06-24T11:36:07,,on_time
SHP-202306-000057,CLI-0201,HUB-CIN,standard,2023-06-19T10:55:31,2023-06-21T10:55:31,delivered,RTE-CIN-20230619-001,2023-06-23T15:55:31,,on_time
SHP-202306-000058,CLI-0007,HUB-CIN,expedited,2023-06-03T15:55:29,2023-06-04T15:55:29,delivered,RTE-CIN-20230605-002,2023-06-04T22:55:29,,on_time
SHP-202306-000059,CLI-0201,HUB-DET,standard,2023-06-28T20:40:18,2023-07-02T20:40:18,delivered,RTE-DET-20230628-004,2023-07-03T11:40:18,,on_time
SHP-202306-000060,CLI-0155,HUB-CHI,standard,2023-06-12T14:13:53,2023-06-13T14:13:53,delivered,RTE-CHI-20230612-002,2023-06-15T21:13:53,,on_time
SHP-202306-000061,CLI-0155,HUB-CHI,freight,2023-06-22T09:42:29,2023-06-25T09:42:29,delivered,RTE-CHI-20230622-001,2023-06-26T21:42:29,,on_time
SHP-202306-000062,CLI-0007,HUB-CMH,standard,2023-06-20T18:35:44,2023-06-28T18:35:44,delayed,RTE-CMH-20230620-001,2023-06-28T14:35:44,4,4-12h
SHP-202306-000063,CLI-0201,HUB-CMH,freight,2023-06-24T19:16:27,2023-06-25T19:16:27,delivered,RTE-CMH-20230625-001,2023-06-30T02:16:27,,on_time
SHP-202306-000064,CLI-0201,HUB-CHI,freight,2023-06-12T08:57:25,2023-06-15T08:57:25,delivered,,2023-06-17T18:57:25,,on_time
SHP-202306-000065,CLI-0169,HUB-CHI,freight,2023-06-27T10:10:56,2023-07-01T10:10:56,delivered,RTE-CHI-20230627-001,2023-07-02T06:10:56,,on_time
SHP-202306-000066,CLI-0007,HUB-CMH,expedited,2023-06-06T15:40:31,2023-06-08T15:40:31,delivered,RTE-CMH-20230606-003,2023-06-08T15:40:31,,on_time
SHP-202306-000067,CLI-0169,HUB-CIN,freight,2023-06-19T20:29:09,2023-06-22T20:29:09,delivered,RTE-CIN-20230619-001,2023-06-23T18:29:09,,on_time
SHP-202306-000068,CLI-0201,HUB-CMH,standard,2023-06-09T17:16:18,2023-06-12T17:16:18,delivered,,2023-06-13T18:16:18,,on_time
SHP-202306-000069,CLI-0201,HUB-DET,freight,2023-06-28T20:16:54,2023-06-29T20:16:54,delivered,RTE-DET-20230628-004,2023-07-04T17:16:54,,on_time
SHP-202306-000070,CLI-0042,HUB-CIN,standard,2023-06-12T07:16:27,2023-06-13T07:16:27,delivered,RTE-CIN-20230612-002,2023-06-15T16:16:27,,on_time
SHP-202306-000071,CLI-0042,HUB-CMH,standard,2023-06-20T19:58:09,2023-06-21T19:58:09,delivered,,2023-06-24T13:58:09,,on_time
SHP-202306-000072,CLI-0042,HUB-CHI,freight,2023-06-19T17:16:36,2023-06-23T17:16:36,delivered,,2023-06-23T17:16:36,,on_time
SHP-202306-000073,CLI-0155,HUB-CIN,standard,2023-06-15T07:42:09,2023-06-17T07:42:09,delivered,RTE-CIN-20230615-001,2023-06-18T18:42:09,,on_time
SHP-202306-000074,CLI-0169,HUB-CIN,freight,2023-06-30T19:52:27,2023-07-02T19:52:27,delivered,RTE-CIN-20230630-003,2023-07-04T16:52:27,,on_time
SHP-202306-000075,CLI-0042,HUB-CMH,standard,2023-06-28T11:27:06,2023-06-30T11:27:06,delivered,RTE-CMH-20230628-001,2023-07-01T19:27:06,,on_time
SHP-202306-000076,CLI-0169,HUB-CMH,freight,2023-06-15T07:25:03,2023-06-16T07:25:03,delivered,RTE-CMH-20230616-001,2023-06-19T05:25:03,,on_time
SHP-202306-000077,CLI-0042,HUB-CHI,standard,2023-06-04T08:59:53,2023-06-05T08:59:53,delivered,RTE-CHI-20230604-001,2023-06-06T19:59:53,,on_time
SHP-202306-000078,CLI-0007,HUB-DET,standard,2023-06-10T10:25:35,2023-06-14T10:25:35,delivered,RTE-DET-20230612-001,2023-06-14T10:25:35,,on_time
SHP-202306-000079,CLI-0042,HUB-IND,expedited,2023-06-15T19:57:27,2023-06-17T19:57:27,delivered,RTE-IND-20230615-002,2023-06-17T23:57:27,,on_time
SHP-202306-000080,CLI-0201,HUB-IND,freight,2023-06-05T18:00:15,2023-06-06T18:00:15,delivered,RTE-IND-20230605-001,2023-06-11T05:00:15,,on_time
SHP-202306-000081,CLI-0201,HUB-CIN,freight,2023-06-23T08:15:15,2023-06-25T08:15:15,delivered,RTE-CIN-20230626-002,2023-06-28T18:15:15,,on_time
SHP-202306-000082,CLI-0169,HUB-DET,freight,2023-06-07T20:17:32,2023-06-11T20:17:32,delivered,,2023-06-12T13:17:32,,on_time
SHP-202306-000083,CLI-0201,HUB-CHI,standard,2023-06-19T16:17:04,2023-06-22T16:17:04,delivered,,2023-06-23T23:17:04,,on_time
SHP-202306-000084,CLI-0042,HUB-CIN,standard,2023-06-20T09:09:15,2023-06-21T09:09:15,delivered,RTE-CIN-20230620-001,2023-06-24T02:09:15,,on_time
SHP-202306-000085,CLI-0201,HUB-CMH,standard,2023-06-22T12:41:12,2023-06-24T12:41:12,delivered,RTE-CMH-20230622-004,2023-06-26T14:41:12,,on_time
SHP-202306-000086,CLI-0007,HUB-CMH,standard,2023-06-04T06:04:47,2023-06-05T06:04:47,delivered,RTE-CMH-20230605-001,2023-06-06T16:04:47,,on_time
SHP-202306-000087,CLI-0155,HUB-DET,standard,2023-06-07T20:57:35,2023-06-11T20:57:35,delayed,RTE-DET-20230607-001,2023-06-11T12:57:35,8,4-12h
SHP-202306-000088,CLI-0201,HUB-IND,expedited,2023-06-05T15:22:23,2023-06-06T15:22:23,delivered,RTE-IND-20230605-001,2023-06-09T03:22:23,,on_time
SHP-202306-000089,CLI-0169,HUB-CHI,standard,2023-06-29T14:32:11,2023-07-03T14:32:11,delivered,RTE-CHI-20230630-002,2023-07-03T17:32:11,,on_time
SHP-202306-000090,CLI-0169,HUB-CMH,standard,2023-06-09T11:40:09,2023-06-13T11:40:09,delivered,RTE-CMH-20230609-004,2023-06-13T11:40:09,,on_time
SHP-202306-000091,CLI-0201,HUB-IND,freight,2023-06-13T08:04:39,2023-06-16T08:04:39,delivered,RTE-IND-20230613-001,2023-06-18T16:04:39,,on_time
SHP-202306-000092,CLI-0155,HUB-CHI,standard,2023-06-05T10:47:47,2023-06-09T10:47:47,delivered,RTE-CHI-20230605-001,2023-06-09T10:47:47,,on_time
SHP-202306-000093,CLI-0201,HUB-CIN,expedited,2023-06-07T12:41:48,2023-06-08T12:41:48,delivered,RTE-CIN-20230608-001,2023-06-10T13:41:48,,on_time
SHP-202306-000094,CLI-0201,HUB-DET,expedited,2023-06-05T11:55:31,2023-06-06T11:55:31,delivered,RTE-DET-20230605-002,2023-06-08T23:55:31,,on_time
SHP-202306-000095,CLI-0007,HUB-CMH,standard,2023-06-12T17:33:27,2023-06-13T17:33:27,delivered,RTE-CMH-20230612-001,2023-06-15T07:33:27,,on_time
SHP-202306-000096,CLI-0201,HUB-CIN,standard,2023-06-06T13:11:58,2023-06-07T13:11:58,delivered,RTE-CIN-20230606-002,2023-06-10T23:11:58,,on_time
SHP-202306-000097,CLI-0042,HUB-IND,freight,2023-06-21T13:33:18,2023-06-22T13:33:18,delivered,RTE-IND-20230621-001,2023-06-25T10:33:18,,on_time
SHP-202306-000098,CLI-0007,HUB-IND,freight,2023-06-23T11:55:18,2023-06-24T11:55:18,delivered,RTE-IND-20230623-001,2023-06-27T13:55:18,,on_time
SHP-202306-000099,CLI-0169,HUB-DET,expedited,2023-06-23T16:23:46,2023-06-25T16:23:46,delivered,,2023-06-26T10:23:46,,on_time
SHP-202306-000100,CLI-0155,HUB-IND,standard,2023-06-27T07:23:36,2023-06-30T07:23:36,delivered,RTE-IND-20230627-004,2023-06-30T11:23:36,,on_time
SHP-202306-000101,CLI-0201,HUB-IND,standard,2023-06-27T12:45:38,2023-06-29T12:45:38,delivered,,2023-07-01T18:45:38,,on_time
SHP-202306-000102,CLI-0042,HUB-CMH,standard,2023-06-04T15:18:37,2023-06-06T15:18:37,delivered,RTE-CMH-20230605-001,2023-06-07T21:18:37,,on_time
SHP-202306-000103,CLI-0201,HUB-CIN,freight,2023-06-04T19:08:06,2023-06-05T19:08:06,delivered,RTE-CIN-20230605-002,2023-06-10T05:08:06,,on_time
SHP-202306-000104,CLI-0201,HUB-CHI,standard,2023-06-22T14:51:48,2023-06-23T14:51:48,delivered,,2023-06-26T23:51:48,,on_time
SHP-202306-000105,CLI-0169,HUB-IND,freight,2023-06-27T15:07:44,2023-06-30T15:07:44,delivered,RTE-IND-20230627-003,2023-07-01T23:07:44,,on_time
SHP-202306-000106,CLI-0155,HUB-IND,freight,2023-06-27T07:45:00,2023-07-01T07:45:00,delivered,RTE-IND-20230628-004,2023-07-01T13:45:00,,on_time
SHP-202306-000107,CLI-0201,HUB-CMH,expedited,2023-06-11T15:33:20,2023-06-13T15:33:20,delivered,RTE-CMH-20230612-002,2023-06-14T21:33:20,,on_time
SHP-202306-000108,CLI-0169,HUB-CIN,freight,2023-06-29T17:57:28,2023-07-01T17:57:28,delivered,,2023-07-03T13:57:28,,on_time
SHP-202306-000109,CLI-0169,HUB-CHI,expedited,2023-06-16T14:38:06,2023-06-20T14:38:06,delivered,,2023-06-20T14:38:06,,on_time
SHP-202306-000110,CLI-0169,HUB-CHI,expedited,2023-06-06T07:17:58,2023-06-09T07:17:58,delivered,,2023-06-09T13:17:58,,on_time
SHP-202306-000111,CLI-0169,HUB-IND,freight,2023-06-07T20:28:09,2023-06-08T20:28:09,delivered,RTE-IND-20230608-004,2023-06-12T14:28:09,,on_time
SHP-202306-000112,CLI-0042,HUB-CHI,expedited,2023-06-16T20:59:53,2023-06-19T20:59:53,delivered,RTE-CHI-20230616-003,2023-06-19T20:59:53,,on_time
SHP-202306-000113,CLI-0201,HUB-IND,standard,2023-06-15T17:25:02,2023-06-16T17:25:02,delivered,,2023-06-20T01:25:02,,on_time
SHP-202306-000114,CLI-0155,HUB-CMH,standard,2023-06-19T07:35:21,2023-06-20T07:35:21,delivered,RTE-CMH-20230619-002,2023-06-22T15:35:21,,on_time
SHP-202306-000115,CLI-0007,HUB-CHI,expedited,2023-06-14T17:42:10,2023-06-17T17:42:10,delivered,RTE-CHI-20230614-003,2023-06-17T17:42:10,,on_time
SHP-202306-000116,CLI-0007,HUB-CIN,freight,2023-06-01T07:44:41,2023-06-07T07:44:41,delayed,RTE-CIN-20230602-001,2023-06-07T03:44:41,4,4-12h
SHP-202306-000117,CLI-0042,HUB-IND,standard,2023-06-19T11:50:40,2023-06-22T11:50:40,delivered,RTE-IND-20230619-004,2023-06-22T13:50:40,,on_time
SHP-202306-000118,CLI-0169,HUB-CIN,standard,2023-06-11T06:46:56,2023-06-15T06:46:56,delayed,,2023-06-14T21:46:56,9,4-12h
SHP-202306-000119,CLI-0169,HUB-CMH,expedited,2023-06-12T13:09:36,2023-06-13T13:09:36,delivered,RTE-CMH-20230612-002,2023-06-14T19:09:36,,on_time
SHP-202306-000120,CLI-0155,HUB-CIN,expedited,2023-06-05T11:19:46,2023-06-07T11:19:46,delivered,RTE-CIN-20230606-001,2023-06-08T03:19:46,,on_time
SHP-202306-000121,CLI-0155,HUB-IND,standard,2023-06-15T12:21:08,2023-06-18T12:21:08,delivered,RTE-IND-20230615-003,2023-06-18T18:21:08,,on_time
SHP-202306-000122,CLI-0201,HUB-CMH,standard,2023-06-12T19:04:34,2023-06-13T19:04:34,delivered,RTE-CMH-20230612-001,2023-06-17T00:04:34,,on_time
SHP-202306-000123,CLI-0042,HUB-CMH,expedited,2023-06-04T12:21:06,2023-06-07T12:21:06,delivered,RTE-CMH-20230605-001,2023-06-07T12:21:06,,on_time
SHP-202306-000124,CLI-0042,HUB-IND,expedited,2023-06-13T13:04:10,2023-06-14T13:04:10,delivered,RTE-IND-20230613-001,2023-06-15T09:04:10,,on_time
SHP-202306-000125,CLI-0155,HUB-CHI,standard,2023-06-02T07:09:13,2023-06-03T07:09:13,delivered,RTE-CHI-20230602-001,2023-06-05T13:09:13,,on_time
SHP-202306-000126,CLI-0007,HUB-IND,expedited,2023-06-06T19:49:03,2023-06-12T19:49:03,delayed,RTE-IND-20230606-002,2023-06-12T11:49:03,8,4-12h
SHP-202306-000127,CLI-0042,HUB-IND,standard,2023-06-07T15:04:52,2023-06-10T15:04:52,delivered,RTE-IND-20230609-004,2023-06-10T16:04:52,,on_time
SHP-202306-000128,CLI-0155,HUB-CHI,standard,2023-06-20T10:53:05,2023-06-24T10:53:05,delivered,RTE-CHI-20230620-001,2023-06-24T10:53:05,,on_time
SHP-202306-000129,CLI-0201,HUB-CMH,expedited,2023-06-13T20:37:41,2023-06-16T20:37:41,delivered,RTE-CMH-20230614-003,2023-06-16T23:37:41,,on_time
SHP-202306-000130,CLI-0042,HUB-CMH,expedited,2023-06-27T13:33:18,2023-06-28T13:33:18,delivered,RTE-CMH-20230627-004,2023-06-30T05:33:18,,on_time
SHP-202306-000131,CLI-0007,HUB-DET,freight,2023-06-20T06:25:03,2023-06-22T06:25:03,delivered,,2023-06-24T01:25:03,,on_time
SHP-202306-000132,CLI-0155,HUB-CHI,standard,2023-06-29T08:57:09,2023-07-01T08:57:09,delivered,RTE-CHI-20230629-004,2023-07-02T15:57:09,,on_time
SHP-202306-000133,CLI-0007,HUB-DET,freight,2023-06-19T20:12:38,2023-06-23T20:12:38,delivered,RTE-DET-20230619-001,2023-06-23T22:12:38,,on_time
SHP-202306-000134,CLI-0169,HUB-CIN,expedited,2023-06-27T19:13:17,2023-07-01T19:13:17,delivered,RTE-CIN-20230629-002,2023-07-01T19:13:17,,on_time
SHP-202306-000135,CLI-0155,HUB-CMH,freight,2023-06-20T19:10:24,2023-06-22T19:10:24,delivered,,2023-06-25T02:10:24,,on_time
SHP-202306-000136,CLI-0007,HUB-CIN,freight,2023-06-06T11:43:52,2023-06-08T11:43:52,delivered,RTE-CIN-20230606-002,2023-06-09T20:43:52,,on_time
SHP-202306-000137,CLI-0042,HUB-DET,expedited,2023-06-23T08:13:10,2023-06-27T08:13:10,delivered,RTE-DET-20230624-001,2023-06-27T08:13:10,,on_time
SHP-202306-000138,CLI-0201,HUB-CHI,standard,2023-06-22T11:58:21,2023-06-23T11:58:21,delivered,RTE-CHI-20230622-001,2023-06-26T20:58:21,,on_time
SHP-202306-000139,CLI-0169,HUB-DET,expedited,2023-06-29T16:37:50,2023-06-30T16:37:50,delivered,RTE-DET-20230629-002,2023-07-02T00:37:50,,on_time
SHP-202307-000001,CLI-0201,HUB-DET,freight,2023-07-08T17:00:33,2023-07-11T17:00:33,delivered,RTE-DET-20230708-001,2023-07-14T08:00:33,,on_time
SHP-202307-000002,CLI-0201,HUB-DET,standard,2023-07-13T11:14:56,2023-07-15T11:14:56,delivered,RTE-DET-20230714-001,2023-07-18T01:14:56,,on_time
SHP-202307-000003,CLI-0042,HUB-CMH,standard,2023-07-24T19:28:53,2023-07-26T19:28:53,delivered,RTE-CMH-20230724-003,2023-07-28T06:28:53,,on_time
SHP-202307-000004,CLI-0155,HUB-CHI,expedited,2023-07-19T07:32:11,2023-07-21T07:32:11,delivered,RTE-CHI-20230719-003,2023-07-21T18:32:11,,on_time
SHP-202307-000005,CLI-0007,HUB-CMH,standard,2023-07-14T18:44:56,2023-07-15T18:44:56,delivered,RTE-CMH-20230714-001,2023-07-17T10:44:56,,on_time
SHP-202307-000006,CLI-0042,HUB-IND,standard,2023-07-06T12:29:40,2023-07-08T12:29:40,delivered,RTE-IND-20230706-001,2023-07-09T06:29:40,,on_time
SHP-202307-000007,CLI-0201,HUB-CMH,standard,2023-07-12T11:07:04,2023-07-14T11:07:04,delivered,RTE-CMH-20230713-002,2023-07-16T12:07:04,,on_time
SHP-202307-000008,CLI-0155,HUB-IND,standard,2023-07-17T09:00:57,2023-07-20T09:00:57,delivered,RTE-IND-20230719-001,2023-07-20T09:00:57,,on_time
SHP-202307-000009,CLI-0155,HUB-IND,standard,2023-07-22T17:06:57,2023-07-26T17:06:57,delivered,RTE-IND-20230725-003,2023-07-26T17:06:57,,on_time
SHP-202307-000010,CLI-0042,HUB-CHI,standard,2023-07-10T10:01:41,2023-07-14T10:01:41,delivered,,2023-07-14T10:01:41,,on_time
SHP-202307-000011,CLI-0155,HUB-IND,freight,2023-07-22T11:47:33,2023-07-26T11:47:33,delivered,RTE-IND-20230725-001,2023-07-26T11:47:33,,on_time
SHP-202307-000012,CLI-0042,HUB-CIN,standard,2023-07-06T16:26:14,2023-07-10T16:26:14,delivered,RTE-CIN-20230706-003,2023-07-10T16:26:14,,on_time
SHP-202307-000013,CLI-0042,HUB-DET,expedited,2023-07-26T17:27:47,2023-07-30T17:27:47,delivered,RTE-DET-20230726-002,2023-07-30T17:27:47,,on_time
SHP-202307-000014,CLI-0042,HUB-CIN,expedited,2023-07-22T19:54:35,2023-07-23T19:54:35,delivered,RTE-CIN-20230724-001,2023-07-25T12:54:35,,on_time
SHP-202307-000015,CLI-0169,HUB-CIN,standard,2023-07-01T17:04:48,2023-07-02T17:04:48,delivered,,2023-07-04T14:04:48,,on_time
SHP-202307-000016,CLI-0169,HUB-IND,standard,2023-07-25T18:05:05,2023-07-29T18:05:05,delivered,RTE-IND-20230725-002,2023-07-29T18:05:05,,on_time
SHP-202307-000017,CLI-0169,HUB-CHI,freight,2023-07-08T11:52:56,2023-07-09T11:52:56,delivered,RTE-CHI-20230709-001,2023-07-13T10:52:56,,on_time
SHP-202307-000018,CLI-0169,HUB-CIN,standard,2023-07-17T18:34:32,2023-07-20T18:34:32,delivered,RTE-CIN-20230717-002,2023-07-20T18:34:32,,on_time
SHP-202307-000019,CLI-0007,HUB-IND,expedited,2023-07-14T18:41:56,2023-07-16T18:41:56,delivered,RTE-IND-20230714-002,2023-07-16T18:41:56,,on_time
SHP-202307-000020,CLI-0042,HUB-CMH,standard,2023-07-25T09:44:10,2023-07-28T09:44:10,delivered,RTE-CMH-20230726-001,2023-07-28T21:44:10,,on_time
SHP-202307-000021,CLI-0155,HUB-DET,standard,2023-07-31T12:38:32,2023-08-01T12:38:32,delivered,RTE-DET-20230731-001,2023-08-04T00:38:32,,on_time
SHP-202307-000022,CLI-0007,HUB-CMH,standard,2023-07-21T06:09:06,2023-07-25T06:09:06,delivered,RTE-CMH-20230721-004,2023-07-25T06:09:06,,on_time
SHP-202307-000023,CLI-0201,HUB-CIN,freight,2023-07-08T13:16:11,2023-07-09T13:16:11,delivered,RTE-CIN-20230710-001,2023-07-14T01:16:11,,on_time
SHP-202307-000024,CLI-0155,HUB-CMH,standard,2023-07-06T12:15:58,2023-07-07T12:15:58,delivered,,2023-07-09T20:15:58,,on_time
SHP-202307-000025,CLI-0169,HUB-CIN,standard,2023-07-26T09:29:44,2023-07-28T09:29:44,delivered,RTE-CIN-20230726-002,2023-07-29T13:29:44,,on_time
SHP-202307-000026,CLI-0201,HUB-CMH,standard,2023-07-18T15:31:29,2023-07-19T15:31:29,delivered,RTE-CMH-20230719-004,2023-07-22T22:31:29,,on_time
SHP-202307-000027,CLI-0042,HUB-CIN,freight,2023-07-28T11:55:45,2023-07-29T11:55:45,delivered,,2023-08-01T20:55:45,,on_time
SHP-202307-000028,CLI-0007,HUB-DET,standard,2023-07-12T18:19:43,2023-07-13T18:19:43,delivered,RTE-DET-20230712-004,2023-07-15T16:19:43,,on_time
SHP-202307-000029,CLI-0169,HUB-CMH,expedited,2023-07-21T16:50:11,2023-07-23T16:50:11,delivered,RTE-CMH-20230721-001,2023-07-23T16:50:11,,on_time
SHP-202307-000030,CLI-0201,HUB-CMH,freight,2023-07-05T09:51:56,2023-07-06T09:51:56,delivered,RTE-CMH-20230705-001,2023-07-10T20:51:56,,on_time
SHP-202307-000031,CLI-0042,HUB-DET,standard,2023-07-26T13:00:39,2023-07-29T13:00:39,delivered,RTE-DET-20230726-005,2023-07-29T19:00:39,,on_time
SHP-202307-000032,CLI-0155,HUB-IND,standard,2023-07-23T10:00:01,2023-07-24T10:00:01,delivered,RTE-IND-20230725-002,2023-07-26T13:00:01,,on_time
SHP-202307-000033,CLI-0169,HUB-CHI,standard,2023-07-27T18:59:51,2023-07-31T18:59:51,delivered,,2023-07-31T19:59:51,,on_time
SHP-202307-000034,CLI-0155,HUB-CMH,freight,2023-07-21T15:14:12,2023-07-22T15:14:12,delivered,RTE-CMH-20230721-004,2023-07-26T09:14:12,,on_time
SHP-202307-000035,CLI-0042,HUB-DET,freight,2023-07-05T11:02:45,2023-07-06T11:02:45,delivered,RTE-DET-20230705-001,2023-07-09T17:02:45,,on_time
SHP-202307-000036,CLI-0169,HUB-CIN,standard,2023-07-28T13:45:41,2023-08-01T13:45:41,delivered,RTE-CIN-20230728-002,2023-08-01T13:45:41,,on_time
SHP-202307-000037,CLI-0042,HUB-DET,expedited,2023-07-17T13:50:11,2023-07-18T13:50:11,delivered,RTE-DET-20230717-004,2023-07-19T23:50:11,,on_time
SHP-202307-000038,CLI-0169,HUB-CHI,freight,2023-07-06T07:31:20,2023-07-09T07:31:20,delivered,,2023-07-11T06:31:20,,on_time
SHP-202307-000039,CLI-0042,HUB-CMH,standard,2023-07-03T11:50:39,2023-07-07T11:50:39,delivered,RTE-CMH-20230703-002,2023-07-07T11:50:39,,on_time
SHP-202307-000040,CLI-0042,HUB-IND,standard,2023-07-10T11:13:47,2023-07-12T11:13:47,delivered,RTE-IND-20230710-001,2023-07-13T15:13:47,,on_time
SHP-202307-000041,CLI-0201,HUB-IND,standard,2023-07-28T06:53:48,2023-08-01T06:53:48,delivered,RTE-IND-20230728-003,2023-08-01T18:53:48,,on_time
SHP-202307-000042,CLI-0042,HUB-CHI,freight,2023-07-17T07:26:51,2023-07-18T07:26:51,delivered,RTE-CHI-20230717-001,2023-07-20T14:26:51,,on_time
SHP-202307-000043,CLI-0155,HUB-CIN,expedited,2023-07-18T15:22:03,2023-07-20T15:22:03,delivered,RTE-CIN-20230718-001,2023-07-20T22:22:03,,on_time
SHP-202307-000044,CLI-0201,HUB-CIN,standard,2023-07-14T06:50:38,2023-07-15T06:50:38,delivered,RTE-CIN-20230714-001,2023-07-18T11:50:38,,on_time
SHP-202307-000045,CLI-0201,HUB-DET,expedited,2023-07-10T11:45:45,2023-07-12T11:45:45,delivered,RTE-DET-20230710-001,2023-07-13T23:45:45,,on_time
SHP-202307-000046,CLI-0042,HUB-CHI,standard,2023-07-11T08:26:07,2023-07-15T08:26:07,delivered,RTE-CHI-20230711-002,2023-07-15T08:26:07,,on_time
SHP-202307-000047,CLI-0201,HUB-CMH,standard,2023-07-06T19:39:15,2023-07-07T19:39:15,delivered,RTE-CMH-20230706-002,2023-07-11T05:39:15,,on_time
SHP-202307-000048,CLI-0169,HUB-IND,freight,2023-07-24T06:34:51,2023-07-25T06:34:51,delivered,,2023-07-29T00:34:51,,on_time
SHP-202307-000049,CLI-0155,HUB-CMH,freight,2023-07-05T15:49:54,2023-07-06T15:49:54,delivered,,2023-07-10T02:49:54,,on_time
SHP-202307-000050,CLI-0201,HUB-CMH,standard,2023-07-11T15:47:55,2023-07-12T15:47:55,delivered,RTE-CMH-20230711-003,2023-07-16T00:47:55,,on_time
SHP-202307-000051,CLI-0007,HUB-DET,expedited,2023-07-13T13:17:52,2023-07-15T13:17:52,delivered,RTE-DET-20230714-002,2023-07-15T13:17:52,,on_time
SHP-202307-000052,CLI-0169,HUB-CMH,expedited,2023-07-06T07:58:29,2023-07-07T07:58:29,delivered,,2023-07-08T03:58:29,,on_time
SHP-202307-000053,CLI-0155,HUB-CIN,standard,2023-07-11T17:11:11,2023-07-13T17:11:11,delivered,RTE-CIN-20230711-004,2023-07-15T03:11:11,,on_time
SHP-202307-000054,CLI-0201,HUB-CMH,freight,2023-07-28T20:12:36,2023-07-29T20:12:36,delivered,,2023-08-03T02:12:36,,on_time
SHP-202307-000055,CLI-0155,HUB-CHI,standard,2023-07-20T19:52:09,2023-07-23T19:52:09,delivered,RTE-CHI-20230720-001,2023-07-24T13:52:09,,on_time
SHP-202307-000056,CLI-0155,HUB-IND,expedited,2023-07-26T17:06:55,2023-07-29T17:06:55,delivered,RTE-IND-20230726-003,2023-07-29T17:06:55,,on_time
SHP-202307-000057,CLI-0169,HUB-CHI,freight,2023-07-28T14:26:44,2023-07-31T14:26:44,delivered,RTE-CHI-20230728-003,2023-08-02T17:26:44,,on_time
SHP-202307-000058,CLI-0007,HUB-CIN,freight,2023-07-28T09:08:03,2023-07-29T09:08:03,delivered,RTE-CIN-20230728-002,2023-07-31T22:08:03,,on_time
SHP-202307-000059,CLI-0007,HUB-CHI,expedited,2023-07-02T11:42:49,2023-07-04T11:42:49,delivered,RTE-CHI-20230702-001,2023-07-04T18:42:49,,on_time
SHP-202307-000060,CLI-0155,HUB-DET,freight,2023-07-10T19:01:17,2023-07-11T19:01:17,delivered,RTE-DET-20230710-001,2023-07-15T05:01:17,,on_time
SHP-202307-000061,CLI-0169,HUB-CIN,standard,2023-07-24T10:43:17,2023-07-25T10:43:17,delivered,RTE-CIN-20230724-001,2023-07-27T16:43:17,,on_time
SHP-202307-000062,CLI-0007,HUB-IND,standard,2023-07-24T12:06:33,2023-07-28T12:06:33,delivered,RTE-IND-20230725-002,2023-07-28T12:06:33,,on_time
SHP-202307-000063,CLI-0042,HUB-DET,expedited,2023-07-26T17:00:48,2023-07-27T17:00:48,delivered,RTE-DET-20230727-001,2023-07-29T07:00:48,,on_time
SHP-202307-000064,CLI-0201,HUB-CHI,standard,2023-07-12T07:05:49,2023-07-16T07:05:49,delivered,RTE-CHI-20230713-007,2023-07-16T11:05:49,,on_time
SHP-202307-000065,CLI-0007,HUB-IND,standard,2023-07-21T06:52:32,2023-07-23T06:52:32,delivered,RTE-IND-20230721-002,2023-07-24T12:52:32,,on_time
SHP-202307-000066,CLI-0155,HUB-CHI,expedited,2023-07-20T10:24:25,2023-07-22T10:24:25,delivered,RTE-CHI-20230720-001,2023-07-22T20:24:25,,on_time
SHP-202307-000067,CLI-0155,HUB-CHI,expedited,2023-07-05T19:19:24,2023-07-09T19:19:24,delivered,RTE-CHI-20230705-002,2023-07-09T19:19:24,,on_time
SHP-202307-000068,CLI-0155,HUB-CHI,freight,2023-07-11T13:29:11,2023-07-15T13:29:11,delivered,RTE-CHI-20230711-002,2023-07-15T20:29:11,,on_time
SHP-202307-000069,CLI-0042,HUB-CIN,standard,2023-07-24T08:30:16,2023-07-25T08:30:16,delivered,RTE-CIN-20230724-001,2023-07-28T01:30:16,,on_time
SHP-202307-000070,CLI-0201,HUB-IND,standard,2023-07-12T09:23:19,2023-07-16T09:23:19,delivered,RTE-IND-20230712-003,2023-07-16T10:23:19,,on_time
SHP-202307-000071,CLI-0169,HUB-CMH,standard,2023-07-25T09:08:26,2023-07-26T09:08:26,delivered,,2023-07-28T15:08:26,,on_time
SHP-202307-000072,CLI-0155,HUB-IND,standard,2023-07-24T18:01:54,2023-07-27T18:01:54,delivered,,2023-07-27T18:01:54,,on_time
SHP-202307-000073,CLI-0201,HUB-CMH,standard,2023-07-12T09:15:43,2023-07-13T09:15:43,delivered,RTE-CMH-20230712-002,2023-07-16T14:15:43,,on_time
SHP-202307-000074,CLI-0042,HUB-DET,freight,2023-07-08T18:17:30,2023-07-09T18:17:30,delivered,RTE-DET-20230708-001,2023-07-13T10:17:30,,on_time
SHP-202307-000075,CLI-0169,HUB-CIN,standard,2023-07-25T10:33:14,2023-07-29T10:33:14,delivered,,2023-07-29T10:33:14,,on_time
SHP-202307-000076,CLI-0007,HUB-DET,standard,2023-07-26T10:55:12,2023-07-27T10:55:12,delivered,RTE-DET-20230726-002,2023-07-29T11:55:12,,on_time
SHP-202307-000077,CLI-0201,HUB-CIN,standard,2023-07-07T08:28:15,2023-07-11T08:28:15,delivered,RTE-CIN-20230710-001,2023-07-11T16:28:15,,on_time
SHP-202307-000078,CLI-0169,HUB-CIN,standard,2023-07-11T20:44:25,2023-07-14T20:44:25,delivered,,2023-07-14T20:44:25,,on_time
SHP-202307-000079,CLI-0201,HUB-IND,standard,2023-07-19T12:17:56,2023-07-21T12:17:56,delivered,,2023-07-23T23:17:56,,on_time
SHP-202307-000080,CLI-0201,HUB-IND,standard,2023-07-20T20:21:03,2023-07-22T20:21:03,delivered,RTE-IND-20230720-004,2023-07-25T03:21:03,,on_time
SHP-202307-000081,CLI-0042,HUB-CMH,standard,2023-07-23T08:39:44,2023-07-24T08:39:44,delivered,RTE-CMH-20230724-003,2023-07-26T21:39:44,,on_time
SHP-202307-000082,CLI-0169,HUB-DET,standard,2023-07-06T07:44:49,2023-07-07T07:44:49,delivered,RTE-DET-20230707-004,2023-07-09T14:44:49,,on_time
SHP-202307-000083,CLI-0201,HUB-IND,standard,2023-07-14T08:36:02,2023-07-15T08:36:02,delivered,RTE-IND-20230714-002,2023-07-18T15:36:02,,on_time
SHP-202307-000084,CLI-0201,HUB-IND,standard,2023-07-21T15:04:49,2023-07-22T15:04:49,delivered,RTE-IND-20230721-003,2023-07-25T20:04:49,,on_time
SHP-202307-000085,CLI-0155,HUB-CMH,expedited,2023-07-26T18:01:33,2023-07-30T18:01:33,delivered,RTE-CMH-20230726-001,2023-07-30T18:01:33,,on_time
SHP-202307-000086,CLI-0007,HUB-CIN,freight,2023-07-12T09:46:01,2023-07-16T09:46:01,delivered,,2023-07-16T09:46:01,,on_time
SHP-202307-000087,CLI-0007,HUB-CHI,freight,2023-07-16T18:29:35,2023-07-20T18:29:35,delivered,RTE-CHI-20230717-001,2023-07-21T12:29:35,,on_time
SHP-202307-000088,CLI-0155,HUB-IND,standard,2023-07-20T17:15:23,2023-07-24T17:15:23,delivered,RTE-IND-20230720-005,2023-07-24T17:15:23,,on_time
SHP-202307-000089,CLI-0007,HUB-CHI,expedited,2023-07-26T13:22:44,2023-07-27T13:22:44,delivered,RTE-CHI-20230726-004,2023-07-29T03:22:44,,on_time
SHP-202307-000090,CLI-0155,HUB-IND,freight,2023-07-14T12:13:33,2023-07-17T12:13:33,delivered,RTE-IND-20230714-002,2023-07-18T10:13:33,,on_time
SHP-202307-000091,CLI-0007,HUB-IND,expedited,2023-07-26T06:05:28,2023-07-28T06:05:28,delivered,RTE-IND-20230726-003,2023-07-28T07:05:28,,on_time
SHP-202307-000092,CLI-0155,HUB-CMH,standard,2023-07-10T12:54:02,2023-07-12T12:54:02,delivered,,2023-07-14T02:54:02,,on_time
SHP-202307-000093,CLI-0169,HUB-CIN,standard,2023-07-10T15:21:00,2023-07-11T15:21:00,delivered,RTE-CIN-20230710-001,2023-07-13T20:21:00,,on_time
SHP-202307-000094,CLI-0169,HUB-CMH,standard,2023-07-22T14:19:42,2023-07-26T14:19:42,delivered,RTE-CMH-20230724-002,2023-07-26T14:19:42,,on_time
SHP-202307-000095,CLI-0201,HUB-CIN,standard,2023-07-12T20:45:57,2023-07-13T20:45:57,delivered,,2023-07-17T03:45:57,,on_time
SHP-202307-000096,CLI-0201,HUB-IND,expedited,2023-07-23T08:28:38,2023-07-24T08:28:38,delivered,RTE-IND-20230725-001,2023-07-26T08:28:38,,on_time
SHP-202307-000097,CLI-0042,HUB-DET,standard,2023-07-14T16:39:24,2023-07-16T16:39:24,delivered,RTE-DET-20230714-002,2023-07-18T01:39:24,,on_time
SHP-202307-000098,CLI-0155,HUB-CMH,standard,2023-07-14T17:56:03,2023-07-15T17:56:03,delivered,,2023-07-18T09:56:03,,on_time
SHP-202307-000099,CLI-0042,HUB-CIN,freight,2023-07-17T06:49:22,2023-07-18T06:49:22,delivered,,2023-07-21T14:49:22,,on_time
SHP-202307-000100,CLI-0201,HUB-CMH,standard,2023-07-26T16:38:53,2023-07-28T16:38:53,delivered,RTE-CMH-20230727-001,2023-07-30T19:38:53,,on_time
SHP-202307-000101,CLI-0201,HUB-CHI,standard,2023-07-03T07:14:31,2023-07-04T07:14:31,delivered,,2023-07-07T10:14:31,,on_time
SHP-202307-000102,CLI-0007,HUB-IND,standard,2023-07-26T16:44:55,2023-07-27T16:44:55,delivered,RTE-IND-20230726-002,2023-07-29T20:44:55,,on_time
SHP-202307-000103,CLI-0169,HUB-IND,standard,2023-07-11T16:27:53,2023-07-13T16:27:53,delivered,RTE-IND-20230711-001,2023-07-15T09:27:53,,on_time
SHP-202307-000104,CLI-0169,HUB-CMH,standard,2023-07-18T07:35:09,2023-07-19T07:35:09,delivered,RTE-CMH-20230718-002,2023-07-21T07:35:09,,on_time
SHP-202307-000105,CLI-0042,HUB-IND,standard,2023-07-04T16:54:08,2023-07-05T16:54:08,delivered,RTE-IND-20230704-003,2023-07-07T21:54:08,,on_time
SHP-202307-000106,CLI-0007,HUB-CIN,standard,2023-07-19T08:27:55,2023-07-21T08:27:55,delivered,RTE-CIN-20230719-002,2023-07-22T01:27:55,,on_time
SHP-202307-000107,CLI-0155,HUB-CIN,standard,2023-07-19T18:31:59,2023-07-20T18:31:59,delivered,RTE-CIN-20230719-001,2023-07-23T08:31:59,,on_time
SHP-202307-000108,CLI-0042,HUB-IND,standard,2023-07-17T20:48:11,2023-07-18T20:48:11,delivered,RTE-IND-20230717-003,2023-07-20T20:48:11,,on_time
SHP-202307-000109,CLI-0155,HUB-CHI,standard,2023-07-29T14:29:27,2023-07-30T14:29:27,delivered,RTE-CHI-20230731-003,2023-08-02T00:29:27,,on_time
SHP-202307-000110,CLI-0042,HUB-CHI,expedited,2023-07-24T19:26:36,2023-07-25T19:26:36,delivered,RTE-CHI-20230724-002,2023-07-26T07:26:36,,on_time
SHP-202307-000111,CLI-0155,HUB-CHI,standard,2023-07-27T14:38:00,2023-07-30T14:38:00,delivered,RTE-CHI-20230727-001,2023-07-31T06:38:00,,on_time
SHP-202307-000112,CLI-0169,HUB-CMH,standard,2023-07-27T06:26:08,2023-07-30T06:26:08,delivered,RTE-CMH-20230727-001,2023-07-30T06:26:08,,on_time
SHP-202307-000113,CLI-0042,HUB-IND,standard,2023-07-17T18:08:39,2023-07-18T18:08:39,delivered,RTE-IND-20230717-002,2023-07-20T23:08:39,,on_time
SHP-202307-000114,CLI-0201,HUB-CHI,standard,2023-07-07T18:35:29,2023-07-11T18:35:29,delivered,RTE-CHI-20230708-002,2023-07-12T00:35:29,,on_time
SHP-202307-000115,CLI-0155,HUB-CHI,standard,2023-07-17T08:24:19,2023-07-18T08:24:19,delivered,RTE-CHI-20230717-001,2023-07-20T22:24:19,,on_time
SHP-202307-000116,CLI-0155,HUB-IND,expedited,2023-07-24T11:00:14,2023-07-25T11:00:14,delivered,RTE-IND-20230725-001,2023-07-26T11:00:14,,on_time
SHP-202307-000117,CLI-0042,HUB-DET,standard,2023-07-20T17:52:24,2023-07-23T17:52:24,delivered,RTE-DET-20230720-004,2023-07-23T23:52:24,,on_time
SHP-202307-000118,CLI-0201,HUB-CMH,expedited,2023-07-31T13:04:25,2023-08-04T13:04:25,delivered,RTE-CMH-20230731-003,2023-08-04T13:04:25,,on_time
SHP-202307-000119,CLI-0007,HUB-CIN,standard,2023-07-28T09:40:06,2023-07-29T09:40:06,delivered,RTE-CIN-20230728-003,2023-07-30T22:40:06,,on_time
SHP-202307-000120,CLI-0169,HUB-DET,standard,2023-07-11T11:04:13,2023-07-12T11:04:13,delivered,,2023-07-14T18:04:13,,on_time
SHP-202307-000121,CLI-0201,HUB-CHI,standard,2023-07-29T12:59:06,2023-08-02T12:59:06,delivered,RTE-CHI-20230731-003,2023-08-02T17:59:06,,on_time
SHP-202307-000122,CLI-0201,HUB-CMH,expedited,2023-07-25T12:02:09,2023-07-27T12:02:09,delivered,RTE-CMH-20230726-001,2023-07-28T18:02:09,,on_time
SHP-202307-000123,CLI-0042,HUB-IND,standard,2023-07-13T08:44:05,2023-07-14T08:44:05,delivered,RTE-IND-20230713-002,2023-07-16T12:44:05,,on_time
SHP-202307-000124,CLI-0042,HUB-CHI,freight,2023-07-13T09:46:26,2023-07-16T09:46:26,delivered,RTE-CHI-20230713-002,2023-07-16T22:46:26,,on_time
SHP-202307-000125,CLI-0007,HUB-CIN,expedited,2023-07-07T11:01:59,2023-07-13T11:01:59,delayed,RTE-CIN-20230710-001,2023-07-13T02:01:59,9,4-12h
SHP-202307-000126,CLI-0042,HUB-CIN,freight,2023-07-14T18:19:09,2023-07-15T18:19:09,delivered,RTE-CIN-20230714-005,2023-07-19T00:19:09,,on_time
SHP-202307-000127,CLI-0169,HUB-IND,standard,2023-07-07T11:11:01,2023-07-11T11:11:01,delivered,RTE-IND-20230707-003,2023-07-11T11:11:01,,on_time
SHP-202307-000128,CLI-0201,HUB-DET,standard,2023-07-24T12:24:27,2023-07-25T12:24:27,delivered,RTE-DET-20230724-002,2023-07-29T09:24:27,,on_time
SHP-202307-000129,CLI-0042,HUB-CMH,standard,2023-07-03T10:22:24,2023-07-04T10:22:24,delivered,,2023-07-06T20:22:24,,on_time
SHP-202307-000130,CLI-0042,HUB-IND,standard,2023-07-24T17:35:48,2023-07-25T17:35:48,delivered,RTE-IND-20230725-003,2023-07-27T12:35:48,,on_time
SHP-202307-000131,CLI-0007,HUB-CMH,standard,2023-07-27T13:22:01,2023-07-29T13:22:01,delivered,,2023-07-30T00:22:01,,on_time
SHP-202307-000132,CLI-0042,HUB-CIN,standard,2023-07-25T15:40:16,2023-07-27T15:40:16,delivered,RTE-CIN-20230725-003,2023-07-29T03:40:16,,on_time
SHP-202307-000133,CLI-0201,HUB-DET,standard,2023-07-28T10:35:40,2023-07-29T10:35:40,delivered,RTE-DET-20230728-002,2023-08-02T10:35:40,,on_time
SHP-202307-000134,CLI-0169,HUB-IND,expedited,2023-07-06T09:10:47,2023-07-10T09:10:47,delivered,RTE-IND-20230706-002,2023-07-10T09:10:47,,on_time
SHP-202307-000135,CLI-0042,HUB-IND,standard,2023-07-05T08:58:25,2023-07-07T08:58:25,delivered,,2023-07-08T12:58:25,,on_time
SHP-202307-000136,CLI-0201,HUB-CMH,expedited,2023-07-09T15:27:17,2023-07-10T15:27:17,delivered,,2023-07-13T00:27:17,,on_time
SHP-202307-000137,CLI-0201,HUB-CHI,expedited,2023-07-11T13:25:04,2023-07-12T13:25:04,delivered,RTE-CHI-20230711-002,2023-07-14T23:25:04,,on_time
SHP-202307-000138,CLI-0042,HUB-CIN,freight,2023-07-07T17:26:25,2023-07-09T17:26:25,delivered,RTE-CIN-20230710-002,2023-07-12T05:26:25,,on_time
SHP-202307-000139,CLI-0042,HUB-DET,standard,2023-07-27T07:56:31,2023-07-28T07:56:31,delivered,,2023-07-30T13:56:31,,on_time
SHP-202307-000140,CLI-0201,HUB-IND,standard,2023-07-18T09:13:26,2023-07-22T09:13:26,delivered,RTE-IND-20230719-001,2023-07-22T11:13:26,,on_time
SHP-202307-000141,CLI-0155,HUB-DET,expedited,2023-07-26T16:03:03,2023-07-29T16:03:03,delivered,,2023-07-29T16:03:03,,on_time
SHP-202307-000142,CLI-0201,HUB-CIN,standard,2023-07-04T15:11:32,2023-07-06T15:11:32,delivered,RTE-CIN-20230704-001,2023-07-08T23:11:32,,on_time
SHP-202307-000143,CLI-0042,HUB-CMH,standard,2023-07-25T18:59:36,2023-07-26T18:59:36,delivered,RTE-CMH-20230725-004,2023-07-29T09:59:36,,on_time
SHP-202307-000144,CLI-0201,HUB-CIN,expedited,2023-07-25T08:12:13,2023-07-28T08:12:13,delivered,,2023-07-28T12:12:13,,on_time
SHP-202307-000145,CLI-0007,HUB-CIN,expedited,2023-07-03T08:25:19,2023-07-06T08:25:19,delivered,RTE-CIN-20230703-002,2023-07-06T08:25:19,,on_time
SHP-202307-000146,CLI-0169,HUB-DET,freight,2023-07-18T17:26:58,2023-07-20T17:26:58,delivered,RTE-DET-20230719-001,2023-07-23T07:26:58,,on_time
SHP-202307-000147,CLI-0155,HUB-DET,freight,2023-07-25T07:48:13,2023-08-03T07:48:13,delayed,,2023-08-02T23:48:13,8,4-12h
SHP-202307-000148,CLI-0007,HUB-IND,expedited,2023-07-22T08:56:07,2023-07-26T08:56:07,delivered,,2023-07-26T08:56:07,,on_time
SHP-202307-000149,CLI-0007,HUB-CIN,standard,2023-07-19T11:46:51,2023-07-20T11:46:51,delivered,RTE-CIN-20230719-001,2023-07-21T23:46:51,,on_time
SHP-202307-000150,CLI-0155,HUB-IND,expedited,2023-07-27T14:12:41,2023-07-28T14:12:41,delivered,RTE-IND-20230727-001,2023-07-29T13:12:41,,on_time
SHP-202307-000151,CLI-0007,HUB-IND,standard,2023-07-23T06:08:02,2023-07-24T06:08:02,delivered,RTE-IND-20230725-001,2023-07-26T00:08:02,,on_time
SHP-202307-000152,CLI-0169,HUB-CMH,standard,2023-07-12T06:36:51,2023-07-13T06:36:51,delivered,RTE-CMH-20230712-002,2023-07-15T03:36:51,,on_time
SHP-202307-000153,CLI-0201,HUB-CIN,freight,2023-07-24T09:14:32,2023-07-25T09:14:32,delivered,,2023-07-29T18:14:32,,on_time
SHP-202307-000154,CLI-0042,HUB-CIN,standard,2023-07-04T19:47:15,2023-07-05T19:47:15,delivered,RTE-CIN-20230704-001,2023-07-08T05:47:15,,on_time
SHP-202307-000155,CLI-0042,HUB-DET,standard,2023-07-17T15:58:13,2023-07-21T15:58:13,delivered,RTE-DET-20230717-002,2023-07-21T15:58:13,,on_time
SHP-202307-000156,CLI-0007,HUB-CHI,expedited,2023-07-03T09:56:38,2023-07-04T09:56:38,delivered,RTE-CHI-20230703-001,2023-07-05T20:56:38,,on_time
SHP-202307-000157,CLI-0007,HUB-CIN,standard,2023-07-13T12:14:22,2023-07-14T12:14:22,delivered,,2023-07-16T05:14:22,,on_time
SHP-202307-000158,CLI-0042,HUB-CMH,expedited,2023-07-14T06:28:12,2023-07-18T06:28:12,delivered,RTE-CMH-20230714-003,2023-07-18T06:28:12,,on_time
SHP-202307-000159,CLI-0155,HUB-CHI,freight,2023-07-12T08:19:05,2023-07-16T08:19:05,delivered,,2023-07-16T16:19:05,,on_time
SHP-202307-000160,CLI-0155,HUB-CHI,standard,2023-07-25T09:53:21,2023-07-29T09:53:21,delivered,RTE-CHI-20230725-003,2023-07-29T09:53:21,,on_time
SHP-202307-000161,CLI-0155,HUB-IND,standard,2023-07-20T17:10:02,2023-07-24T17:10:02,delivered,RTE-IND-20230720-004,2023-07-24T17:10:02,,on_time
SHP-202307-000162,CLI-0007,HUB-CIN,standard,2023-07-25T20:54:48,2023-07-26T20:54:48,delivered,,2023-07-28T05:54:48,,on_time
SHP-202307-000163,CLI-0201,HUB-CMH,freight,2023-07-07T16:52:18,2023-07-11T16:52:18,delivered,,2023-07-13T03:52:18,,on_time
SHP-202307-000164,CLI-0201,HUB-CMH,freight,2023-07-26T14:46:41,2023-07-27T14:46:41,delivered,RTE-CMH-20230726-001,2023-07-31T15:46:41,,on_time
SHP-202307-000165,CLI-0169,HUB-CMH,freight,2023-07-05T18:25:40,2023-07-06T18:25:40,delivered,RTE-CMH-20230706-001,2023-07-09T16:25:40,,on_time
SHP-202307-000166,CLI-0201,HUB-IND,standard,2023-07-26T19:52:24,2023-07-29T19:52:24,delivered,RTE-IND-20230726-005,2023-07-31T02:52:24,,on_time
SHP-202307-000167,CLI-0155,HUB-CMH,expedited,2023-07-13T07:37:23,2023-07-17T07:37:23,delivered,RTE-CMH-20230713-002,2023-07-17T07:37:23,,on_time
SHP-202307-000168,CLI-0007,HUB-CHI,freight,2023-07-26T20:23:22,2023-07-30T20:23:22,delivered,RTE-CHI-20230727-001,2023-07-31T04:23:22,,on_time
SHP-202307-000169,CLI-0155,HUB-CHI,standard,2023-07-01T20:18:37,2023-07-02T20:18:37,delivered,RTE-CHI-20230702-001,2023-07-05T12:18:37,,on_time
SHP-202307-000170,CLI-0155,HUB-CIN,standard,2023-07-03T12:12:37,2023-07-07T12:12:37,delivered,RTE-CIN-20230703-001,2023-07-07T12:12:37,,on_time
SHP-202307-000171,CLI-0042,HUB-IND,standard,2023-07-14T10:32:56,2023-07-17T10:32:56,delivered,RTE-IND-20230714-002,2023-07-17T16:32:56,,on_time
SHP-202308-000001,CLI-0042,HUB-CMH,standard,2023-08-02T20:27:41,2023-08-05T20:27:41,delivered,RTE-CMH-20230802-002,2023-08-06T14:27:41,,on_time
SHP-202308-000002,CLI-0169,HUB-CMH,standard,2023-08-18T06:53:03,2023-08-22T06:53:03,delivered,RTE-CMH-20230818-003,2023-08-22T06:53:03,,on_time
SHP-202308-000003,CLI-0201,HUB-IND,expedited,2023-08-24T08:31:46,2023-08-26T08:31:46,delivered,RTE-IND-20230824-002,2023-08-27T20:31:46,,on_time
SHP-202308-000004,CLI-0155,HUB-IND,standard,2023-08-10T17:19:09,2023-08-11T17:19:09,delivered,RTE-IND-20230811-002,2023-08-13T19:19:09,,on_time
SHP-202308-000005,CLI-0007,HUB-CHI,expedited,2023-08-12T13:20:54,2023-08-17T13:20:54,delayed,RTE-CHI-20230814-002,2023-08-17T11:20:54,2,<4h
SHP-202308-000006,CLI-0007,HUB-CIN,freight,2023-08-02T07:05:17,2023-08-03T07:05:17,delivered,RTE-CIN-20230802-002,2023-08-05T20:05:17,,on_time
SHP-202308-000007,CLI-0007,HUB-IND,standard,2023-08-02T06:12:56,2023-08-05T06:12:56,delivered,RTE-IND-20230802-001,2023-08-05T06:12:56,,on_time
SHP-202308-000008,CLI-0155,HUB-CHI,standard,2023-08-10T13:51:17,2023-08-11T13:51:17,delivered,RTE-CHI-20230810-002,2023-08-14T07:51:17,,on_time
SHP-202308-000009,CLI-0007,HUB-DET,standard,2023-08-17T19:23:30,2023-08-19T19:23:30,delivered,RTE-DET-20230818-002,2023-08-20T15:23:30,,on_time
SHP-202308-000010,CLI-0201,HUB-IND,expedited,2023-08-11T07:57:27,2023-08-12T07:57:27,delivered,RTE-IND-20230811-002,2023-08-14T13:57:27,,on_time
SHP-202308-000011,CLI-0155,HUB-CHI,freight,2023-08-24T14:38:19,2023-08-26T14:38:19,delivered,RTE-CHI-20230825-001,2023-08-28T22:38:19,,on_time
SHP-202308-000012,CLI-0201,HUB-CHI,expedited,2023-08-21T10:51:49,2023-08-25T10:51:49,delivered,RTE-CHI-20230821-003,2023-08-25T10:51:49,,on_time
SHP-202308-000013,CLI-0201,HUB-DET,standard,2023-08-24T07:39:34,2023-08-25T07:39:34,delivered,RTE-DET-20230826-002,2023-08-29T00:39:34,,on_time
SHP-202308-000014,CLI-0007,HUB-IND,standard,2023-08-10T16:35:23,2023-08-12T16:35:23,delivered,,2023-08-13T22:35:23,,on_time
SHP-202308-000015,CLI-0169,HUB-DET,standard,2023-08-24T11:33:44,2023-08-25T11:33:44,delivered,RTE-DET-20230824-001,2023-08-27T19:33:44,,on_time
SHP-202308-000016,CLI-0007,HUB-CHI,standard,2023-08-14T18:07:58,2023-08-15T18:07:58,delivered,,2023-08-18T12:07:58,,on_time
SHP-202308-000017,CLI-0155,HUB-IND,freight,2023-08-10T11:07:50,2023-08-14T11:07:50,delivered,RTE-IND-20230811-001,2023-08-14T12:07:50,,on_time
SHP-202308-000018,CLI-0201,HUB-CHI,freight,2023-08-18T11:18:29,2023-08-19T11:18:29,delivered,RTE-CHI-20230818-004,2023-08-23T16:18:29,,on_time
SHP-202308-000019,CLI-0155,HUB-CIN,standard,2023-08-09T08:46:38,2023-08-10T08:46:38,delivered,RTE-CIN-20230811-004,2023-08-12T20:46:38,,on_time
SHP-202308-000020,CLI-0169,HUB-DET,standard,2023-08-20T10:47:31,2023-08-24T10:47:31,delivered,RTE-DET-20230820-001,2023-08-24T10:47:31,,on_time
SHP-202308-000021,CLI-0155,HUB-DET,freight,2023-08-04T18:33:26,2023-08-05T18:33:26,delivered,RTE-DET-20230804-001,2023-08-09T06:33:26,,on_time
SHP-202308-000022,CLI-0007,HUB-IND,standard,2023-08-13T14:25:24,2023-08-14T14:25:24,delivered,RTE-IND-20230815-001,2023-08-16T12:25:24,,on_time
SHP-202308-000023,CLI-0042,HUB-CIN,standard,2023-08-04T17:55:39,2023-08-08T17:55:39,delivered,RTE-CIN-20230804-004,2023-08-08T17:55:39,,on_time
SHP-202308-000024,CLI-0042,HUB-CHI,standard,2023-08-21T12:42:08,2023-08-23T12:42:08,delivered,RTE-CHI-20230821-002,2023-08-23T20:42:08,,on_time
SHP-202308-000025,CLI-0007,HUB-DET,expedited,2023-08-08T14:49:57,2023-08-09T14:49:57,delivered,RTE-DET-20230808-001,2023-08-10T12:49:57,,on_time
SHP-202308-000026,CLI-0169,HUB-DET,standard,2023-08-07T10:07:49,2023-08-08T10:07:49,delivered,RTE-DET-20230808-001,2023-08-10T19:07:49,,on_time
SHP-202308-000027,CLI-0042,HUB-CHI,standard,2023-08-31T07:15:04,2023-09-02T07:15:04,delivered,RTE-CHI-20230901-001,2023-09-02T19:15:04,,on_time
SHP-202308-000028,CLI-0169,HUB-CHI,standard,2023-08-23T14:24:04,2023-08-27T14:24:04,delivered,,2023-08-27T19:24:04,,on_time
SHP-202308-000029,CLI-0155,HUB-CMH,standard,2023-08-16T07:02:42,2023-08-18T07:02:42,delivered,RTE-CMH-20230816-003,2023-08-20T00:02:42,,on_time
SHP-202308-000030,CLI-0007,HUB-DET,freight,2023-08-23T09:58:02,2023-08-24T09:58:02,delivered,,2023-08-27T11:58:02,,on_time
SHP-202308-000031,CLI-0042,HUB-DET,freight,2023-08-29T07:10:37,2023-09-01T07:10:37,delivered,RTE-DET-20230829-001,2023-09-02T16:10:37,,on_time
SHP-202308-000032,CLI-0155,HUB-CHI,standard,2023-08-03T06:19:35,2023-08-05T06:19:35,delivered,RTE-CHI-20230803-002,2023-08-06T12:19:35,,on_time
SHP-202308-000033,CLI-0201,HUB-CIN,standard,2023-08-04T10:18:37,2023-08-08T10:18:37,delivered,RTE-CIN-20230804-002,2023-08-08T21:18:37,,on_time
SHP-202308-000034,CLI-0201,HUB-DET,standard,2023-08-18T12:01:02,2023-08-19T12:01:02,delivered,,2023-08-23T01:01:02,,on_time
SHP-202308-000035,CLI-0169,HUB-DET,freight,2023-08-27T06:31:15,2023-08-31T06:31:15,delivered,RTE-DET-20230829-003,2023-08-31T16:31:15,,on_time
SHP-202308-000036,CLI-0201,HUB-DET,standard,2023-08-25T08:30:04,2023-08-26T08:30:04,delivered,,2023-08-29T23:30:04,,on_time
SHP-202308-000037,CLI-0201,HUB-CHI,standard,2023-08-09T19:45:25,2023-08-11T19:45:25,delivered,RTE-CHI-20230809-002,2023-08-14T03:45:25,,on_time
SHP-202308-000038,CLI-0007,HUB-IND,standard,2023-08-09T19:35:53,2023-08-13T19:35:53,delivered,RTE-IND-20230809-002,2023-08-13T19:35:53,,on_time
SHP-202308-000039,CLI-0201,HUB-CHI,freight,2023-08-18T08:46:56,2023-08-21T08:46:56,delivered,RTE-CHI-20230818-001,2023-08-23T20:46:56,,on_time
SHP-202308-000040,CLI-0042,HUB-CMH,standard,2023-08-10T08:53:07,2023-08-14T08:53:07,delivered,,2023-08-14T08:53:07,,on_time
SHP-202308-000041,CLI-0007,HUB-CHI,expedited,2023-08-28T12:21:19,2023-08-30T12:21:19,delivered,RTE-CHI-20230829-001,2023-08-31T05:21:19,,on_time
SHP-202308-000042,CLI-0201,HUB-CIN,expedited,2023-08-02T06:38:55,2023-08-03T06:38:55,delivered,RTE-CIN-20230802-001,2023-08-05T11:38:55,,on_time
SHP-202308-000043,CLI-0169,HUB-DET,expedited,2023-08-23T13:22:12,2023-08-24T13:22:12,delivered,RTE-DET-20230823-002,2023-08-25T20:22:12,,on_time
SHP-202308-000044,CLI-0169,HUB-DET,standard,2023-08-11T13:50:48,2023-08-12T13:50:48,delivered,RTE-DET-20230811-002,2023-08-14T19:50:48,,on_time
SHP-202308-000045,CLI-0201,HUB-CIN,freight,2023-08-15T17:21:16,2023-08-16T17:21:16,delivered,,2023-08-21T01:21:16,,on_time
SHP-202308-000046,CLI-0201,HUB-DET,standard,2023-08-28T13:40:26,2023-08-30T13:40:26,delivered,RTE-DET-20230828-003,2023-09-02T08:40:26,,on_time
SHP-202308-000047,CLI-0155,HUB-CHI,expedited,2023-08-03T12:19:50,2023-08-04T12:19:50,delivered,,2023-08-05T20:19:50,,on_time
SHP-202308-000048,CLI-0155,HUB-CMH,freight,2023-08-31T19:26:49,2023-09-03T19:26:49,delivered,RTE-CMH-20230831-004,2023-09-05T03:26:49,,on_time
SHP-202308-000049,CLI-0007,HUB-CMH,standard,2023-08-03T14:19:51,2023-08-04T14:19:51,delivered,RTE-CMH-20230803-003,2023-08-05T20:19:51,,on_time
SHP-202308-000050,CLI-0201,HUB-IND,freight,2023-08-23T16:36:58,2023-08-27T16:36:58,delivered,RTE-IND-20230823-002,2023-08-28T18:36:58,,on_time
SHP-202308-000051,CLI-0201,HUB-CHI,expedited,2023-08-14T06:48:55,2023-08-15T06:48:55,delivered,RTE-CHI-20230814-002,2023-08-17T07:48:55,,on_time
SHP-202308-000052,CLI-0007,HUB-IND,expedited,2023-08-10T08:47:37,2023-08-13T08:47:37,delivered,RTE-IND-20230811-002,2023-08-13T08:47:37,,on_time
SHP-202308-000053,CLI-0169,HUB-CMH,expedited,2023-08-22T07:09:41,2023-08-24T07:09:41,delivered,RTE-CMH-20230823-003,2023-08-24T07:09:41,,on_time
SHP-202308-000054,CLI-0201,HUB-CHI,standard,2023-08-31T16:22:45,2023-09-02T16:22:45,delivered,,2023-09-04T20:22:45,,on_time
SHP-202308-000055,CLI-0169,HUB-CHI,standard,2023-08-21T07:04:21,2023-08-22T07:04:21,delivered,,2023-08-25T01:04:21,,on_time
SHP-202308-000056,CLI-0155,HUB-CHI,standard,2023-08-22T17:34:59,2023-08-23T17:34:59,delivered,RTE-CHI-20230822-002,2023-08-26T00:34:59,,on_time
SHP-202308-000057,CLI-0042,HUB-DET,freight,2023-08-08T16:24:56,2023-08-09T16:24:56,delivered,RTE-DET-20230808-001,2023-08-13T03:24:56,,on_time
SHP-202308-000058,CLI-0155,HUB-DET,standard,2023-08-30T14:56:14,2023-09-01T14:56:14,delivered,RTE-DET-20230830-001,2023-09-03T05:56:14,,on_time
SHP-202308-000059,CLI-0169,HUB-CMH,standard,2023-08-30T08:15:37,2023-09-02T08:15:37,delivered,RTE-CMH-20230830-002,2023-09-02T10:15:37,,on_time
SHP-202308-000060,CLI-0042,HUB-DET,expedited,2023-08-16T09:11:32,2023-08-17T09:11:32,delivered,RTE-DET-20230817-001,2023-08-19T01:11:32,,on_time
SHP-202308-000061,CLI-0155,HUB-CMH,expedited,2023-08-17T12:22:49,2023-08-21T12:22:49,delivered,RTE-CMH-20230818-003,2023-08-21T12:22:49,,on_time
SHP-202308-000062,CLI-0155,HUB-IND,freight,2023-08-29T19:48:24,2023-08-30T19:48:24,delivered,RTE-IND-20230829-001,2023-09-02T17:48:24,,on_time
SHP-202308-000063,CLI-0007,HUB-CHI,freight,2023-08-21T10:36:45,2023-08-24T10:36:45,delivered,,2023-08-25T20:36:45,,on_time
SHP-202308-000064,CLI-0155,HUB-CMH,freight,2023-08-16T13:19:54,2023-08-20T13:19:54,delivered,RTE-CMH-20230816-003,2023-08-21T00:19:54,,on_time
SHP-202308-000065,CLI-0007,HUB-CHI,expedited,2023-08-07T17:35:15,2023-08-08T17:35:15,delivered,RTE-CHI-20230807-003,2023-08-10T08:35:15,,on_time
SHP-202308-000066,CLI-0155,HUB-IND,expedited,2023-08-18T11:42:32,2023-08-21T11:42:32,delivered,,2023-08-21T11:42:32,,on_time
SHP-202308-000067,CLI-0155,HUB-CHI,standard,2023-08-01T16:18:33,2023-08-05T16:18:33,delivered,RTE-CHI-20230801-002,2023-08-05T16:18:33,,on_time
SHP-202308-000068,CLI-0155,HUB-DET,freight,2023-08-28T07:28:22,2023-08-29T07:28:22,delivered,RTE-DET-20230828-002,2023-09-01T18:28:22,,on_time
SHP-202308-000069,CLI-0042,HUB-CIN,expedited,2023-08-25T18:55:15,2023-08-28T18:55:15,delivered,RTE-CIN-20230825-001,2023-08-28T18:55:15,,on_time
SHP-202308-000070,CLI-0042,HUB-CHI,standard,2023-08-17T18:27:34,2023-08-19T18:27:34,delivered,RTE-CHI-20230818-001,2023-08-20T09:27:34,,on_time
SHP-202308-000071,CLI-0169,HUB-IND,expedited,2023-08-03T14:58:14,2023-08-04T14:58:14,delivered,RTE-IND-20230803-002,2023-08-06T08:58:14,,on_time
SHP-202308-000072,CLI-0155,HUB-CHI,standard,2023-08-14T15:06:27,2023-08-18T15:06:27,delivered,RTE-CHI-20230814-001,2023-08-18T15:06:27,,on_time
SHP-202308-000073,CLI-0155,HUB-IND,freight,2023-08-18T09:30:42,2023-08-22T09:30:42,delivered,RTE-IND-20230818-001,2023-08-22T12:30:42,,on_time
SHP-202308-000074,CLI-0007,HUB-CHI,standard,2023-08-20T16:50:59,2023-08-24T16:50:59,delivered,RTE-CHI-20230820-003,2023-08-24T16:50:59,,on_time
SHP-202308-000075,CLI-0042,HUB-CIN,standard,2023-08-15T17:53:50,2023-08-16T17:53:50,delivered,RTE-CIN-20230815-002,2023-08-19T03:53:50,,on_time
SHP-202308-000076,CLI-0201,HUB-DET,standard,2023-08-18T20:10:26,2023-08-21T20:10:26,delivered,RTE-DET-20230818-004,2023-08-23T08:10:26,,on_time
SHP-202308-000077,CLI-0201,HUB-CIN,standard,2023-08-21T12:39:52,2023-08-23T12:39:52,delivered,,2023-08-25T22:39:52,,on_time
SHP-202308-000078,CLI-0155,HUB-DET,freight,2023-08-22T10:15:53,2023-08-24T10:15:53,delivered,RTE-DET-20230822-002,2023-08-26T16:15:53,,on_time
SHP-202308-000079,CLI-0155,HUB-DET,standard,2023-08-14T09:55:20,2023-08-16T09:55:20,delivered,RTE-DET-20230815-001,2023-08-17T16:55:20,,on_time
SHP-202308-000080,CLI-0155,HUB-IND,standard,2023-08-12T13:32:55,2023-08-15T13:32:55,delivered,RTE-IND-20230814-003,2023-08-15T15:32:55,,on_time
SHP-202308-000081,CLI-0155,HUB-CIN,expedited,2023-08-29T12:54:31,2023-08-30T12:54:31,delivered,RTE-CIN-20230830-001,2023-08-31T20:54:31,,on_time
SHP-202308-000082,CLI-0042,HUB-IND,standard,2023-08-08T12:57:42,2023-08-10T12:57:42,delivered,RTE-IND-20230808-001,2023-08-11T11:57:42,,on_time
SHP-202308-000083,CLI-0169,HUB-CMH,expedited,2023-08-02T08:11:00,2023-08-06T08:11:00,delivered,RTE-CMH-20230802-001,2023-08-06T08:11:00,,on_time
SHP-202308-000084,CLI-0169,HUB-DET,expedited,2023-08-07T17:59:13,2023-08-08T17:59:13,delivered,RTE-DET-20230808-001,2023-08-10T09:59:13,,on_time
SHP-202308-000085,CLI-0201,HUB-CIN,freight,2023-08-04T20:34:19,2023-08-05T20:34:19,delivered,RTE-CIN-20230804-002,2023-08-09T20:34:19,,on_time
SHP-202308-000086,CLI-0201,HUB-CMH,standard,2023-08-16T20:37:00,2023-08-17T20:37:00,delivered,RTE-CMH-20230816-003,2023-08-21T05:37:00,,on_time
SHP-202308-000087,CLI-0042,HUB-CHI,standard,2023-08-08T20:36:41,2023-08-10T20:36:41,delivered,RTE-CHI-20230808-002,2023-08-11T12:36:41,,on_time
SHP-202308-000088,CLI-0042,HUB-CIN,expedited,2023-08-24T09:37:12,2023-08-25T09:37:12,delivered,,2023-08-27T00:37:12,,on_time
SHP-202308-000089,CLI-0042,HUB-CHI,standard,2023-08-10T12:04:11,2023-08-13T12:04:11,delivered,RTE-CHI-20230810-002,2023-08-13T12:04:11,,on_time
SHP-202308-000090,CLI-0155,HUB-CHI,standard,2023-08-11T20:48:54,2023-08-14T20:48:54,delivered,,2023-08-15T07:48:54,,on_time
SHP-202308-000091,CLI-0042,HUB-IND,standard,2023-08-15T15:10:08,2023-08-19T15:10:08,delivered,RTE-IND-20230815-001,2023-08-19T15:10:08,,on_time
SHP-202308-000092,CLI-0201,HUB-CIN,standard,2023-08-28T14:09:02,2023-08-29T14:09:02,delivered,RTE-CIN-20230828-001,2023-09-01T18:09:02,,on_time
SHP-202308-000093,CLI-0169,HUB-CHI,standard,2023-08-28T14:31:53,2023-08-29T14:31:53,delivered,,2023-09-01T10:31:53,,on_time
SHP-202308-000094,CLI-0169,HUB-CMH,standard,2023-08-30T07:42:02,2023-08-31T07:42:02,delivered,,2023-09-02T05:42:02,,on_time
SHP-202308-000095,CLI-0155,HUB-CIN,freight,2023-08-23T16:08:23,2023-08-24T16:08:23,delivered,,2023-08-28T09:08:23,,on_time
SHP-202308-000096,CLI-0007,HUB-IND,freight,2023-08-10T13:14:15,2023-08-14T13:14:15,delivered,,2023-08-14T15:14:15,,on_time
SHP-202308-000097,CLI-0007,HUB-CHI,standard,2023-08-15T11:20:43,2023-08-16T11:20:43,delivered,RTE-CHI-20230815-001,2023-08-18T23:20:43,,on_time
SHP-202308-000098,CLI-0201,HUB-CMH,standard,2023-08-30T18:16:11,2023-09-01T18:16:11,delivered,,2023-09-03T20:16:11,,on_time
SHP-202308-000099,CLI-0042,HUB-CIN,standard,2023-08-14T18:20:45,2023-08-15T18:20:45,delivered,,2023-08-18T01:20:45,,on_time
SHP-202308-000100,CLI-0169,HUB-CIN,standard,2023-08-15T20:45:47,2023-08-17T20:45:47,delivered,RTE-CIN-20230815-002,2023-08-18T22:45:47,,on_time
SHP-202308-000101,CLI-0042,HUB-IND,standard,2023-08-23T18:52:05,2023-08-24T18:52:05,delivered,,2023-08-26T23:52:05,,on_time
SHP-202308-000102,CLI-0169,HUB-CIN,standard,2023-08-21T09:34:58,2023-08-22T09:34:58,delivered,RTE-CIN-20230821-001,2023-08-24T05:34:58,,on_time
SHP-202308-000103,CLI-0042,HUB-DET,standard,2023-08-11T19:04:32,2023-08-12T19:04:32,delivered,RTE-DET-20230811-004,2023-08-15T01:04:32,,on_time
SHP-202308-000104,CLI-0169,HUB-CIN,standard,2023-08-23T07:44:49,2023-08-24T07:44:49,delivered,RTE-CIN-20230823-002,2023-08-26T11:44:49,,on_time
SHP-202308-000105,CLI-0042,HUB-IND,freight,2023-08-18T09:19:32,2023-08-21T09:19:32,delivered,RTE-IND-20230818-001,2023-08-22T09:19:32,,on_time
SHP-202308-000106,CLI-0007,HUB-IND,freight,2023-08-18T11:16:23,2023-08-20T11:16:23,delivered,RTE-IND-20230818-001,2023-08-22T10:16:23,,on_time
SHP-202308-000107,CLI-0007,HUB-CHI,standard,2023-08-10T12:17:46,2023-08-14T12:17:46,delivered,RTE-CHI-20230810-001,2023-08-14T12:17:46,,on_time
SHP-202308-000108,CLI-0007,HUB-CIN,standard,2023-08-16T11:54:49,2023-08-20T11:54:49,delivered,RTE-CIN-20230816-001,2023-08-20T11:54:49,,on_time
SHP-202308-000109,CLI-0155,HUB-CMH,freight,2023-08-29T14:22:13,2023-08-30T14:22:13,delivered,RTE-CMH-20230829-004,2023-09-03T02:22:13,,on_time
SHP-202308-000110,CLI-0201,HUB-DET,freight,2023-08-10T16:54:42,2023-08-11T16:54:42,delivered,,2023-08-16T05:54:42,,on_time
SHP-202308-000111,CLI-0007,HUB-IND,freight,2023-08-05T16:02:45,2023-08-06T16:02:45,delivered,RTE-IND-20230807-001,2023-08-09T16:02:45,,on_time
SHP-202308-000112,CLI-0042,HUB-CIN,expedited,2023-08-27T19:46:09,2023-08-29T19:46:09,delivered,RTE-CIN-20230827-001,2023-08-30T06:46:09,,on_time
SHP-202308-000113,CLI-0169,HUB-CMH,freight,2023-08-04T15:45:18,2023-08-08T15:45:18,delivered,RTE-CMH-20230804-003,2023-08-08T15:45:18,,on_time
SHP-202308-000114,CLI-0007,HUB-CMH,standard,2023-08-08T14:47:19,2023-08-12T14:47:19,delivered,RTE-CMH-20230808-001,2023-08-12T14:47:19,,on_time
SHP-202308-000115,CLI-0042,HUB-CMH,expedited,2023-08-14T10:09:33,2023-08-16T10:09:33,delivered,RTE-CMH-20230814-001,2023-08-17T00:09:33,,on_time
SHP-202308-000116,CLI-0201,HUB-CIN,standard,2023-08-09T18:37:28,2023-08-13T18:37:28,delivered,,2023-08-13T18:37:28,,on_time
SHP-202308-000117,CLI-0201,HUB-CHI,standard,2023-08-02T07:36:48,2023-08-04T07:36:48,delivered,RTE-CHI-20230802-001,2023-08-06T16:36:48,,on_time
SHP-202308-000118,CLI-0169,HUB-DET,expedited,2023-08-18T20:29:13,2023-08-19T20:29:13,delivered,RTE-DET-20230820-001,2023-08-21T08:29:13,,on_time
SHP-202308-000119,CLI-0007,HUB-CMH,expedited,2023-08-12T14:55:19,2023-08-13T14:55:19,delivered,RTE-CMH-20230813-001,2023-08-13T23:55:19,,on_time
SHP-202308-000120,CLI-0155,HUB-CIN,expedited,2023-08-22T15:29:31,2023-08-25T15:29:31,delivered,RTE-CIN-20230822-003,2023-08-25T15:29:31,,on_time
SHP-202308-000121,CLI-0169,HUB-CIN,standard,2023-08-02T19:48:26,2023-08-03T19:48:26,delivered,RTE-CIN-20230802-001,2023-08-05T13:48:26,,on_time
SHP-202308-000122,CLI-0201,HUB-CIN,standard,2023-08-02T20:26:00,2023-08-06T20:26:00,delivered,RTE-CIN-20230802-002,2023-08-06T22:26:00,,on_time
SHP-202308-000123,CLI-0042,HUB-CMH,expedited,2023-08-29T11:32:42,2023-08-31T11:32:42,delivered,RTE-CMH-20230829-003,2023-08-31T20:32:42,,on_time
SHP-202308-000124,CLI-0169,HUB-CHI,standard,2023-08-03T19:43:51,2023-08-04T19:43:51,delivered,RTE-CHI-20230803-001,2023-08-07T14:43:51,,on_time
SHP-202308-000125,CLI-0007,HUB-IND,standard,2023-08-19T09:20:07,2023-08-20T09:20:07,delivered,RTE-IND-20230820-001,2023-08-22T10:20:07,,on_time
SHP-202308-000126,CLI-0169,HUB-CIN,standard,2023-08-29T16:47:25,2023-08-30T16:47:25,delivered,,2023-09-01T22:47:25,,on_time
SHP-202308-000127,CLI-0201,HUB-CHI,standard,2023-08-31T07:28:37,2023-09-03T07:28:37,delivered,,2023-09-04T07:28:37,,on_time
SHP-202308-000128,CLI-0042,HUB-IND,expedited,2023-08-22T18:59:59,2023-08-23T18:59:59,delivered,RTE-IND-20230822-001,2023-08-25T00:59:59,,on_time
SHP-202308-000129,CLI-0155,HUB-CMH,expedited,2023-08-18T17:47:24,2023-08-22T17:47:24,delivered,RTE-CMH-20230818-004,2023-08-22T17:47:24,,on_time
SHP-202308-000130,CLI-0201,HUB-IND,freight,2023-08-16T18:56:02,2023-08-19T18:56:02,delivered,RTE-IND-20230817-002,2023-08-22T01:56:02,,on_time
SHP-202308-000131,CLI-0201,HUB-CHI,expedited,2023-08-04T16:14:45,2023-08-06T16:14:45,delivered,RTE-CHI-20230804-002,2023-08-07T19:14:45,,on_time
SHP-202308-000132,CLI-0042,HUB-IND,freight,2023-08-18T14:58:05,2023-08-19T14:58:05,delivered,RTE-IND-20230820-001,2023-08-22T09:58:05,,on_time
SHP-202308-000133,CLI-0169,HUB-DET,expedited,2023-08-04T19:24:17,,failed,RTE-DET-20230804-002,2023-08-07T01:24:17,,
SHP-202308-000134,CLI-0007,HUB-CHI,freight,2023-08-28T11:10:57,2023-08-29T11:10:57,delivered,RTE-CHI-20230829-002,2023-09-01T18:10:57,,on_time
SHP-202308-000135,CLI-0201,HUB-CMH,freight,2023-08-16T18:24:12,2023-08-20T18:24:12,delivered,,2023-08-21T23:24:12,,on_time
SHP-202308-000136,CLI-0201,HUB-CIN,expedited,2023-08-09T13:37:54,2023-08-10T13:37:54,delivered,RTE-CIN-20230809-002,2023-08-12T19:37:54,,on_time
SHP-202308-000137,CLI-0007,HUB-CMH,freight,2023-08-02T17:43:01,2023-08-06T17:43:01,delivered,RTE-CMH-20230802-001,2023-08-06T17:43:01,,on_time
SHP-202308-000138,CLI-0169,HUB-IND,expedited,2023-08-31T13:19:50,2023-09-04T13:19:50,delivered,RTE-IND-20230901-002,2023-09-04T13:19:50,,on_time
SHP-202308-000139,CLI-0169,HUB-CIN,expedited,2023-08-24T13:26:30,2023-08-25T13:26:30,delivered,RTE-CIN-20230824-001,2023-08-26T18:26:30,,on_time
SHP-202308-000140,CLI-0169,HUB-CMH,expedited,2023-08-11T08:04:58,2023-08-12T08:04:58,delivered,RTE-CMH-20230811-003,2023-08-13T10:04:58,,on_time
SHP-202308-000141,CLI-0201,HUB-DET,expedited,2023-08-16T11:35:39,2023-08-19T11:35:39,delivered,RTE-DET-20230817-001,2023-08-19T23:35:39,,on_time
SHP-202308-000142,CLI-0201,HUB-CMH,expedited,2023-08-11T09:42:40,2023-08-15T09:42:40,delivered,RTE-CMH-20230811-001,2023-08-15T09:42:40,,on_time
SHP-202308-000143,CLI-0201,HUB-CMH,freight,2023-08-23T19:10:28,2023-08-24T19:10:28,delivered,RTE-CMH-20230823-001,2023-08-28T21:10:28,,on_time
SHP-202308-000144,CLI-0007,HUB-CIN,expedited,2023-08-11T09:48:54,2023-08-12T09:48:54,delivered,RTE-CIN-20230811-001,2023-08-12T18:48:54,,on_time
SHP-202308-000145,CLI-0007,HUB-IND,expedited,2023-08-30T13:03:02,2023-08-31T13:03:02,delivered,RTE-IND-20230830-005,2023-09-01T09:03:02,,on_time
SHP-202308-000146,CLI-0169,HUB-CIN,expedited,2023-08-14T13:31:35,2023-08-17T13:31:35,delivered,RTE-CIN-20230814-003,2023-08-17T13:31:35,,on_time
SHP-202308-000147,CLI-0169,HUB-IND,expedited,2023-08-18T17:46:25,2023-08-22T17:46:25,delivered,RTE-IND-20230818-001,2023-08-22T17:46:25,,on_time
SHP-202308-000148,CLI-0042,HUB-CIN,expedited,2023-08-04T20:48:12,2023-08-07T20:48:12,delivered,,2023-08-07T20:48:12,,on_time
SHP-202308-000149,CLI-0155,HUB-IND,standard,2023-08-14T06:32:35,2023-08-16T06:32:35,delivered,,2023-08-17T11:32:35,,on_time
SHP-202308-000150,CLI-0042,HUB-CHI,standard,2023-08-04T15:35:40,2023-08-06T15:35:40,delivered,RTE-CHI-20230804-002,2023-08-06T22:35:40,,on_time
SHP-202308-000151,CLI-0169,HUB-IND,standard,2023-08-04T15:32:09,2023-08-05T15:32:09,delivered,RTE-IND-20230804-001,2023-08-08T08:32:09,,on_time
SHP-202308-000152,CLI-0201,HUB-CHI,freight,2023-08-04T16:12:29,2023-08-05T16:12:29,delivered,RTE-CHI-20230804-001,2023-08-10T00:12:29,,on_time
SHP-202308-000153,CLI-0169,HUB-CIN,freight,2023-08-31T17:33:24,2023-09-01T17:33:24,delivered,RTE-CIN-20230831-002,2023-09-04T23:33:24,,on_time
SHP-202308-000154,CLI-0169,HUB-CHI,expedited,2023-08-03T12:36:58,2023-08-04T12:36:58,delivered,,2023-08-06T15:36:58,,on_time
SHP-202308-000155,CLI-0201,HUB-CIN,freight,2023-08-26T06:56:47,2023-08-29T06:56:47,delivered,,2023-08-31T07:56:47,,on_time
SHP-202308-000156,CLI-0155,HUB-DET,standard,2023-08-02T17:04:20,2023-08-03T17:04:20,delivered,RTE-DET-20230802-003,2023-08-06T00:04:20,,on_time
SHP-202308-000157,CLI-0007,HUB-CHI,expedited,2023-08-29T18:36:17,2023-08-30T18:36:17,delivered,RTE-CHI-20230829-001,2023-09-01T07:36:17,,on_time
SHP-202308-000158,CLI-0155,HUB-DET,standard,2023-08-30T14:15:18,2023-09-03T14:15:18,delivered,RTE-DET-20230830-001,2023-09-03T14:15:18,,on_time
SHP-202308-000159,CLI-0201,HUB-DET,standard,2023-08-24T08:29:01,,failed,RTE-DET-20230824-001,2023-08-29T08:29:01,,
SHP-202308-000160,CLI-0201,HUB-CMH,freight,2023-08-14T18:39:35,2023-08-17T18:39:35,delivered,,2023-08-20T02:39:35,,on_time
SHP-202308-000161,CLI-0169,HUB-IND,expedited,2023-08-10T17:49:25,2023-08-14T17:49:25,delivered,RTE-IND-20230811-001,2023-08-14T17:49:25,,on_time
SHP-202308-000162,CLI-0042,HUB-CHI,expedited,2023-08-30T06:47:35,2023-08-31T06:47:35,delivered,RTE-CHI-20230831-001,2023-08-31T18:47:35,,on_time
SHP-202309-000001,CLI-0155,HUB-CHI,standard,2023-09-15T20:54:50,2023-09-16T20:54:50,delivered,,2023-09-19T10:54:50,,on_time
SHP-202309-000002,CLI-0042,HUB-CHI,freight,2023-09-02T14:16:54,2023-09-05T14:16:54,delivered,RTE-CHI-20230902-001,2023-09-06T03:16:54,,on_time
SHP-202309-000003,CLI-0169,HUB-CIN,freight,2023-09-01T11:45:22,2023-09-03T11:45:22,delivered,RTE-CIN-20230901-001,2023-09-05T08:45:22,,on_time
SHP-202309-000004,CLI-0007,HUB-CHI,standard,2023-09-17T17:57:26,2023-09-20T17:57:26,delivered,RTE-CHI-20230918-001,2023-09-21T10:57:26,,on_time
SHP-202309-000005,CLI-0169,HUB-CHI,freight,2023-09-01T20:32:03,2023-09-04T20:32:03,delivered,RTE-CHI-20230901-001,2023-09-07T01:32:03,,on_time
SHP-202309-000006,CLI-0042,HUB-CIN,standard,2023-09-04T09:30:14,2023-09-08T09:30:14,delivered,RTE-CIN-20230905-002,2023-09-08T09:30:14,,on_time
SHP-202309-000007,CLI-0042,HUB-IND,freight,2023-09-01T11:25:02,2023-09-02T11:25:02,delivered,RTE-IND-20230901-002,2023-09-05T12:25:02,,on_time
SHP-202309-000008,CLI-0201,HUB-CIN,expedited,2023-09-08T09:25:29,2023-09-10T09:25:29,delivered,RTE-CIN-20230908-003,2023-09-11T18:25:29,,on_time
SHP-202309-000009,CLI-0169,HUB-CMH,expedited,2023-09-04T13:26:51,2023-09-08T13:26:51,delivered,RTE-CMH-20230904-005,2023-09-08T13:26:51,,on_time
SHP-202309-000010,CLI-0169,HUB-DET,standard,2023-09-02T07:29:03,2023-09-06T07:29:03,delivered,RTE-DET-20230903-001,2023-09-06T07:29:03,,on_time
SHP-202309-000011,CLI-0042,HUB-CIN,standard,2023-09-15T07:08:05,2023-09-19T07:08:05,delivered,RTE-CIN-20230917-001,2023-09-19T07:08:05,,on_time
SHP-202309-000012,CLI-0007,HUB-DET,expedited,2023-09-26T07:51:42,2023-09-28T07:51:42,delivered,RTE-DET-20230926-002,2023-09-28T07:51:42,,on_time
SHP-202309-000013,CLI-0007,HUB-DET,standard,2023-09-07T14:15:35,2023-09-09T14:15:35,delivered,RTE-DET-20230908-001,2023-09-10T19:15:35,,on_time
SHP-202309-000014,CLI-0007,HUB-CHI,freight,2023-09-18T20:06:51,2023-09-20T20:06:51,delivered,RTE-CHI-20230918-002,2023-09-23T06:06:51,,on_time
SHP-202309-000015,CLI-0155,HUB-CMH,standard,2023-09-19T07:55:48,2023-09-20T07:55:48,delivered,RTE-CMH-20230919-002,2023-09-22T18:55:48,,on_time
SHP-202309-000016,CLI-0042,HUB-DET,freight,2023-09-22T16:35:18,2023-09-26T16:35:18,delivered,RTE-DET-20230922-001,2023-09-27T06:35:18,,on_time
SHP-202309-000017,CLI-0007,HUB-CMH,standard,2023-09-27T20:30:03,2023-10-01T20:30:03,delivered,,2023-10-01T20:30:03,,on_time
SHP-202309-000018,CLI-0169,HUB-IND,expedited,2023-09-03T14:26:26,2023-09-06T14:26:26,delivered,RTE-IND-20230903-003,2023-09-06T14:26:26,,on_time
SHP-202309-000019,CLI-0042,HUB-IND,freight,2023-09-01T15:46:00,2023-09-03T15:46:00,delivered,RTE-IND-20230901-001,2023-09-05T21:46:00,,on_time
SHP-202309-000020,CLI-0155,HUB-CIN,expedited,2023-09-14T09:34:07,2023-09-18T09:34:07,delivered,RTE-CIN-20230914-001,2023-09-18T09:34:07,,on_time
SHP-202309-000021,CLI-0155,HUB-CMH,standard,2023-09-08T09:37:19,2023-09-12T09:37:19,delivered,RTE-CMH-20230908-002,2023-09-12T09:37:19,,on_time
SHP-202309-000022,CLI-0201,HUB-CHI,standard,2023-09-14T06:16:06,2023-09-16T06:16:06,delivered,RTE-CHI-20230915-001,2023-09-18T08:16:06,,on_time
SHP-202309-000023,CLI-0169,HUB-IND,standard,2023-09-05T18:50:59,2023-09-06T18:50:59,delivered,,2023-09-09T10:50:59,,on_time
SHP-202309-000024,CLI-0169,HUB-DET,expedited,2023-09-17T11:38:03,2023-09-21T11:38:03,delivered,RTE-DET-20230919-003,2023-09-21T11:38:03,,on_time
SHP-202309-000025,CLI-0007,HUB-IND,standard,2023-09-23T07:48:59,2023-09-27T07:48:59,delivered,RTE-IND-20230923-001,2023-09-27T07:48:59,,on_time
SHP-202309-000026,CLI-0201,HUB-CMH,standard,2023-09-21T14:39:06,2023-09-22T14:39:06,delivered,RTE-CMH-20230922-001,2023-09-25T16:39:06,,on_time
SHP-202309-000027,CLI-0169,HUB-DET,standard,2023-09-15T12:31:33,2023-09-19T12:31:33,delivered,RTE-DET-20230915-003,2023-09-19T12:31:33,,on_time
SHP-202309-000028,CLI-0155,HUB-CHI,standard,2023-09-08T20:50:29,2023-09-12T20:50:29,delivered,RTE-CHI-20230908-001,2023-09-12T20:50:29,,on_time
SHP-202309-000029,CLI-0201,HUB-IND,freight,2023-09-08T16:52:51,2023-09-09T16:52:51,delivered,RTE-IND-20230908-001,2023-09-13T16:52:51,,on_time
SHP-202309-000030,CLI-0007,HUB-CHI,freight,2023-09-18T07:39:42,2023-09-19T07:39:42,delivered,,2023-09-22T23:39:42,,on_time
SHP-202309-000031,CLI-0155,HUB-DET,standard,2023-09-18T11:03:59,2023-09-20T11:03:59,delivered,,2023-09-22T04:03:59,,on_time
SHP-202309-000032,CLI-0042,HUB-IND,expedited,2023-09-27T19:46:31,2023-09-29T19:46:31,delivered,RTE-IND-20230927-001,2023-09-29T22:46:31,,on_time
SHP-202309-000033,CLI-0169,HUB-CMH,freight,2023-09-22T15:35:08,2023-09-24T15:35:08,delivered,RTE-CMH-20230924-001,2023-09-26T11:35:08,,on_time
SHP-202309-000034,CLI-0169,HUB-CMH,expedited,2023-09-06T14:01:59,2023-09-07T14:01:59,delivered,RTE-CMH-20230907-001,2023-09-08T15:01:59,,on_time
SHP-202309-000035,CLI-0169,HUB-CHI,freight,2023-09-15T10:59:52,2023-09-16T10:59:52,delivered,RTE-CHI-20230915-002,2023-09-20T06:59:52,,on_time
SHP-202309-000036,CLI-0155,HUB-CMH,standard,2023-09-28T12:24:22,2023-09-29T12:24:22,delivered,RTE-CMH-20230928-002,2023-10-01T23:24:22,,on_time
SHP-202309-000037,CLI-0169,HUB-IND,standard,2023-09-15T12:59:37,2023-09-16T12:59:37,delivered,RTE-IND-20230915-001,2023-09-19T06:59:37,,on_time
SHP-202309-000038,CLI-0201,HUB-IND,expedited,2023-09-14T14:04:19,2023-09-17T14:04:19,delivered,RTE-IND-20230915-001,2023-09-17T16:04:19,,on_time
SHP-202309-000039,CLI-0155,HUB-CIN,standard,2023-09-06T15:12:10,2023-09-09T15:12:10,delivered,RTE-CIN-20230906-002,2023-09-09T21:12:10,,on_time
SHP-202309-000040,CLI-0042,HUB-CHI,standard,2023-09-19T16:31:00,2023-09-20T16:31:00,delivered,RTE-CHI-20230922-001,2023-09-22T00:31:00,,on_time
SHP-202309-000041,CLI-0201,HUB-IND,standard,2023-09-29T09:46:54,2023-10-03T09:46:54,delivered,RTE-IND-20230929-001,2023-10-03T16:46:54,,on_time
SHP-202309-000042,CLI-0169,HUB-CHI,expedited,2023-09-05T10:23:59,2023-09-06T10:23:59,delivered,RTE-CHI-20230905-002,2023-09-08T08:23:59,,on_time
SHP-202309-000043,CLI-0169,HUB-DET,freight,2023-09-06T17:20:23,2023-09-07T17:20:23,delivered,RTE-DET-20230906-003,2023-09-11T07:20:23,,on_time
SHP-202309-000044,CLI-0042,HUB-CIN,standard,2023-09-22T20:27:12,2023-09-25T20:27:12,delivered,RTE-CIN-20230922-004,2023-09-26T05:27:12,,on_time
SHP-202309-000045,CLI-0169,HUB-IND,standard,2023-09-18T17:49:27,2023-09-20T17:49:27,delivered,RTE-IND-20230918-001,2023-09-22T02:49:27,,on_time
SHP-202309-000046,CLI-0155,HUB-IND,standard,2023-09-21T07:24:34,2023-09-22T07:24:34,delivered,RTE-IND-20230922-002,2023-09-24T05:24:34,,on_time
SHP-202309-000047,CLI-0155,HUB-CMH,expedited,2023-09-18T14:49:33,2023-09-19T14:49:33,delivered,RTE-CMH-20230918-001,2023-09-21T01:49:33,,on_time
SHP-202309-000048,CLI-0007,HUB-CMH,standard,2023-09-26T08:07:59,2023-09-28T08:07:59,delivered,RTE-CMH-20230927-001,2023-09-28T21:07:59,,on_time
SHP-202309-000049,CLI-0201,HUB-CHI,expedited,2023-09-13T06:01:56,2023-09-17T06:01:56,delivered,RTE-CHI-20230913-002,2023-09-17T06:01:56,,on_time
SHP-202309-000050,CLI-0155,HUB-IND,expedited,2023-09-11T19:33:42,2023-09-14T19:33:42,delivered,RTE-IND-20230912-003,2023-09-14T19:33:42,,on_time
SHP-202309-000051,CLI-0007,HUB-CMH,standard,2023-09-29T06:57:04,2023-10-03T06:57:04,delivered,RTE-CMH-20230929-001,2023-10-03T06:57:04,,on_time
SHP-202309-000052,CLI-0007,HUB-DET,standard,2023-09-05T14:25:57,2023-09-08T14:25:57,delivered,RTE-DET-20230905-001,2023-09-08T14:25:57,,on_time
SHP-202309-000053,CLI-0155,HUB-CMH,standard,2023-09-01T19:19:31,2023-09-02T19:19:31,delivered,RTE-CMH-20230901-001,2023-09-05T06:19:31,,on_time
SHP-202309-000054,CLI-0007,HUB-CHI,standard,2023-09-14T15:26:14,2023-09-17T15:26:14,delivered,,2023-09-18T09:26:14,,on_time
SHP-202309-000055,CLI-0201,HUB-IND,standard,2023-09-15T12:17:57,2023-09-21T12:17:57,delayed,RTE-IND-20230915-002,2023-09-21T07:17:57,5,4-12h
SHP-202309-000056,CLI-0007,HUB-DET,standard,2023-09-26T14:25:58,2023-09-30T14:25:58,delivered,RTE-DET-20230926-002,2023-09-30T14:25:58,,on_time
SHP-202309-000057,CLI-0201,HUB-IND,standard,2023-09-08T07:42:40,2023-09-09T07:42:40,delivered,RTE-IND-20230908-001,2023-09-12T09:42:40,,on_time
SHP-202309-000058,CLI-0201,HUB-CHI,standard,2023-09-08T19:09:10,2023-09-09T19:09:10,delivered,RTE-CHI-20230909-001,2023-09-13T07:09:10,,on_time
SHP-202309-000059,CLI-0042,HUB-CMH,freight,2023-09-04T10:15:31,2023-09-06T10:15:31,delivered,RTE-CMH-20230904-001,2023-09-08T21:15:31,,on_time
SHP-202309-000060,CLI-0201,HUB-CHI,standard,2023-09-18T11:41:28,2023-09-19T11:41:28,delivered,RTE-CHI-20230918-002,2023-09-22T11:41:28,,on_time
SHP-202309-000061,CLI-0155,HUB-CMH,expedited,2023-09-19T19:26:51,2023-09-22T19:26:51,delivered,RTE-CMH-20230919-001,2023-09-22T19:26:51,,on_time
SHP-202309-000062,CLI-0007,HUB-IND,expedited,2023-09-25T19:42:38,2023-09-27T19:42:38,delivered,RTE-IND-20230925-001,2023-09-28T01:42:38,,on_time
SHP-202309-000063,CLI-0201,HUB-DET,standard,2023-09-08T14:50:24,2023-09-11T14:50:24,delivered,RTE-DET-20230908-002,2023-09-13T11:50:24,,on_time
SHP-202309-000064,CLI-0007,HUB-IND,standard,2023-09-25T17:21:37,2023-09-26T17:21:37,delivered,RTE-IND-20230926-001,2023-09-28T23:21:37,,on_time
SHP-202309-000065,CLI-0042,HUB-DET,standard,2023-09-01T18:06:04,2023-09-02T18:06:04,delivered,RTE-DET-20230901-002,2023-09-05T07:06:04,,on_time
SHP-202309-000066,CLI-0042,HUB-DET,standard,2023-09-26T20:53:02,2023-09-27T20:53:02,delivered,RTE-DET-20230926-004,2023-09-30T12:53:02,,on_time
SHP-202309-000067,CLI-0007,HUB-IND,standard,2023-09-13T09:26:33,2023-09-16T09:26:33,delivered,RTE-IND-20230913-002,2023-09-16T10:26:33,,on_time
SHP-202309-000068,CLI-0201,HUB-IND,standard,2023-09-08T11:12:39,2023-09-09T11:12:39,delivered,RTE-IND-20230908-001,2023-09-12T11:12:39,,on_time
SHP-202309-000069,CLI-0042,HUB-CHI,expedited,2023-09-01T16:43:20,2023-09-02T16:43:20,delivered,RTE-CHI-20230901-002,2023-09-03T02:43:20,,on_time
SHP-202309-000070,CLI-0169,HUB-CMH,freight,2023-09-25T06:09:37,2023-09-29T06:09:37,delivered,,2023-09-29T06:09:37,,on_time
SHP-202309-000071,CLI-0155,HUB-DET,standard,2023-09-08T14:51:20,2023-09-09T14:51:20,delivered,RTE-DET-20230910-001,2023-09-12T02:51:20,,on_time
SHP-202309-000072,CLI-0201,HUB-CMH,standard,2023-09-09T14:43:02,2023-09-13T14:43:02,delivered,RTE-CMH-20230909-001,2023-09-14T00:43:02,,on_time
SHP-202309-000073,CLI-0007,HUB-CMH,freight,2023-09-05T08:13:20,2023-09-07T08:13:20,delivered,,2023-09-08T15:13:20,,on_time
SHP-202309-000074,CLI-0042,HUB-DET,standard,2023-09-27T08:39:20,2023-09-28T08:39:20,delivered,RTE-DET-20230927-003,2023-10-01T01:39:20,,on_time
SHP-202309-000075,CLI-0201,HUB-DET,standard,2023-09-10T20:31:52,2023-09-14T20:31:52,delivered,RTE-DET-20230910-001,2023-09-15T14:31:52,,on_time
SHP-202309-000076,CLI-0042,HUB-CIN,standard,2023-09-04T09:27:56,2023-09-05T09:27:56,delivered,RTE-CIN-20230904-001,2023-09-07T22:27:56,,on_time
SHP-202309-000077,CLI-0007,HUB-DET,standard,2023-09-06T16:46:35,2023-09-07T16:46:35,delivered,,2023-09-09T18:46:35,,on_time
SHP-202309-000078,CLI-0155,HUB-DET,standard,2023-09-06T16:24:31,2023-09-07T16:24:31,delivered,,2023-09-10T10:24:31,,on_time
SHP-202309-000079,CLI-0155,HUB-CIN,standard,2023-09-08T09:52:03,2023-09-11T09:52:03,delivered,,2023-09-11T18:52:03,,on_time
SHP-202309-000080,CLI-0201,HUB-CMH,freight,2023-09-20T09:58:16,2023-09-22T09:58:16,delivered,RTE-CMH-20230920-002,2023-09-25T09:58:16,,on_time
SHP-202309-000081,CLI-0042,HUB-IND,freight,2023-09-20T13:04:35,2023-09-22T13:04:35,delivered,RTE-IND-20230920-001,2023-09-24T07:04:35,,on_time
SHP-202309-000082,CLI-0042,HUB-CIN,expedited,2023-09-08T19:43:16,2023-09-09T19:43:16,delivered,RTE-CIN-20230908-002,2023-09-11T06:43:16,,on_time
SHP-202309-000083,CLI-0007,HUB-CMH,standard,2023-09-24T16:24:10,2023-09-26T16:24:10,delivered,RTE-CMH-20230924-001,2023-09-27T08:24:10,,on_time
SHP-202309-000084,CLI-0042,HUB-IND,standard,2023-09-17T16:11:47,2023-09-18T16:11:47,delivered,RTE-IND-20230917-001,2023-09-20T16:11:47,,on_time
SHP-202309-000085,CLI-0042,HUB-DET,freight,2023-09-25T20:12:26,2023-09-28T20:12:26,delivered,,2023-09-30T02:12:26,,on_time
SHP-202309-000086,CLI-0169,HUB-CIN,standard,2023-09-30T19:38:52,2023-10-02T19:38:52,delivered,RTE-CIN-20230930-004,2023-10-03T18:38:52,,on_time
SHP-202309-000087,CLI-0201,HUB-DET,expedited,2023-09-22T07:59:14,2023-09-26T07:59:14,delivered,RTE-DET-20230922-002,2023-09-26T07:59:14,,on_time
SHP-202309-000088,CLI-0007,HUB-CHI,standard,2023-09-27T20:55:23,2023-09-30T20:55:23,delivered,RTE-CHI-20230927-002,2023-10-01T11:55:23,,on_time
SHP-202309-000089,CLI-0169,HUB-CIN,freight,2023-09-27T11:08:52,2023-09-28T11:08:52,delivered,RTE-CIN-20230927-003,2023-10-01T06:08:52,,on_time
SHP-202309-000090,CLI-0201,HUB-IND,standard,2023-09-04T08:33:22,2023-09-08T08:33:22,delivered,RTE-IND-20230904-002,2023-09-08T11:33:22,,on_time
SHP-202309-000091,CLI-0155,HUB-CHI,standard,2023-09-13T10:05:10,2023-09-14T10:05:10,delivered,,2023-09-16T16:05:10,,on_time
SHP-202309-000092,CLI-0042,HUB-IND,expedited,2023-09-21T16:55:16,2023-09-22T16:55:16,delivered,RTE-IND-20230921-002,2023-09-23T17:55:16,,on_time
SHP-202309-000093,CLI-0169,HUB-CMH,standard,2023-09-05T09:07:47,2023-09-06T09:07:47,delivered,RTE-CMH-20230905-002,2023-09-08T04:07:47,,on_time
SHP-202309-000094,CLI-0169,HUB-CIN,standard,2023-09-07T20:21:41,2023-09-08T20:21:41,delivered,RTE-CIN-20230907-002,2023-09-10T14:21:41,,on_time
SHP-202309-000095,CLI-0169,HUB-CMH,standard,2023-09-06T12:58:25,2023-09-09T12:58:25,delivered,RTE-CMH-20230907-001,2023-09-09T12:58:25,,on_time
SHP-202309-000096,CLI-0201,HUB-CMH,standard,2023-09-27T08:11:18,2023-09-28T08:11:18,delivered,,2023-10-01T18:11:18,,on_time
SHP-202309-000097,CLI-0042,HUB-CMH,standard,2023-09-20T20:04:09,2023-09-24T20:04:09,delivered,RTE-CMH-20230920-003,2023-09-24T20:04:09,,on_time
SHP-202309-000098,CLI-0169,HUB-CIN,freight,2023-09-25T19:28:02,2023-09-26T19:28:02,delivered,,2023-09-29T16:28:02,,on_time
SHP-202309-000099,CLI-0007,HUB-DET,standard,2023-09-22T09:23:33,2023-09-23T09:23:33,delivered,RTE-DET-20230922-004,2023-09-25T14:23:33,,on_time
SHP-202309-000100,CLI-0155,HUB-CIN,standard,2023-09-11T16:40:33,2023-09-13T16:40:33,delivered,RTE-CIN-20230912-001,2023-09-15T05:40:33,,on_time
SHP-202309-000101,CLI-0155,HUB-IND,standard,2023-09-28T19:42:25,2023-09-29T19:42:25,delivered,RTE-IND-20230928-001,2023-10-01T15:42:25,,on_time
SHP-202309-000102,CLI-0169,HUB-CHI,expedited,2023-09-06T13:59:12,2023-09-07T13:59:12,delivered,RTE-CHI-20230906-001,2023-09-09T10:59:12,,on_time
SHP-202309-000103,CLI-0042,HUB-CMH,standard,2023-09-06T09:58:03,2023-09-07T09:58:03,delivered,RTE-CMH-20230907-001,2023-09-09T23:58:03,,on_time
SHP-202309-000104,CLI-0155,HUB-CMH,standard,2023-09-09T16:32:28,2023-09-10T16:32:28,delivered,RTE-CMH-20230909-001,2023-09-13T05:32:28,,on_time
SHP-202309-000105,CLI-0007,HUB-DET,standard,2023-09-06T13:59:33,2023-09-07T13:59:33,delivered,,2023-09-09T16:59:33,,on_time
SHP-202309-000106,CLI-0007,HUB-CMH,standard,2023-09-29T08:53:18,2023-10-01T08:53:18,delivered,,2023-10-01T22:53:18,,on_time
SHP-202309-000107,CLI-0155,HUB-CHI,expedited,2023-09-07T14:57:02,2023-09-08T14:57:02,delivered,RTE-CHI-20230907-001,2023-09-09T22:57:02,,on_time
SHP-202309-000108,CLI-0042,HUB-IND,expedited,2023-09-15T10:28:37,2023-09-18T10:28:37,delivered,RTE-IND-20230915-002,2023-09-18T10:28:37,,on_time
SHP-202309-000109,CLI-0169,HUB-IND,standard,2023-09-21T13:21:53,2023-09-25T13:21:53,delivered,RTE-IND-20230921-001,2023-09-25T13:21:53,,on_time
SHP-202309-000110,CLI-0169,HUB-IND,standard,2023-09-11T19:03:11,2023-09-12T19:03:11,delivered,,2023-09-15T02:03:11,,on_time
SHP-202309-000111,CLI-0042,HUB-IND,expedited,2023-09-13T06:08:54,2023-09-15T06:08:54,delivered,RTE-IND-20230913-002,2023-09-15T09:08:54,,on_time
SHP-202309-000112,CLI-0201,HUB-CHI,standard,2023-09-21T20:00:32,2023-09-29T20:00:32,delayed,,2023-09-29T17:00:32,3,<4h
SHP-202309-000113,CLI-0169,HUB-DET,freight,2023-09-29T20:08:27,2023-10-02T20:08:27,delivered,,2023-10-04T06:08:27,,on_time
SHP-202309-000114,CLI-0201,HUB-IND,standard,2023-09-05T16:21:29,2023-09-07T16:21:29,delivered,RTE-IND-20230905-001,2023-09-09T23:21:29,,on_time
SHP-202309-000115,CLI-0042,HUB-CIN,freight,2023-09-01T16:23:57,2023-09-04T16:23:57,delivered,RTE-CIN-20230901-001,2023-09-06T01:23:57,,on_time
SHP-202309-000116,CLI-0155,HUB-IND,standard,2023-09-14T06:20:12,2023-09-15T06:20:12,delivered,RTE-IND-20230914-001,2023-09-17T09:20:12,,on_time
SHP-202309-000117,CLI-0007,HUB-CHI,freight,2023-09-08T15:02:17,2023-09-09T15:02:17,delivered,RTE-CHI-20230908-005,2023-09-13T03:02:17,,on_time
SHP-202309-000118,CLI-0007,HUB-DET,standard,2023-09-13T16:09:36,2023-09-14T16:09:36,delivered,,2023-09-16T21:09:36,,on_time
SHP-202309-000119,CLI-0155,HUB-CIN,standard,2023-09-14T17:21:23,2023-09-16T17:21:23,delivered,RTE-CIN-20230914-002,2023-09-18T00:21:23,,on_time
SHP-202309-000120,CLI-0007,HUB-CMH,expedited,2023-09-29T13:29:38,2023-10-03T13:29:38,delivered,RTE-CMH-20230929-001,2023-10-03T13:29:38,,on_time
SHP-202309-000121,CLI-0169,HUB-CMH,freight,2023-09-14T06:42:52,2023-09-16T06:42:52,delivered,RTE-CMH-20230915-001,2023-09-18T00:42:52,,on_time
SHP-202309-000122,CLI-0007,HUB-CIN,standard,2023-09-07T09:51:12,2023-09-10T09:51:12,delivered,RTE-CIN-20230908-003,2023-09-10T09:51:12,,on_time
SHP-202309-000123,CLI-0042,HUB-DET,expedited,2023-09-20T19:38:11,2023-09-23T19:38:11,delivered,RTE-DET-20230920-001,2023-09-23T19:38:11,,on_time
SHP-202309-000124,CLI-0007,HUB-CIN,standard,2023-09-27T15:41:24,2023-09-28T15:41:24,delivered,RTE-CIN-20230927-004,2023-09-30T01:41:24,,on_time
SHP-202309-000125,CLI-0155,HUB-CIN,freight,2023-09-22T17:25:24,2023-09-26T17:25:24,delivered,RTE-CIN-20230922-001,2023-09-27T07:25:24,,on_time
SHP-202309-000126,CLI-0155,HUB-CIN,freight,2023-09-15T16:47:53,2023-09-16T16:47:53,delivered,RTE-CIN-20230915-003,2023-09-20T04:47:53,,on_time
SHP-202309-000127,CLI-0155,HUB-CIN,standard,2023-09-20T14:30:47,2023-09-21T14:30:47,delivered,RTE-CIN-20230920-001,2023-09-24T08:30:47,,on_time
SHP-202309-000128,CLI-0201,HUB-DET,expedited,2023-09-07T15:49:41,2023-09-11T15:49:41,delivered,RTE-DET-20230907-001,2023-09-11T15:49:41,,on_time
SHP-202309-000129,CLI-0201,HUB-DET,standard,2023-09-15T06:58:21,2023-09-17T06:58:21,delivered,RTE-DET-20230915-001,2023-09-20T03:58:21,,on_time
SHP-202309-000130,CLI-0042,HUB-DET,standard,2023-09-05T14:13:14,2023-09-06T14:13:14,delivered,,2023-09-09T05:13:14,,on_time
SHP-202309-000131,CLI-0201,HUB-DET,standard,2023-09-05T14:16:03,2023-09-07T14:16:03,delivered,,2023-09-10T11:16:03,,on_time
SHP-202309-000132,CLI-0042,HUB-CHI,standard,2023-09-13T17:50:39,2023-09-16T17:50:39,delivered,RTE-CHI-20230915-001,2023-09-16T17:50:39,,on_time
SHP-202309-000133,CLI-0042,HUB-CHI,expedited,2023-09-11T16:12:11,2023-09-15T16:12:11,delivered,RTE-CHI-20230912-004,2023-09-15T16:12:11,,on_time
SHP-202309-000134,CLI-0155,HUB-CIN,standard,2023-09-27T20:26:14,2023-09-28T20:26:14,delivered,RTE-CIN-20230927-001,2023-10-01T11:26:14,,on_time
SHP-202309-000135,CLI-0201,HUB-CMH,freight,2023-09-15T09:16:47,2023-09-17T09:16:47,delivered,RTE-CMH-20230915-005,2023-09-20T20:16:47,,on_time
SHP-202309-000136,CLI-0201,HUB-DET,expedited,2023-09-04T16:47:10,2023-09-05T16:47:10,delivered,RTE-DET-20230904-002,2023-09-08T10:47:10,,on_time
SHP-202309-000137,CLI-0201,HUB-DET,standard,2023-09-19T07:16:34,2023-09-20T07:16:34,delivered,RTE-DET-20230920-002,2023-09-24T03:16:34,,on_time
SHP-202309-000138,CLI-0155,HUB-CHI,freight,2023-09-29T11:56:50,2023-09-30T11:56:50,delivered,RTE-CHI-20230929-001,2023-10-03T20:56:50,,on_time
SHP-202309-000139,CLI-0042,HUB-CMH,standard,2023-09-26T20:29:53,2023-09-28T20:29:53,delivered,RTE-CMH-20230926-001,2023-09-30T05:29:53,,on_time
SHP-202309-000140,CLI-0155,HUB-CMH,expedited,2023-09-25T07:00:57,2023-09-29T07:00:57,delivered,RTE-CMH-20230926-001,2023-09-29T07:00:57,,on_time
SHP-202309-000141,CLI-0042,HUB-DET,standard,2023-09-07T12:29:26,2023-09-13T12:29:26,delayed,RTE-DET-20230907-005,2023-09-13T10:29:26,2,<4h
SHP-202309-000142,CLI-0155,HUB-CMH,expedited,2023-09-08T16:50:21,2023-09-09T16:50:21,delivered,RTE-CMH-20230909-001,2023-09-11T09:50:21,,on_time
SHP-202309-000143,CLI-0042,HUB-CIN,standard,2023-09-05T19:48:09,2023-09-08T19:48:09,delivered,,2023-09-09T01:48:09,,on_time
SHP-202309-000144,CLI-0042,HUB-CHI,standard,2023-09-18T19:57:32,2023-09-19T19:57:32,delivered,RTE-CHI-20230918-002,2023-09-21T09:57:32,,on_time
SHP-202309-000145,CLI-0169,HUB-DET,freight,2023-09-25T07:14:03,2023-09-28T07:14:03,delivered,RTE-DET-20230925-001,2023-09-30T01:14:03,,on_time
SHP-202309-000146,CLI-0201,HUB-CIN,standard,2023-09-01T20:56:55,2023-09-05T20:56:55,delivered,RTE-CIN-20230901-001,2023-09-06T06:56:55,,on_time
SHP-202309-000147,CLI-0169,HUB-DET,expedited,2023-09-27T08:25:57,2023-10-03T08:25:57,delayed,RTE-DET-20230927-004,2023-10-03T04:25:57,4,4-12h
SHP-202309-000148,CLI-0007,HUB-CHI,standard,2023-09-20T11:05:56,2023-09-21T11:05:56,delivered,,2023-09-23T20:05:56,,on_time
SHP-202309-000149,CLI-0169,HUB-CIN,standard,2023-09-22T11:55:15,2023-09-23T11:55:15,delivered,RTE-CIN-20230922-001,2023-09-25T09:55:15,,on_time
SHP-202309-000150,CLI-0042,HUB-IND,standard,2023-09-10T10:46:01,2023-09-11T10:46:01,delivered,RTE-IND-20230910-002,2023-09-13T11:46:01,,on_time
SHP-202309-000151,CLI-0042,HUB-DET,standard,2023-09-14T15:20:09,2023-09-15T15:20:09,delivered,RTE-DET-20230914-001,2023-09-18T02:20:09,,on_time
SHP-202309-000152,CLI-0042,HUB-CMH,standard,2023-09-20T08:13:10,2023-09-21T08:13:10,delivered,RTE-CMH-20230920-002,2023-09-23T21:13:10,,on_time
SHP-202309-000153,CLI-0007,HUB-CHI,freight,2023-09-12T09:33:25,2023-09-15T09:33:25,delivered,RTE-CHI-20230913-002,2023-09-17T02:33:25,,on_time
SHP-202309-000154,CLI-0007,HUB-CIN,standard,2023-09-30T10:09:01,2023-10-01T10:09:01,delivered,,2023-10-03T03:09:01,,on_time
SHP-202309-000155,CLI-0201,HUB-CIN,expedited,2023-09-09T11:12:27,2023-09-13T11:12:27,delivered,RTE-CIN-20230910-001,2023-09-13T11:12:27,,on_time
SHP-202309-000156,CLI-0201,HUB-CHI,standard,2023-09-07T16:37:40,2023-09-08T16:37:40,delivered,RTE-CHI-20230909-001,2023-09-12T01:37:40,,on_time
SHP-202309-000157,CLI-0042,HUB-CMH,standard,2023-09-28T06:00:04,2023-10-01T06:00:04,delivered,RTE-CMH-20230928-002,2023-10-01T14:00:04,,on_time
SHP-202309-000158,CLI-0201,HUB-DET,freight,2023-09-07T18:24:34,2023-09-11T18:24:34,delivered,RTE-DET-20230907-002,2023-09-13T12:24:34,,on_time
SHP-202309-000159,CLI-0155,HUB-CIN,standard,2023-09-11T17:35:46,2023-09-17T17:35:46,delayed,RTE-CIN-20230912-001,2023-09-17T10:35:46,7,4-12h
SHP-202310-000001,CLI-0201,HUB-IND,standard,2023-10-05T06:11:27,2023-10-07T06:11:27,delivered,RTE-IND-20231005-003,2023-10-09T07:11:27,,on_time
SHP-202310-000002,CLI-0007,HUB-CIN,standard,2023-10-25T20:46:21,2023-10-27T20:46:21,delivered,RTE-CIN-20231025-002,2023-10-28T14:46:21,,on_time
SHP-202310-000003,CLI-0201,HUB-CHI,freight,2023-10-20T06:38:40,2023-10-24T06:38:40,delivered,,2023-10-25T10:38:40,,on_time
SHP-202310-000004,CLI-0201,HUB-IND,freight,2023-10-03T08:51:04,2023-10-06T08:51:04,delivered,RTE-IND-20231003-001,2023-10-08T20:51:04,,on_time
SHP-202310-000005,CLI-0169,HUB-CHI,standard,2023-10-05T20:25:48,2023-10-06T20:25:48,delivered,,2023-10-09T20:25:48,,on_time
SHP-202310-000006,CLI-0042,HUB-CHI,standard,2023-10-26T19:29:21,2023-10-27T19:29:21,delivered,RTE-CHI-20231027-003,2023-10-29T13:29:21,,on_time
SHP-202310-000007,CLI-0042,HUB-IND,expedited,2023-10-18T10:23:13,2023-10-20T10:23:13,delivered,RTE-IND-20231019-004,2023-10-20T16:23:13,,on_time
SHP-202310-000008,CLI-0155,HUB-CIN,standard,2023-10-27T11:37:29,2023-10-30T11:37:29,delivered,RTE-CIN-20231028-001,2023-10-30T18:37:29,,on_time
SHP-202310-000009,CLI-0042,HUB-IND,expedited,2023-10-18T16:41:27,2023-10-19T16:41:27,delivered,RTE-IND-20231019-003,2023-10-20T15:41:27,,on_time
SHP-202310-000010,CLI-0042,HUB-CHI,standard,2023-10-28T14:40:38,2023-10-30T14:40:38,delivered,RTE-CHI-20231029-003,2023-10-31T07:40:38,,on_time
SHP-202310-000011,CLI-0201,HUB-DET,standard,2023-10-18T08:03:34,2023-10-22T08:03:34,delivered,,2023-10-22T23:03:34,,on_time
SHP-202310-000012,CLI-0201,HUB-DET,standard,2023-10-20T17:47:12,2023-10-23T17:47:12,delivered,RTE-DET-20231020-002,2023-10-25T10:47:12,,on_time
SHP-202310-000013,CLI-0155,HUB-CIN,expedited,2023-10-09T06:06:46,2023-10-10T06:06:46,delivered,RTE-CIN-20231012-001,2023-10-11T18:06:46,,on_time
SHP-202310-000014,CLI-0155,HUB-CHI,standard,2023-10-09T17:10:41,2023-10-10T17:10:41,delivered,RTE-CHI-20231009-002,2023-10-13T05:10:41,,on_time
SHP-202310-000015,CLI-0155,HUB-CIN,standard,2023-10-19T10:32:44,2023-10-21T10:32:44,delivered,RTE-CIN-20231019-002,2023-10-22T19:32:44,,on_time
SHP-202310-000016,CLI-0042,HUB-CMH,freight,2023-10-31T19:13:21,2023-11-01T19:13:21,delivered,RTE-CMH-20231031-006,2023-11-05T06:13:21,,on_time
SHP-202310-000017,CLI-0201,HUB-IND,standard,2023-10-27T19:25:00,2023-10-29T19:25:00,delivered,RTE-IND-20231027-001,2023-11-01T06:25:00,,on_time
SHP-202310-000018,CLI-0169,HUB-CHI,expedited,2023-10-03T14:21:13,2023-10-04T14:21:13,delivered,,2023-10-06T11:21:13,,on_time
SHP-202310-000019,CLI-0042,HUB-CIN,standard,2023-10-03T13:29:43,2023-10-07T13:29:43,delivered,RTE-CIN-20231003-004,2023-10-07T13:29:43,,on_time
SHP-202310-000020,CLI-0155,HUB-CHI,expedited,2023-10-23T17:33:53,2023-10-24T17:33:53,delivered,RTE-CHI-20231023-002,2023-10-26T08:33:53,,on_time
SHP-202310-000021,CLI-0201,HUB-IND,standard,2023-10-30T14:33:15,2023-10-31T14:33:15,delivered,RTE-IND-20231031-001,2023-11-03T21:33:15,,on_time
SHP-202310-000022,CLI-0169,HUB-CMH,expedited,2023-10-30T06:26:07,2023-11-01T06:26:07,delivered,RTE-CMH-20231031-002,2023-11-01T07:26:07,,on_time
SHP-202310-000023,CLI-0201,HUB-CHI,standard,2023-10-14T12:44:17,2023-10-15T12:44:17,delivered,RTE-CHI-20231014-002,2023-10-18T14:44:17,,on_time
SHP-202310-000024,CLI-0169,HUB-CMH,standard,2023-10-06T17:38:54,2023-10-07T17:38:54,delivered,RTE-CMH-20231006-001,2023-10-09T16:38:54,,on_time
SHP-202310-000025,CLI-0169,HUB-CHI,expedited,2023-10-18T12:44:19,2023-10-21T12:44:19,delivered,RTE-CHI-20231019-005,2023-10-21T12:44:19,,on_time
SHP-202310-000026,CLI-0155,HUB-CIN,expedited,2023-10-31T13:45:00,2023-11-02T13:45:00,delivered,RTE-CIN-20231101-002,2023-11-03T03:45:00,,on_time
SHP-202310-000027,CLI-0169,HUB-CIN,expedited,2023-10-06T16:23:28,2023-10-09T16:23:28,delivered,,2023-10-09T16:23:28,,on_time
SHP-202310-000028,CLI-0201,HUB-CHI,expedited,2023-10-10T17:58:03,2023-10-14T17:58:03,delivered,RTE-CHI-20231011-001,2023-10-14T17:58:03,,on_time
SHP-202310-000029,CLI-0201,HUB-CMH,expedited,2023-10-09T16:28:53,2023-10-13T16:28:53,delivered,RTE-CMH-20231009-003,2023-10-13T16:28:53,,on_time
SHP-202310-000030,CLI-0042,HUB-CHI,standard,2023-10-06T09:33:47,2023-10-08T09:33:47,delivered,,2023-10-09T00:33:47,,on_time
SHP-202310-000031,CLI-0201,HUB-IND,standard,2023-10-31T13:16:33,2023-11-01T13:16:33,delivered,,2023-11-04T18:16:33,,on_time
SHP-202310-000032,CLI-0169,HUB-DET,expedited,2023-10-19T09:43:33,2023-10-22T09:43:33,delivered,RTE-DET-20231019-001,2023-10-22T09:43:33,,on_time
SHP-202310-000033,CLI-0169,HUB-CHI,expedited,2023-10-18T19:21:07,2023-10-19T19:21:07,delivered,RTE-CHI-20231018-002,2023-10-21T14:21:07,,on_time
SHP-202310-000034,CLI-0007,HUB-DET,standard,2023-10-02T19:54:44,2023-10-03T19:54:44,delivered,RTE-DET-20231002-001,2023-10-05T13:54:44,,on_time
SHP-202310-000035,CLI-0201,HUB-DET,standard,2023-10-14T17:54:13,2023-10-16T17:54:13,delivered,,2023-10-19T15:54:13,,on_time
SHP-202310-000036,CLI-0042,HUB-CHI,freight,2023-10-01T10:25:09,2023-10-03T10:25:09,delivered,,2023-10-04T22:25:09,,on_time
SHP-202310-000037,CLI-0042,HUB-DET,standard,2023-10-30T20:20:52,2023-11-01T20:20:52,delivered,RTE-DET-20231030-004,2023-11-03T06:20:52,,on_time
SHP-202310-000038,CLI-0007,HUB-CIN,standard,2023-10-18T14:32:10,2023-10-22T14:32:10,delivered,,2023-10-22T14:32:10,,on_time
SHP-202310-000039,CLI-0201,HUB-CHI,expedited,2023-10-17T09:25:09,2023-10-18T09:25:09,delivered,RTE-CHI-20231018-002,2023-10-20T20:25:09,,on_time
SHP-202310-000040,CLI-0007,HUB-DET,expedited,2023-10-15T17:41:35,2023-10-16T17:41:35,delivered,,2023-10-17T20:41:35,,on_time
SHP-202310-000041,CLI-0042,HUB-CMH,standard,2023-10-17T18:06:40,2023-10-20T18:06:40,delivered,RTE-CMH-20231018-002,2023-10-21T02:06:40,,on_time
SHP-202310-000042,CLI-0155,HUB-DET,standard,2023-10-10T14:52:15,2023-10-13T14:52:15,delivered,,2023-10-14T06:52:15,,on_time
SHP-202310-000043,CLI-0201,HUB-IND,standard,2023-10-24T07:11:57,2023-10-25T07:11:57,delivered,RTE-IND-20231024-003,2023-10-28T09:11:57,,on_time
SHP-202310-000044,CLI-0007,HUB-CIN,expedited,2023-10-20T09:36:40,2023-10-23T09:36:40,delivered,RTE-CIN-20231020-001,2023-10-23T09:36:40,,on_time
SHP-202310-000045,CLI-0201,HUB-IND,standard,2023-10-15T16:15:27,2023-10-16T16:15:27,delivered,RTE-IND-20231015-002,2023-10-20T03:15:27,,on_time
SHP-202310-000046,CLI-0169,HUB-CIN,standard,2023-10-26T06:22:21,2023-10-30T06:22:21,delivered,RTE-CIN-20231026-001,2023-10-30T06:22:21,,on_time
SHP-202310-000047,CLI-0007,HUB-CIN,expedited,2023-10-20T19:30:05,2023-10-21T19:30:05,delivered,RTE-CIN-20231020-002,2023-10-22T09:30:05,,on_time
SHP-202310-000048,CLI-0201,HUB-CHI,expedited,2023-10-05T10:34:22,2023-10-09T10:34:22,delivered,,2023-10-09T10:34:22,,on_time
SHP-202310-000049,CLI-0201,HUB-CMH,freight,2023-10-16T20:35:07,2023-10-17T20:35:07,delivered,RTE-CMH-20231018-001,2023-10-22T04:35:07,,on_time
SHP-202310-000050,CLI-0201,HUB-CMH,standard,2023-10-02T13:58:38,2023-10-03T13:58:38,delivered,RTE-CMH-20231002-002,2023-10-06T14:58:38,,on_time
SHP-202310-000051,CLI-0155,HUB-CIN,standard,2023-10-14T09:19:22,2023-10-18T09:19:22,delivered,,2023-10-18T09:19:22,,on_time
SHP-202310-000052,CLI-0201,HUB-CIN,expedited,2023-10-29T19:04:59,2023-11-01T19:04:59,delivered,RTE-CIN-20231030-002,2023-11-02T02:04:59,,on_time
SHP-202310-000053,CLI-0155,HUB-CMH,standard,2023-10-28T15:45:49,2023-10-30T15:45:49,delivered,RTE-CMH-20231031-003,2023-11-01T06:45:49,,on_time
SHP-202310-000054,CLI-0169,HUB-CIN,expedited,2023-10-31T18:10:10,2023-11-01T18:10:10,delivered,RTE-CIN-20231101-002,2023-11-02T17:10:10,,on_time
SHP-202310-000055,CLI-0042,HUB-CMH,expedited,2023-10-11T09:16:55,2023-10-12T09:16:55,delivered,RTE-CMH-20231012-003,2023-10-13T17:16:55,,on_time
SHP-202310-000056,CLI-0042,HUB-IND,standard,2023-10-09T18:22:24,2023-10-11T18:22:24,delivered,RTE-IND-20231009-001,2023-10-12T18:22:24,,on_time
SHP-202310-000057,CLI-0155,HUB-CIN,standard,2023-10-09T18:02:44,2023-10-12T18:02:44,delivered,,2023-10-13T05:02:44,,on_time
SHP-202310-000058,CLI-0007,HUB-IND,expedited,2023-10-09T07:33:25,2023-10-10T07:33:25,delivered,,2023-10-11T01:33:25,,on_time
SHP-202310-000059,CLI-0042,HUB-CMH,standard,2023-10-23T14:25:53,,failed,RTE-CMH-20231023-001,2023-10-27T01:25:53,,
SHP-202310-000060,CLI-0201,HUB-DET,standard,2023-10-10T13:03:54,2023-10-11T13:03:54,delivered,RTE-DET-20231012-001,2023-10-15T13:03:54,,on_time
SHP-202310-000061,CLI-0201,HUB-CMH,standard,2023-10-10T11:36:41,2023-10-12T11:36:41,delivered,RTE-CMH-20231010-003,2023-10-14T19:36:41,,on_time
SHP-202310-000062,CLI-0007,HUB-DET,freight,2023-10-21T11:41:06,2023-10-22T11:41:06,delivered,RTE-DET-20231022-002,2023-10-25T16:41:06,,on_time
SHP-202310-000063,CLI-0155,HUB-CHI,expedited,2023-10-18T08:21:54,2023-10-19T08:21:54,delivered,RTE-CHI-20231018-001,2023-10-21T02:21:54,,on_time
SHP-202310-000064,CLI-0155,HUB-IND,freight,2023-10-12T18:25:04,2023-10-13T18:25:04,delivered,RTE-IND-20231012-003,2023-10-16T15:25:04,,on_time
SHP-202310-000065,CLI-0155,HUB-CMH,expedited,2023-10-24T11:40:59,2023-10-25T11:40:59,delivered,RTE-CMH-20231024-002,2023-10-27T02:40:59,,on_time
SHP-202310-000066,CLI-0007,HUB-IND,expedited,2023-10-12T14:30:55,2023-10-16T14:30:55,delivered,RTE-IND-20231013-002,2023-10-16T14:30:55,,on_time
SHP-202310-000067,CLI-0169,HUB-CHI,standard,2023-10-13T06:22:26,2023-10-17T06:22:26,delivered,RTE-CHI-20231013-004,2023-10-17T12:22:26,,on_time
SHP-202310-000068,CLI-0155,HUB-CHI,standard,2023-10-11T19:27:13,2023-10-12T19:27:13,delivered,RTE-CHI-20231011-001,2023-10-15T08:27:13,,on_time
SHP-202310-000069,CLI-0201,HUB-CIN,standard,2023-10-17T15:21:49,2023-10-19T15:21:49,delivered,RTE-CIN-20231018-002,2023-10-22T02:21:49,,on_time
SHP-202310-000070,CLI-0155,HUB-CMH,expedited,2023-10-19T08:02:09,2023-10-23T08:02:09,delivered,RTE-CMH-20231019-002,2023-10-23T08:02:09,,on_time
SHP-202310-000071,CLI-0007,HUB-DET,expedited,2023-10-26T08:28:53,2023-10-29T08:28:53,delivered,,2023-10-29T08:28:53,,on_time
SHP-202310-000072,CLI-0042,HUB-DET,expedited,2023-10-20T08:18:06,2023-10-21T08:18:06,delivered,RTE-DET-20231020-003,2023-10-22T15:18:06,,on_time
SHP-202310-000073,CLI-0042,HUB-IND,standard,2023-10-26T18:09:33,2023-10-30T18:09:33,delivered,RTE-IND-20231026-002,2023-10-30T18:09:33,,on_time
SHP-202310-000074,CLI-0201,HUB-CMH,standard,2023-10-17T16:35:02,2023-10-20T16:35:02,delivered,,2023-10-21T17:35:02,,on_time
SHP-202310-000075,CLI-0169,HUB-IND,expedited,2023-10-04T13:00:23,2023-10-06T13:00:23,delivered,RTE-IND-20231005-002,2023-10-07T06:00:23,,on_time
SHP-202310-000076,CLI-0042,HUB-DET,expedited,2023-10-27T20:28:01,2023-10-30T20:28:01,delivered,RTE-DET-20231027-001,2023-10-30T20:28:01,,on_time
SHP-202310-000077,CLI-0169,HUB-CMH,freight,2023-10-30T14:12:08,2023-10-31T14:12:08,delivered,RTE-CMH-20231031-005,2023-11-03T17:12:08,,on_time
SHP-202310-000078,CLI-0042,HUB-CHI,standard,2023-10-19T17:53:54,2023-10-20T17:53:54,delivered,,2023-10-21T23:53:54,,on_time
SHP-202310-000079,CLI-0201,HUB-CMH,standard,2023-10-07T08:24:06,2023-10-10T08:24:06,delivered,RTE-CMH-20231008-001,2023-10-11T11:24:06,,on_time
SHP-202310-000080,CLI-0042,HUB-CIN,standard,2023-10-27T13:53:21,2023-10-28T13:53:21,delivered,,2023-10-30T20:53:21,,on_time
SHP-202310-000081,CLI-0155,HUB-DET,expedited,2023-10-30T12:00:39,2023-11-02T12:00:39,delivered,RTE-DET-20231030-003,2023-11-02T12:00:39,,on_time
SHP-202310-000082,CLI-0007,HUB-CIN,standard,2023-10-07T16:16:42,2023-10-08T16:16:42,delivered,RTE-CIN-20231010-005,2023-10-10T07:16:42,,on_time
SHP-202310-000083,CLI-0155,HUB-CMH,standard,2023-10-19T18:10:09,2023-10-22T18:10:09,delivered,,2023-10-23T10:10:09,,on_time
SHP-202310-000084,CLI-0155,HUB-CMH,standard,2023-10-03T17:10:31,2023-10-07T17:10:31,delivered,RTE-CMH-20231003-003,2023-10-07T17:10:31,,on_time
SHP-202310-000085,CLI-0155,HUB-CIN,freight,2023-10-11T15:45:21,2023-10-12T15:45:21,delivered,RTE-CIN-20231012-002,2023-10-16T05:45:21,,on_time
SHP-202310-000086,CLI-0007,HUB-CHI,freight,2023-10-06T10:56:35,2023-10-09T10:56:35,delivered,RTE-CHI-20231008-001,2023-10-10T23:56:35,,on_time
SHP-202310-000087,CLI-0007,HUB-CMH,standard,2023-10-11T14:13:23,2023-10-13T14:13:23,delivered,RTE-CMH-20231011-001,2023-10-14T03:13:23,,on_time
SHP-202310-000088,CLI-0042,HUB-CMH,standard,2023-10-18T11:05:37,2023-10-21T11:05:37,delivered,RTE-CMH-20231019-002,2023-10-22T01:05:37,,on_time
SHP-202310-000089,CLI-0007,HUB-CIN,standard,2023-10-18T16:35:34,2023-10-19T16:35:34,delivered,RTE-CIN-20231019-002,2023-10-21T09:35:34,,on_time
SHP-202310-000090,CLI-0007,HUB-DET,expedited,2023-10-04T14:49:54,2023-10-08T14:49:54,delivered,RTE-DET-20231005-001,2023-10-08T14:49:54,,on_time
SHP-202310-000091,CLI-0007,HUB-CIN,standard,2023-10-31T13:01:02,2023-11-01T13:01:02,delivered,RTE-CIN-20231101-001,2023-11-03T01:01:02,,on_time
SHP-202310-000092,CLI-0169,HUB-DET,freight,2023-10-05T16:31:08,2023-10-06T16:31:08,delivered,RTE-DET-20231005-003,2023-10-10T09:31:08,,on_time
SHP-202310-000093,CLI-0201,HUB-DET,freight,2023-10-05T12:26:22,2023-10-08T12:26:22,delivered,RTE-DET-20231006-002,2023-10-11T07:26:22,,on_time
SHP-202310-000094,CLI-0007,HUB-IND,standard,2023-10-30T11:05:46,2023-11-02T11:05:46,delivered,,2023-11-02T11:05:46,,on_time
SHP-202310-000095,CLI-0201,HUB-CIN,expedited,2023-10-30T19:35:04,2023-11-01T19:35:04,delivered,RTE-CIN-20231030-002,2023-11-02T23:35:04,,on_time
SHP-202310-000096,CLI-0201,HUB-CHI,expedited,2023-10-20T18:41:21,2023-10-23T18:41:21,delivered,RTE-CHI-20231020-001,2023-10-24T05:41:21,,on_time
SHP-202310-000097,CLI-0042,HUB-CIN,standard,2023-10-16T13:08:40,2023-10-18T13:08:40,delivered,RTE-CIN-20231017-002,2023-10-19T23:08:40,,on_time
SHP-202310-000098,CLI-0201,HUB-CHI,standard,2023-10-24T20:25:08,2023-10-25T20:25:08,delivered,RTE-CHI-20231024-002,2023-10-29T06:25:08,,on_time
SHP-202310-000099,CLI-0042,HUB-CIN,standard,2023-10-03T19:07:12,2023-10-04T19:07:12,delivered,RTE-CIN-20231003-002,2023-10-07T07:07:12,,on_time
SHP-202310-000100,CLI-0201,HUB-IND,expedited,2023-10-20T20:24:57,2023-10-24T20:24:57,delivered,,2023-10-24T20:24:57,,on_time
SHP-202310-000101,CLI-0169,HUB-CIN,standard,2023-10-04T18:27:15,2023-10-05T18:27:15,delivered,RTE-CIN-20231004-001,2023-10-07T12:27:15,,on_time
SHP-202310-000102,CLI-0042,HUB-CHI,freight,2023-10-31T12:18:08,2023-11-01T12:18:08,delivered,RTE-CHI-20231031-003,2023-11-04T02:18:08,,on_time
SHP-202310-000103,CLI-0155,HUB-CIN,standard,2023-10-03T16:25:38,2023-10-07T16:25:38,delivered,RTE-CIN-20231003-003,2023-10-07T16:25:38,,on_time
SHP-202310-000104,CLI-0201,HUB-DET,freight,2023-10-20T14:49:11,2023-10-24T14:49:11,delivered,RTE-DET-20231020-002,2023-10-26T13:49:11,,on_time
SHP-202310-000105,CLI-0007,HUB-CIN,standard,2023-10-19T14:07:51,2023-10-20T14:07:51,delivered,RTE-CIN-20231019-003,2023-10-21T20:07:51,,on_time
SHP-202310-000106,CLI-0169,HUB-CHI,freight,2023-10-30T19:50:53,2023-11-02T19:50:53,delivered,RTE-CHI-20231030-001,2023-11-04T23:50:53,,on_time
SHP-202310-000107,CLI-0007,HUB-IND,standard,2023-10-11T07:40:23,2023-10-15T07:40:23,delivered,RTE-IND-20231011-001,2023-10-15T07:40:23,,on_time
SHP-202310-000108,CLI-0042,HUB-CHI,freight,2023-10-13T12:03:57,2023-10-17T12:03:57,delivered,,2023-10-17T12:03:57,,on_time
SHP-202310-000109,CLI-0201,HUB-CIN,standard,2023-10-16T17:25:27,2023-10-17T17:25:27,delivered,RTE-CIN-20231016-002,2023-10-21T02:25:27,,on_time
SHP-202310-000110,CLI-0007,HUB-DET,standard,2023-10-31T06:25:49,2023-11-03T06:25:49,delivered,RTE-DET-20231102-002,2023-11-03T06:25:49,,on_time
SHP-202310-000111,CLI-0201,HUB-CHI,expedited,2023-10-12T08:32:11,2023-10-13T08:32:11,delivered,,2023-10-15T10:32:11,,on_time
SHP-202310-000112,CLI-0042,HUB-CIN,standard,2023-10-19T08:06:00,2023-10-20T08:06:00,delivered,RTE-CIN-20231019-001,2023-10-22T20:06:00,,on_time
SHP-202310-000113,CLI-0007,HUB-CIN,freight,2023-10-23T17:51:40,2023-10-24T17:51:40,delivered,RTE-CIN-20231023-001,2023-10-27T08:51:40,,on_time
SHP-202310-000114,CLI-0007,HUB-CMH,standard,2023-10-05T15:19:42,2023-10-09T15:19:42,delivered,RTE-CMH-20231006-001,2023-10-09T15:19:42,,on_time
SHP-202310-000115,CLI-0155,HUB-IND,standard,2023-10-07T18:04:16,2023-10-08T18:04:16,delivered,,2023-10-10T22:04:16,,on_time
SHP-202310-000116,CLI-0155,HUB-CMH,standard,2023-10-31T11:13:33,2023-11-01T11:13:33,delivered,RTE-CMH-20231031-003,2023-11-04T00:13:33,,on_time
SHP-202310-000117,CLI-0169,HUB-IND,standard,2023-10-18T15:15:21,2023-10-19T15:15:21,delivered,RTE-IND-20231019-003,2023-10-22T00:15:21,,on_time
SHP-202310-000118,CLI-0169,HUB-DET,standard,2023-10-17T14:28:17,2023-10-18T14:28:17,delivered,RTE-DET-20231017-001,2023-10-21T08:28:17,,on_time
SHP-202310-000119,CLI-0042,HUB-IND,standard,2023-10-06T16:01:10,2023-10-10T16:01:10,delivered,RTE-IND-20231006-003,2023-10-10T16:01:10,,on_time
SHP-202310-000120,CLI-0007,HUB-CMH,freight,2023-10-21T14:11:52,2023-10-27T14:11:52,delayed,RTE-CMH-20231023-001,2023-10-27T09:11:52,5,4-12h
SHP-202310-000121,CLI-0155,HUB-CMH,standard,2023-10-09T06:15:01,2023-10-12T06:15:01,delivered,RTE-CMH-20231009-003,2023-10-12T15:15:01,,on_time
SHP-202310-000122,CLI-0155,HUB-IND,standard,2023-10-18T09:31:57,2023-10-22T09:31:57,delivered,RTE-IND-20231019-004,2023-10-22T09:31:57,,on_time
SHP-202310-000123,CLI-0042,HUB-CIN,standard,2023-10-07T12:21:55,2023-10-10T12:21:55,delivered,RTE-CIN-20231007-002,2023-10-10T22:21:55,,on_time
SHP-202310-000124,CLI-0155,HUB-CMH,expedited,2023-10-28T16:21:15,2023-11-03T16:21:15,delayed,RTE-CMH-20231031-006,2023-11-03T08:21:15,8,4-12h
SHP-202310-000125,CLI-0042,HUB-DET,standard,2023-10-12T08:10:33,2023-10-13T08:10:33,delivered,RTE-DET-20231012-001,2023-10-15T19:10:33,,on_time
SHP-202310-000126,CLI-0007,HUB-CMH,freight,2023-10-08T06:42:52,2023-10-11T06:42:52,delivered,RTE-CMH-20231008-001,2023-10-11T16:42:52,,on_time
SHP-202310-000127,CLI-0169,HUB-DET,standard,2023-10-27T20:58:52,2023-10-30T20:58:52,delivered,RTE-DET-20231027-002,2023-10-31T10:58:52,,on_time
SHP-202310-000128,CLI-0007,HUB-CIN,standard,2023-10-02T16:12:47,2023-10-03T16:12:47,delivered,,2023-10-05T08:12:47,,on_time
SHP-202310-000129,CLI-0042,HUB-IND,standard,2023-10-06T09:00:35,2023-10-09T09:00:35,delivered,RTE-IND-20231006-003,2023-10-09T09:00:35,,on_time
SHP-202310-000130,CLI-0169,HUB-CIN,standard,2023-10-31T06:04:35,2023-11-01T06:04:35,delivered,RTE-CIN-20231101-001,2023-11-03T07:04:35,,on_time
SHP-202310-000131,CLI-0007,HUB-DET,standard,2023-10-24T19:21:22,2023-10-28T19:21:22,delivered,RTE-DET-20231024-001,2023-10-28T19:21:22,,on_time
SHP-202310-000132,CLI-0201,HUB-CHI,standard,2023-10-26T18:52:13,2023-10-27T18:52:13,delivered,RTE-CHI-20231027-002,2023-10-31T01:52:13,,on_time
SHP-202310-000133,CLI-0042,HUB-IND,standard,2023-10-13T11:01:14,2023-10-14T11:01:14,delivered,RTE-IND-20231013-002,2023-10-16T12:01:14,,on_time
SHP-202310-000134,CLI-0042,HUB-IND,standard,2023-10-27T18:02:51,2023-10-31T18:02:51,delivered,RTE-IND-20231027-001,2023-10-31T18:02:51,,on_time
SHP-202310-000135,CLI-0169,HUB-CIN,standard,2023-10-02T19:19:40,2023-10-03T19:19:40,delivered,RTE-CIN-20231003-001,2023-10-05T14:19:40,,on_time
SHP-202310-000136,CLI-0042,HUB-IND,expedited,2023-10-05T12:53:56,2023-10-06T12:53:56,delivered,RTE-IND-20231005-004,2023-10-07T18:53:56,,on_time
SHP-202310-000137,CLI-0169,HUB-DET,standard,2023-10-19T11:19:03,2023-10-23T11:19:03,delivered,RTE-DET-20231019-001,2023-10-23T11:19:03,,on_time
SHP-202310-000138,CLI-0169,HUB-CIN,expedited,2023-10-13T10:31:34,2023-10-16T10:31:34,delivered,RTE-CIN-20231013-001,2023-10-16T10:31:34,,on_time
SHP-202310-000139,CLI-0042,HUB-CHI,expedited,2023-10-02T16:40:15,2023-10-03T16:40:15,delivered,RTE-CHI-20231003-003,2023-10-03T23:40:15,,on_time
SHP-202310-000140,CLI-0155,HUB-CHI,standard,2023-10-17T14:50:29,2023-10-18T14:50:29,delivered,,2023-10-20T22:50:29,,on_time
SHP-202310-000141,CLI-0201,HUB-CIN,freight,2023-10-22T11:28:24,2023-10-23T11:28:24,delivered,RTE-CIN-20231024-002,2023-10-27T19:28:24,,on_time
SHP-202310-000142,CLI-0042,HUB-DET,expedited,2023-10-02T09:43:52,2023-10-06T09:43:52,delivered,RTE-DET-20231002-001,2023-10-06T09:43:52,,on_time
SHP-202310-000143,CLI-0007,HUB-CMH,standard,2023-10-25T06:59:02,2023-10-26T06:59:02,delivered,,2023-10-27T23:59:02,,on_time
SHP-202310-000144,CLI-0042,HUB-CIN,standard,2023-10-23T15:51:19,2023-10-27T15:51:19,delivered,RTE-CIN-20231023-002,2023-10-27T15:51:19,,on_time
SHP-202310-000145,CLI-0007,HUB-DET,standard,2023-10-12T10:36:47,2023-10-16T10:36:47,delivered,RTE-DET-20231012-001,2023-10-16T10:36:47,,on_time
SHP-202310-000146,CLI-0042,HUB-DET,standard,2023-10-02T06:56:34,2023-10-05T06:56:34,delivered,RTE-DET-20231002-001,2023-10-05T13:56:34,,on_time
SHP-202310-000147,CLI-0007,HUB-CMH,freight,2023-10-10T13:16:14,2023-10-16T13:16:14,delayed,RTE-CMH-20231011-002,2023-10-16T06:16:14,7,4-12h
SHP-202310-000148,CLI-0007,HUB-IND,standard,2023-10-09T10:51:35,2023-10-12T10:51:35,delivered,RTE-IND-20231009-001,2023-10-12T10:51:35,,on_time
SHP-202310-000149,CLI-0201,HUB-CHI,freight,2023-10-29T14:21:50,2023-10-30T14:21:50,delivered,RTE-CHI-20231029-003,2023-11-03T17:21:50,,on_time
SHP-202310-000150,CLI-0042,HUB-CMH,standard,2023-10-27T14:10:06,2023-10-28T14:10:06,delivered,,2023-10-31T05:10:06,,on_time
SHP-202310-000151,CLI-0042,HUB-CHI,expedited,2023-10-31T08:54:27,2023-11-01T08:54:27,delivered,RTE-CHI-20231031-003,2023-11-01T21:54:27,,on_time
SHP-202310-000152,CLI-0155,HUB-DET,standard,2023-10-11T17:19:26,2023-10-14T17:19:26,delivered,RTE-DET-20231011-001,2023-10-15T04:19:26,,on_time
SHP-202310-000153,CLI-0201,HUB-IND,standard,2023-10-11T09:54:53,2023-10-12T09:54:53,delivered,RTE-IND-20231011-004,2023-10-15T21:54:53,,on_time
SHP-202310-000154,CLI-0007,HUB-CIN,freight,2023-10-04T08:54:40,2023-10-06T08:54:40,delivered,RTE-CIN-20231004-001,2023-10-07T14:54:40,,on_time
SHP-202310-000155,CLI-0042,HUB-IND,standard,2023-10-23T16:02:50,2023-10-24T16:02:50,delivered,RTE-IND-20231023-001,2023-10-26T14:02:50,,on_time
SHP-202310-000156,CLI-0169,HUB-IND,standard,2023-10-07T20:40:02,2023-10-11T20:40:02,delivered,RTE-IND-20231009-002,2023-10-11T20:40:02,,on_time
SHP-202310-000157,CLI-0169,HUB-DET,expedited,2023-10-12T18:24:01,2023-10-15T18:24:01,delivered,RTE-DET-20231012-001,2023-10-15T18:24:01,,on_time
SHP-202310-000158,CLI-0169,HUB-CIN,freight,2023-10-09T12:15:18,2023-10-10T12:15:18,delivered,RTE-CIN-20231009-001,2023-10-13T16:15:18,,on_time
SHP-202310-000159,CLI-0155,HUB-IND,freight,2023-10-03T14:44:12,2023-10-04T14:44:12,delivered,,2023-10-07T10:44:12,,on_time
SHP-202310-000160,CLI-0201,HUB-IND,standard,2023-10-05T06:47:28,2023-10-07T06:47:28,delivered,RTE-IND-20231005-004,2023-10-09T15:47:28,,on_time
SHP-202310-000161,CLI-0042,HUB-CIN,freight,2023-10-02T10:44:14,2023-10-03T10:44:14,delivered,,2023-10-06T20:44:14,,on_time
SHP-202310-000162,CLI-0155,HUB-DET,standard,2023-10-30T10:33:12,2023-10-31T10:33:12,delivered,RTE-DET-20231031-001,2023-11-02T17:33:12,,on_time
SHP-202310-000163,CLI-0007,HUB-CHI,expedited,2023-10-27T10:03:10,2023-10-31T10:03:10,delivered,RTE-CHI-20231027-001,2023-10-31T10:03:10,,on_time
SHP-202310-000164,CLI-0007,HUB-IND,standard,2023-10-27T13:58:31,2023-10-28T13:58:31,delivered,RTE-IND-20231027-003,2023-10-30T10:58:31,,on_time
SHP-202310-000165,CLI-0169,HUB-DET,standard,2023-10-10T16:45:45,2023-10-11T16:45:45,delivered,,2023-10-14T10:45:45,,on_time
SHP-202310-000166,CLI-0201,HUB-IND,standard,2023-10-11T09:22:52,2023-10-13T09:22:52,delivered,RTE-IND-20231011-004,2023-10-15T17:22:52,,on_time
SHP-202310-000167,CLI-0169,HUB-DET,standard,2023-10-09T14:45:21,2023-10-13T14:45:21,delivered,RTE-DET-20231010-002,2023-10-13T14:45:21,,on_time
SHP-202310-000168,CLI-0169,HUB-IND,standard,2023-10-10T19:26:32,2023-10-13T19:26:32,delivered,RTE-IND-20231011-002,2023-10-14T13:26:32,,on_time
SHP-202310-000169,CLI-0007,HUB-IND,expedited,2023-10-30T15:33:58,2023-11-01T15:33:58,delivered,RTE-IND-20231031-001,2023-11-01T15:33:58,,on_time
SHP-202311-000001,CLI-0169,HUB-DET,freight,2023-11-01T14:21:40,2023-11-05T14:21:40,delivered,RTE-DET-20231103-001,2023-11-05T22:21:40,,on_time
SHP-202311-000002,CLI-0201,HUB-CIN,standard,2023-11-21T08:48:36,2023-11-22T08:48:36,delivered,,2023-11-25T09:48:36,,on_time
SHP-202311-000003,CLI-0201,HUB-CIN,freight,2023-11-14T11:11:32,2023-11-15T11:11:32,delivered,RTE-CIN-20231115-001,2023-11-19T16:11:32,,on_time
SHP-202311-000004,CLI-0042,HUB-IND,expedited,2023-11-07T12:48:11,2023-11-11T12:48:11,delivered,RTE-IND-20231107-001,2023-11-11T12:48:11,,on_time
SHP-202311-000005,CLI-0042,HUB-CMH,standard,2023-11-22T13:57:41,2023-11-23T13:57:41,delivered,RTE-CMH-20231123-002,2023-11-25T19:57:41,,on_time
SHP-202311-000006,CLI-0169,HUB-CIN,standard,2023-11-08T14:16:10,2023-11-09T14:16:10,delivered,RTE-CIN-20231109-001,2023-11-11T14:16:10,,on_time
SHP-202311-000007,CLI-0169,HUB-DET,standard,2023-11-16T20:32:17,2023-11-17T20:32:17,delivered,,2023-11-20T05:32:17,,on_time
SHP-202311-000008,CLI-0042,HUB-CMH,standard,2023-11-16T11:26:40,2023-11-20T11:26:40,delivered,RTE-CMH-20231116-001,2023-11-20T11:26:40,,on_time
SHP-202311-000009,CLI-0007,HUB-CIN,expedited,2023-11-30T15:58:26,2023-12-02T15:58:26,delivered,RTE-CIN-20231130-001,2023-12-02T15:58:26,,on_time
SHP-202311-000010,CLI-0201,HUB-CHI,standard,2023-11-28T19:16:54,2023-11-29T19:16:54,delivered,,2023-12-03T05:16:54,,on_time
SHP-202311-000011,CLI-0169,HUB-DET,standard,2023-11-10T15:12:06,2023-11-11T15:12:06,delivered,,2023-11-14T04:12:06,,on_time
SHP-202311-000012,CLI-0042,HUB-CHI,expedited,2023-11-17T11:40:55,2023-11-23T11:40:55,delayed,RTE-CHI-20231117-003,2023-11-23T07:40:55,4,4-12h
SHP-202311-000013,CLI-0169,HUB-IND,standard,2023-11-24T13:09:29,2023-11-28T13:09:29,delivered,,2023-11-28T13:09:29,,on_time
SHP-202311-000014,CLI-0042,HUB-CMH,expedited,2023-11-08T14:31:28,2023-11-09T14:31:28,delivered,,2023-11-11T03:31:28,,on_time
SHP-202311-000015,CLI-0155,HUB-CHI,freight,2023-11-07T16:39:33,2023-11-08T16:39:33,delivered,RTE-CHI-20231107-001,2023-11-12T04:39:33,,on_time
SHP-202311-000016,CLI-0201,HUB-IND,freight,2023-11-29T10:43:58,2023-12-01T10:43:58,delivered,,2023-12-04T12:43:58,,on_time
SHP-202311-000017,CLI-0201,HUB-IND,standard,2023-11-08T19:38:56,2023-11-09T19:38:56,delivered,,2023-11-13T05:38:56,,on_time
SHP-202311-000018,CLI-0042,HUB-IND,standard,2023-11-08T11:15:44,2023-11-10T11:15:44,delivered,,2023-11-11T06:15:44,,on_time
SHP-202311-000019,CLI-0007,HUB-IND,freight,2023-11-09T10:31:20,2023-11-13T10:31:20,delivered,RTE-IND-20231109-001,2023-11-13T10:31:20,,on_time
SHP-202311-000020,CLI-0155,HUB-IND,expedited,2023-11-22T12:50:35,2023-11-23T12:50:35,delivered,,2023-11-24T16:50:35,,on_time
SHP-202311-000021,CLI-0042,HUB-CHI,standard,2023-11-15T08:09:54,2023-11-18T08:09:54,delivered,RTE-CHI-20231115-001,2023-11-18T08:09:54,,on_time
SHP-202311-000022,CLI-0042,HUB-DET,expedited,2023-11-07T15:50:52,2023-11-11T15:50:52,delivered,RTE-DET-20231107-001,2023-11-11T15:50:52,,on_time
SHP-202311-000023,CLI-0007,HUB-CIN,standard,2023-11-18T09:00:13,2023-11-20T09:00:13,delivered,,2023-11-20T16:00:13,,on_time
SHP-202311-000024,CLI-0155,HUB-IND,standard,2023-11-06T15:46:30,2023-11-07T15:46:30,delivered,,2023-11-09T17:46:30,,on_time
SHP-202311-000025,CLI-0155,HUB-IND,freight,2023-11-20T10:17:38,2023-11-21T10:17:38,delivered,RTE-IND-20231121-003,2023-11-24T05:17:38,,on_time
SHP-202311-000026,CLI-0169,HUB-IND,freight,2023-11-07T15:57:21,2023-11-11T15:57:21,delivered,RTE-IND-20231107-001,2023-11-12T04:57:21,,on_time
SHP-202311-000027,CLI-0007,HUB-CMH,standard,2023-11-28T20:42:29,2023-12-02T20:42:29,delivered,,2023-12-02T20:42:29,,on_time
SHP-202311-000028,CLI-0201,HUB-IND,expedited,2023-11-08T09:21:57,2023-11-09T09:21:57,delivered,,2023-11-11T11:21:57,,on_time
SHP-202311-000029,CLI-0201,HUB-CHI,freight,2023-11-09T10:11:30,2023-11-10T10:11:30,delivered,RTE-CHI-20231109-002,2023-11-14T14:11:30,,on_time
SHP-202311-000030,CLI-0155,HUB-CHI,freight,2023-11-02T14:55:56,2023-11-03T14:55:56,delivered,RTE-CHI-20231102-002,2023-11-07T06:55:56,,on_time
SHP-202311-000031,CLI-0201,HUB-IND,standard,2023-11-08T19:33:19,2023-11-09T19:33:19,delivered,RTE-IND-20231108-001,2023-11-13T05:33:19,,on_time
SHP-202311-000032,CLI-0155,HUB-IND,freight,2023-11-22T15:12:53,2023-11-25T15:12:53,delivered,RTE-IND-20231123-001,2023-11-26T10:12:53,,on_time
SHP-202311-000033,CLI-0169,HUB-DET,expedited,2023-11-11T10:38:41,2023-11-12T10:38:41,delivered,RTE-DET-20231112-001,2023-11-13T23:38:41,,on_time
SHP-202311-000034,CLI-0201,HUB-IND,standard,2023-11-05T10:09:42,2023-11-06T10:09:42,delivered,RTE-IND-20231105-001,2023-11-09T11:09:42,,on_time
SHP-202311-000035,CLI-0201,HUB-CHI,freight,2023-11-14T12:42:47,2023-11-15T12:42:47,delivered,RTE-CHI-20231114-002,2023-11-19T15:42:47,,on_time
SHP-202311-000036,CLI-0155,HUB-CHI,standard,2023-11-30T18:14:15,2023-12-01T18:14:15,delivered,RTE-CHI-20231130-001,2023-12-04T00:14:15,,on_time
SHP-202311-000037,CLI-0169,HUB-DET,freight,2023-11-09T17:19:32,2023-11-12T17:19:32,delivered,,2023-11-14T09:19:32,,on_time
SHP-202311-000038,CLI-0155,HUB-CIN,standard,2023-11-06T07:16:04,2023-11-07T07:16:04,delivered,RTE-CIN-20231106-001,2023-11-09T17:16:04,,on_time
SHP-202311-000039,CLI-0042,HUB-DET,expedited,2023-11-11T15:34:27,2023-11-12T15:34:27,delivered,RTE-DET-20231112-001,2023-11-14T05:34:27,,on_time
SHP-202311-000040,CLI-0201,HUB-CIN,standard,2023-11-09T16:07:36,2023-11-10T16:07:36,delivered,RTE-CIN-20231109-002,2023-11-13T20:07:36,,on_time
SHP-202311-000041,CLI-0155,HUB-CMH,standard,2023-11-18T11:06:09,2023-11-19T11:06:09,delivered,RTE-CMH-20231120-003,2023-11-22T00:06:09,,on_time
SHP-202311-000042,CLI-0042,HUB-CIN,expedited,2023-11-17T18:20:10,2023-11-18T18:20:10,delivered,RTE-CIN-20231118-001,2023-11-20T12:20:10,,on_time
SHP-202311-000043,CLI-0169,HUB-CMH,freight,2023-11-07T10:19:54,2023-11-11T10:19:54,delivered,RTE-CMH-20231107-001,2023-11-11T10:19:54,,on_time
SHP-202311-000044,CLI-0201,HUB-CMH,expedited,2023-11-20T13:18:31,2023-11-21T13:18:31,delivered,RTE-CMH-20231120-002,2023-11-24T00:18:31,,on_time
SHP-202311-000045,CLI-0169,HUB-CMH,standard,2023-11-30T13:38:52,2023-12-04T13:38:52,delivered,RTE-CMH-20231201-001,2023-12-04T13:38:52,,on_time
SHP-202311-000046,CLI-0042,HUB-CHI,expedited,2023-11-22T07:58:16,2023-11-26T07:58:16,delivered,RTE-CHI-20231122-001,2023-11-26T07:58:16,,on_time
SHP-202311-000047,CLI-0007,HUB-CHI,standard,2023-11-21T20:50:09,2023-11-22T20:50:09,delivered,,2023-11-25T06:50:09,,on_time
SHP-202311-000048,CLI-0007,HUB-IND,standard,2023-11-13T08:35:06,2023-11-14T08:35:06,delivered,RTE-IND-20231113-001,2023-11-16T08:35:06,,on_time
SHP-202311-000049,CLI-0201,HUB-CIN,standard,2023-11-01T11:29:30,2023-11-04T11:29:30,delivered,,2023-11-05T12:29:30,,on_time
SHP-202311-000050,CLI-0169,HUB-DET,expedited,2023-11-14T12:45:03,2023-11-20T12:45:03,delayed,RTE-DET-20231115-003,2023-11-20T07:45:03,5,4-12h
SHP-202311-000051,CLI-0201,HUB-CMH,freight,2023-11-24T06:10:02,2023-11-28T06:10:02,delivered,RTE-CMH-20231124-003,2023-11-29T18:10:02,,on_time
SHP-202311-000052,CLI-0201,HUB-CHI,standard,2023-11-06T19:07:52,2023-11-09T19:07:52,delivered,RTE-CHI-20231106-003,2023-11-10T23:07:52,,on_time
SHP-202311-000053,CLI-0169,HUB-DET,standard,2023-11-20T14:22:46,2023-11-24T14:22:46,delivered,RTE-DET-20231120-001,2023-11-24T14:22:46,,on_time
SHP-202311-000054,CLI-0007,HUB-CIN,standard,2023-11-06T08:57:15,2023-11-09T08:57:15,delivered,,2023-11-09T08:57:15,,on_time
SHP-202311-000055,CLI-0155,HUB-IND,freight,2023-11-23T18:32:57,2023-11-27T18:32:57,delivered,RTE-IND-20231123-001,2023-11-28T00:32:57,,on_time
SHP-202311-000056,CLI-0155,HUB-CHI,standard,2023-11-23T15:15:55,2023-11-25T15:15:55,delivered,RTE-CHI-20231123-001,2023-11-27T09:15:55,,on_time
SHP-202311-000057,CLI-0201,HUB-CIN,freight,2023-11-06T13:47:12,2023-11-10T13:47:12,delivered,RTE-CIN-20231106-001,2023-11-11T13:47:12,,on_time
SHP-202311-000058,CLI-0169,HUB-IND,expedited,2023-11-16T12:13:47,2023-11-19T12:13:47,delivered,RTE-IND-20231116-001,2023-11-19T12:13:47,,on_time
SHP-202311-000059,CLI-0007,HUB-CIN,standard,2023-11-24T11:59:38,2023-11-26T11:59:38,delivered,,2023-11-26T23:59:38,,on_time
SHP-202311-000060,CLI-0155,HUB-IND,freight,2023-11-27T20:36:10,2023-11-28T20:36:10,delivered,RTE-IND-20231127-002,2023-12-01T21:36:10,,on_time
SHP-202311-000061,CLI-0007,HUB-CMH,expedited,2023-11-01T12:17:51,2023-11-02T12:17:51,delivered,RTE-CMH-20231101-001,2023-11-03T02:17:51,,on_time
SHP-202311-000062,CLI-0042,HUB-DET,standard,2023-11-03T16:31:04,2023-11-04T16:31:04,delivered,RTE-DET-20231103-001,2023-11-07T00:31:04,,on_time
SHP-202311-000063,CLI-0007,HUB-CMH,freight,2023-11-22T08:44:16,2023-11-23T08:44:16,delivered,,2023-11-26T00:44:16,,on_time
SHP-202311-000064,CLI-0155,HUB-CHI,expedited,2023-11-07T16:44:42,2023-11-09T16:44:42,delivered,RTE-CHI-20231108-002,2023-11-10T07:44:42,,on_time
SHP-202311-000065,CLI-0007,HUB-DET,standard,2023-11-11T07:02:48,2023-11-12T07:02:48,delivered,RTE-DET-20231112-001,2023-11-14T09:02:48,,on_time
SHP-202311-000066,CLI-0155,HUB-DET,standard,2023-11-08T17:10:14,2023-11-09T17:10:14,delivered,RTE-DET-20231108-002,2023-11-12T00:10:14,,on_time
SHP-202311-000067,CLI-0201,HUB-CHI,standard,2023-11-17T18:53:55,2023-11-19T18:53:55,delivered,RTE-CHI-20231118-001,2023-11-21T21:53:55,,on_time
SHP-202311-000068,CLI-0201,HUB-CMH,freight,2023-11-28T14:01:25,2023-12-02T14:01:25,delivered,RTE-CMH-20231129-004,2023-12-03T17:01:25,,on_time
SHP-202311-000069,CLI-0169,HUB-CMH,standard,2023-11-12T10:49:18,2023-11-15T10:49:18,delivered,RTE-CMH-20231112-001,2023-11-15T10:49:18,,on_time
SHP-202311-000070,CLI-0169,HUB-CMH,freight,2023-11-01T06:29:41,2023-11-05T06:29:41,delivered,,2023-11-05T09:29:41,,on_time
SHP-202311-000071,CLI-0007,HUB-CMH,freight,2023-11-21T19:10:28,2023-11-22T19:10:28,delivered,RTE-CMH-20231121-002,2023-11-25T13:10:28,,on_time
SHP-202311-000072,CLI-0155,HUB-CHI,standard,2023-11-29T13:15:01,2023-11-30T13:15:01,delivered,RTE-CHI-20231130-002,2023-12-02T20:15:01,,on_time
SHP-202311-000073,CLI-0042,HUB-DET,standard,2023-11-04T17:04:42,2023-11-08T17:04:42,delivered,RTE-DET-20231106-002,2023-11-08T17:04:42,,on_time
SHP-202311-000074,CLI-0169,HUB-CIN,expedited,2023-11-21T09:32:37,2023-11-22T09:32:37,delivered,,2023-11-23T13:32:37,,on_time
SHP-202311-000075,CLI-0007,HUB-CMH,standard,2023-11-03T15:15:00,2023-11-07T15:15:00,delivered,RTE-CMH-20231103-002,2023-11-07T15:15:00,,on_time
SHP-202311-000076,CLI-0007,HUB-IND,standard,2023-11-09T19:43:13,2023-11-13T19:43:13,delivered,RTE-IND-20231109-002,2023-11-13T19:43:13,,on_time
SHP-202311-000077,CLI-0042,HUB-CIN,freight,2023-11-28T17:16:38,2023-12-01T17:16:38,delivered,RTE-CIN-20231128-001,2023-12-02T23:16:38,,on_time
SHP-202311-000078,CLI-0169,HUB-IND,freight,2023-11-22T09:44:48,2023-11-23T09:44:48,delivered,RTE-IND-20231122-002,2023-11-27T00:44:48,,on_time
SHP-202311-000079,CLI-0007,HUB-CIN,expedited,2023-11-10T15:03:03,2023-11-13T15:03:03,delivered,RTE-CIN-20231110-002,2023-11-13T15:03:03,,on_time
SHP-202311-000080,CLI-0007,HUB-CIN,standard,2023-11-03T19:16:07,2023-11-06T19:16:07,delivered,RTE-CIN-20231105-001,2023-11-06T19:16:07,,on_time
SHP-202311-000081,CLI-0169,HUB-IND,expedited,2023-11-24T10:32:27,2023-11-25T10:32:27,delivered,RTE-IND-20231124-006,2023-11-26T16:32:27,,on_time
SHP-202311-000082,CLI-0169,HUB-DET,standard,2023-11-27T11:35:00,2023-11-28T11:35:00,delivered,RTE-DET-20231127-002,2023-12-01T01:35:00,,on_time
SHP-202311-000083,CLI-0201,HUB-IND,standard,2023-11-07T06:46:55,2023-11-11T06:46:55,delivered,RTE-IND-20231107-001,2023-11-11T09:46:55,,on_time
SHP-202311-000084,CLI-0169,HUB-CHI,standard,2023-11-23T16:27:11,2023-11-24T16:27:11,delivered,,2023-11-27T13:27:11,,on_time
SHP-202311-000085,CLI-0201,HUB-DET,standard,2023-11-29T15:47:11,2023-12-02T15:47:11,delivered,RTE-DET-20231129-002,2023-12-04T03:47:11,,on_time
SHP-202311-000086,CLI-0155,HUB-CHI,freight,2023-11-22T07:28:16,2023-11-23T07:28:16,delivered,,2023-11-26T18:28:16,,on_time
SHP-202311-000087,CLI-0201,HUB-CIN,expedited,2023-11-08T06:01:46,2023-11-12T06:01:46,delivered,RTE-CIN-20231109-002,2023-11-12T06:01:46,,on_time
SHP-202311-000088,CLI-0201,HUB-CMH,expedited,2023-11-05T17:49:08,2023-11-09T17:49:08,delivered,,2023-11-09T17:49:08,,on_time
SHP-202311-000089,CLI-0201,HUB-CMH,standard,2023-11-30T08:03:52,2023-12-01T08:03:52,delivered,RTE-CMH-20231130-002,2023-12-04T20:03:52,,on_time
SHP-202311-000090,CLI-0042,HUB-CHI,standard,2023-11-19T09:24:04,2023-11-22T09:24:04,delivered,,2023-11-22T09:24:04,,on_time
SHP-202311-000091,CLI-0007,HUB-DET,standard,2023-11-15T11:57:59,2023-11-18T11:57:59,delivered,,2023-11-18T17:57:59,,on_time
SHP-202311-000092,CLI-0201,HUB-CMH,standard,2023-11-27T19:31:28,2023-11-28T19:31:28,delivered,RTE-CMH-20231127-001,2023-12-01T21:31:28,,on_time
SHP-202311-000093,CLI-0042,HUB-IND,standard,2023-11-24T13:39:37,2023-11-25T13:39:37,delivered,RTE-IND-20231124-002,2023-11-27T19:39:37,,on_time
SHP-202311-000094,CLI-0007,HUB-IND,freight,2023-11-25T09:48:41,2023-11-28T09:48:41,delivered,RTE-IND-20231125-001,2023-11-29T06:48:41,,on_time
SHP-202311-000095,CLI-0155,HUB-CMH,standard,2023-11-08T09:33:26,2023-11-11T09:33:26,delivered,RTE-CMH-20231109-001,2023-11-11T18:33:26,,on_time
SHP-202311-000096,CLI-0201,HUB-CHI,standard,2023-11-12T17:43:24,2023-11-15T17:43:24,delivered,RTE-CHI-20231112-002,2023-11-17T01:43:24,,on_time
SHP-202311-000097,CLI-0201,HUB-CHI,expedited,2023-11-09T13:02:56,2023-11-12T13:02:56,delivered,RTE-CHI-20231109-001,2023-11-12T22:02:56,,on_time
SHP-202311-000098,CLI-0007,HUB-CIN,standard,2023-11-01T07:39:07,2023-11-05T07:39:07,delivered,RTE-CIN-20231101-002,2023-11-05T07:39:07,,on_time
SHP-202311-000099,CLI-0042,HUB-CIN,standard,2023-11-20T20:15:59,2023-11-23T20:15:59,delivered,RTE-CIN-20231120-003,2023-11-24T02:15:59,,on_time
SHP-202311-000100,CLI-0042,HUB-CIN,standard,2023-11-29T07:50:26,2023-12-01T07:50:26,delivered,RTE-CIN-20231201-001,2023-12-03T01:50:26,,on_time
SHP-202311-000101,CLI-0201,HUB-CHI,standard,2023-11-30T13:36:32,2023-12-09T13:36:32,delayed,RTE-CHI-20231130-002,2023-12-09T11:36:32,2,<4h
SHP-202311-000102,CLI-0042,HUB-CIN,freight,2023-11-11T10:13:35,2023-11-13T10:13:35,delivered,RTE-CIN-20231113-002,2023-11-16T02:13:35,,on_time
SHP-202311-000103,CLI-0155,HUB-CHI,standard,2023-11-20T14:10:22,2023-11-26T14:10:22,delayed,,2023-11-26T07:10:22,7,4-12h
SHP-202311-000104,CLI-0169,HUB-CMH,standard,2023-11-29T17:18:22,2023-12-03T17:18:22,delivered,RTE-CMH-20231129-002,2023-12-03T17:18:22,,on_time
SHP-202311-000105,CLI-0155,HUB-CIN,standard,2023-11-14T11:33:55,2023-11-15T11:33:55,delivered,RTE-CIN-20231114-001,2023-11-17T21:33:55,,on_time
SHP-202311-000106,CLI-0007,HUB-CMH,freight,2023-11-05T12:12:26,2023-11-06T12:12:26,delivered,,2023-11-09T03:12:26,,on_time
SHP-202311-000107,CLI-0042,HUB-IND,standard,2023-11-14T15:00:23,2023-11-15T15:00:23,delivered,RTE-IND-20231114-001,2023-11-17T13:00:23,,on_time
SHP-202311-000108,CLI-0042,HUB-DET,standard,2023-11-10T20:33:35,2023-11-11T20:33:35,delivered,RTE-DET-20231110-003,2023-11-14T12:33:35,,on_time
SHP-202311-000109,CLI-0155,HUB-IND,expedited,2023-11-30T16:44:15,2023-12-03T16:44:15,delivered,RTE-IND-20231130-002,2023-12-03T16:44:15,,on_time
SHP-202311-000110,CLI-0155,HUB-IND,expedited,2023-11-18T15:53:13,2023-11-19T15:53:13,delivered,RTE-IND-20231118-002,2023-11-20T20:53:13,,on_time
SHP-202311-000111,CLI-0169,HUB-CIN,expedited,2023-11-04T16:08:26,2023-11-05T16:08:26,delivered,RTE-CIN-20231105-001,2023-11-06T19:08:26,,on_time
SHP-202311-000112,CLI-0042,HUB-CIN,expedited,2023-11-03T20:13:04,2023-11-04T20:13:04,delivered,RTE-CIN-20231105-001,2023-11-06T05:13:04,,on_time
SHP-202311-000113,CLI-0201,HUB-IND,standard,2023-11-16T06:07:30,2023-11-18T06:07:30,delivered,RTE-IND-20231116-001,2023-11-20T11:07:30,,on_time
SHP-202311-000114,CLI-0042,HUB-CHI,standard,2023-11-10T08:30:03,2023-11-11T08:30:03,delivered,RTE-CHI-20231111-001,2023-11-12T19:30:03,,on_time
SHP-202311-000115,CLI-0169,HUB-CIN,standard,2023-11-07T20:07:07,2023-11-10T20:07:07,delivered,RTE-CIN-20231107-004,2023-11-10T23:07:07,,on_time
SHP-202311-000116,CLI-0201,HUB-CHI,expedited,2023-11-22T20:05:05,2023-11-25T20:05:05,delivered,,2023-11-25T20:05:05,,on_time
SHP-202311-000117,CLI-0042,HUB-CHI,standard,2023-11-24T08:04:12,2023-11-27T08:04:12,delivered,RTE-CHI-20231124-003,2023-11-27T08:04:12,,on_time
SHP-202311-000118,CLI-0007,HUB-CHI,standard,2023-11-29T13:14:18,2023-11-30T13:14:18,delivered,,2023-12-03T05:14:18,,on_time
SHP-202311-000119,CLI-0007,HUB-DET,expedited,2023-11-17T18:06:12,2023-11-19T18:06:12,delivered,RTE-DET-20231117-001,2023-11-19T22:06:12,,on_time
SHP-202311-000120,CLI-0007,HUB-CMH,standard,2023-11-08T17:36:23,2023-11-11T17:36:23,delivered,RTE-CMH-20231108-002,2023-11-11T17:36:23,,on_time
SHP-202311-000121,CLI-0155,HUB-CMH,standard,2023-11-17T19:04:01,2023-11-18T19:04:01,delivered,RTE-CMH-20231117-003,2023-11-21T06:04:01,,on_time
SHP-202311-000122,CLI-0169,HUB-CHI,freight,2023-11-20T12:08:08,2023-11-24T12:08:08,delivered,RTE-CHI-20231120-004,2023-11-25T06:08:08,,on_time
SHP-202311-000123,CLI-0007,HUB-DET,expedited,2023-11-28T10:59:29,2023-12-01T10:59:29,delivered,RTE-DET-20231129-001,2023-12-01T10:59:29,,on_time
SHP-202311-000124,CLI-0201,HUB-CIN,standard,2023-11-13T09:29:03,2023-11-15T09:29:03,delivered,,2023-11-17T14:29:03,,on_time
SHP-202311-000125,CLI-0169,HUB-IND,freight,2023-11-30T07:14:03,2023-12-01T07:14:03,delivered,RTE-IND-20231130-003,2023-12-04T21:14:03,,on_time
SHP-202311-000126,CLI-0007,HUB-CMH,expedited,2023-11-20T13:07:04,2023-11-21T13:07:04,delivered,RTE-CMH-20231120-002,2023-11-21T21:07:04,,on_time
SHP-202311-000127,CLI-0201,HUB-CHI,standard,2023-11-06T10:50:57,2023-11-07T10:50:57,delivered,RTE-CHI-20231106-001,2023-11-10T20:50:57,,on_time
SHP-202311-000128,CLI-0007,HUB-IND,standard,2023-11-22T09:06:29,2023-11-23T09:06:29,delivered,RTE-IND-20231122-002,2023-11-25T14:06:29,,on_time
SHP-202311-000129,CLI-0201,HUB-CIN,freight,2023-11-21T12:19:00,2023-11-22T12:19:00,delivered,,2023-11-26T16:19:00,,on_time
SHP-202311-000130,CLI-0201,HUB-CHI,standard,2023-11-23T06:26:59,2023-11-27T06:26:59,delivered,,2023-11-27T10:26:59,,on_time
SHP-202311-000131,CLI-0007,HUB-CMH,standard,2023-11-26T06:55:29,2023-11-27T06:55:29,delivered,RTE-CMH-20231127-002,2023-11-28T23:55:29,,on_time
SHP-202311-000132,CLI-0007,HUB-DET,expedited,2023-11-07T06:20:13,2023-11-10T06:20:13,delivered,RTE-DET-20231107-001,2023-11-10T06:20:13,,on_time
SHP-202311-000133,CLI-0007,HUB-CIN,freight,2023-11-22T18:47:51,2023-11-25T18:47:51,delivered,RTE-CIN-20231123-001,2023-11-26T03:47:51,,on_time
SHP-202311-000134,CLI-0007,HUB-CMH,standard,2023-11-25T15:40:43,2023-11-26T15:40:43,delivered,RTE-CMH-20231125-001,2023-11-27T22:40:43,,on_time
SHP-202311-000135,CLI-0201,HUB-DET,freight,2023-11-05T15:44:20,2023-11-08T15:44:20,delivered,RTE-DET-20231106-002,2023-11-11T11:44:20,,on_time
SHP-202311-000136,CLI-0201,HUB-DET,standard,2023-11-15T16:09:13,2023-11-19T16:09:13,delivered,RTE-DET-20231116-001,2023-11-20T05:09:13,,on_time
SHP-202311-000137,CLI-0155,HUB-CIN,standard,2023-11-01T06:06:27,2023-11-02T06:06:27,delivered,RTE-CIN-20231101-001,2023-11-04T13:06:27,,on_time
SHP-202311-000138,CLI-0007,HUB-CHI,standard,2023-11-18T20:31:38,2023-11-19T20:31:38,delivered,,2023-11-22T13:31:38,,on_time
SHP-202311-000139,CLI-0201,HUB-CIN,standard,2023-11-22T15:01:36,2023-11-26T15:01:36,delivered,RTE-CIN-20231123-001,2023-11-26T22:01:36,,on_time
SHP-202311-000140,CLI-0007,HUB-DET,expedited,2023-11-29T07:24:25,2023-12-01T07:24:25,delivered,,2023-12-01T11:24:25,,on_time
SHP-202311-000141,CLI-0007,HUB-CHI,standard,2023-11-16T18:54:51,2023-11-17T18:54:51,delivered,RTE-CHI-20231116-001,2023-11-20T04:54:51,,on_time
SHP-202311-000142,CLI-0155,HUB-DET,standard,2023-11-17T14:31:16,2023-11-20T14:31:16,delivered,RTE-DET-20231117-001,2023-11-20T21:31:16,,on_time
SHP-202311-000143,CLI-0155,HUB-CIN,expedited,2023-11-06T06:39:15,2023-11-07T06:39:15,delivered,RTE-CIN-20231106-005,2023-11-08T12:39:15,,on_time
SHP-202311-000144,CLI-0201,HUB-CHI,freight,2023-11-08T09:15:47,2023-11-10T09:15:47,delivered,RTE-CHI-20231108-002,2023-11-13T19:15:47,,on_time
SHP-202311-000145,CLI-0042,HUB-CHI,standard,2023-11-22T06:16:15,2023-11-25T06:16:15,delivered,RTE-CHI-20231122-001,2023-11-25T06:16:15,,on_time
SHP-202311-000146,CLI-0169,HUB-CMH,standard,2023-11-13T10:09:11,2023-11-14T10:09:11,delivered,,2023-11-16T07:09:11,,on_time
SHP-202311-000147,CLI-0155,HUB-CMH,standard,2023-11-26T20:13:42,2023-11-28T20:13:42,delivered,RTE-CMH-20231127-002,2023-11-30T11:13:42,,on_time
SHP-202311-000148,CLI-0007,HUB-IND,standard,2023-11-08T08:15:13,2023-11-12T08:15:13,delivered,,2023-11-12T08:15:13,,on_time
SHP-202311-000149,CLI-0007,HUB-CIN,standard,2023-11-02T11:34:51,2023-11-06T11:34:51,delivered,,2023-11-06T11:34:51,,on_time
SHP-202311-000150,CLI-0007,HUB-IND,freight,2023-11-10T17:04:52,2023-11-13T17:04:52,delivered,,2023-11-14T23:04:52,,on_time
SHP-202311-000151,CLI-0201,HUB-CIN,expedited,2023-11-13T13:33:07,2023-11-14T13:33:07,delivered,,2023-11-16T19:33:07,,on_time
SHP-202311-000152,CLI-0007,HUB-CIN,freight,2023-11-01T20:16:11,2023-11-02T20:16:11,delivered,,2023-11-05T10:16:11,,on_time
SHP-202311-000153,CLI-0169,HUB-CIN,freight,2023-11-14T17:37:44,2023-11-15T17:37:44,delivered,RTE-CIN-20231114-001,2023-11-18T11:37:44,,on_time
SHP-202311-000154,CLI-0201,HUB-CHI,freight,2023-11-12T11:42:00,2023-11-14T11:42:00,delivered,RTE-CHI-20231112-004,2023-11-17T18:42:00,,on_time
SHP-202311-000155,CLI-0201,HUB-IND,freight,2023-11-10T19:52:00,2023-11-13T19:52:00,delivered,,2023-11-15T20:52:00,,on_time
SHP-202311-000156,CLI-0169,HUB-IND,expedited,2023-11-25T08:02:23,2023-11-26T08:02:23,delivered,RTE-IND-20231125-001,2023-11-27T16:02:23,,on_time
SHP-202311-000157,CLI-0201,HUB-CHI,freight,2023-11-19T15:51:57,2023-11-21T15:51:57,delivered,RTE-CHI-20231120-001,2023-11-24T19:51:57,,on_time
SHP-202311-000158,CLI-0007,HUB-CHI,freight,2023-11-09T18:14:12,2023-11-11T18:14:12,delivered,RTE-CHI-20231109-002,2023-11-14T01:14:12,,on_time
SHP-202311-000159,CLI-0169,HUB-IND,expedited,2023-11-03T17:26:36,2023-11-06T17:26:36,delivered,,2023-11-06T17:26:36,,on_time
SHP-202311-000160,CLI-0169,HUB-CHI,expedited,2023-11-29T07:36:33,2023-11-30T07:36:33,delivered,,2023-12-02T01:36:33,,on_time
SHP-202311-000161,CLI-0201,HUB-CIN,standard,2023-11-07T18:56:44,2023-11-11T18:56:44,delivered,,2023-11-12T06:56:44,,on_time
SHP-202311-000162,CLI-0155,HUB-CIN,expedited,2023-11-24T16:44:14,2023-11-25T16:44:14,delivered,RTE-CIN-20231125-001,2023-11-27T10:44:14,,on_time
SHP-202311-000163,CLI-0169,HUB-CIN,standard,2023-11-10T12:44:25,2023-11-12T12:44:25,delivered,RTE-CIN-20231110-003,2023-11-13T14:44:25,,on_time
SHP-202311-000164,CLI-0169,HUB-CIN,expedited,2023-11-16T15:53:54,2023-11-17T15:53:54,delivered,RTE-CIN-20231116-003,2023-11-18T21:53:54,,on_time
SHP-202311-000165,CLI-0201,HUB-CMH,standard,2023-11-01T20:40:00,2023-11-05T20:40:00,delivered,RTE-CMH-20231102-003,2023-11-06T02:40:00,,on_time
SHP-202311-000166,CLI-0007,HUB-CIN,expedited,2023-11-01T11:06:04,2023-11-02T11:06:04,delivered,RTE-CIN-20231101-002,2023-11-03T03:06:04,,on_time
SHP-202311-000167,CLI-0155,HUB-IND,standard,2023-11-20T18:32:40,2023-11-22T18:32:40,delivered,RTE-IND-20231122-002,2023-11-24T00:32:40,,on_time
SHP-202311-000168,CLI-0201,HUB-IND,freight,2023-11-13T10:31:12,2023-11-14T10:31:12,delivered,RTE-IND-20231113-003,2023-11-18T19:31:12,,on_time
SHP-202311-000169,CLI-0169,HUB-CMH,standard,2023-11-09T06:37:39,2023-11-10T06:37:39,delivered,RTE-CMH-20231109-001,2023-11-12T07:37:39,,on_time
SHP-202311-000170,CLI-0201,HUB-CHI,standard,2023-11-26T12:27:30,2023-11-28T12:27:30,delivered,RTE-CHI-20231127-001,2023-11-30T13:27:30,,on_time
SHP-202311-000171,CLI-0201,HUB-CHI,freight,2023-11-28T16:46:27,2023-11-30T16:46:27,delivered,RTE-CHI-20231128-004,2023-12-03T19:46:27,,on_time
SHP-202311-000172,CLI-0201,HUB-DET,standard,2023-11-06T14:47:07,2023-11-07T14:47:07,delivered,RTE-DET-20231107-001,2023-11-11T11:47:07,,on_time
SHP-202311-000173,CLI-0042,HUB-CHI,standard,2023-11-20T18:17:54,2023-11-22T18:17:54,delivered,RTE-CHI-20231120-002,2023-11-23T03:17:54,,on_time
SHP-202311-000174,CLI-0155,HUB-DET,standard,2023-11-13T12:24:52,2023-11-16T12:24:52,delivered,,2023-11-16T23:24:52,,on_time
SHP-202311-000175,CLI-0155,HUB-CMH,freight,2023-11-27T08:21:03,2023-12-01T08:21:03,delivered,,2023-12-01T20:21:03,,on_time
SHP-202311-000176,CLI-0169,HUB-CHI,standard,2023-11-10T07:08:53,2023-11-13T07:08:53,delivered,,2023-11-14T07:08:53,,on_time
SHP-202311-000177,CLI-0007,HUB-IND,standard,2023-11-19T15:56:55,2023-11-23T15:56:55,delivered,RTE-IND-20231119-001,2023-11-23T15:56:55,,on_time
SHP-202311-000178,CLI-0007,HUB-DET,expedited,2023-11-29T15:15:13,2023-11-30T15:15:13,delivered,RTE-DET-20231129-003,2023-12-01T13:15:13,,on_time
SHP-202311-000179,CLI-0201,HUB-IND,expedited,2023-11-14T20:02:39,2023-11-15T20:02:39,delivered,RTE-IND-20231116-001,2023-11-18T01:02:39,,on_time
SHP-202311-000180,CLI-0169,HUB-IND,expedited,2023-11-20T20:28:29,2023-11-21T20:28:29,delivered,RTE-IND-20231121-002,2023-11-23T08:28:29,,on_time
SHP-202311-000181,CLI-0007,HUB-DET,standard,2023-11-08T10:03:06,2023-11-15T10:03:06,delayed,RTE-DET-20231110-002,2023-11-15T06:03:06,4,4-12h
SHP-202311-000182,CLI-0201,HUB-DET,standard,2023-11-16T09:19:11,2023-11-17T09:19:11,delivered,RTE-DET-20231116-001,2023-11-21T03:19:11,,on_time
SHP-202311-000183,CLI-0155,HUB-DET,expedited,2023-11-23T13:36:42,2023-11-27T13:36:42,delivered,RTE-DET-20231123-002,2023-11-27T13:36:42,,on_time
SHP-202311-000184,CLI-0042,HUB-IND,standard,2023-11-24T11:37:25,2023-11-25T11:37:25,delivered,,2023-11-27T05:37:25,,on_time
SHP-202311-000185,CLI-0155,HUB-CHI,standard,2023-11-03T15:24:49,2023-11-04T15:24:49,delivered,,2023-11-07T03:24:49,,on_time
SHP-202311-000186,CLI-0042,HUB-IND,standard,2023-11-24T13:47:32,2023-11-28T13:47:32,delivered,RTE-IND-20231124-004,2023-11-28T13:47:32,,on_time
SHP-202311-000187,CLI-0042,HUB-IND,freight,2023-11-05T09:44:58,2023-11-06T09:44:58,delivered,RTE-IND-20231105-001,2023-11-09T09:44:58,,on_time
SHP-202311-000188,CLI-0169,HUB-CIN,standard,2023-11-23T15:57:36,2023-11-27T15:57:36,delivered,RTE-CIN-20231123-001,2023-11-27T15:57:36,,on_time
SHP-202311-000189,CLI-0169,HUB-IND,standard,2023-11-15T12:08:16,2023-11-19T12:08:16,delivered,RTE-IND-20231117-001,2023-11-19T12:08:16,,on_time
SHP-202311-000190,CLI-0155,HUB-IND,freight,2023-11-28T11:30:25,2023-12-01T11:30:25,delivered,RTE-IND-20231129-001,2023-12-02T06:30:25,,on_time
SHP-202311-000191,CLI-0155,HUB-CHI,standard,2023-11-10T09:48:57,2023-11-12T09:48:57,delivered,RTE-CHI-20231111-001,2023-11-13T22:48:57,,on_time
SHP-202311-000192,CLI-0155,HUB-CHI,standard,2023-11-10T19:35:52,2023-11-14T19:35:52,delivered,RTE-CHI-20231111-001,2023-11-14T19:35:52,,on_time
SHP-202311-000193,CLI-0155,HUB-CHI,standard,2023-11-21T20:16:11,2023-11-22T20:16:11,delivered,,2023-11-25T09:16:11,,on_time
SHP-202311-000194,CLI-0201,HUB-CMH,standard,2023-11-09T13:14:27,2023-11-12T13:14:27,delivered,,2023-11-13T16:14:27,,on_time
SHP-202311-000195,CLI-0007,HUB-CIN,standard,2023-11-15T09:42:20,2023-11-16T09:42:20,delivered,,2023-11-18T01:42:20,,on_time
SHP-202311-000196,CLI-0042,HUB-CMH,standard,2023-11-02T09:49:12,2023-11-04T09:49:12,delivered,RTE-CMH-20231102-002,2023-11-05T18:49:12,,on_time
SHP-202311-000197,CLI-0201,HUB-CIN,standard,2023-11-29T11:40:49,2023-11-30T11:40:49,delivered,RTE-CIN-20231129-003,2023-12-03T12:40:49,,on_time
SHP-202311-000198,CLI-0007,HUB-CHI,standard,2023-11-10T11:01:48,2023-11-11T11:01:48,delivered,RTE-CHI-20231111-001,2023-11-14T01:01:48,,on_time
SHP-202311-000199,CLI-0155,HUB-IND,expedited,2023-11-19T18:32:24,2023-11-20T18:32:24,delivered,RTE-IND-20231119-001,2023-11-21T16:32:24,,on_time
SHP-202311-000200,CLI-0007,HUB-CIN,standard,2023-11-10T09:27:40,2023-11-11T09:27:40,delivered,RTE-CIN-20231110-002,2023-11-12T20:27:40,,on_time
SHP-202311-000201,CLI-0155,HUB-IND,standard,2023-11-02T12:11:13,2023-11-03T12:11:13,delivered,RTE-IND-20231102-001,2023-11-05T11:11:13,,on_time
SHP-202311-000202,CLI-0042,HUB-CIN,standard,2023-11-07T14:43:14,2023-11-08T14:43:14,delivered,RTE-CIN-20231107-002,2023-11-10T20:43:14,,on_time
SHP-202311-000203,CLI-0201,HUB-CHI,freight,2023-11-05T08:43:37,2023-11-09T08:43:37,delivered,,2023-11-10T08:43:37,,on_time
SHP-202312-000001,CLI-0169,HUB-IND,expedited,2023-12-28T08:29:04,2023-12-29T08:29:04,delivered,RTE-IND-20231228-002,2023-12-31T01:29:04,,on_time
SHP-202312-000002,CLI-0042,HUB-CIN,standard,2023-12-15T09:58:22,2023-12-16T09:58:22,delivered,RTE-CIN-20231216-001,2023-12-18T21:58:22,,on_time
SHP-202312-000003,CLI-0007,HUB-CMH,standard,2023-12-28T06:31:21,2023-12-29T06:31:21,delivered,RTE-CMH-20231228-002,2023-12-30T23:31:21,,on_time
SHP-202312-000004,CLI-0042,HUB-IND,freight,2023-12-28T14:54:13,2023-12-31T14:54:13,delivered,,2024-01-01T16:54:13,,on_time
SHP-202312-000005,CLI-0155,HUB-IND,standard,2023-12-15T15:59:03,2023-12-16T15:59:03,delivered,RTE-IND-20231215-001,2023-12-18T16:59:03,,on_time
SHP-202312-000006,CLI-0007,HUB-CHI,standard,2023-12-19T12:31:22,2023-12-20T12:31:22,delivered,,2023-12-22T23:31:22,,on_time
SHP-202312-000007,CLI-0201,HUB-CHI,freight,2023-12-11T06:19:05,2023-12-13T06:19:05,delivered,RTE-CHI-20231211-001,2023-12-16T07:19:05,,on_time
SHP-202312-000008,CLI-0007,HUB-IND,standard,2023-12-18T14:11:09,2023-12-19T14:11:09,delivered,RTE-IND-20231218-001,2023-12-21T12:11:09,,on_time
SHP-202312-000009,CLI-0042,HUB-CIN,standard,2023-12-19T07:53:11,2023-12-23T07:53:11,delivered,RTE-CIN-20231219-001,2023-12-23T07:53:11,,on_time
SHP-202312-000010,CLI-0042,HUB-CIN,standard,2023-12-13T13:48:12,2023-12-17T13:48:12,delivered,RTE-CIN-20231214-001,2023-12-17T13:48:12,,on_time
SHP-202312-000011,CLI-0201,HUB-CIN,freight,2023-12-03T14:21:01,2023-12-07T14:21:01,delivered,RTE-CIN-20231203-001,2023-12-08T15:21:01,,on_time
SHP-202312-000012,CLI-0169,HUB-CMH,standard,2023-12-22T13:05:52,2023-12-23T13:05:52,delivered,RTE-CMH-20231223-001,2023-12-25T19:05:52,,on_time
SHP-202312-000013,CLI-0201,HUB-CMH,freight,2023-12-30T11:30:09,2024-01-02T11:30:09,delivered,RTE-CMH-20231230-001,2024-01-04T21:30:09,,on_time
SHP-202312-000014,CLI-0201,HUB-CIN,freight,2023-12-08T09:35:33,2023-12-12T09:35:33,delivered,RTE-CIN-20231208-001,2023-12-13T12:35:33,,on_time
SHP-202312-000015,CLI-0155,HUB-CMH,expedited,2023-12-17T14:52:21,2023-12-19T14:52:21,delivered,RTE-CMH-20231218-003,2023-12-20T01:52:21,,on_time
SHP-202312-000016,CLI-0169,HUB-CHI,freight,2023-12-26T09:10:10,2023-12-27T09:10:10,delivered,,2023-12-31T12:10:10,,on_time
SHP-202312-000017,CLI-0042,HUB-CHI,freight,2023-12-05T16:01:05,2023-12-07T16:01:05,delivered,RTE-CHI-20231206-002,2023-12-09T02:01:05,,on_time
SHP-202312-000018,CLI-0042,HUB-CMH,freight,2023-12-04T07:52:05,2023-12-06T07:52:05,delivered,RTE-CMH-20231204-001,2023-12-08T19:52:05,,on_time
SHP-202312-000019,CLI-0155,HUB-CMH,standard,2023-12-08T15:13:29,2023-12-09T15:13:29,delivered,RTE-CMH-20231208-002,2023-12-11T21:13:29,,on_time
SHP-202312-000020,CLI-0042,HUB-CHI,freight,2023-12-21T12:37:53,2023-12-24T12:37:53,delivered,,2023-12-25T05:37:53,,on_time
SHP-202312-000021,CLI-0042,HUB-CIN,freight,2023-12-06T15:00:36,2023-12-08T15:00:36,delivered,RTE-CIN-20231208-001,2023-12-11T00:00:36,,on_time
SHP-202312-000022,CLI-0155,HUB-CHI,standard,2023-12-25T19:36:31,2023-12-28T19:36:31,delivered,RTE-CHI-20231225-001,2023-12-29T07:36:31,,on_time
SHP-202312-000023,CLI-0007,HUB-CMH,standard,2023-12-12T19:43:35,2023-12-15T19:43:35,delivered,RTE-CMH-20231214-002,2023-12-15T19:43:35,,on_time
SHP-202312-000024,CLI-0155,HUB-CHI,freight,2023-12-14T13:57:57,2023-12-15T13:57:57,delivered,RTE-CHI-20231214-002,2023-12-18T21:57:57,,on_time
SHP-202312-000025,CLI-0042,HUB-DET,freight,2023-12-14T15:12:04,2023-12-15T15:12:04,delivered,RTE-DET-20231214-002,2023-12-19T08:12:04,,on_time
SHP-202312-000026,CLI-0201,HUB-DET,standard,2023-12-12T13:18:52,2023-12-13T13:18:52,delivered,RTE-DET-20231214-001,2023-12-17T07:18:52,,on_time
SHP-202312-000027,CLI-0169,HUB-DET,standard,2023-12-28T09:01:24,2024-01-01T09:01:24,delivered,,2024-01-01T09:01:24,,on_time
SHP-202312-000028,CLI-0169,HUB-IND,freight,2023-12-25T10:50:10,2023-12-28T10:50:10,delivered,,2023-12-29T16:50:10,,on_time
SHP-202312-000029,CLI-0155,HUB-CMH,standard,2023-12-22T15:17:29,2023-12-23T15:17:29,delivered,RTE-CMH-20231222-002,2023-12-26T01:17:29,,on_time
SHP-202312-000030,CLI-0155,HUB-CIN,freight,2023-12-14T09:41:34,2023-12-17T09:41:34,delivered,RTE-CIN-20231214-001,2023-12-18T19:41:34,,on_time
SHP-202312-000031,CLI-0042,HUB-CHI,freight,2023-12-29T07:08:15,2023-12-31T07:08:15,delivered,RTE-CHI-20231229-002,2024-01-01T17:08:15,,on_time
SHP-202312-000032,CLI-0201,HUB-DET,standard,2023-12-20T17:50:15,2023-12-23T17:50:15,delivered,RTE-DET-20231220-002,2023-12-25T16:50:15,,on_time
SHP-202312-000033,CLI-0007,HUB-CIN,standard,2023-12-15T20:06:55,2023-12-16T20:06:55,delivered,RTE-CIN-20231215-001,2023-12-18T06:06:55,,on_time
SHP-202312-000034,CLI-0042,HUB-IND,standard,2023-12-07T14:20:37,2023-12-08T14:20:37,delivered,RTE-IND-20231208-002,2023-12-10T12:20:37,,on_time
SHP-202312-000035,CLI-0155,HUB-CMH,freight,2023-12-25T07:08:02,2023-12-27T07:08:02,delivered,RTE-CMH-20231225-001,2023-12-29T20:08:02,,on_time
SHP-202312-000036,CLI-0201,HUB-DET,standard,2023-12-04T08:10:26,2023-12-05T08:10:26,delivered,,2023-12-09T01:10:26,,on_time
SHP-202312-000037,CLI-0042,HUB-CHI,freight,2023-12-15T13:01:05,2023-12-18T13:01:05,delivered,RTE-CHI-20231216-001,2023-12-18T23:01:05,,on_time
SHP-202312-000038,CLI-0007,HUB-IND,standard,2023-12-26T06:51:07,2023-12-29T06:51:07,delivered,,2023-12-29T06:51:07,,on_time
SHP-202312-000039,CLI-0042,HUB-CHI,expedited,2023-12-12T18:02:11,2023-12-14T18:02:11,delivered,RTE-CHI-20231212-005,2023-12-14T18:02:11,,on_time
SHP-202312-000040,CLI-0201,HUB-DET,freight,2023-12-05T10:53:27,2023-12-06T10:53:27,delivered,RTE-DET-20231206-001,2023-12-11T04:53:27,,on_time
SHP-202312-000041,CLI-0042,HUB-CIN,freight,2023-12-04T16:59:02,2023-12-08T16:59:02,delivered,,2023-12-09T00:59:02,,on_time
SHP-202312-000042,CLI-0201,HUB-DET,standard,2023-12-16T06:00:36,2023-12-20T06:00:36,delivered,RTE-DET-20231216-002,2023-12-21T06:00:36,,on_time
SHP-202312-000043,CLI-0042,HUB-IND,standard,2023-12-08T06:33:19,2023-12-12T06:33:19,delivered,RTE-IND-20231208-004,2023-12-12T06:33:19,,on_time
SHP-202312-000044,CLI-0155,HUB-DET,standard,2023-12-15T14:06:17,2023-12-16T14:06:17,delivered,RTE-DET-20231215-003,2023-12-19T01:06:17,,on_time
SHP-202312-000045,CLI-0007,HUB-DET,freight,2023-12-30T06:17:11,2024-01-03T06:17:11,delivered,RTE-DET-20231230-002,2024-01-03T07:17:11,,on_time
SHP-202312-000046,CLI-0201,HUB-IND,freight,2023-12-27T16:12:39,2023-12-31T16:12:39,delivered,,2024-01-02T02:12:39,,on_time
SHP-202312-000047,CLI-0155,HUB-CMH,standard,2023-12-27T06:28:30,2023-12-28T06:28:30,delivered,RTE-CMH-20231227-003,2023-12-30T21:28:30,,on_time
SHP-202312-000048,CLI-0201,HUB-CHI,expedited,2023-12-12T08:53:38,2023-12-14T08:53:38,delivered,RTE-CHI-20231214-002,2023-12-15T08:53:38,,on_time
SHP-202312-000049,CLI-0007,HUB-IND,freight,2023-12-16T16:38:23,2023-12-20T16:38:23,delivered,RTE-IND-20231216-001,2023-12-20T21:38:23,,on_time
SHP-202312-000050,CLI-0007,HUB-DET,standard,2023-12-05T20:48:33,2023-12-09T20:48:33,delivered,RTE-DET-20231206-004,2023-12-09T20:48:33,,on_time
SHP-202312-000051,CLI-0155,HUB-DET,expedited,2023-12-27T11:37:33,2023-12-28T11:37:33,delivered,RTE-DET-20231227-001,2023-12-29T18:37:33,,on_time
SHP-202312-000052,CLI-0169,HUB-CMH,standard,2023-12-29T09:51:54,2024-01-02T09:51:54,delivered,,2024-01-02T09:51:54,,on_time
SHP-202312-000053,CLI-0155,HUB-CIN,freight,2023-12-03T15:38:05,2023-12-04T15:38:05,delivered,RTE-CIN-20231203-001,2023-12-08T06:38:05,,on_time
SHP-202312-000054,CLI-0201,HUB-CMH,expedited,2023-12-04T19:48:14,2023-12-05T19:48:14,delivered,,2023-12-08T06:48:14,,on_time
SHP-202312-000055,CLI-0201,HUB-CIN,standard,2023-12-26T18:23:58,2023-12-29T18:23:58,delivered,RTE-CIN-20231226-001,2023-12-31T02:23:58,,on_time
SHP-202312-000056,CLI-0042,HUB-DET,standard,2023-12-20T19:03:40,2023-12-24T19:03:40,delivered,RTE-DET-20231220-001,2023-12-24T19:03:40,,on_time
SHP-202312-000057,CLI-0042,HUB-IND,freight,2023-12-12T16:13:50,2023-12-16T16:13:50,delivered,RTE-IND-20231212-001,2023-12-16T16:13:50,,on_time
SHP-202312-000058,CLI-0169,HUB-CIN,standard,2023-12-19T18:46:37,2023-12-20T18:46:37,delivered,RTE-CIN-20231220-001,2023-12-22T15:46:37,,on_time
SHP-202312-000059,CLI-0007,HUB-CMH,standard,2023-12-06T09:42:13,2023-12-07T09:42:13,delivered,RTE-CMH-20231206-003,2023-12-08T23:42:13,,on_time
SHP-202312-000060,CLI-0042,HUB-CMH,expedited,2023-12-13T13:49:31,2023-12-14T13:49:31,delivered,,2023-12-16T02:49:31,,on_time
SHP-202312-000061,CLI-0201,HUB-CHI,standard,2023-12-21T14:45:08,2023-12-22T14:45:08,delivered,RTE-CHI-20231222-001,2023-12-26T02:45:08,,on_time
SHP-202312-000062,CLI-0007,HUB-CHI,standard,2023-12-26T18:38:25,2023-12-29T18:38:25,delivered,RTE-CHI-20231226-001,2023-12-30T07:38:25,,on_time
SHP-202312-000063,CLI-0201,HUB-CIN,standard,2023-12-08T10:46:40,2023-12-09T10:46:40,delivered,RTE-CIN-20231208-001,2023-12-12T12:46:40,,on_time
SHP-202312-000064,CLI-0201,HUB-CHI,standard,2023-12-29T17:37:43,2023-12-31T17:37:43,delivered,,2024-01-03T01:37:43,,on_time
SHP-202312-000065,CLI-0007,HUB-CIN,freight,2023-12-11T08:28:37,2023-12-12T08:28:37,delivered,,2023-12-14T19:28:37,,on_time
SHP-202312-000066,CLI-0155,HUB-IND,standard,2023-12-21T08:49:54,2023-12-22T08:49:54,delivered,RTE-IND-20231222-001,2023-12-24T11:49:54,,on_time
SHP-202312-000067,CLI-0042,HUB-CMH,standard,2023-12-14T07:26:33,2023-12-18T07:26:33,delivered,RTE-CMH-20231214-002,2023-12-18T07:26:33,,on_time
SHP-202312-000068,CLI-0007,HUB-CHI,standard,2023-12-16T19:38:13,2023-12-17T19:38:13,delivered,RTE-CHI-20231216-001,2023-12-20T01:38:13,,on_time
SHP-202312-000069,CLI-0201,HUB-CMH,standard,2023-12-19T17:30:18,2023-12-25T17:30:18,delayed,,2023-12-25T12:30:18,5,4-12h
SHP-202312-000070,CLI-0042,HUB-DET,standard,2023-12-27T17:40:21,2023-12-29T17:40:21,delivered,,2023-12-31T01:40:21,,on_time
SHP-202312-000071,CLI-0169,HUB-DET,freight,2023-12-07T08:12:48,2023-12-11T08:12:48,delivered,RTE-DET-20231207-001,2023-12-11T16:12:48,,on_time
SHP-202312-000072,CLI-0201,HUB-CHI,expedited,2023-12-18T11:15:19,2023-12-22T11:15:19,delivered,RTE-CHI-20231218-002,2023-12-22T11:15:19,,on_time
SHP-202312-000073,CLI-0201,HUB-IND,standard,2023-12-18T12:47:44,2023-12-20T12:47:44,delivered,RTE-IND-20231218-004,2023-12-22T22:47:44,,on_time
SHP-202312-000074,CLI-0007,HUB-CHI,standard,2023-12-12T09:19:27,2023-12-16T09:19:27,delivered,RTE-CHI-20231212-005,2023-12-16T09:19:27,,on_time
SHP-202312-000075,CLI-0042,HUB-CIN,standard,2023-12-26T08:08:27,2023-12-30T08:08:27,delivered,RTE-CIN-20231226-002,2023-12-30T08:08:27,,on_time
SHP-202312-000076,CLI-0042,HUB-CMH,expedited,2023-12-06T14:00:02,2023-12-08T14:00:02,delivered,RTE-CMH-20231206-001,2023-12-09T00:00:02,,on_time
SHP-202312-000077,CLI-0169,HUB-IND,standard,2023-12-15T15:47:41,2023-12-16T15:47:41,delivered,RTE-IND-20231215-001,2023-12-18T21:47:41,,on_time
SHP-202312-000078,CLI-0042,HUB-CMH,expedited,2023-12-12T09:02:27,2023-12-13T09:02:27,delivered,RTE-CMH-20231212-004,2023-12-14T21:02:27,,on_time
SHP-202312-000079,CLI-0201,HUB-IND,standard,2023-12-26T12:30:27,2023-12-29T12:30:27,delivered,,2023-12-30T16:30:27,,on_time
SHP-202312-000080,CLI-0201,HUB-CIN,standard,2023-12-06T17:03:46,2023-12-07T17:03:46,delivered,RTE-CIN-20231206-002,2023-12-10T21:03:46,,on_time
SHP-202312-000081,CLI-0007,HUB-CIN,expedited,2023-12-25T11:10:53,2023-12-27T11:10:53,delivered,RTE-CIN-20231225-001,2023-12-27T11:10:53,,on_time
SHP-202312-000082,CLI-0155,HUB-CHI,standard,2023-12-05T16:29:07,2023-12-06T16:29:07,delivered,RTE-CHI-20231205-001,2023-12-09T08:29:07,,on_time
SHP-202312-000083,CLI-0042,HUB-CHI,standard,2023-12-18T19:02:38,2023-12-19T19:02:38,delivered,,2023-12-21T10:02:38,,on_time
SHP-202312-000084,CLI-0042,HUB-IND,standard,2023-12-20T15:56:24,2023-12-21T15:56:24,delivered,RTE-IND-20231220-003,2023-12-23T20:56:24,,on_time
SHP-202312-000085,CLI-0007,HUB-CIN,standard,2023-12-11T12:18:48,2023-12-12T12:18:48,delivered,RTE-CIN-20231211-005,2023-12-13T22:18:48,,on_time
SHP-202312-000086,CLI-0042,HUB-DET,standard,2023-12-14T16:40:43,2023-12-15T16:40:43,delivered,RTE-DET-20231214-001,2023-12-18T07:40:43,,on_time
SHP-202312-000087,CLI-0155,HUB-CHI,standard,2023-12-20T16:18:33,2023-12-21T16:18:33,delivered,RTE-CHI-20231221-001,2023-12-24T00:18:33,,on_time
SHP-202312-000088,CLI-0201,HUB-CMH,standard,2023-12-18T10:21:36,2023-12-22T10:21:36,delivered,RTE-CMH-20231219-001,2023-12-22T17:21:36,,on_time
SHP-202312-000089,CLI-0201,HUB-CMH,standard,2023-12-21T20:44:19,2023-12-22T20:44:19,delivered,RTE-CMH-20231221-001,2023-12-25T22:44:19,,on_time
SHP-202312-000090,CLI-0007,HUB-CIN,standard,2023-12-05T11:13:05,2023-12-07T11:13:05,delivered,,2023-12-08T02:13:05,,on_time
SHP-202312-000091,CLI-0169,HUB-DET,standard,2023-12-01T08:23:31,2023-12-04T08:23:31,delivered,RTE-DET-20231201-001,2023-12-04T23:23:31,,on_time
SHP-202312-000092,CLI-0042,HUB-CIN,standard,2023-12-05T17:20:28,2023-12-09T17:20:28,delivered,RTE-CIN-20231207-001,2023-12-09T17:20:28,,on_time
SHP-202312-000093,CLI-0201,HUB-IND,freight,2023-12-07T11:54:31,2023-12-10T11:54:31,delivered,RTE-IND-20231208-001,2023-12-12T21:54:31,,on_time
SHP-202312-000094,CLI-0201,HUB-IND,standard,2023-12-21T14:26:10,2023-12-22T14:26:10,delivered,RTE-IND-20231221-002,2023-12-25T16:26:10,,on_time
SHP-202312-000095,CLI-0042,HUB-CHI,freight,2023-12-14T16:47:14,2023-12-16T16:47:14,delivered,,2023-12-18T06:47:14,,on_time
SHP-202312-000096,CLI-0007,HUB-DET,standard,2023-12-01T10:22:12,2023-12-04T10:22:12,delivered,RTE-DET-20231201-001,2023-12-04T13:22:12,,on_time
SHP-202312-000097,CLI-0155,HUB-IND,freight,2023-12-22T17:47:47,2023-12-26T17:47:47,delivered,RTE-IND-20231222-005,2023-12-26T20:47:47,,on_time
SHP-202312-000098,CLI-0155,HUB-DET,standard,2023-12-26T18:45:43,2023-12-30T18:45:43,delivered,RTE-DET-20231226-003,2023-12-30T18:45:43,,on_time
SHP-202312-000099,CLI-0169,HUB-IND,freight,2023-12-05T08:42:03,2023-12-06T08:42:03,delivered,RTE-IND-20231205-001,2023-12-09T17:42:03,,on_time
SHP-202312-000100,CLI-0169,HUB-CHI,standard,2023-12-15T06:16:50,2023-12-19T06:16:50,delivered,RTE-CHI-20231216-001,2023-12-19T12:16:50,,on_time
SHP-202312-000101,CLI-0042,HUB-DET,freight,2023-12-07T13:25:21,2023-12-08T13:25:21,delivered,RTE-DET-20231207-001,2023-12-11T21:25:21,,on_time
SHP-202312-000102,CLI-0201,HUB-CIN,freight,2023-12-07T17:08:06,2023-12-08T17:08:06,delivered,RTE-CIN-20231207-002,2023-12-12T19:08:06,,on_time
SHP-202312-000103,CLI-0169,HUB-CMH,standard,2023-12-06T11:50:01,2023-12-10T11:50:01,delivered,,2023-12-10T11:50:01,,on_time
SHP-202312-000104,CLI-0201,HUB-DET,standard,2023-12-21T07:06:39,2023-12-24T07:06:39,delivered,,2023-12-25T20:06:39,,on_time
SHP-202312-000105,CLI-0169,HUB-CIN,expedited,2023-12-11T06:19:50,2023-12-12T06:19:50,delivered,RTE-CIN-20231211-005,2023-12-13T01:19:50,,on_time
SHP-202312-000106,CLI-0042,HUB-IND,standard,2023-12-27T07:24:29,2023-12-30T07:24:29,delivered,RTE-IND-20231227-002,2023-12-30T07:24:29,,on_time
SHP-202312-000107,CLI-0007,HUB-IND,expedited,2023-12-08T08:32:04,2023-12-09T08:32:04,delivered,RTE-IND-20231208-005,2023-12-10T02:32:04,,on_time
SHP-202312-000108,CLI-0042,HUB-IND,standard,2023-12-12T08:43:52,2023-12-16T08:43:52,delivered,RTE-IND-20231212-001,2023-12-16T08:43:52,,on_time
SHP-202312-000109,CLI-0201,HUB-CIN,freight,2023-12-19T20:59:57,2023-12-22T20:59:57,delivered,RTE-CIN-20231219-002,2023-12-25T03:59:57,,on_time
SHP-202312-000110,CLI-0201,HUB-CHI,standard,2023-12-04T08:30:36,2023-12-05T08:30:36,delivered,,2023-12-08T17:30:36,,on_time
SHP-202312-000111,CLI-0155,HUB-DET,freight,2023-12-13T10:49:58,2023-12-14T10:49:58,delivered,,2023-12-17T17:49:58,,on_time
SHP-202312-000112,CLI-0042,HUB-IND,expedited,2023-12-31T08:07:46,2024-01-02T08:07:46,delivered,,2024-01-02T08:07:46,,on_time
SHP-202312-000113,CLI-0042,HUB-IND,standard,2023-12-01T17:54:27,2023-12-02T17:54:27,delivered,RTE-IND-20231202-001,2023-12-04T19:54:27,,on_time
SHP-202312-000114,CLI-0201,HUB-IND,standard,2023-12-28T09:41:03,2023-12-30T09:41:03,delivered,RTE-IND-20231228-002,2024-01-01T19:41:03,,on_time
SHP-202312-000115,CLI-0201,HUB-IND,standard,2023-12-13T09:20:56,2023-12-14T09:20:56,delivered,RTE-IND-20231213-001,2023-12-17T20:20:56,,on_time
SHP-202312-000116,CLI-0155,HUB-IND,freight,2023-12-23T07:56:13,2023-12-25T07:56:13,delivered,RTE-IND-20231224-002,2023-12-27T05:56:13,,on_time
SHP-202312-000117,CLI-0042,HUB-CHI,standard,2023-12-17T17:26:20,2023-12-21T17:26:20,delivered,RTE-CHI-20231218-001,2023-12-21T17:26:20,,on_time
SHP-202312-000118,CLI-0155,HUB-IND,expedited,2023-12-11T06:10:45,2023-12-15T06:10:45,delivered,,2023-12-15T06:10:45,,on_time
SHP-202312-000119,CLI-0155,HUB-CMH,freight,2023-12-03T12:09:24,2023-12-04T12:09:24,delivered,RTE-CMH-20231203-002,2023-12-08T02:09:24,,on_time
SHP-202312-000120,CLI-0169,HUB-IND,standard,2023-12-19T20:57:40,2023-12-21T20:57:40,delivered,,2023-12-23T07:57:40,,on_time
SHP-202312-000121,CLI-0201,HUB-CHI,standard,2023-12-01T11:08:45,2023-12-05T11:08:45,delivered,RTE-CHI-20231201-002,2023-12-05T18:08:45,,on_time
SHP-202312-000122,CLI-0007,HUB-CIN,expedited,2023-12-01T17:05:21,2023-12-04T17:05:21,delivered,RTE-CIN-20231201-002,2023-12-04T17:05:21,,on_time
SHP-202312-000123,CLI-0155,HUB-DET,standard,2023-12-04T08:51:49,2023-12-05T08:51:49,delivered,,2023-12-07T22:51:49,,on_time
SHP-202312-000124,CLI-0007,HUB-CIN,freight,2023-12-13T11:08:30,2023-12-16T11:08:30,delivered,,2023-12-16T23:08:30,,on_time
SHP-202312-000125,CLI-0042,HUB-CIN,expedited,2023-12-18T09:14:40,2023-12-22T09:14:40,delivered,RTE-CIN-20231219-002,2023-12-22T09:14:40,,on_time
SHP-202312-000126,CLI-0201,HUB-CMH,standard,2023-12-12T10:28:29,2023-12-14T10:28:29,delivered,RTE-CMH-20231212-004,2023-12-16T18:28:29,,on_time
SHP-202312-000127,CLI-0007,HUB-DET,standard,2023-12-31T16:49:22,2024-01-01T16:49:22,delivered,,2024-01-03T14:49:22,,on_time
SHP-202312-000128,CLI-0169,HUB-CHI,expedited,2023-12-19T12:40:55,2023-12-21T12:40:55,delivered,RTE-CHI-20231219-001,2023-12-22T18:40:55,,on_time
SHP-202312-000129,CLI-0155,HUB-CMH,freight,2023-12-12T19:38:59,2023-12-13T19:38:59,delivered,RTE-CMH-20231212-002,2023-12-17T09:38:59,,on_time
SHP-202312-000130,CLI-0169,HUB-CIN,standard,2023-12-26T06:46:34,2023-12-27T06:46:34,delivered,,2023-12-29T01:46:34,,on_time
SHP-202312-000131,CLI-0201,HUB-CIN,standard,2023-12-15T19:56:35,2023-12-19T19:56:35,delivered,RTE-CIN-20231215-001,2023-12-20T07:56:35,,on_time
SHP-202312-000132,CLI-0201,HUB-CIN,standard,2023-12-15T19:19:31,2023-12-19T19:19:31,delivered,RTE-CIN-20231215-001,2023-12-20T05:19:31,,on_time
SHP-202312-000133,CLI-0201,HUB-IND,standard,2023-12-13T17:10:47,2023-12-14T17:10:47,delivered,RTE-IND-20231213-001,2023-12-17T23:10:47,,on_time
SHP-202312-000134,CLI-0155,HUB-IND,expedited,2023-12-25T09:40:04,2023-12-26T09:40:04,delivered,,2023-12-27T14:40:04,,on_time
SHP-202312-000135,CLI-0201,HUB-CMH,standard,2023-12-02T16:55:53,2023-12-03T16:55:53,delivered,RTE-CMH-20231203-002,2023-12-06T21:55:53,,on_time
SHP-202312-000136,CLI-0201,HUB-DET,standard,2023-12-17T11:22:12,2023-12-18T11:22:12,delivered,RTE-DET-20231218-001,2023-12-22T00:22:12,,on_time
SHP-202312-000137,CLI-0201,HUB-DET,expedited,2023-12-25T17:32:36,2023-12-29T17:32:36,delivered,RTE-DET-20231226-002,2023-12-29T17:32:36,,on_time
SHP-202312-000138,CLI-0155,HUB-IND,freight,2023-12-14T20:44:31,2023-12-17T20:44:31,delivered,RTE-IND-20231214-001,2023-12-18T14:44:31,,on_time
SHP-202312-000139,CLI-0042,HUB-CIN,expedited,2023-12-19T07:48:45,2023-12-21T07:48:45,delivered,RTE-CIN-20231219-001,2023-12-21T19:48:45,,on_time
SHP-202312-000140,CLI-0201,HUB-IND,freight,2023-12-19T13:46:42,2023-12-21T13:46:42,delivered,RTE-IND-20231219-003,2023-12-24T21:46:42,,on_time
SHP-202312-000141,CLI-0042,HUB-DET,freight,2023-12-04T12:13:01,2023-12-08T12:13:01,delivered,RTE-DET-20231204-005,2023-12-08T18:13:01,,on_time
SHP-202312-000142,CLI-0201,HUB-CMH,expedited,2023-12-21T20:14:05,2023-12-25T20:14:05,delivered,RTE-CMH-20231221-001,2023-12-25T20:14:05,,on_time
SHP-202312-000143,CLI-0042,HUB-CIN,standard,2023-12-08T12:12:14,2023-12-12T12:12:14,delivered,RTE-CIN-20231208-001,2023-12-12T12:12:14,,on_time
SHP-202312-000144,CLI-0169,HUB-CIN,standard,2023-12-14T20:50:09,2023-12-18T20:50:09,delivered,RTE-CIN-20231214-002,2023-12-18T20:50:09,,on_time
SHP-202312-000145,CLI-0169,HUB-DET,standard,2023-12-14T06:09:31,2023-12-18T06:09:31,delivered,,2023-12-18T06:09:31,,on_time
SHP-202312-000146,CLI-0169,HUB-IND,expedited,2023-12-28T12:44:59,2024-01-01T12:44:59,delivered,RTE-IND-20231228-001,2024-01-01T12:44:59,,on_time
SHP-202312-000147,CLI-0201,HUB-CHI,standard,2023-12-21T14:54:17,2023-12-24T14:54:17,delivered,RTE-CHI-20231221-002,2023-12-25T16:54:17,,on_time
SHP-202312-000148,CLI-0169,HUB-CMH,standard,2023-12-28T16:11:44,2024-01-03T16:11:44,delayed,RTE-CMH-20231228-002,2024-01-03T10:11:44,6,4-12h
SHP-202312-000149,CLI-0007,HUB-IND,expedited,2023-12-27T18:45:37,2023-12-28T18:45:37,delivered,RTE-IND-20231227-001,2023-12-30T00:45:37,,on_time
SHP-202312-000150,CLI-0169,HUB-DET,freight,2023-12-15T19:52:11,2023-12-17T19:52:11,delivered,RTE-DET-20231215-003,2023-12-20T08:52:11,,on_time
SHP-202312-000151,CLI-0007,HUB-CMH,standard,2023-12-07T17:09:17,2023-12-08T17:09:17,delivered,,2023-12-10T02:09:17,,on_time
SHP-202312-000152,CLI-0169,HUB-DET,standard,2023-12-05T18:21:18,2023-12-06T18:21:18,delivered,RTE-DET-20231206-004,2023-12-09T07:21:18,,on_time
SHP-202312-000153,CLI-0201,HUB-CIN,freight,2023-12-11T13:58:13,2023-12-13T13:58:13,delivered,RTE-CIN-20231211-004,2023-12-16T17:58:13,,on_time
SHP-202312-000154,CLI-0169,HUB-IND,standard,2023-12-18T14:49:07,2023-12-19T14:49:07,delivered,RTE-IND-20231218-004,2023-12-22T00:49:07,,on_time
SHP-202312-000155,CLI-0169,HUB-CMH,expedited,2023-12-20T14:04:03,2023-12-21T14:04:03,delivered,RTE-CMH-20231220-003,2023-12-22T20:04:03,,on_time
SHP-202312-000156,CLI-0169,HUB-IND,standard,2023-12-24T12:52:50,2023-12-28T12:52:50,delivered,RTE-IND-20231224-002,2023-12-28T12:52:50,,on_time
SHP-202312-000157,CLI-0042,HUB-CHI,freight,2023-12-26T10:02:13,2024-01-01T10:02:13,delayed,,2024-01-01T05:02:13,5,4-12h
SHP-202312-000158,CLI-0007,HUB-DET,freight,2023-12-25T14:02:33,2023-12-26T14:02:33,delivered,RTE-DET-20231225-001,2023-12-29T19:02:33,,on_time
SHP-202312-000159,CLI-0007,HUB-IND,standard,2023-12-08T15:47:49,2023-12-11T15:47:49,delivered,RTE-IND-20231208-005,2023-12-11T15:47:49,,on_time
SHP-202312-000160,CLI-0169,HUB-DET,freight,2023-12-21T11:43:12,2023-12-22T11:43:12,delivered,,2023-12-26T03:43:12,,on_time
SHP-202312-000161,CLI-0155,HUB-CMH,standard,2023-12-12T13:39:09,2023-12-14T13:39:09,delivered,RTE-CMH-20231212-004,2023-12-15T22:39:09,,on_time
SHP-202312-000162,CLI-0201,HUB-CIN,standard,2023-12-27T10:30:04,2023-12-28T10:30:04,delivered,RTE-CIN-20231229-003,2023-12-31T15:30:04,,on_time
SHP-202312-000163,CLI-0007,HUB-IND,standard,2023-12-07T17:44:41,2023-12-09T17:44:41,delivered,RTE-IND-20231207-003,2023-12-10T21:44:41,,on_time
SHP-202312-000164,CLI-0042,HUB-DET,standard,2023-12-01T17:37:19,2023-12-02T17:37:19,delivered,,2023-12-05T10:37:19,,on_time
SHP-202312-000165,CLI-0042,HUB-IND,expedited,2023-12-08T16:21:49,2023-12-09T16:21:49,delivered,,2023-12-10T10:21:49,,on_time
SHP-202312-000166,CLI-0155,HUB-CHI,freight,2023-12-17T06:23:22,2023-12-18T06:23:22,delivered,RTE-CHI-20231218-002,2023-12-21T13:23:22,,on_time
SHP-202312-000167,CLI-0042,HUB-DET,standard,2023-12-08T14:07:04,2023-12-12T14:07:04,delivered,RTE-DET-20231209-001,2023-12-12T14:07:04,,on_time
SHP-202312-000168,CLI-0155,HUB-IND,standard,2023-12-09T07:32:07,2023-12-10T07:32:07,delivered,RTE-IND-20231209-001,2023-12-12T06:32:07,,on_time
SHP-202312-000169,CLI-0169,HUB-IND,standard,2023-12-06T20:55:53,2023-12-09T20:55:53,delivered,RTE-IND-20231206-001,2023-12-10T13:55:53,,on_time
SHP-202312-000170,CLI-0169,HUB-CHI,expedited,2023-12-26T08:36:15,2023-12-29T08:36:15,delivered,RTE-CHI-20231226-003,2023-12-29T11:36:15,,on_time
SHP-202312-000171,CLI-0007,HUB-CIN,expedited,2023-12-27T06:21:27,2023-12-28T06:21:27,delivered,RTE-CIN-20231227-002,2023-12-28T16:21:27,,on_time
SHP-202312-000172,CLI-0007,HUB-CHI,standard,2023-12-29T07:09:14,2024-01-01T07:09:14,delivered,RTE-CHI-20231229-002,2024-01-01T21:09:14,,on_time
SHP-202312-000173,CLI-0007,HUB-IND,standard,2023-12-26T20:32:40,2023-12-30T20:32:40,delivered,,2023-12-30T20:32:40,,on_time
SHP-202312-000174,CLI-0007,HUB-CIN,standard,2023-12-15T20:43:15,2023-12-17T20:43:15,delivered,RTE-CIN-20231215-001,2023-12-18T02:43:15,,on_time
SHP-202312-000175,CLI-0155,HUB-DET,standard,2023-12-27T07:02:29,2023-12-28T07:02:29,delivered,RTE-DET-20231227-001,2023-12-30T23:02:29,,on_time
SHP-202312-000176,CLI-0169,HUB-CMH,expedited,2023-12-13T12:21:37,2023-12-14T12:21:37,delivered,RTE-CMH-20231214-002,2023-12-15T15:21:37,,on_time
SHP-202312-000177,CLI-0007,HUB-IND,freight,2023-12-18T06:11:00,2023-12-19T06:11:00,delivered,RTE-IND-20231218-004,2023-12-22T03:11:00,,on_time
SHP-202312-000178,CLI-0007,HUB-CHI,standard,2023-12-21T09:58:08,2023-12-25T09:58:08,delivered,RTE-CHI-20231221-001,2023-12-25T09:58:08,,on_time
SHP-202312-000179,CLI-0201,HUB-CMH,freight,2023-12-28T13:34:43,2023-12-29T13:34:43,delivered,RTE-CMH-20231229-002,2024-01-02T15:34:43,,on_time
SHP-202312-000180,CLI-0155,HUB-DET,freight,2023-12-24T14:57:28,2023-12-27T14:57:28,delivered,RTE-DET-20231226-004,2023-12-29T06:57:28,,on_time
SHP-202312-000181,CLI-0042,HUB-CHI,expedited,2023-12-16T19:32:28,2023-12-17T19:32:28,delivered,,2023-12-18T09:32:28,,on_time
SHP-202312-000182,CLI-0155,HUB-CIN,freight,2023-12-21T09:28:05,2023-12-22T09:28:05,delivered,,2023-12-25T20:28:05,,on_time
SHP-202312-000183,CLI-0169,HUB-CMH,freight,2023-12-27T10:57:05,2023-12-31T10:57:05,delivered,RTE-CMH-20231228-001,2023-12-31T10:57:05,,on_time
SHP-202312-000184,CLI-0201,HUB-IND,standard,2023-12-08T18:27:58,2023-12-10T18:27:58,delivered,RTE-IND-20231208-005,2023-12-12T22:27:58,,on_time
SHP-202312-000185,CLI-0201,HUB-IND,standard,2023-12-12T07:06:27,2023-12-15T07:06:27,delivered,,2023-12-16T08:06:27,,on_time
SHP-202312-000186,CLI-0201,HUB-CHI,standard,2023-12-09T20:27:34,2023-12-10T20:27:34,delivered,RTE-CHI-20231209-001,2023-12-14T07:27:34,,on_time
SHP-202312-000187,CLI-0201,HUB-CMH,expedited,2023-12-25T16:56:45,2023-12-26T16:56:45,delivered,,2023-12-29T00:56:45,,on_time
SHP-202312-000188,CLI-0155,HUB-IND,standard,2023-12-01T08:36:47,2023-12-04T08:36:47,delivered,RTE-IND-20231202-003,2023-12-04T08:36:47,,on_time
SHP-202312-000189,CLI-0169,HUB-CIN,standard,2023-12-18T09:15:50,2023-12-21T09:15:50,delivered,RTE-CIN-20231218-004,2023-12-21T11:15:50,,on_time
SHP-202312-000190,CLI-0155,HUB-DET,freight,2023-12-19T18:38:52,2023-12-23T18:38:52,delivered,RTE-DET-20231220-002,2023-12-24T02:38:52,,on_time
SHP-202312-000191,CLI-0042,HUB-CIN,freight,2023-12-20T14:32:50,2023-12-22T14:32:50,delivered,RTE-CIN-20231220-002,2023-12-25T04:32:50,,on_time
SHP-202312-000192,CLI-0155,HUB-CIN,standard,2023-12-23T17:53:24,2023-12-27T17:53:24,delivered,RTE-CIN-20231223-001,2023-12-27T17:53:24,,on_time
SHP-202312-000193,CLI-0007,HUB-DET,expedited,2023-12-12T11:06:53,2023-12-14T11:06:53,delivered,,2023-12-14T11:06:53,,on_time
SHP-202312-000194,CLI-0155,HUB-CHI,expedited,2023-12-17T07:26:23,2023-12-19T07:26:23,delivered,RTE-CHI-20231218-002,2023-12-19T19:26:23,,on_time
SHP-202312-000195,CLI-0155,HUB-CIN,freight,2023-12-27T16:56:33,2023-12-28T16:56:33,delivered,,2023-12-31T22:56:33,,on_time
SHP-202312-000196,CLI-0155,HUB-DET,expedited,2023-12-14T17:32:12,2023-12-18T17:32:12,delivered,RTE-DET-20231215-002,2023-12-18T17:32:12,,on_time
SHP-202312-000197,CLI-0007,HUB-DET,standard,2023-12-01T16:09:41,2023-12-04T16:09:41,delivered,RTE-DET-20231201-001,2023-12-04T16:09:41,,on_time
SHP-202312-000198,CLI-0169,HUB-CHI,freight,2023-12-27T18:43:45,2023-12-29T18:43:45,delivered,RTE-CHI-20231227-001,2024-01-01T15:43:45,,on_time
SHP-202312-000199,CLI-0169,HUB-DET,standard,2023-12-29T07:26:37,2024-01-02T07:26:37,delivered,RTE-DET-20231229-002,2024-01-02T07:26:37,,on_time
SHP-202312-000200,CLI-0155,HUB-DET,standard,2023-12-15T15:58:19,2023-12-16T15:58:19,delivered,RTE-DET-20231215-002,2023-12-19T07:58:19,,on_time
SHP-202312-000201,CLI-0201,HUB-CIN,freight,2023-12-28T16:52:46,2023-12-29T16:52:46,delivered,RTE-CIN-20231228-001,2024-01-02T23:52:46,,on_time
SHP-202312-000202,CLI-0155,HUB-IND,freight,2023-12-19T08:15:52,2023-12-23T08:15:52,delivered,RTE-IND-20231219-003,2023-12-23T08:15:52,,on_time
SHP-202312-000203,CLI-0201,HUB-DET,standard,2023-12-11T13:20:18,2023-12-18T13:20:18,delayed,RTE-DET-20231211-002,2023-12-18T06:20:18,7,4-12h
SHP-202312-000204,CLI-0169,HUB-CIN,standard,2023-12-03T17:34:45,2023-12-06T17:34:45,delivered,RTE-CIN-20231203-001,2023-12-06T17:34:45,,on_time
SHP-202312-000205,CLI-0169,HUB-CMH,standard,2023-12-20T11:01:25,2023-12-23T11:01:25,delivered,RTE-CMH-20231220-001,2023-12-23T11:01:25,,on_time
SHP-202312-000206,CLI-0201,HUB-CIN,expedited,2023-12-06T18:01:50,2023-12-07T18:01:50,delivered,RTE-CIN-20231206-002,2023-12-09T19:01:50,,on_time
SHP-202312-000207,CLI-0155,HUB-CMH,standard,2023-12-13T07:12:20,2023-12-14T07:12:20,delivered,,2023-12-16T15:12:20,,on_time
SHP-202312-000208,CLI-0201,HUB-CMH,standard,2023-12-12T18:53:12,2023-12-14T18:53:12,delivered,RTE-CMH-20231212-004,2023-12-16T19:53:12,,on_time
SHP-202312-000209,CLI-0169,HUB-DET,freight,2023-12-05T11:23:10,,failed,RTE-DET-20231206-001,2023-12-09T20:23:10,,
SHP-202312-000210,CLI-0007,HUB-CHI,expedited,2023-12-06T20:58:09,2023-12-10T20:58:09,delivered,RTE-CHI-20231208-001,2023-12-10T20:58:09,,on_time
SHP-202312-000211,CLI-0201,HUB-CIN,standard,2023-12-25T06:32:28,2023-12-26T06:32:28,delivered,,2023-12-29T12:32:28,,on_time
SHP-202312-000212,CLI-0201,HUB-CHI,standard,2023-12-28T16:38:02,2023-12-29T16:38:02,delivered,RTE-CHI-20231228-001,2024-01-01T21:38:02,,on_time
SHP-202312-000213,CLI-0042,HUB-CHI,freight,2023-12-19T12:05:42,2023-12-23T12:05:42,delivered,RTE-CHI-20231220-003,2023-12-23T12:05:42,,on_time
SHP-202312-000214,CLI-0042,HUB-DET,standard,2023-12-11T20:39:56,2023-12-12T20:39:56,delivered,,2023-12-15T05:39:56,,on_time
SHP-202312-000215,CLI-0042,HUB-IND,standard,2023-12-26T07:07:50,2023-12-27T07:07:50,delivered,RTE-IND-20231226-001,2023-12-29T13:07:50,,on_time
SHP-202312-000216,CLI-0007,HUB-CMH,standard,2023-12-29T15:27:29,2023-12-30T15:27:29,delivered,RTE-CMH-20231229-002,2024-01-01T05:27:29,,on_time
SHP-202312-000217,CLI-0155,HUB-CIN,standard,2023-12-12T20:44:55,2023-12-14T20:44:55,delivered,RTE-CIN-20231212-001,2023-12-16T14:44:55,,on_time
SHP-202312-000218,CLI-0155,HUB-CHI,standard,2023-12-10T07:10:35,2023-12-11T07:10:35,delivered,RTE-CHI-20231212-002,2023-12-13T21:10:35,,on_time
SHP-202312-000219,CLI-0155,HUB-CMH,standard,2023-12-09T17:06:48,2023-12-12T17:06:48,delivered,RTE-CMH-20231210-001,2023-12-13T10:06:48,,on_time
SHP-202312-000220,CLI-0042,HUB-CHI,expedited,2023-12-07T09:47:49,2023-12-08T09:47:49,delivered,RTE-CHI-20231207-002,2023-12-08T22:47:49,,on_time
SHP-202312-000221,CLI-0201,HUB-DET,expedited,2023-12-06T17:21:41,2023-12-07T17:21:41,delivered,RTE-DET-20231206-004,2023-12-10T09:21:41,,on_time
SHP-202312-000222,CLI-0155,HUB-DET,standard,2023-12-22T06:44:17,2023-12-26T06:44:17,delivered,RTE-DET-20231222-001,2023-12-26T06:44:17,,on_time
SHP-202312-000223,CLI-0169,HUB-DET,standard,2023-12-03T09:37:31,2023-12-07T09:37:31,delivered,,2023-12-07T09:37:31,,on_time
SHP-202312-000224,CLI-0169,HUB-DET,expedited,2023-12-25T06:02:06,2023-12-28T06:02:06,delivered,RTE-DET-20231225-002,2023-12-28T06:02:06,,on_time
SHP-202401-000001,CLI-0201,HUB-CIN,freight,2024-01-12T20:52:07,2024-01-16T20:52:07,delivered,RTE-CIN-20240112-001,2024-01-18T07:52:07,,on_time
SHP-202401-000002,CLI-0155,HUB-CMH,standard,2024-01-19T09:22:48,2024-01-28T09:22:48,delayed,,2024-01-28T07:22:48,2,<4h
SHP-202401-000003,CLI-0201,HUB-IND,freight,2024-01-29T07:45:08,2024-01-30T07:45:08,delivered,RTE-IND-20240129-001,2024-02-03T10:45:08,,on_time
SHP-202401-000004,CLI-0007,HUB-CIN,freight,2024-01-22T18:05:34,,returned,RTE-CIN-20240122-003,2024-01-26T07:05:34,,
SHP-202401-000005,CLI-0042,HUB-CHI,expedited,2024-01-26T09:45:16,2024-01-27T09:45:16,delivered,RTE-CHI-20240126-002,2024-01-28T02:45:16,,on_time
SHP-202401-000006,CLI-0201,HUB-CHI,freight,2024-01-17T08:00:30,2024-01-20T08:00:30,delivered,,2024-01-22T17:00:30,,on_time
SHP-202401-000007,CLI-0201,HUB-CIN,standard,2024-01-01T09:14:09,2024-01-05T09:14:09,delivered,RTE-CIN-20240101-003,2024-01-05T21:14:09,,on_time
SHP-202401-000008,CLI-0201,HUB-CHI,standard,2024-01-04T15:18:05,2024-01-10T15:18:05,delayed,RTE-CHI-20240105-001,2024-01-10T12:18:05,3,<4h
SHP-202401-000009,CLI-0007,HUB-DET,standard,2024-01-15T06:41:46,2024-01-19T06:41:46,delivered,RTE-DET-20240115-003,2024-01-19T06:41:46,,on_time
SHP-202401-000010,CLI-0201,HUB-CMH,expedited,2024-01-24T17:18:33,2024-01-25T17:18:33,delivered,RTE-CMH-20240124-002,2024-01-27T21:18:33,,on_time
SHP-202401-000011,CLI-0201,HUB-DET,standard,2024-01-31T18:34:32,2024-02-02T18:34:32,delivered,RTE-DET-20240201-002,2024-02-05T17:34:32,,on_time
SHP-202401-000012,CLI-0201,HUB-CMH,standard,2024-01-23T15:07:57,2024-01-25T15:07:57,delivered,RTE-CMH-20240123-001,2024-01-27T18:07:57,,on_time
SHP-202401-000013,CLI-0201,HUB-CMH,standard,2024-01-06T19:48:18,2024-01-09T19:48:18,delivered,RTE-CMH-20240108-001,2024-01-10T20:48:18,,on_time
SHP-202401-000014,CLI-0007,HUB-IND,freight,2024-01-07T16:35:05,2024-01-11T16:35:05,delivered,RTE-IND-20240107-001,2024-01-11T16:35:05,,on_time
SHP-202401-000015,CLI-0155,HUB-CMH,standard,2024-01-08T19:20:25,2024-01-09T19:20:25,delivered,,2024-01-12T04:20:25,,on_time
SHP-202401-000016,CLI-0155,HUB-CHI,freight,2024-01-12T19:36:23,2024-01-13T19:36:23,delivered,RTE-CHI-20240114-002,2024-01-17T13:36:23,,on_time
SHP-202401-000017,CLI-0169,HUB-DET,standard,2024-01-04T09:25:38,2024-01-06T09:25:38,delivered,RTE-DET-20240104-001,2024-01-07T23:25:38,,on_time
SHP-202401-000018,CLI-0007,HUB-CMH,expedited,2024-01-11T11:07:05,2024-01-15T11:07:05,delivered,RTE-CMH-20240112-002,2024-01-15T11:07:05,,on_time
SHP-202401-000019,CLI-0201,HUB-DET,freight,2024-01-25T11:22:41,2024-01-29T11:22:41,delivered,RTE-DET-20240125-001,2024-01-31T10:22:41,,on_time
SHP-202401-000020,CLI-0155,HUB-CIN,expedited,2024-01-06T17:54:52,2024-01-07T17:54:52,delivered,,2024-01-09T10:54:52,,on_time
SHP-202401-000021,CLI-0169,HUB-CMH,standard,2024-01-08T09:16:24,2024-01-11T09:16:24,delivered,RTE-CMH-20240108-001,2024-01-11T09:16:24,,on_time
SHP-202401-000022,CLI-0201,HUB-CHI,standard,2024-01-29T09:57:46,,returned,RTE-CHI-20240130-002,2024-02-02T20:57:46,,
SHP-202401-000023,CLI-0042,HUB-DET,standard,2024-01-15T16:23:59,2024-01-16T16:23:59,delivered,RTE-DET-20240115-003,2024-01-19T10:23:59,,on_time
SHP-202401-000024,CLI-0042,HUB-CMH,standard,2024-01-15T15:53:24,2024-01-20T15:53:24,delayed,RTE-CMH-20240116-004,2024-01-20T08:53:24,7,4-12h
SHP-202401-000025,CLI-0042,HUB-CMH,freight,2024-01-26T12:35:14,2024-01-27T12:35:14,delivered,RTE-CMH-20240126-002,2024-01-30T22:35:14,,on_time
SHP-202401-000026,CLI-0007,HUB-IND,expedited,2024-01-23T16:36:07,2024-01-24T16:36:07,delivered,,2024-01-25T19:36:07,,on_time
SHP-202401-000027,CLI-0201,HUB-CIN,standard,2024-01-22T07:57:25,2024-01-26T07:57:25,delivered,,2024-01-26T17:57:25,,on_time
SHP-202401-000028,CLI-0007,HUB-CHI,standard,2024-01-23T18:41:04,2024-01-24T18:41:04,delivered,,2024-01-27T07:41:04,,on_time
SHP-202401-000029,CLI-0042,HUB-CIN,standard,2024-01-04T14:33:10,2024-01-06T14:33:10,delivered,RTE-CIN-20240104-001,2024-01-08T08:33:10,,on_time
SHP-202401-000030,CLI-0169,HUB-CIN,freight,2024-01-31T19:00:11,2024-02-04T19:00:11,delivered,,2024-02-04T19:00:11,,on_time
SHP-202401-000031,CLI-0042,HUB-CHI,standard,2024-01-31T14:44:55,2024-02-03T14:44:55,delivered,RTE-CHI-20240131-002,2024-02-03T14:44:55,,on_time
SHP-202401-000032,CLI-0201,HUB-CIN,standard,2024-01-09T20:14:02,2024-01-11T20:14:02,delivered,RTE-CIN-20240109-001,2024-01-14T01:14:02,,on_time
SHP-202401-000033,CLI-0169,HUB-CIN,standard,2024-01-04T15:34:27,2024-01-05T15:34:27,delivered,RTE-CIN-20240104-001,2024-01-07T21:34:27,,on_time
SHP-202401-000034,CLI-0201,HUB-CIN,freight,2024-01-19T20:07:21,2024-01-22T20:07:21,delivered,RTE-CIN-20240120-001,2024-01-24T22:07:21,,on_time
SHP-202401-000035,CLI-0042,HUB-CMH,standard,2024-01-31T14:03:43,2024-02-04T14:03:43,delivered,,2024-02-04T14:03:43,,on_time
SHP-202401-000036,CLI-0155,HUB-IND,expedited,2024-01-17T08:35:59,2024-01-20T08:35:59,delivered,RTE-IND-20240119-002,2024-01-20T08:35:59,,on_time
SHP-202401-000037,CLI-0169,HUB-CMH,standard,2024-01-31T06:51:49,2024-02-04T06:51:49,delivered,RTE-CMH-20240201-003,2024-02-04T06:51:49,,on_time
SHP-202401-000038,CLI-0042,HUB-IND,freight,2024-01-11T06:14:53,2024-01-12T06:14:53,delivered,,2024-01-15T12:14:53,,on_time
SHP-202401-000039,CLI-0155,HUB-IND,freight,2024-01-25T16:57:58,2024-01-29T16:57:58,delivered,RTE-IND-20240126-003,2024-01-29T16:57:58,,on_time
SHP-202401-000040,CLI-0169,HUB-CIN,freight,2024-01-01T14:55:38,2024-01-04T14:55:38,delivered,RTE-CIN-20240103-001,2024-01-05T20:55:38,,on_time
SHP-202401-000041,CLI-0155,HUB-CHI,standard,2024-01-12T16:43:00,2024-01-13T16:43:00,delivered,RTE-CHI-20240112-007,2024-01-16T03:43:00,,on_time
SHP-202401-000042,CLI-0169,HUB-CHI,standard,2024-01-20T12:07:03,2024-01-22T12:07:03,delivered,,2024-01-24T06:07:03,,on_time
SHP-202401-000043,CLI-0042,HUB-CHI,standard,2024-01-08T17:29:29,2024-01-11T17:29:29,delivered,RTE-CHI-20240108-001,2024-01-11T17:29:29,,on_time
SHP-202401-000044,CLI-0007,HUB-DET,standard,2024-01-12T12:44:01,2024-01-16T12:44:01,delivered,,2024-01-16T12:44:01,,on_time
SHP-202401-000045,CLI-0007,HUB-DET,standard,2024-01-18T10:56:35,2024-01-19T10:56:35,delivered,RTE-DET-20240118-001,2024-01-21T14:56:35,,on_time
SHP-202401-000046,CLI-0042,HUB-CIN,standard,2024-01-05T17:08:02,2024-01-08T17:08:02,delivered,RTE-CIN-20240105-003,2024-01-09T06:08:02,,on_time
SHP-202401-000047,CLI-0042,HUB-CMH,expedited,2024-01-15T14:58:12,2024-01-16T14:58:12,delivered,RTE-CMH-20240115-002,2024-01-17T20:58:12,,on_time
SHP-202401-000048,CLI-0042,HUB-IND,standard,2024-01-25T08:02:30,2024-01-26T08:02:30,delivered,,2024-01-28T13:02:30,,on_time
SHP-202401-000049,CLI-0155,HUB-DET,standard,2024-01-27T16:26:52,2024-01-28T16:26:52,delivered,RTE-DET-20240128-001,2024-01-31T00:26:52,,on_time
SHP-202401-000050,CLI-0007,HUB-CMH,freight,2024-01-15T06:05:55,2024-01-16T06:05:55,delivered,RTE-CMH-20240115-003,2024-01-18T23:05:55,,on_time
SHP-202401-000051,CLI-0169,HUB-CIN,standard,2024-01-01T11:59:31,2024-01-03T11:59:31,delivered,RTE-CIN-20240101-001,2024-01-04T05:59:31,,on_time
SHP-202401-000052,CLI-0042,HUB-CIN,standard,2024-01-21T15:11:11,2024-01-22T15:11:11,delivered,,2024-01-25T06:11:11,,on_time
SHP-202401-000053,CLI-0201,HUB-IND,freight,2024-01-02T18:55:41,2024-01-05T18:55:41,delivered,RTE-IND-20240102-003,2024-01-07T19:55:41,,on_time
SHP-202401-000054,CLI-0042,HUB-CMH,standard,2024-01-08T16:41:33,2024-01-09T16:41:33,delivered,RTE-CMH-20240108-001,2024-01-12T01:41:33,,on_time
SHP-202401-000055,CLI-0169,HUB-CMH,standard,2024-01-30T10:12:36,2024-02-01T10:12:36,delivered,RTE-CMH-20240201-002,2024-02-02T16:12:36,,on_time
SHP-202401-000056,CLI-0042,HUB-DET,standard,2024-01-08T18:46:01,2024-01-12T18:46:01,delivered,RTE-DET-20240108-003,2024-01-12T18:46:01,,on_time
SHP-202401-000057,CLI-0169,HUB-DET,standard,2024-01-25T14:52:52,2024-01-26T14:52:52,delivered,RTE-DET-20240126-002,2024-01-28T21:52:52,,on_time
SHP-202401-000058,CLI-0155,HUB-CHI,standard,2024-01-17T11:15:37,2024-01-20T11:15:37,delivered,RTE-CHI-20240118-001,2024-01-20T17:15:37,,on_time
SHP-202401-000059,CLI-0042,HUB-IND,freight,2024-01-24T07:12:17,2024-01-25T07:12:17,delivered,RTE-IND-20240124-001,2024-01-28T03:12:17,,on_time
SHP-202401-000060,CLI-0042,HUB-IND,standard,2024-01-20T13:26:19,2024-01-21T13:26:19,delivered,RTE-IND-20240122-004,2024-01-23T09:26:19,,on_time
SHP-202401-000061,CLI-0201,HUB-CIN,expedited,2024-01-11T14:28:01,2024-01-14T14:28:01,delivered,RTE-CIN-20240112-002,2024-01-14T16:28:01,,on_time
SHP-202401-000062,CLI-0155,HUB-CMH,standard,2024-01-18T10:31:37,2024-01-19T10:31:37,delivered,RTE-CMH-20240118-001,2024-01-22T01:31:37,,on_time
SHP-202401-000063,CLI-0042,HUB-CHI,standard,2024-01-04T16:14:28,2024-01-05T16:14:28,delivered,RTE-CHI-20240105-001,2024-01-07T01:14:28,,on_time
SHP-202401-000064,CLI-0007,HUB-CIN,standard,2024-01-03T12:30:12,2024-01-04T12:30:12,delivered,RTE-CIN-20240103-002,2024-01-05T18:30:12,,on_time
SHP-202401-000065,CLI-0169,HUB-DET,standard,2024-01-11T12:00:25,2024-01-14T12:00:25,delivered,RTE-DET-20240112-002,2024-01-14T21:00:25,,on_time
SHP-202401-000066,CLI-0042,HUB-CHI,standard,2024-01-04T15:30:27,2024-01-06T15:30:27,delivered,,2024-01-06T23:30:27,,on_time
SHP-202401-000067,CLI-0201,HUB-CHI,standard,2024-01-03T09:57:13,2024-01-07T09:57:13,delivered,RTE-CHI-20240103-006,2024-01-07T20:57:13,,on_time
SHP-202401-000068,CLI-0007,HUB-DET,freight,2024-01-26T10:05:45,2024-01-29T10:05:45,delivered,RTE-DET-20240126-001,2024-01-30T09:05:45,,on_time
SHP-202401-000069,CLI-0007,HUB-IND,freight,2024-01-11T19:02:54,2024-01-14T19:02:54,delivered,RTE-IND-20240111-001,2024-01-15T22:02:54,,on_time
SHP-202401-000070,CLI-0201,HUB-IND,expedited,2024-01-23T15:04:37,2024-01-27T15:04:37,delivered,,2024-01-27T15:04:37,,on_time
SHP-202401-000071,CLI-0201,HUB-CMH,standard,2024-01-17T17:33:31,2024-01-18T17:33:31,delivered,,2024-01-22T00:33:31,,on_time
SHP-202401-000072,CLI-0042,HUB-CMH,expedited,2024-01-29T18:54:52,2024-01-31T18:54:52,delivered,RTE-CMH-20240129-002,2024-02-01T06:54:52,,on_time
SHP-202401-000073,CLI-0169,HUB-CHI,standard,2024-01-04T08:36:02,2024-01-07T08:36:02,delivered,RTE-CHI-20240105-001,2024-01-08T02:36:02,,on_time
SHP-202401-000074,CLI-0007,HUB-CHI,standard,2024-01-17T13:54:28,2024-01-20T13:54:28,delivered,RTE-CHI-20240117-001,2024-01-20T20:54:28,,on_time
SHP-202401-000075,CLI-0155,HUB-CIN,standard,2024-01-25T20:24:33,2024-01-26T20:24:33,delivered,RTE-CIN-20240125-001,2024-01-29T09:24:33,,on_time
SHP-202401-000076,CLI-0155,HUB-CIN,freight,2024-01-11T18:22:20,2024-01-14T18:22:20,delivered,RTE-CIN-20240112-003,2024-01-16T09:22:20,,on_time
SHP-202401-000077,CLI-0042,HUB-DET,standard,2024-01-10T20:34:41,2024-01-12T20:34:41,delivered,RTE-DET-20240111-001,2024-01-14T10:34:41,,on_time
SHP-202401-000078,CLI-0042,HUB-CMH,standard,2024-01-16T13:05:58,2024-01-20T13:05:58,delivered,RTE-CMH-20240116-004,2024-01-20T13:05:58,,on_time
SHP-202401-000079,CLI-0201,HUB-IND,expedited,2024-01-16T10:53:16,2024-01-19T10:53:16,delivered,RTE-IND-20240116-005,2024-01-19T11:53:16,,on_time
SHP-202401-000080,CLI-0007,HUB-CMH,freight,2024-01-02T15:57:25,2024-01-06T15:57:25,delivered,RTE-CMH-20240102-002,2024-01-06T15:57:25,,on_time
SHP-202401-000081,CLI-0042,HUB-IND,expedited,2024-01-31T06:07:53,2024-02-01T06:07:53,delivered,,2024-02-02T01:07:53,,on_time
SHP-202401-000082,CLI-0201,HUB-DET,standard,2024-01-13T07:17:11,2024-01-16T07:17:11,delivered,RTE-DET-20240114-001,2024-01-18T00:17:11,,on_time
SHP-202401-000083,CLI-0169,HUB-IND,standard,2024-01-12T16:33:07,2024-01-16T16:33:07,delivered,RTE-IND-20240112-005,2024-01-16T16:33:07,,on_time
SHP-202401-000084,CLI-0155,HUB-DET,expedited,2024-01-29T08:11:48,2024-01-30T08:11:48,delivered,RTE-DET-20240131-002,2024-02-01T00:11:48,,on_time
SHP-202401-000085,CLI-0201,HUB-CIN,freight,2024-01-26T16:01:00,2024-01-27T16:01:00,delivered,RTE-CIN-20240126-001,2024-01-31T21:01:00,,on_time
SHP-202401-000086,CLI-0042,HUB-CMH,standard,2024-01-07T07:34:04,2024-01-10T07:34:04,delivered,RTE-CMH-20240108-001,2024-01-10T15:34:04,,on_time
SHP-202401-000087,CLI-0169,HUB-CIN,freight,2024-01-07T15:41:21,2024-01-11T15:41:21,delivered,RTE-CIN-20240108-002,2024-01-11T18:41:21,,on_time
SHP-202401-000088,CLI-0201,HUB-CIN,freight,2024-01-05T19:03:32,,failed,RTE-CIN-20240105-003,2024-01-11T00:03:32,,
SHP-202401-000089,CLI-0155,HUB-CIN,standard,2024-01-05T06:13:26,2024-01-08T06:13:26,delivered,RTE-CIN-20240105-002,2024-01-08T17:13:26,,on_time
SHP-202401-000090,CLI-0201,HUB-CIN,standard,2024-01-18T15:57:20,2024-01-20T15:57:20,delivered,,2024-01-22T17:57:20,,on_time
SHP-202401-000091,CLI-0007,HUB-DET,freight,2024-01-17T16:49:02,2024-01-18T16:49:02,delivered,RTE-DET-20240117-001,2024-01-21T20:49:02,,on_time
SHP-202401-000092,CLI-0042,HUB-IND,freight,2024-01-25T10:16:17,2024-01-29T10:16:17,delivered,RTE-IND-20240126-001,2024-01-29T10:16:17,,on_time
SHP-202401-000093,CLI-0042,HUB-DET,standard,2024-01-12T09:32:36,2024-01-13T09:32:36,delivered,RTE-DET-20240112-003,2024-01-15T22:32:36,,on_time
SHP-202401-000094,CLI-0169,HUB-CHI,expedited,2024-01-26T07:39:53,2024-01-28T07:39:53,delivered,RTE-CHI-20240126-001,2024-01-29T05:39:53,,on_time
SHP-202401-000095,CLI-0169,HUB-CMH,standard,2024-01-25T19:16:12,2024-01-28T19:16:12,delivered,,2024-01-28T21:16:12,,on_time
SHP-202401-000096,CLI-0042,HUB-CIN,standard,2024-01-04T09:23:27,2024-01-05T09:23:27,delivered,RTE-CIN-20240104-001,2024-01-08T00:23:27,,on_time
SHP-202401-000097,CLI-0155,HUB-CIN,standard,2024-01-15T06:18:33,2024-01-19T06:18:33,delivered,RTE-CIN-20240115-003,2024-01-19T06:18:33,,on_time
SHP-202401-000098,CLI-0042,HUB-CHI,standard,2024-01-03T09:27:30,2024-01-05T09:27:30,delivered,RTE-CHI-20240103-005,2024-01-06T00:27:30,,on_time
SHP-202401-000099,CLI-0201,HUB-DET,expedited,2024-01-13T19:01:05,2024-01-14T19:01:05,delivered,,2024-01-17T11:01:05,,on_time
SHP-202401-000100,CLI-0155,HUB-CMH,standard,2024-01-23T14:58:04,2024-01-24T14:58:04,delivered,RTE-CMH-20240124-002,2024-01-27T00:58:04,,on_time
SHP-202401-000101,CLI-0169,HUB-IND,expedited,2024-01-25T12:24:19,2024-01-28T12:24:19,delivered,RTE-IND-20240126-001,2024-01-28T12:24:19,,on_time
SHP-202401-000102,CLI-0201,HUB-CHI,standard,2024-01-09T10:23:10,2024-01-12T10:23:10,delivered,,2024-01-13T12:23:10,,on_time
SHP-202401-000103,CLI-0169,HUB-IND,standard,2024-01-09T09:23:54,2024-01-10T09:23:54,delivered,RTE-IND-20240112-002,2024-01-13T02:23:54,,on_time
SHP-202401-000104,CLI-0201,HUB-CIN,standard,2024-01-17T16:54:39,2024-01-18T16:54:39,delivered,RTE-CIN-20240117-001,2024-01-21T18:54:39,,on_time
SHP-202401-000105,CLI-0042,HUB-CIN,expedited,2024-01-05T19:49:00,2024-01-06T19:49:00,delivered,RTE-CIN-20240105-004,2024-01-08T07:49:00,,on_time
SHP-202401-000106,CLI-0201,HUB-IND,freight,2024-01-30T19:06:52,2024-02-02T19:06:52,delivered,,2024-02-05T06:06:52,,on_time
SHP-202401-000107,CLI-0042,HUB-CIN,standard,2024-01-10T13:52:04,2024-01-11T13:52:04,delivered,RTE-CIN-20240110-003,2024-01-14T02:52:04,,on_time
SHP-202401-000108,CLI-0007,HUB-IND,freight,2024-01-14T10:39:57,2024-01-16T10:39:57,delivered,RTE-IND-20240115-002,2024-01-18T04:39:57,,on_time
SHP-202401-000109,CLI-0169,HUB-CIN,standard,2024-01-24T13:18:41,2024-01-25T13:18:41,delivered,RTE-CIN-20240125-002,2024-01-27T17:18:41,,on_time
SHP-202401-000110,CLI-0042,HUB-CHI,freight,2024-01-08T09:39:38,2024-01-11T09:39:38,delivered,RTE-CHI-20240108-001,2024-01-11T20:39:38,,on_time
SHP-202401-000111,CLI-0007,HUB-CHI,expedited,2024-01-26T09:25:03,2024-01-27T09:25:03,delivered,RTE-CHI-20240126-001,2024-01-28T21:25:03,,on_time
SHP-202401-000112,CLI-0201,HUB-IND,expedited,2024-01-12T14:40:06,2024-01-15T14:40:06,delivered,RTE-IND-20240112-003,2024-01-15T19:40:06,,on_time
SHP-202401-000113,CLI-0042,HUB-DET,standard,2024-01-24T11:31:56,2024-01-25T11:31:56,delivered,,2024-01-28T04:31:56,,on_time
SHP-202401-000114,CLI-0169,HUB-DET,standard,2024-01-23T15:38:50,2024-01-25T15:38:50,delivered,RTE-DET-20240123-002,2024-01-27T04:38:50,,on_time
SHP-202401-000115,CLI-0169,HUB-CMH,standard,2024-01-01T11:24:48,2024-01-05T11:24:48,delivered,RTE-CMH-20240102-002,2024-01-05T11:24:48,,on_time
SHP-202401-000116,CLI-0042,HUB-DET,standard,2024-01-31T14:51:24,2024-02-01T14:51:24,delivered,RTE-DET-20240131-002,2024-02-04T08:51:24,,on_time
SHP-202401-000117,CLI-0042,HUB-CMH,expedited,2024-01-06T11:43:54,2024-01-08T11:43:54,delivered,RTE-CMH-20240108-001,2024-01-09T05:43:54,,on_time
SHP-202401-000118,CLI-0007,HUB-CIN,standard,2024-01-22T19:11:16,2024-01-23T19:11:16,delivered,RTE-CIN-20240122-002,2024-01-25T10:11:16,,on_time
SHP-202401-000119,CLI-0042,HUB-CMH,freight,2024-01-02T17:42:55,2024-01-04T17:42:55,delivered,RTE-CMH-20240103-006,2024-01-07T06:42:55,,on_time
SHP-202401-000120,CLI-0169,HUB-CHI,standard,2024-01-30T08:38:51,2024-02-02T08:38:51,delivered,,2024-02-03T04:38:51,,on_time
SHP-202401-000121,CLI-0169,HUB-CHI,standard,2024-01-11T09:09:49,2024-01-12T09:09:49,delivered,RTE-CHI-20240112-008,2024-01-15T13:09:49,,on_time
SHP-202401-000122,CLI-0042,HUB-IND,expedited,2024-01-26T06:56:02,2024-01-30T06:56:02,delivered,RTE-IND-20240126-003,2024-01-30T06:56:02,,on_time
SHP-202401-000123,CLI-0007,HUB-CHI,freight,2024-01-23T09:46:59,2024-01-26T09:46:59,delivered,RTE-CHI-20240123-001,2024-01-27T23:46:59,,on_time
SHP-202401-000124,CLI-0042,HUB-DET,standard,2024-01-26T18:47:42,2024-01-27T18:47:42,delivered,RTE-DET-20240126-001,2024-01-30T01:47:42,,on_time
SHP-202401-000125,CLI-0155,HUB-CMH,standard,2024-01-02T12:58:20,2024-01-06T12:58:20,delivered,RTE-CMH-20240102-005,2024-01-06T12:58:20,,on_time
SHP-202401-000126,CLI-0201,HUB-CMH,standard,2024-01-27T19:37:38,2024-01-28T19:37:38,delivered,,2024-02-01T00:37:38,,on_time
SHP-202401-000127,CLI-0169,HUB-DET,standard,2024-01-02T12:48:42,2024-01-03T12:48:42,delivered,RTE-DET-20240103-001,2024-01-05T22:48:42,,on_time
SHP-202401-000128,CLI-0155,HUB-CMH,standard,2024-01-26T19:12:20,2024-01-30T19:12:20,delivered,,2024-01-30T19:12:20,,on_time
SHP-202401-000129,CLI-0169,HUB-DET,standard,2024-01-05T14:14:16,2024-01-08T14:14:16,delivered,RTE-DET-20240106-001,2024-01-09T08:14:16,,on_time
SHP-202401-000130,CLI-0007,HUB-DET,standard,2024-01-23T18:53:24,2024-01-27T18:53:24,delivered,RTE-DET-20240123-002,2024-01-27T18:53:24,,on_time
SHP-202401-000131,CLI-0169,HUB-IND,standard,2024-01-06T08:51:40,2024-01-07T08:51:40,delivered,RTE-IND-20240107-001,2024-01-09T15:51:40,,on_time
SHP-202401-000132,CLI-0007,HUB-CMH,standard,2024-01-15T11:05:59,2024-01-19T11:05:59,delivered,RTE-CMH-20240115-003,2024-01-19T11:05:59,,on_time
SHP-202401-000133,CLI-0155,HUB-CHI,standard,2024-01-16T19:01:35,2024-01-20T19:01:35,delivered,RTE-CHI-20240116-005,2024-01-20T19:01:35,,on_time
SHP-202401-000134,CLI-0042,HUB-CMH,standard,2024-01-05T15:52:57,2024-01-09T15:52:57,delivered,,2024-01-09T15:52:57,,on_time
SHP-202401-000135,CLI-0042,HUB-CHI,freight,2024-01-24T19:02:05,2024-01-25T19:02:05,delivered,,2024-01-28T03:02:05,,on_time
SHP-202401-000136,CLI-0155,HUB-CIN,freight,2024-01-11T18:10:34,2024-01-12T18:10:34,delivered,RTE-CIN-20240112-001,2024-01-16T12:10:34,,on_time
SHP-202401-000137,CLI-0201,HUB-CMH,standard,2024-01-11T15:30:58,2024-01-15T15:30:58,delivered,RTE-CMH-20240111-003,2024-01-16T03:30:58,,on_time
SHP-202401-000138,CLI-0007,HUB-CHI,standard,2024-01-16T20:57:09,2024-01-20T20:57:09,delivered,RTE-CHI-20240116-002,2024-01-20T20:57:09,,on_time
SHP-202401-000139,CLI-0201,HUB-IND,standard,2024-01-03T15:18:56,2024-01-04T15:18:56,delivered,RTE-IND-20240103-002,2024-01-08T02:18:56,,on_time
SHP-202401-000140,CLI-0201,HUB-CMH,freight,2024-01-27T15:44:54,2024-01-28T15:44:54,delivered,RTE-CMH-20240127-001,2024-02-01T15:44:54,,on_time
SHP-202401-000141,CLI-0155,HUB-IND,freight,2024-01-19T13:46:57,2024-01-22T13:46:57,delivered,RTE-IND-20240119-005,2024-01-23T14:46:57,,on_time
SHP-202401-000142,CLI-0007,HUB-IND,standard,2024-01-25T13:22:44,2024-01-31T13:22:44,delayed,RTE-IND-20240126-003,2024-01-31T09:22:44,4,4-12h
SHP-202401-000143,CLI-0169,HUB-CMH,freight,2024-01-10T12:09:01,2024-01-14T12:09:01,delivered,RTE-CMH-20240110-002,2024-01-14T18:09:01,,on_time
SHP-202401-000144,CLI-0007,HUB-IND,expedited,2024-01-04T11:31:50,2024-01-07T11:31:50,delivered,RTE-IND-20240105-001,2024-01-07T11:31:50,,on_time
SHP-202401-000145,CLI-0155,HUB-CMH,standard,2024-01-26T16:40:58,2024-01-29T16:40:58,delivered,RTE-CMH-20240126-003,2024-01-30T06:40:58,,on_time
SHP-202401-000146,CLI-0155,HUB-CIN,standard,2024-01-09T06:38:56,2024-01-11T06:38:56,delivered,RTE-CIN-20240109-003,2024-01-12T19:38:56,,on_time
SHP-202401-000147,CLI-0007,HUB-IND,expedited,2024-01-07T17:40:58,2024-01-09T17:40:58,delivered,RTE-IND-20240107-001,2024-01-09T17:40:58,,on_time
SHP-202401-000148,CLI-0042,HUB-CMH,expedited,2024-01-10T12:05:31,2024-01-13T12:05:31,delivered,RTE-CMH-20240111-004,2024-01-13T12:05:31,,on_time
SHP-202401-000149,CLI-0201,HUB-CIN,standard,2024-01-30T17:35:41,2024-02-03T17:35:41,delivered,RTE-CIN-20240130-002,2024-02-04T03:35:41,,on_time
SHP-202401-000150,CLI-0201,HUB-IND,freight,2024-01-16T08:43:48,2024-01-17T08:43:48,delivered,RTE-IND-20240116-002,2024-01-21T15:43:48,,on_time
SHP-202401-000151,CLI-0201,HUB-CHI,expedited,2024-01-19T16:10:06,2024-01-20T16:10:06,delivered,,2024-01-22T22:10:06,,on_time
SHP-202401-000152,CLI-0155,HUB-IND,freight,2024-01-23T11:23:25,2024-01-25T11:23:25,delivered,RTE-IND-20240123-001,2024-01-27T17:23:25,,on_time
SHP-202401-000153,CLI-0042,HUB-CMH,expedited,2024-01-26T19:21:28,2024-01-28T19:21:28,delivered,RTE-CMH-20240126-003,2024-01-29T13:21:28,,on_time
SHP-202401-000154,CLI-0169,HUB-IND,freight,2024-01-12T20:02:19,2024-01-14T20:02:19,delivered,RTE-IND-20240113-002,2024-01-17T12:02:19,,on_time
SHP-202401-000155,CLI-0155,HUB-DET,standard,2024-01-15T19:54:32,2024-01-18T19:54:32,delivered,,2024-01-19T03:54:32,,on_time
SHP-202401-000156,CLI-0169,HUB-DET,standard,2024-01-06T07:51:36,2024-01-07T07:51:36,delivered,RTE-DET-20240106-001,2024-01-09T22:51:36,,on_time
SHP-202401-000157,CLI-0007,HUB-CIN,standard,2024-01-01T16:19:10,2024-01-05T16:19:10,delivered,,2024-01-05T16:19:10,,on_time
SHP-202401-000158,CLI-0201,HUB-CIN,freight,2024-01-31T08:46:21,2024-02-04T08:46:21,delivered,RTE-CIN-20240131-001,2024-02-05T16:46:21,,on_time
SHP-202401-000159,CLI-0155,HUB-CHI,standard,2024-01-04T19:04:47,2024-01-05T19:04:47,delivered,RTE-CHI-20240105-001,2024-01-08T09:04:47,,on_time
SHP-202401-000160,CLI-0169,HUB-CHI,expedited,2024-01-05T17:35:38,2024-01-08T17:35:38,delivered,RTE-CHI-20240105-001,2024-01-08T22:35:38,,on_time
SHP-202401-000161,CLI-0169,HUB-CHI,standard,2024-01-11T20:17:54,2024-01-12T20:17:54,delivered,,2024-01-16T00:17:54,,on_time
SHP-202401-000162,CLI-0007,HUB-CMH,expedited,2024-01-29T16:31:19,2024-02-01T16:31:19,delivered,,2024-02-01T16:31:19,,on_time
SHP-202401-000163,CLI-0007,HUB-CIN,standard,2024-01-24T08:18:19,2024-01-25T08:18:19,delivered,RTE-CIN-20240124-002,2024-01-26T19:18:19,,on_time
SHP-202401-000164,CLI-0169,HUB-CHI,expedited,2024-01-30T18:44:17,2024-01-31T18:44:17,delivered,RTE-CHI-20240130-001,2024-02-02T16:44:17,,on_time
SHP-202401-000165,CLI-0169,HUB-CHI,freight,2024-01-18T08:24:07,2024-01-21T08:24:07,delivered,RTE-CHI-20240119-001,2024-01-23T12:24:07,,on_time
SHP-202401-000166,CLI-0042,HUB-IND,freight,2024-01-17T18:07:18,2024-01-18T18:07:18,delivered,RTE-IND-20240117-001,2024-01-21T18:07:18,,on_time
SHP-202401-000167,CLI-0007,HUB-DET,standard,2024-01-22T15:50:32,2024-01-25T15:50:32,delivered,RTE-DET-20240123-001,2024-01-25T15:50:32,,on_time
SHP-202401-000168,CLI-0042,HUB-IND,standard,2024-01-09T07:54:11,2024-01-11T07:54:11,delivered,RTE-IND-20240109-004,2024-01-12T01:54:11,,on_time
SHP-202401-000169,CLI-0042,HUB-DET,freight,2024-01-23T15:25:39,2024-01-26T15:25:39,delivered,RTE-DET-20240123-002,2024-01-28T01:25:39,,on_time
SHP-202401-000170,CLI-0169,HUB-IND,standard,2024-01-15T08:55:17,2024-01-16T08:55:17,delivered,RTE-IND-20240115-005,2024-01-18T16:55:17,,on_time
SHP-202401-000171,CLI-0042,HUB-CHI,standard,2024-01-03T10:48:59,2024-01-04T10:48:59,delivered,RTE-CHI-20240103-006,2024-01-05T19:48:59,,on_time
SHP-202401-000172,CLI-0201,HUB-CIN,freight,2024-01-12T08:33:55,2024-01-16T08:33:55,delivered,RTE-CIN-20240112-005,2024-01-17T19:33:55,,on_time
SHP-202401-000173,CLI-0042,HUB-CMH,freight,2024-01-16T18:35:19,2024-01-19T18:35:19,delivered,RTE-CMH-20240118-002,2024-01-21T06:35:19,,on_time
SHP-202401-000174,CLI-0201,HUB-CIN,standard,2024-01-31T16:27:28,2024-02-01T16:27:28,delivered,RTE-CIN-20240131-001,2024-02-04T21:27:28,,on_time
SHP-202401-000175,CLI-0155,HUB-CIN,expedited,2024-01-12T16:55:05,2024-01-16T16:55:05,delivered,,2024-01-16T16:55:05,,on_time
SHP-202401-000176,CLI-0201,HUB-CMH,standard,2024-01-01T19:12:12,2024-01-02T19:12:12,delivered,,2024-01-06T01:12:12,,on_time
SHP-202401-000177,CLI-0169,HUB-DET,standard,2024-01-03T18:33:26,2024-01-05T18:33:26,delivered,RTE-DET-20240103-001,2024-01-07T07:33:26,,on_time
SHP-202401-000178,CLI-0201,HUB-CHI,freight,2024-01-25T13:47:22,2024-01-28T13:47:22,delivered,RTE-CHI-20240125-002,2024-01-30T16:47:22,,on_time
SHP-202401-000179,CLI-0155,HUB-CMH,standard,2024-01-09T18:24:51,2024-01-10T18:24:51,delivered,RTE-CMH-20240109-001,2024-01-13T09:24:51,,on_time
SHP-202401-000180,CLI-0155,HUB-CIN,freight,2024-01-25T14:11:52,2024-01-26T14:11:52,delivered,RTE-CIN-20240125-001,2024-01-30T02:11:52,,on_time
SHP-202401-000181,CLI-0155,HUB-DET,standard,2024-01-09T08:55:05,2024-01-11T08:55:05,delivered,RTE-DET-20240109-001,2024-01-13T02:55:05,,on_time
SHP-202401-000182,CLI-0042,HUB-CIN,standard,2024-01-30T20:13:06,2024-01-31T20:13:06,delivered,RTE-CIN-20240130-002,2024-02-03T09:13:06,,on_time
SHP-202401-000183,CLI-0042,HUB-CIN,freight,2024-01-15T09:09:21,2024-01-19T09:09:21,delivered,RTE-CIN-20240115-001,2024-01-19T16:09:21,,on_time
SHP-202402-000001,CLI-0007,HUB-CIN,freight,2024-02-03T15:25:27,2024-02-04T15:25:27,delivered,,2024-02-07T00:25:27,,on_time
SHP-202402-000002,CLI-0169,HUB-DET,expedited,2024-02-13T06:34:06,2024-02-17T06:34:06,delivered,RTE-DET-20240215-003,2024-02-17T06:34:06,,on_time
SHP-202402-000003,CLI-0201,HUB-CHI,standard,2024-02-01T06:30:49,,failed,RTE-CHI-20240201-001,2024-02-05T15:30:49,,
SHP-202402-000004,CLI-0042,HUB-DET,standard,2024-02-24T13:45:16,2024-02-27T13:45:16,delivered,,2024-02-28T00:45:16,,on_time
SHP-202402-000005,CLI-0169,HUB-IND,expedited,2024-02-27T17:21:30,2024-02-29T17:21:30,delivered,RTE-IND-20240227-002,2024-03-01T11:21:30,,on_time
SHP-202402-000006,CLI-0169,HUB-CIN,standard,2024-02-12T11:11:04,2024-02-13T11:11:04,delivered,RTE-CIN-20240212-001,2024-02-15T06:11:04,,on_time
SHP-202402-000007,CLI-0042,HUB-CHI,standard,2024-02-11T06:45:59,2024-02-12T06:45:59,delivered,RTE-CHI-20240211-002,2024-02-13T12:45:59,,on_time
SHP-202402-000008,CLI-0042,HUB-CHI,standard,2024-02-25T08:31:40,2024-02-27T08:31:40,delivered,,2024-02-27T21:31:40,,on_time
SHP-202402-000009,CLI-0169,HUB-CIN,standard,2024-02-12T11:23:03,2024-02-16T11:23:03,delivered,RTE-CIN-20240212-001,2024-02-16T11:23:03,,on_time
SHP-202402-000010,CLI-0007,HUB-CIN,freight,2024-02-07T17:26:26,2024-02-08T17:26:26,delivered,RTE-CIN-20240207-001,2024-02-10T23:26:26,,on_time
SHP-202402-000011,CLI-0169,HUB-IND,expedited,2024-02-26T14:51:50,2024-02-28T14:51:50,delivered,RTE-IND-20240226-002,2024-02-29T08:51:50,,on_time
SHP-202402-000012,CLI-0042,HUB-CIN,standard,2024-02-06T11:04:29,2024-02-09T11:04:29,delivered,RTE-CIN-20240207-001,2024-02-09T18:04:29,,on_time
SHP-202402-000013,CLI-0155,HUB-CIN,standard,2024-02-28T11:32:46,2024-03-03T11:32:46,delivered,,2024-03-03T11:32:46,,on_time
SHP-202402-000014,CLI-0155,HUB-DET,standard,2024-02-21T09:30:30,2024-02-28T09:30:30,delayed,RTE-DET-20240222-002,2024-02-28T00:30:30,9,4-12h
SHP-202402-000015,CLI-0169,HUB-CMH,expedited,2024-02-15T11:56:02,2024-02-16T11:56:02,delivered,RTE-CMH-20240216-001,2024-02-17T12:56:02,,on_time
SHP-202402-000016,CLI-0169,HUB-DET,expedited,2024-02-09T09:46:43,2024-02-11T09:46:43,delivered,RTE-DET-20240209-001,2024-02-12T03:46:43,,on_time
SHP-202402-000017,CLI-0042,HUB-DET,freight,2024-02-16T10:38:47,2024-02-17T10:38:47,delivered,,2024-02-21T02:38:47,,on_time
SHP-202402-000018,CLI-0155,HUB-DET,standard,2024-02-07T16:01:19,2024-02-11T16:01:19,delivered,RTE-DET-20240208-002,2024-02-11T16:01:19,,on_time
SHP-202402-000019,CLI-0042,HUB-IND,standard,2024-02-13T17:19:06,2024-02-14T17:19:06,delivered,RTE-IND-20240214-002,2024-02-16T21:19:06,,on_time
SHP-202402-000020,CLI-0201,HUB-CHI,standard,2024-02-21T15:39:05,2024-02-24T15:39:05,delivered,RTE-CHI-20240221-001,2024-02-25T22:39:05,,on_time
SHP-202402-000021,CLI-0155,HUB-CIN,expedited,2024-02-05T14:35:50,2024-02-06T14:35:50,delivered,RTE-CIN-20240205-002,2024-02-08T00:35:50,,on_time
SHP-202402-000022,CLI-0042,HUB-CMH,standard,2024-02-13T09:40:19,2024-02-14T09:40:19,delivered,RTE-CMH-20240213-003,2024-02-16T18:40:19,,on_time
SHP-202402-000023,CLI-0042,HUB-CHI,standard,2024-02-17T14:29:51,2024-02-19T14:29:51,delivered,RTE-CHI-20240217-001,2024-02-19T23:29:51,,on_time
SHP-202402-000024,CLI-0201,HUB-DET,freight,2024-02-12T15:16:18,2024-02-14T15:16:18,delivered,RTE-DET-20240212-001,2024-02-18T08:16:18,,on_time
SHP-202402-000025,CLI-0201,HUB-CHI,expedited,2024-02-11T12:11:19,2024-02-12T12:11:19,delivered,RTE-CHI-20240211-001,2024-02-14T18:11:19,,on_time
SHP-202402-000026,CLI-0007,HUB-DET,expedited,2024-02-02T14:31:46,2024-02-03T14:31:46,delivered,RTE-DET-20240202-001,2024-02-04T15:31:46,,on_time
SHP-202402-000027,CLI-0007,HUB-CIN,expedited,2024-02-07T06:54:40,2024-02-11T06:54:40,delivered,RTE-CIN-20240207-001,2024-02-11T06:54:40,,on_time
SHP-202402-000028,CLI-0042,HUB-DET,standard,2024-02-28T17:26:12,2024-02-29T17:26:12,delivered,RTE-DET-20240228-001,2024-03-03T05:26:12,,on_time
SHP-202402-000029,CLI-0042,HUB-CHI,standard,2024-02-05T09:50:24,2024-02-07T09:50:24,delivered,RTE-CHI-20240205-001,2024-02-07T18:50:24,,on_time
SHP-202402-000030,CLI-0155,HUB-CHI,standard,2024-02-19T16:21:42,2024-02-22T16:21:42,delivered,RTE-CHI-20240220-002,2024-02-23T02:21:42,,on_time
SHP-202402-000031,CLI-0169,HUB-CIN,expedited,2024-02-28T06:53:30,,failed,RTE-CIN-20240228-001,2024-03-01T10:53:30,,
SHP-202402-000032,CLI-0201,HUB-DET,standard,2024-02-20T17:56:56,2024-02-23T17:56:56,delivered,RTE-DET-20240220-002,2024-02-25T06:56:56,,on_time
SHP-202402-000033,CLI-0007,HUB-CHI,expedited,2024-02-11T18:43:01,2024-02-14T18:43:01,delivered,RTE-CHI-20240211-002,2024-02-14T18:43:01,,on_time
SHP-202402-000034,CLI-0169,HUB-CMH,expedited,2024-02-15T20:16:05,2024-02-19T20:16:05,delivered,RTE-CMH-20240216-001,2024-02-19T20:16:05,,on_time
SHP-202402-000035,CLI-0155,HUB-CIN,standard,2024-02-15T19:53:24,2024-02-16T19:53:24,delivered,RTE-CIN-20240216-002,2024-02-19T02:53:24,,on_time
SHP-202402-000036,CLI-0201,HUB-CIN,expedited,2024-02-28T07:52:08,2024-03-01T07:52:08,delivered,RTE-CIN-20240228-002,2024-03-02T08:52:08,,on_time
SHP-202402-000037,CLI-0201,HUB-CHI,freight,2024-02-26T18:42:14,2024-02-27T18:42:14,delivered,RTE-CHI-20240227-001,2024-03-02T22:42:14,,on_time
SHP-202402-000038,CLI-0042,HUB-CHI,expedited,2024-02-05T17:30:28,2024-02-06T17:30:28,delivered,,2024-02-07T04:30:28,,on_time
SHP-202402-000039,CLI-0155,HUB-CIN,freight,2024-02-26T08:17:48,2024-02-28T08:17:48,delivered,,2024-03-02T00:17:48,,on_time
SHP-202402-000040,CLI-0201,HUB-CHI,standard,2024-02-08T06:41:00,2024-02-11T06:41:00,delivered,,2024-02-12T09:41:00,,on_time
SHP-202402-000041,CLI-0042,HUB-CIN,expedited,2024-02-20T15:40:00,2024-02-22T15:40:00,delivered,RTE-CIN-20240220-002,2024-02-23T07:40:00,,on_time
SHP-202402-000042,CLI-0155,HUB-CHI,standard,2024-02-06T17:30:57,2024-02-07T17:30:57,delivered,RTE-CHI-20240206-001,2024-02-10T08:30:57,,on_time
SHP-202402-000043,CLI-0042,HUB-CIN,standard,2024-02-06T07:19:22,2024-02-07T07:19:22,delivered,,2024-02-09T17:19:22,,on_time
SHP-202402-000044,CLI-0201,HUB-IND,standard,2024-02-19T07:54:25,2024-02-23T07:54:25,delivered,RTE-IND-20240219-002,2024-02-23T15:54:25,,on_time
SHP-202402-000045,CLI-0201,HUB-CIN,standard,2024-02-09T14:58:49,2024-02-10T14:58:49,delivered,RTE-CIN-20240209-003,2024-02-13T21:58:49,,on_time
SHP-202402-000046,CLI-0169,HUB-CHI,standard,2024-02-13T13:00:49,2024-02-14T13:00:49,delivered,RTE-CHI-20240213-001,2024-02-17T14:00:49,,on_time
SHP-202402-000047,CLI-0201,HUB-CIN,standard,2024-02-06T14:26:39,2024-02-09T14:26:39,delivered,,2024-02-10T14:26:39,,on_time
SHP-202402-000048,CLI-0007,HUB-CIN,standard,2024-02-22T11:34:55,2024-02-23T11:34:55,delivered,RTE-CIN-20240222-002,2024-02-24T20:34:55,,on_time
SHP-202402-000049,CLI-0007,HUB-IND,standard,2024-02-29T17:19:21,2024-03-04T17:19:21,delivered,RTE-IND-20240301-001,2024-03-04T17:19:21,,on_time
SHP-202402-000050,CLI-0042,HUB-CHI,freight,2024-02-19T20:11:47,2024-02-23T20:11:47,delivered,RTE-CHI-20240219-001,2024-02-23T20:11:47,,on_time
SHP-202402-000051,CLI-0169,HUB-CHI,freight,2024-02-14T12:46:35,2024-02-15T12:46:35,delivered,,2024-02-19T09:46:35,,on_time
SHP-202402-000052,CLI-0169,HUB-CIN,expedited,2024-02-14T18:07:00,2024-02-18T18:07:00,delivered,RTE-CIN-20240214-002,2024-02-18T18:07:00,,on_time
SHP-202402-000053,CLI-0007,HUB-CIN,standard,2024-02-05T13:21:35,2024-02-07T13:21:35,delivered,RTE-CIN-20240205-002,2024-02-08T05:21:35,,on_time
SHP-202402-000054,CLI-0201,HUB-CHI,freight,2024-02-13T17:58:53,2024-02-14T17:58:53,delivered,RTE-CHI-20240213-001,2024-02-18T17:58:53,,on_time
SHP-202402-000055,CLI-0042,HUB-IND,freight,2024-02-09T18:56:46,2024-02-12T18:56:46,delivered,,2024-02-13T23:56:46,,on_time
SHP-202402-000056,CLI-0155,HUB-IND,freight,2024-02-22T17:55:54,2024-02-25T17:55:54,delivered,RTE-IND-20240223-003,2024-02-26T22:55:54,,on_time
SHP-202402-000057,CLI-0201,HUB-CMH,standard,2024-02-14T20:13:07,2024-02-15T20:13:07,delivered,RTE-CMH-20240214-004,2024-02-19T00:13:07,,on_time
SHP-202402-000058,CLI-0042,HUB-CIN,standard,2024-02-06T17:11:28,2024-02-07T17:11:28,delivered,,2024-02-10T10:11:28,,on_time
SHP-202402-000059,CLI-0155,HUB-CMH,freight,2024-02-01T09:23:00,2024-02-03T09:23:00,delivered,RTE-CMH-20240201-003,2024-02-06T03:23:00,,on_time
SHP-202402-000060,CLI-0007,HUB-CIN,freight,2024-02-05T09:33:47,2024-02-07T09:33:47,delivered,RTE-CIN-20240205-003,2024-02-09T01:33:47,,on_time
SHP-202402-000061,CLI-0042,HUB-CIN,freight,2024-02-19T12:28:42,2024-02-21T12:28:42,delivered,RTE-CIN-20240220-001,2024-02-24T06:28:42,,on_time
SHP-202402-000062,CLI-0169,HUB-CHI,standard,2024-02-29T09:39:55,2024-03-01T09:39:55,delivered,RTE-CHI-20240229-002,2024-03-04T03:39:55,,on_time
SHP-202402-000063,CLI-0042,HUB-IND,standard,2024-02-22T07:44:27,2024-02-25T07:44:27,delivered,RTE-IND-20240223-003,2024-02-25T07:44:27,,on_time
SHP-202402-000064,CLI-0042,HUB-IND,expedited,2024-02-05T16:09:35,2024-02-06T16:09:35,delivered,RTE-IND-20240205-002,2024-02-07T15:09:35,,on_time
SHP-202402-000065,CLI-0042,HUB-CHI,freight,2024-02-02T20:05:51,2024-02-03T20:05:51,delivered,RTE-CHI-20240202-001,2024-02-06T10:05:51,,on_time
SHP-202402-000066,CLI-0007,HUB-CIN,expedited,2024-02-07T12:43:54,2024-02-09T12:43:54,delivered,RTE-CIN-20240207-001,2024-02-09T12:43:54,,on_time
SHP-202402-000067,CLI-0201,HUB-CMH,expedited,2024-02-24T18:30:16,2024-02-26T18:30:16,delivered,RTE-CMH-20240227-001,2024-02-28T02:30:16,,on_time
SHP-202402-000068,CLI-0155,HUB-DET,standard,2024-02-06T14:26:03,2024-02-08T14:26:03,delivered,RTE-DET-20240206-001,2024-02-10T00:26:03,,on_time
SHP-202402-000069,CLI-0042,HUB-CMH,standard,2024-02-09T12:27:29,2024-02-10T12:27:29,delivered,RTE-CMH-20240209-001,2024-02-12T20:27:29,,on_time
SHP-202402-000070,CLI-0007,HUB-CIN,expedited,2024-02-19T18:43:13,2024-02-20T18:43:13,delivered,RTE-CIN-20240220-002,2024-02-21T08:43:13,,on_time
SHP-202402-000071,CLI-0201,HUB-CIN,standard,2024-02-20T10:05:26,2024-02-21T10:05:26,delivered,,2024-02-24T16:05:26,,on_time
SHP-202402-000072,CLI-0155,HUB-CIN,freight,2024-02-02T15:29:25,2024-02-05T15:29:25,delivered,RTE-CIN-20240203-001,2024-02-07T03:29:25,,on_time
SHP-202402-000073,CLI-0201,HUB-IND,expedited,2024-02-07T06:42:41,2024-02-08T06:42:41,delivered,RTE-IND-20240207-004,2024-02-10T14:42:41,,on_time
SHP-202402-000074,CLI-0169,HUB-DET,freight,2024-02-23T06:14:51,2024-02-25T06:14:51,delivered,,2024-02-27T21:14:51,,on_time
SHP-202402-000075,CLI-0155,HUB-CMH,freight,2024-02-20T16:50:09,2024-02-21T16:50:09,delivered,RTE-CMH-20240221-001,2024-02-24T22:50:09,,on_time
SHP-202402-000076,CLI-0155,HUB-CHI,standard,2024-02-24T13:21:48,2024-02-28T13:21:48,delivered,RTE-CHI-20240224-001,2024-02-28T13:21:48,,on_time
SHP-202402-000077,CLI-0201,HUB-DET,expedited,2024-02-22T09:05:01,2024-02-26T09:05:01,delivered,,2024-02-26T09:05:01,,on_time
SHP-202402-000078,CLI-0169,HUB-CMH,standard,2024-02-02T19:51:16,2024-02-03T19:51:16,delivered,RTE-CMH-20240202-001,2024-02-05T19:51:16,,on_time
SHP-202402-000079,CLI-0042,HUB-CHI,standard,2024-02-26T11:25:57,2024-02-28T11:25:57,delivered,RTE-CHI-20240226-001,2024-02-28T18:25:57,,on_time
SHP-202402-000080,CLI-0042,HUB-CHI,expedited,2024-02-16T14:54:53,2024-02-17T14:54:53,delivered,RTE-CHI-20240217-001,2024-02-17T21:54:53,,on_time
SHP-202402-000081,CLI-0201,HUB-DET,freight,2024-02-05T10:47:35,2024-02-06T10:47:35,delivered,RTE-DET-20240205-002,2024-02-11T09:47:35,,on_time
SHP-202402-000082,CLI-0155,HUB-CHI,standard,2024-02-19T12:03:41,2024-02-22T12:03:41,delivered,,2024-02-23T00:03:41,,on_time
SHP-202402-000083,CLI-0042,HUB-CIN,standard,2024-02-26T13:19:21,2024-02-27T13:19:21,delivered,,2024-03-01T07:19:21,,on_time
SHP-202402-000084,CLI-0201,HUB-CHI,expedited,2024-02-19T20:19:45,2024-02-22T20:19:45,delivered,RTE-CHI-20240219-003,2024-02-23T03:19:45,,on_time
SHP-202402-000085,CLI-0155,HUB-CHI,expedited,2024-02-14T14:53:37,2024-02-18T14:53:37,delivered,,2024-02-18T14:53:37,,on_time
SHP-202402-000086,CLI-0007,HUB-DET,freight,2024-02-14T16:59:18,2024-02-18T16:59:18,delivered,RTE-DET-20240215-003,2024-02-18T16:59:18,,on_time
SHP-202402-000087,CLI-0155,HUB-CMH,expedited,2024-02-13T17:24:10,2024-02-17T17:24:10,delivered,RTE-CMH-20240214-005,2024-02-17T17:24:10,,on_time
SHP-202402-000088,CLI-0169,HUB-CIN,freight,2024-02-22T13:56:10,2024-02-23T13:56:10,delivered,RTE-CIN-20240222-001,2024-02-26T18:56:10,,on_time
SHP-202402-000089,CLI-0169,HUB-CIN,standard,2024-02-16T13:07:16,2024-02-19T13:07:16,delivered,,2024-02-19T18:07:16,,on_time
SHP-202402-000090,CLI-0201,HUB-CHI,expedited,2024-02-07T09:40:58,2024-02-08T09:40:58,delivered,,2024-02-10T10:40:58,,on_time
SHP-202402-000091,CLI-0042,HUB-CIN,freight,2024-02-08T15:05:27,2024-02-12T15:05:27,delivered,RTE-CIN-20240208-002,2024-02-13T02:05:27,,on_time
SHP-202402-000092,CLI-0169,HUB-CMH,standard,2024-02-16T10:00:59,2024-02-17T10:00:59,delivered,RTE-CMH-20240216-001,2024-02-19T06:00:59,,on_time
SHP-202402-000093,CLI-0169,HUB-DET,freight,2024-02-15T07:13:38,2024-02-19T07:13:38,delivered,RTE-DET-20240216-001,2024-02-19T21:13:38,,on_time
SHP-202402-000094,CLI-0201,HUB-DET,expedited,2024-02-13T16:08:07,2024-02-14T16:08:07,delivered,RTE-DET-20240215-005,2024-02-17T06:08:07,,on_time
SHP-202402-000095,CLI-0042,HUB-DET,expedited,2024-02-05T09:20:03,2024-02-09T09:20:03,delivered,RTE-DET-20240205-002,2024-02-09T09:20:03,,on_time
SHP-202402-000096,CLI-0201,HUB-CHI,standard,2024-02-26T15:30:18,2024-02-27T15:30:18,delivered,RTE-CHI-20240226-001,2024-03-01T18:30:18,,on_time
SHP-202402-000097,CLI-0007,HUB-CIN,standard,2024-02-20T12:34:27,2024-02-24T12:34:27,delivered,,2024-02-24T12:34:27,,on_time
SHP-202402-000098,CLI-0201,HUB-IND,expedited,2024-02-23T13:17:56,2024-02-24T13:17:56,delivered,RTE-IND-20240223-002,2024-02-26T17:17:56,,on_time
SHP-202402-000099,CLI-0042,HUB-CIN,standard,2024-02-17T16:54:33,2024-02-21T16:54:33,delivered,RTE-CIN-20240218-001,2024-02-21T16:54:33,,on_time
SHP-202402-000100,CLI-0007,HUB-DET,freight,2024-02-07T15:16:41,2024-02-11T15:16:41,delivered,RTE-DET-20240208-002,2024-02-11T15:16:41,,on_time
SHP-202402-000101,CLI-0169,HUB-IND,freight,2024-02-22T08:26:41,2024-02-23T08:26:41,delivered,,2024-02-27T02:26:41,,on_time
SHP-202402-000102,CLI-0201,HUB-IND,standard,2024-02-25T14:36:13,2024-02-28T14:36:13,delivered,RTE-IND-20240226-003,2024-02-29T20:36:13,,on_time
SHP-202402-000103,CLI-0169,HUB-CIN,expedited,2024-02-08T17:24:03,2024-02-12T17:24:03,delivered,RTE-CIN-20240208-002,2024-02-12T17:24:03,,on_time
SHP-202402-000104,CLI-0169,HUB-CMH,standard,2024-02-26T09:27:17,2024-02-28T09:27:17,delivered,,2024-02-29T05:27:17,,on_time
SHP-202402-000105,CLI-0201,HUB-DET,standard,2024-02-27T07:27:25,2024-03-03T07:27:25,delayed,RTE-DET-20240227-001,2024-03-03T02:27:25,5,4-12h
SHP-202402-000106,CLI-0201,HUB-DET,standard,2024-02-20T11:37:29,2024-02-23T11:37:29,delivered,RTE-DET-20240220-003,2024-02-25T06:37:29,,on_time
SHP-202402-000107,CLI-0201,HUB-CIN,standard,2024-02-08T12:36:46,2024-02-10T12:36:46,delivered,RTE-CIN-20240208-001,2024-02-12T15:36:46,,on_time
SHP-202402-000108,CLI-0007,HUB-DET,freight,2024-02-05T17:45:50,2024-02-07T17:45:50,delivered,RTE-DET-20240205-002,2024-02-09T12:45:50,,on_time
SHP-202402-000109,CLI-0007,HUB-CIN,standard,2024-02-13T18:16:41,2024-02-17T18:16:41,delivered,,2024-02-17T18:16:41,,on_time
SHP-202402-000110,CLI-0155,HUB-CIN,standard,2024-02-13T09:52:06,2024-02-14T09:52:06,delivered,RTE-CIN-20240213-003,2024-02-16T21:52:06,,on_time
SHP-202402-000111,CLI-0155,HUB-CHI,standard,2024-02-20T06:04:42,2024-02-21T06:04:42,delivered,,2024-02-24T00:04:42,,on_time
SHP-202402-000112,CLI-0155,HUB-CHI,freight,2024-02-06T17:19:37,2024-02-07T17:19:37,delivered,RTE-CHI-20240207-001,2024-02-11T08:19:37,,on_time
SHP-202402-000113,CLI-0007,HUB-CHI,freight,2024-02-15T07:19:30,2024-02-17T07:19:30,delivered,RTE-CHI-20240215-001,2024-02-19T23:19:30,,on_time
SHP-202402-000114,CLI-0155,HUB-IND,standard,2024-02-26T11:23:44,2024-02-27T11:23:44,delivered,RTE-IND-20240226-001,2024-02-29T08:23:44,,on_time
SHP-202402-000115,CLI-0169,HUB-IND,standard,2024-02-23T19:14:38,2024-02-27T19:14:38,delivered,RTE-IND-20240224-001,2024-02-27T19:14:38,,on_time
SHP-202402-000116,CLI-0007,HUB-CHI,freight,2024-02-16T20:58:42,2024-02-17T20:58:42,delivered,RTE-CHI-20240216-001,2024-02-21T02:58:42,,on_time
SHP-202402-000117,CLI-0169,HUB-CHI,standard,2024-02-07T17:29:33,2024-02-08T17:29:33,delivered,RTE-CHI-20240207-001,2024-02-11T21:29:33,,on_time
SHP-202402-000118,CLI-0201,HUB-CMH,standard,2024-02-16T09:13:09,2024-02-20T09:13:09,delivered,RTE-CMH-20240216-001,2024-02-20T21:13:09,,on_time
SHP-202402-000119,CLI-0201,HUB-IND,standard,2024-02-08T07:26:30,2024-02-09T07:26:30,delivered,RTE-IND-20240208-001,2024-02-12T19:26:30,,on_time
SHP-202402-000120,CLI-0042,HUB-DET,standard,2024-02-06T18:58:11,2024-02-10T18:58:11,delivered,RTE-DET-20240206-001,2024-02-10T18:58:11,,on_time
SHP-202402-000121,CLI-0042,HUB-DET,standard,2024-02-01T18:23:42,2024-02-02T18:23:42,delivered,RTE-DET-20240201-001,2024-02-05T06:23:42,,on_time
SHP-202402-000122,CLI-0042,HUB-CMH,freight,2024-02-06T20:14:27,2024-02-10T20:14:27,delivered,RTE-CMH-20240206-001,2024-02-11T13:14:27,,on_time
SHP-202402-000123,CLI-0155,HUB-DET,expedited,2024-02-22T18:30:00,2024-02-23T18:30:00,delivered,,2024-02-25T08:30:00,,on_time
SHP-202402-000124,CLI-0155,HUB-DET,standard,2024-02-29T11:01:04,2024-03-01T11:01:04,delivered,,2024-03-04T01:01:04,,on_time
SHP-202402-000125,CLI-0155,HUB-CMH,freight,2024-02-23T10:27:55,2024-02-24T10:27:55,delivered,RTE-CMH-20240223-002,2024-02-27T18:27:55,,on_time
SHP-202402-000126,CLI-0007,HUB-CIN,standard,2024-02-03T14:13:49,2024-02-04T14:13:49,delivered,RTE-CIN-20240203-001,2024-02-06T06:13:49,,on_time
SHP-202402-000127,CLI-0169,HUB-IND,standard,2024-02-29T14:06:36,2024-03-04T14:06:36,delivered,RTE-IND-20240229-001,2024-03-04T14:06:36,,on_time
SHP-202402-000128,CLI-0155,HUB-CMH,standard,2024-02-06T11:59:14,2024-02-10T11:59:14,delivered,,2024-02-10T11:59:14,,on_time
SHP-202402-000129,CLI-0007,HUB-DET,expedited,2024-02-07T18:28:21,2024-02-09T18:28:21,delivered,RTE-DET-20240208-002,2024-02-09T21:28:21,,on_time
SHP-202402-000130,CLI-0155,HUB-CHI,expedited,2024-02-28T08:55:22,2024-02-29T08:55:22,delivered,RTE-CHI-20240229-003,2024-03-01T17:55:22,,on_time
SHP-202402-000131,CLI-0169,HUB-DET,expedited,2024-02-26T11:14:08,2024-02-27T11:14:08,delivered,,2024-02-28T19:14:08,,on_time
SHP-202402-000132,CLI-0007,HUB-CIN,expedited,2024-02-07T18:36:18,2024-02-10T18:36:18,delivered,RTE-CIN-20240207-001,2024-02-10T18:36:18,,on_time
SHP-202402-000133,CLI-0042,HUB-CHI,expedited,2024-02-06T10:36:20,2024-02-09T10:36:20,delivered,RTE-CHI-20240207-004,2024-02-09T10:36:20,,on_time
SHP-202402-000134,CLI-0155,HUB-DET,standard,2024-02-01T09:52:49,2024-02-02T09:52:49,delivered,RTE-DET-20240201-001,2024-02-04T16:52:49,,on_time
SHP-202402-000135,CLI-0201,HUB-CMH,expedited,2024-02-13T19:01:54,2024-02-14T19:01:54,delivered,RTE-CMH-20240213-002,2024-02-17T04:01:54,,on_time
SHP-202402-000136,CLI-0169,HUB-CIN,freight,2024-02-06T18:32:58,2024-02-07T18:32:58,delivered,RTE-CIN-20240207-001,2024-02-10T22:32:58,,on_time
SHP-202402-000137,CLI-0169,HUB-CHI,standard,2024-02-25T10:54:19,2024-02-26T10:54:19,delivered,RTE-CHI-20240226-001,2024-02-29T04:54:19,,on_time
SHP-202402-000138,CLI-0042,HUB-CIN,standard,2024-02-26T13:56:04,2024-02-27T13:56:04,delivered,RTE-CIN-20240226-001,2024-02-29T23:56:04,,on_time
SHP-202402-000139,CLI-0201,HUB-IND,expedited,2024-02-23T07:05:07,2024-02-24T07:05:07,delivered,RTE-IND-20240223-003,2024-02-26T12:05:07,,on_time
SHP-202402-000140,CLI-0042,HUB-DET,expedited,2024-02-04T08:34:01,2024-02-06T08:34:01,delivered,,2024-02-06T14:34:01,,on_time
SHP-202402-000141,CLI-0042,HUB-IND,standard,2024-02-08T07:43:06,2024-02-12T07:43:06,delivered,RTE-IND-20240209-001,2024-02-12T07:43:06,,on_time
SHP-202402-000142,CLI-0201,HUB-IND,standard,2024-02-02T18:18:07,2024-02-06T18:18:07,delivered,RTE-IND-20240202-002,2024-02-07T00:18:07,,on_time
SHP-202402-000143,CLI-0155,HUB-CHI,standard,2024-02-01T08:45:56,2024-02-02T08:45:56,delivered,,2024-02-05T01:45:56,,on_time
SHP-202403-000001,CLI-0007,HUB-CMH,freight,2024-03-15T18:25:40,2024-03-16T18:25:40,delivered,RTE-CMH-20240316-002,2024-03-19T07:25:40,,on_time
SHP-202403-000002,CLI-0042,HUB-CHI,standard,2024-03-18T12:10:25,2024-03-21T12:10:25,delivered,,2024-03-21T12:10:25,,on_time
SHP-202403-000003,CLI-0201,HUB-IND,standard,2024-03-14T11:12:20,2024-03-15T11:12:20,delivered,RTE-IND-20240314-001,2024-03-18T20:12:20,,on_time
SHP-202403-000004,CLI-0042,HUB-CIN,expedited,2024-03-04T13:47:02,2024-03-07T13:47:02,delivered,RTE-CIN-20240304-001,2024-03-07T13:47:02,,on_time
SHP-202403-000005,CLI-0201,HUB-IND,freight,2024-03-14T07:32:48,2024-03-17T07:32:48,delivered,RTE-IND-20240314-002,2024-03-19T08:32:48,,on_time
SHP-202403-000006,CLI-0042,HUB-DET,standard,2024-03-02T10:34:03,2024-03-05T10:34:03,delivered,RTE-DET-20240304-001,2024-03-05T22:34:03,,on_time
SHP-202403-000007,CLI-0007,HUB-DET,freight,2024-03-28T08:29:27,2024-03-31T08:29:27,delivered,RTE-DET-20240329-004,2024-04-01T10:29:27,,on_time
SHP-202403-000008,CLI-0201,HUB-CHI,standard,2024-03-09T14:38:23,2024-03-11T14:38:23,delivered,RTE-CHI-20240310-001,2024-03-14T00:38:23,,on_time
SHP-202403-000009,CLI-0042,HUB-CIN,expedited,2024-03-19T13:43:38,2024-03-20T13:43:38,delivered,RTE-CIN-20240320-002,2024-03-21T22:43:38,,on_time
SHP-202403-000010,CLI-0169,HUB-CHI,standard,2024-03-12T11:05:30,2024-03-15T11:05:30,delivered,,2024-03-16T11:05:30,,on_time
SHP-202403-000011,CLI-0042,HUB-DET,standard,2024-03-04T10:49:03,2024-03-08T10:49:03,delivered,RTE-DET-20240304-001,2024-03-08T10:49:03,,on_time
SHP-202403-000012,CLI-0169,HUB-CHI,freight,2024-03-26T09:27:11,2024-03-27T09:27:11,delivered,RTE-CHI-20240326-002,2024-03-31T08:27:11,,on_time
SHP-202403-000013,CLI-0007,HUB-IND,expedited,2024-03-18T19:13:33,2024-03-19T19:13:33,delivered,RTE-IND-20240318-001,2024-03-20T21:13:33,,on_time
SHP-202403-000014,CLI-0169,HUB-IND,freight,2024-03-14T06:47:57,2024-03-15T06:47:57,delivered,RTE-IND-20240314-001,2024-03-18T17:47:57,,on_time
SHP-202403-000015,CLI-0201,HUB-CHI,freight,2024-03-15T13:59:11,2024-03-16T13:59:11,delivered,RTE-CHI-20240315-001,2024-03-20T18:59:11,,on_time
SHP-202403-000016,CLI-0169,HUB-DET,standard,2024-03-18T15:52:21,2024-03-22T15:52:21,delivered,RTE-DET-20240318-004,2024-03-22T15:52:21,,on_time
SHP-202403-000017,CLI-0201,HUB-DET,standard,2024-03-21T15:49:10,2024-03-22T15:49:10,delivered,RTE-DET-20240321-001,2024-03-26T05:49:10,,on_time
SHP-202403-000018,CLI-0007,HUB-CMH,expedited,2024-03-28T19:45:16,2024-03-31T19:45:16,delivered,,2024-03-31T19:45:16,,on_time
SHP-202403-000019,CLI-0007,HUB-CIN,expedited,2024-03-04T07:54:14,2024-03-05T07:54:14,delivered,,2024-03-05T20:54:14,,on_time
SHP-202403-000020,CLI-0201,HUB-IND,expedited,2024-03-14T09:32:52,2024-03-15T09:32:52,delivered,RTE-IND-20240315-001,2024-03-17T09:32:52,,on_time
SHP-202403-000021,CLI-0007,HUB-CMH,standard,2024-03-15T13:21:40,2024-03-20T13:21:40,delayed,RTE-CMH-20240315-002,2024-03-20T07:21:40,6,4-12h
SHP-202403-000022,CLI-0042,HUB-CIN,standard,2024-03-08T13:43:58,2024-03-09T13:43:58,delivered,RTE-CIN-20240308-001,2024-03-11T21:43:58,,on_time
SHP-202403-000023,CLI-0155,HUB-DET,standard,2024-03-01T12:56:12,2024-03-02T12:56:12,delivered,RTE-DET-20240301-003,2024-03-05T00:56:12,,on_time
SHP-202403-000024,CLI-0201,HUB-CMH,freight,2024-03-17T18:54:37,2024-03-19T18:54:37,delivered,,2024-03-22T22:54:37,,on_time
SHP-202403-000025,CLI-0042,HUB-IND,standard,2024-03-11T20:02:08,2024-03-12T20:02:08,delivered,RTE-IND-20240311-003,2024-03-14T21:02:08,,on_time
SHP-202403-000026,CLI-0201,HUB-CHI,standard,2024-03-18T10:38:22,2024-03-19T10:38:22,delivered,RTE-CHI-20240318-002,2024-03-22T21:38:22,,on_time
SHP-202403-000027,CLI-0155,HUB-IND,standard,2024-03-12T10:00:41,2024-03-15T10:00:41,delivered,,2024-03-15T11:00:41,,on_time
SHP-202403-000028,CLI-0042,HUB-IND,expedited,2024-03-04T15:51:54,2024-03-07T15:51:54,delivered,,2024-03-07T15:51:54,,on_time
SHP-202403-000029,CLI-0042,HUB-CMH,standard,2024-03-28T14:30:18,2024-03-30T14:30:18,delivered,RTE-CMH-20240328-001,2024-04-01T00:30:18,,on_time
SHP-202403-000030,CLI-0201,HUB-DET,standard,2024-03-28T20:58:03,2024-03-29T20:58:03,delivered,RTE-DET-20240329-003,2024-04-02T09:58:03,,on_time
SHP-202403-000031,CLI-0042,HUB-CMH,standard,2024-03-26T07:35:16,2024-03-29T07:35:16,delivered,RTE-CMH-20240326-001,2024-03-29T14:35:16,,on_time
SHP-202403-000032,CLI-0042,HUB-IND,standard,2024-03-13T20:10:53,2024-03-17T20:10:53,delivered,RTE-IND-20240313-002,2024-03-17T20:10:53,,on_time
SHP-202403-000033,CLI-0155,HUB-CMH,standard,2024-03-29T06:00:25,2024-03-30T06:00:25,delivered,RTE-CMH-20240329-003,2024-04-01T13:00:25,,on_time
SHP-202403-000034,CLI-0201,HUB-IND,standard,2024-03-04T14:35:00,2024-03-05T14:35:00,delivered,,2024-03-08T22:35:00,,on_time
SHP-202403-000035,CLI-0201,HUB-CHI,freight,2024-03-13T14:06:05,2024-03-14T14:06:05,delivered,RTE-CHI-20240313-001,2024-03-18T19:06:05,,on_time
SHP-202403-000036,CLI-0042,HUB-CIN,standard,2024-03-13T14:51:51,2024-03-16T14:51:51,delivered,RTE-CIN-20240313-001,2024-03-17T01:51:51,,on_time
SHP-202403-000037,CLI-0201,HUB-IND,expedited,2024-03-21T13:44:21,2024-03-25T13:44:21,delivered,RTE-IND-20240321-001,2024-03-25T13:44:21,,on_time
SHP-202403-000038,CLI-0155,HUB-IND,expedited,2024-03-15T13:49:00,2024-03-19T13:49:00,delivered,RTE-IND-20240315-001,2024-03-19T13:49:00,,on_time
SHP-202403-000039,CLI-0155,HUB-IND,standard,2024-03-13T06:29:16,2024-03-16T06:29:16,delivered,RTE-IND-20240313-001,2024-03-16T11:29:16,,on_time
SHP-202403-000040,CLI-0155,HUB-IND,standard,2024-03-12T16:36:28,2024-03-14T16:36:28,delivered,RTE-IND-20240313-002,2024-03-15T19:36:28,,on_time
SHP-202403-000041,CLI-0007,HUB-CHI,expedited,2024-03-09T20:41:24,2024-03-11T20:41:24,delivered,RTE-CHI-20240309-001,2024-03-12T02:41:24,,on_time
SHP-202403-000042,CLI-0169,HUB-CMH,standard,2024-03-19T11:34:16,2024-03-23T11:34:16,delivered,RTE-CMH-20240320-001,2024-03-23T11:34:16,,on_time
SHP-202403-000043,CLI-0201,HUB-CIN,expedited,2024-03-14T08:12:28,2024-03-16T08:12:28,delivered,,2024-03-17T19:12:28,,on_time
SHP-202403-000044,CLI-0007,HUB-CMH,standard,2024-03-29T11:54:49,2024-03-30T11:54:49,delivered,RTE-CMH-20240329-005,2024-04-01T01:54:49,,on_time
SHP-202403-000045,CLI-0155,HUB-IND,expedited,2024-03-21T16:39:01,2024-03-23T16:39:01,delivered,RTE-IND-20240321-003,2024-03-23T17:39:01,,on_time
SHP-202403-000046,CLI-0155,HUB-CMH,freight,2024-03-04T17:52:13,2024-03-05T17:52:13,delivered,RTE-CMH-20240304-001,2024-03-09T08:52:13,,on_time
SHP-202403-000047,CLI-0155,HUB-DET,expedited,2024-03-07T08:01:00,2024-03-08T08:01:00,delivered,RTE-DET-20240308-001,2024-03-09T14:01:00,,on_time
SHP-202403-000048,CLI-0007,HUB-IND,standard,2024-03-28T15:04:01,2024-04-01T15:04:01,delivered,RTE-IND-20240328-001,2024-04-01T15:04:01,,on_time
SHP-202403-000049,CLI-0201,HUB-CMH,expedited,2024-03-15T12:44:27,2024-03-16T12:44:27,delivered,RTE-CMH-20240315-001,2024-03-18T15:44:27,,on_time
SHP-202403-000050,CLI-0155,HUB-CIN,standard,2024-03-29T18:39:52,2024-03-30T18:39:52,delivered,RTE-CIN-20240329-004,2024-04-02T03:39:52,,on_time
SHP-202403-000051,CLI-0169,HUB-CHI,expedited,2024-03-05T06:55:20,2024-03-07T06:55:20,delivered,RTE-CHI-20240305-002,2024-03-08T00:55:20,,on_time
SHP-202403-000052,CLI-0007,HUB-DET,expedited,2024-03-25T06:17:59,2024-03-26T06:17:59,delivered,RTE-DET-20240325-003,2024-03-27T06:17:59,,on_time
SHP-202403-000053,CLI-0042,HUB-CMH,expedited,2024-03-25T13:16:46,2024-03-26T13:16:46,delivered,RTE-CMH-20240325-004,2024-03-28T02:16:46,,on_time
SHP-202403-000054,CLI-0169,HUB-CHI,expedited,2024-03-04T19:57:36,2024-03-05T19:57:36,delivered,,2024-03-08T00:57:36,,on_time
SHP-202403-000055,CLI-0155,HUB-CMH,standard,2024-03-05T13:12:22,2024-03-09T13:12:22,delivered,RTE-CMH-20240305-002,2024-03-09T13:12:22,,on_time
SHP-202403-000056,CLI-0201,HUB-CHI,standard,2024-03-03T07:03:33,2024-03-07T07:03:33,delivered,RTE-CHI-20240304-003,2024-03-07T17:03:33,,on_time
SHP-202403-000057,CLI-0155,HUB-CMH,expedited,2024-03-26T15:42:02,2024-03-31T15:42:02,delayed,RTE-CMH-20240327-003,2024-03-31T07:42:02,8,4-12h
SHP-202403-000058,CLI-0201,HUB-CMH,freight,2024-03-13T10:16:57,2024-03-15T10:16:57,delivered,RTE-CMH-20240314-001,2024-03-18T18:16:57,,on_time
SHP-202403-000059,CLI-0169,HUB-CIN,standard,2024-03-26T19:26:36,2024-03-27T19:26:36,delivered,,2024-03-29T18:26:36,,on_time
SHP-202403-000060,CLI-0201,HUB-DET,expedited,2024-03-06T12:35:35,2024-03-07T12:35:35,delivered,,2024-03-10T05:35:35,,on_time
SHP-202403-000061,CLI-0169,HUB-IND,standard,2024-03-09T19:34:07,2024-03-13T19:34:07,delivered,RTE-IND-20240309-002,2024-03-13T19:34:07,,on_time
SHP-202403-000062,CLI-0201,HUB-CMH,freight,2024-03-21T07:45:54,2024-03-22T07:45:54,delivered,RTE-CMH-20240321-003,2024-03-26T11:45:54,,on_time
SHP-202403-000063,CLI-0007,HUB-CHI,expedited,2024-03-16T19:03:27,2024-03-18T19:03:27,delivered,RTE-CHI-20240317-001,2024-03-19T07:03:27,,on_time
SHP-202403-000064,CLI-0042,HUB-IND,standard,2024-03-21T13:06:27,2024-03-22T13:06:27,delivered,RTE-IND-20240321-002,2024-03-24T08:06:27,,on_time
SHP-202403-000065,CLI-0007,HUB-CHI,freight,2024-03-08T16:03:51,2024-03-10T16:03:51,delivered,RTE-CHI-20240309-001,2024-03-12T22:03:51,,on_time
SHP-202403-000066,CLI-0169,HUB-CHI,standard,2024-03-26T09:00:19,2024-03-30T09:00:19,delivered,,2024-03-30T09:00:19,,on_time
SHP-202403-000067,CLI-0169,HUB-CHI,freight,2024-03-13T07:15:23,2024-03-14T07:15:23,delivered,RTE-CHI-20240313-001,2024-03-18T05:15:23,,on_time
SHP-202403-000068,CLI-0201,HUB-IND,standard,2024-03-26T11:09:00,2024-03-27T11:09:00,delivered,RTE-IND-20240326-001,2024-03-30T14:09:00,,on_time
SHP-202403-000069,CLI-0042,HUB-IND,freight,2024-03-01T12:59:51,2024-03-02T12:59:51,delivered,RTE-IND-20240301-001,2024-03-05T08:59:51,,on_time
SHP-202403-000070,CLI-0169,HUB-CMH,standard,2024-03-11T20:34:46,2024-03-12T20:34:46,delivered,RTE-CMH-20240313-003,2024-03-14T14:34:46,,on_time
SHP-202403-000071,CLI-0169,HUB-DET,standard,2024-03-25T20:57:46,2024-03-27T20:57:46,delivered,RTE-DET-20240325-002,2024-03-29T06:57:46,,on_time
SHP-202403-000072,CLI-0155,HUB-CHI,freight,2024-03-26T12:01:47,2024-03-28T12:01:47,delivered,,2024-03-30T23:01:47,,on_time
SHP-202403-000073,CLI-0042,HUB-CMH,standard,2024-03-03T08:59:34,2024-03-04T08:59:34,delivered,RTE-CMH-20240304-001,2024-03-06T22:59:34,,on_time
SHP-202403-000074,CLI-0042,HUB-CIN,freight,2024-03-26T06:37:52,2024-03-30T06:37:52,delivered,RTE-CIN-20240326-007,2024-03-30T13:37:52,,on_time
SHP-202403-000075,CLI-0169,HUB-CMH,standard,2024-03-12T07:39:25,2024-03-16T07:39:25,delivered,,2024-03-16T07:39:25,,on_time
SHP-202403-000076,CLI-0155,HUB-CHI,standard,2024-03-29T13:59:46,2024-03-30T13:59:46,delivered,,2024-04-02T00:59:46,,on_time
SHP-202403-000077,CLI-0169,HUB-CHI,standard,2024-03-30T09:59:28,2024-04-01T09:59:28,delivered,RTE-CHI-20240330-001,2024-04-03T10:59:28,,on_time
SHP-202403-000078,CLI-0155,HUB-IND,freight,2024-03-27T09:17:02,2024-03-31T09:17:02,delivered,RTE-IND-20240328-002,2024-03-31T09:17:02,,on_time
SHP-202403-000079,CLI-0169,HUB-CMH,standard,2024-03-13T15:43:54,2024-03-15T15:43:54,delivered,,2024-03-16T19:43:54,,on_time
SHP-202403-000080,CLI-0042,HUB-CIN,standard,2024-03-11T08:57:26,2024-03-12T08:57:26,delivered,RTE-CIN-20240311-001,2024-03-14T15:57:26,,on_time
SHP-202403-000081,CLI-0042,HUB-CIN,standard,2024-03-01T13:56:44,2024-03-05T13:56:44,delivered,RTE-CIN-20240301-002,2024-03-05T13:56:44,,on_time
SHP-202403-000082,CLI-0201,HUB-CHI,standard,2024-03-15T15:22:28,2024-03-19T15:22:28,delivered,RTE-CHI-20240315-002,2024-03-19T21:22:28,,on_time
SHP-202403-000083,CLI-0201,HUB-CMH,standard,2024-03-14T14:33:35,2024-03-15T14:33:35,delivered,RTE-CMH-20240315-001,2024-03-19T01:33:35,,on_time
SHP-202403-000084,CLI-0169,HUB-CMH,freight,2024-03-29T14:08:13,2024-04-02T14:08:13,delivered,,2024-04-02T14:08:13,,on_time
SHP-202403-000085,CLI-0201,HUB-CIN,standard,2024-03-23T19:46:25,2024-03-27T19:46:25,delivered,RTE-CIN-20240325-004,2024-03-27T21:46:25,,on_time
SHP-202403-000086,CLI-0155,HUB-CHI,standard,2024-03-18T17:24:42,2024-03-19T17:24:42,delivered,RTE-CHI-20240318-001,2024-03-22T11:24:42,,on_time
SHP-202403-000087,CLI-0201,HUB-CHI,standard,2024-03-01T16:53:21,2024-03-02T16:53:21,delivered,,2024-03-05T20:53:21,,on_time
SHP-202403-000088,CLI-0169,HUB-IND,freight,2024-03-22T08:33:35,2024-03-23T08:33:35,delivered,RTE-IND-20240322-005,2024-03-26T14:33:35,,on_time
SHP-202403-000089,CLI-0155,HUB-DET,standard,2024-03-13T07:30:18,2024-03-16T07:30:18,delivered,,2024-03-16T14:30:18,,on_time
SHP-202403-000090,CLI-0169,HUB-IND,expedited,2024-03-06T16:03:51,2024-03-08T16:03:51,delivered,,2024-03-09T01:03:51,,on_time
SHP-202403-000091,CLI-0007,HUB-CHI,expedited,2024-03-08T09:51:34,2024-03-09T09:51:34,delivered,RTE-CHI-20240308-002,2024-03-10T15:51:34,,on_time
SHP-202403-000092,CLI-0007,HUB-CHI,freight,2024-03-21T20:42:17,2024-03-25T20:42:17,delivered,RTE-CHI-20240321-001,2024-03-26T09:42:17,,on_time
SHP-202403-000093,CLI-0169,HUB-CMH,expedited,2024-03-22T15:23:53,2024-03-23T15:23:53,delivered,RTE-CMH-20240322-001,2024-03-24T09:23:53,,on_time
SHP-202403-000094,CLI-0007,HUB-DET,standard,2024-03-19T10:22:30,2024-03-20T10:22:30,delivered,RTE-DET-20240320-001,2024-03-22T06:22:30,,on_time
SHP-202403-000095,CLI-0201,HUB-DET,expedited,2024-03-13T12:07:23,2024-03-14T12:07:23,delivered,,2024-03-17T11:07:23,,on_time
SHP-202403-000096,CLI-0042,HUB-IND,standard,2024-03-04T19:49:09,2024-03-08T19:49:09,delivered,RTE-IND-20240305-001,2024-03-08T19:49:09,,on_time
SHP-202403-000097,CLI-0042,HUB-DET,freight,2024-03-24T19:58:40,2024-03-25T19:58:40,delivered,RTE-DET-20240325-001,2024-03-29T10:58:40,,on_time
SHP-202403-000098,CLI-0007,HUB-CIN,expedited,2024-03-15T07:10:10,2024-03-19T07:10:10,delivered,RTE-CIN-20240315-001,2024-03-19T07:10:10,,on_time
SHP-202403-000099,CLI-0007,HUB-CMH,standard,2024-03-19T06:07:31,2024-03-20T06:07:31,delivered,RTE-CMH-20240320-001,2024-03-21T19:07:31,,on_time
SHP-202403-000100,CLI-0169,HUB-IND,freight,2024-03-22T16:37:18,2024-03-23T16:37:18,delivered,RTE-IND-20240322-003,2024-03-26T22:37:18,,on_time
SHP-202403-000101,CLI-0201,HUB-CMH,freight,2024-03-06T11:47:55,2024-03-09T11:47:55,delivered,RTE-CMH-20240306-002,2024-03-11T22:47:55,,on_time
SHP-202403-000102,CLI-0169,HUB-CMH,expedited,2024-03-26T17:45:37,2024-03-29T17:45:37,delivered,,2024-03-29T17:45:37,,on_time
SHP-202403-000103,CLI-0155,HUB-DET,standard,2024-03-14T11:37:43,2024-03-15T11:37:43,delivered,RTE-DET-20240315-003,2024-03-17T22:37:43,,on_time
SHP-202403-000104,CLI-0007,HUB-CMH,standard,2024-03-05T10:48:27,2024-03-09T10:48:27,delivered,RTE-CMH-20240305-001,2024-03-09T10:48:27,,on_time
SHP-202403-000105,CLI-0007,HUB-IND,freight,2024-03-15T09:13:28,2024-03-16T09:13:28,delivered,RTE-IND-20240315-002,2024-03-19T07:13:28,,on_time
SHP-202403-000106,CLI-0169,HUB-CIN,standard,2024-03-20T09:57:40,2024-03-21T09:57:40,delivered,RTE-CIN-20240320-001,2024-03-23T10:57:40,,on_time
SHP-202403-000107,CLI-0042,HUB-CHI,expedited,2024-03-07T19:17:35,2024-03-08T19:17:35,delivered,RTE-CHI-20240307-003,2024-03-09T08:17:35,,on_time
SHP-202403-000108,CLI-0201,HUB-CMH,standard,2024-03-19T09:30:58,2024-03-20T09:30:58,delivered,RTE-CMH-20240319-004,2024-03-23T14:30:58,,on_time
SHP-202403-000109,CLI-0042,HUB-CMH,freight,2024-03-21T20:53:58,2024-03-23T20:53:58,delivered,,2024-03-26T10:53:58,,on_time
SHP-202403-000110,CLI-0042,HUB-CMH,standard,2024-03-26T15:12:27,2024-03-28T15:12:27,delivered,RTE-CMH-20240326-004,2024-03-29T23:12:27,,on_time
SHP-202403-000111,CLI-0169,HUB-IND,standard,2024-03-28T07:26:30,2024-04-01T07:26:30,delivered,RTE-IND-20240328-002,2024-04-01T07:26:30,,on_time
SHP-202403-000112,CLI-0169,HUB-CMH,standard,2024-03-01T07:10:25,2024-03-04T07:10:25,delivered,RTE-CMH-20240301-001,2024-03-04T13:10:25,,on_time
SHP-202403-000113,CLI-0042,HUB-CMH,standard,2024-03-15T13:23:46,2024-03-16T13:23:46,delivered,RTE-CMH-20240316-002,2024-03-18T21:23:46,,on_time
SHP-202403-000114,CLI-0007,HUB-IND,expedited,2024-03-14T09:47:13,2024-03-18T09:47:13,delivered,RTE-IND-20240314-002,2024-03-18T09:47:13,,on_time
SHP-202403-000115,CLI-0042,HUB-IND,standard,2024-03-03T16:18:19,2024-03-07T16:18:19,delivered,,2024-03-07T16:18:19,,on_time
SHP-202403-000116,CLI-0201,HUB-CHI,standard,2024-03-08T19:44:09,2024-03-09T19:44:09,delivered,RTE-CHI-20240308-001,2024-03-13T07:44:09,,on_time
SHP-202403-000117,CLI-0042,HUB-CIN,standard,2024-03-16T07:50:23,2024-03-20T07:50:23,delivered,,2024-03-20T07:50:23,,on_time
SHP-202403-000118,CLI-0169,HUB-CMH,expedited,2024-03-27T11:40:51,2024-03-29T11:40:51,delivered,,2024-03-29T14:40:51,,on_time
SHP-202403-000119,CLI-0042,HUB-DET,freight,2024-03-19T07:34:54,2024-03-22T07:34:54,delivered,,2024-03-23T22:34:54,,on_time
SHP-202403-000120,CLI-0201,HUB-CMH,standard,2024-03-26T16:58:50,2024-03-30T16:58:50,delivered,RTE-CMH-20240326-002,2024-03-30T23:58:50,,on_time
SHP-202403-000121,CLI-0042,HUB-CHI,freight,2024-03-28T14:23:35,2024-03-29T14:23:35,delivered,RTE-CHI-20240329-003,2024-03-31T20:23:35,,on_time
SHP-202403-000122,CLI-0007,HUB-CHI,standard,2024-03-17T13:52:58,2024-03-21T13:52:58,delivered,RTE-CHI-20240317-001,2024-03-21T13:52:58,,on_time
SHP-202403-000123,CLI-0169,HUB-CMH,expedited,2024-03-26T16:42:34,2024-03-27T16:42:34,delivered,RTE-CMH-20240326-002,2024-03-28T14:42:34,,on_time
SHP-202403-000124,CLI-0007,HUB-DET,standard,2024-03-25T18:44:11,2024-03-26T18:44:11,delivered,RTE-DET-20240325-001,2024-03-28T16:44:11,,on_time
SHP-202403-000125,CLI-0042,HUB-CIN,freight,2024-03-21T18:00:32,2024-03-22T18:00:32,delivered,RTE-CIN-20240321-003,2024-03-26T12:00:32,,on_time
SHP-202403-000126,CLI-0201,HUB-CHI,standard,2024-03-14T08:16:14,2024-03-15T08:16:14,delivered,RTE-CHI-20240314-001,2024-03-18T10:16:14,,on_time
SHP-202403-000127,CLI-0007,HUB-DET,freight,2024-03-05T19:30:03,2024-03-06T19:30:03,delivered,,2024-03-09T23:30:03,,on_time
SHP-202403-000128,CLI-0169,HUB-CHI,freight,2024-03-05T07:26:49,2024-03-07T07:26:49,delivered,RTE-CHI-20240305-003,2024-03-10T02:26:49,,on_time
SHP-202403-000129,CLI-0169,HUB-CMH,freight,2024-03-21T15:11:35,2024-03-24T15:11:35,delivered,RTE-CMH-20240321-003,2024-03-25T11:11:35,,on_time
SHP-202403-000130,CLI-0042,HUB-IND,standard,2024-03-06T07:49:39,2024-03-07T07:49:39,delivered,,2024-03-09T07:49:39,,on_time
SHP-202403-000131,CLI-0042,HUB-CIN,standard,2024-03-27T07:55:03,2024-03-31T07:55:03,delivered,RTE-CIN-20240327-005,2024-03-31T07:55:03,,on_time
SHP-202403-000132,CLI-0042,HUB-DET,expedited,2024-03-28T08:36:11,2024-04-01T08:36:11,delivered,,2024-04-01T08:36:11,,on_time
SHP-202403-000133,CLI-0007,HUB-CMH,expedited,2024-03-14T20:40:47,2024-03-17T20:40:47,delivered,RTE-CMH-20240315-001,2024-03-17T20:40:47,,on_time
SHP-202403-000134,CLI-0007,HUB-DET,standard,2024-03-29T17:26:54,2024-04-02T17:26:54,delayed,RTE-DET-20240329-003,2024-04-02T14:26:54,3,<4h
SHP-202403-000135,CLI-0201,HUB-IND,expedited,2024-03-29T11:43:25,2024-03-30T11:43:25,delivered,,2024-04-01T11:43:25,,on_time
SHP-202403-000136,CLI-0169,HUB-IND,freight,2024-03-15T11:43:29,2024-03-18T11:43:29,delivered,RTE-IND-20240315-001,2024-03-19T18:43:29,,on_time
SHP-202403-000137,CLI-0201,HUB-CIN,standard,2024-03-23T07:58:16,2024-03-24T07:58:16,delivered,RTE-CIN-20240325-003,2024-03-27T13:58:16,,on_time
SHP-202403-000138,CLI-0155,HUB-IND,expedited,2024-03-04T16:24:59,2024-03-05T16:24:59,delivered,RTE-IND-20240305-004,2024-03-06T22:24:59,,on_time
SHP-202403-000139,CLI-0155,HUB-CHI,expedited,2024-03-29T19:18:09,2024-03-31T19:18:09,delivered,,2024-04-01T12:18:09,,on_time
SHP-202403-000140,CLI-0169,HUB-CIN,expedited,2024-03-28T15:03:51,2024-03-29T15:03:51,delivered,,2024-03-30T21:03:51,,on_time
SHP-202403-000141,CLI-0042,HUB-DET,standard,2024-03-25T15:46:58,2024-03-28T15:46:58,delivered,RTE-DET-20240325-002,2024-03-29T09:46:58,,on_time
SHP-202403-000142,CLI-0007,HUB-DET,expedited,2024-03-12T16:38:43,2024-03-13T16:38:43,delivered,RTE-DET-20240314-002,2024-03-14T10:38:43,,on_time
SHP-202403-000143,CLI-0155,HUB-DET,standard,2024-03-14T17:30:15,2024-03-15T17:30:15,delivered,RTE-DET-20240315-001,2024-03-18T06:30:15,,on_time
SHP-202403-000144,CLI-0201,HUB-IND,standard,2024-03-29T14:54:02,2024-04-01T14:54:02,delivered,RTE-IND-20240329-002,2024-04-02T23:54:02,,on_time
SHP-202403-000145,CLI-0042,HUB-DET,standard,2024-03-12T08:23:32,2024-03-14T08:23:32,delivered,RTE-DET-20240312-002,2024-03-15T17:23:32,,on_time
SHP-202403-000146,CLI-0007,HUB-CHI,expedited,2024-03-08T20:25:57,2024-03-09T20:25:57,delivered,RTE-CHI-20240308-001,2024-03-11T04:25:57,,on_time
SHP-202403-000147,CLI-0155,HUB-CMH,standard,2024-03-27T08:06:50,2024-03-28T08:06:50,delivered,RTE-CMH-20240327-001,2024-03-30T16:06:50,,on_time
SHP-202403-000148,CLI-0155,HUB-CIN,standard,2024-03-20T09:09:35,2024-03-24T09:09:35,delivered,,2024-03-24T09:09:35,,on_time
SHP-202403-000149,CLI-0155,HUB-CMH,expedited,2024-03-11T06:06:49,2024-03-15T06:06:49,delivered,RTE-CMH-20240311-002,2024-03-15T06:06:49,,on_time
SHP-202403-000150,CLI-0042,HUB-CMH,standard,2024-03-26T11:07:14,2024-03-29T11:07:14,delivered,RTE-CMH-20240326-004,2024-03-29T17:07:14,,on_time
SHP-202403-000151,CLI-0169,HUB-CMH,expedited,2024-03-13T11:11:43,2024-03-15T11:11:43,delivered,RTE-CMH-20240313-003,2024-03-15T13:11:43,,on_time
SHP-202403-000152,CLI-0169,HUB-CIN,standard,2024-03-15T15:24:50,2024-03-16T15:24:50,delivered,RTE-CIN-20240315-002,2024-03-18T17:24:50,,on_time
SHP-202403-000153,CLI-0201,HUB-CIN,standard,2024-03-24T14:45:01,2024-03-25T14:45:01,delivered,RTE-CIN-20240325-001,2024-03-28T20:45:01,,on_time
SHP-202403-000154,CLI-0155,HUB-IND,standard,2024-03-03T15:27:11,2024-03-04T15:27:11,delivered,RTE-IND-20240303-001,2024-03-06T14:27:11,,on_time
SHP-202403-000155,CLI-0007,HUB-CMH,standard,2024-03-09T19:40:17,2024-03-10T19:40:17,delivered,RTE-CMH-20240310-001,2024-03-12T11:40:17,,on_time
SHP-202403-000156,CLI-0042,HUB-IND,standard,2024-03-16T14:56:16,2024-03-17T14:56:16,delivered,RTE-IND-20240317-002,2024-03-19T14:56:16,,on_time
SHP-202403-000157,CLI-0042,HUB-CHI,expedited,2024-03-13T07:50:30,2024-03-14T07:50:30,delivered,RTE-CHI-20240313-002,2024-03-14T22:50:30,,on_time
SHP-202403-000158,CLI-0201,HUB-CIN,standard,2024-03-11T19:54:01,2024-03-12T19:54:01,delivered,RTE-CIN-20240311-002,2024-03-16T03:54:01,,on_time
SHP-202403-000159,CLI-0201,HUB-CIN,standard,2024-03-07T15:51:41,2024-03-09T15:51:41,delivered,,2024-03-11T23:51:41,,on_time
SHP-202403-000160,CLI-0201,HUB-CHI,freight,2024-03-25T11:02:37,2024-03-31T11:02:37,delayed,RTE-CHI-20240326-001,2024-03-31T01:02:37,10,4-12h
SHP-202404-000001,CLI-0201,HUB-CIN,freight,2024-04-03T16:39:31,2024-04-07T16:39:31,delivered,RTE-CIN-20240403-001,2024-04-08T22:39:31,,on_time
SHP-202404-000002,CLI-0169,HUB-IND,freight,2024-04-02T20:45:23,2024-04-06T20:45:23,delivered,RTE-IND-20240402-001,2024-04-07T11:45:23,,on_time
SHP-202404-000003,CLI-0042,HUB-IND,standard,2024-04-15T18:26:44,2024-04-18T18:26:44,delivered,RTE-IND-20240415-002,2024-04-18T23:26:44,,on_time
SHP-202404-000004,CLI-0007,HUB-IND,freight,2024-04-16T07:28:41,2024-04-17T07:28:41,delivered,RTE-IND-20240416-001,2024-04-20T12:28:41,,on_time
SHP-202404-000005,CLI-0042,HUB-DET,expedited,2024-04-12T06:54:13,2024-04-16T06:54:13,delivered,RTE-DET-20240412-003,2024-04-16T06:54:13,,on_time
SHP-202404-000006,CLI-0007,HUB-CIN,expedited,2024-04-05T13:45:22,2024-04-06T13:45:22,delivered,,2024-04-07T00:45:22,,on_time
SHP-202404-000007,CLI-0169,HUB-CIN,standard,2024-04-09T07:58:49,2024-04-13T07:58:49,delivered,RTE-CIN-20240409-006,2024-04-13T07:58:49,,on_time
SHP-202404-000008,CLI-0169,HUB-IND,standard,2024-04-25T19:05:05,2024-04-26T19:05:05,delivered,RTE-IND-20240426-003,2024-04-29T02:05:05,,on_time
SHP-202404-000009,CLI-0201,HUB-DET,freight,2024-04-01T10:03:51,2024-04-02T10:03:51,delivered,RTE-DET-20240401-001,2024-04-07T03:03:51,,on_time
SHP-202404-000010,CLI-0169,HUB-IND,freight,2024-04-01T07:03:07,2024-04-02T07:03:07,delivered,RTE-IND-20240403-001,2024-04-05T23:03:07,,on_time
SHP-202404-000011,CLI-0201,HUB-CHI,expedited,2024-04-26T13:35:11,2024-04-27T13:35:11,delivered,,2024-04-29T13:35:11,,on_time
SHP-202404-000012,CLI-0169,HUB-DET,freight,2024-04-04T10:44:47,2024-04-05T10:44:47,delivered,RTE-DET-20240404-002,2024-04-08T19:44:47,,on_time
SHP-202404-000013,CLI-0007,HUB-CMH,standard,2024-04-29T18:56:43,2024-05-03T18:56:43,delivered,RTE-CMH-20240430-001,2024-05-03T18:56:43,,on_time
SHP-202404-000014,CLI-0169,HUB-DET,expedited,2024-04-26T07:29:55,2024-04-28T07:29:55,delivered,RTE-DET-20240426-003,2024-04-28T22:29:55,,on_time
SHP-202404-000015,CLI-0169,HUB-IND,standard,2024-04-08T18:35:09,2024-04-09T18:35:09,delivered,RTE-IND-20240409-001,2024-04-12T07:35:09,,on_time
SHP-202404-000016,CLI-0201,HUB-CMH,expedited,2024-04-08T16:54:31,,failed,RTE-CMH-20240408-003,2024-04-11T21:54:31,,
SHP-202404-000017,CLI-0169,HUB-CMH,expedited,2024-04-26T20:57:55,2024-04-30T20:57:55,delivered,RTE-CMH-20240426-002,2024-04-30T20:57:55,,on_time
SHP-202404-000018,CLI-0042,HUB-CHI,expedited,2024-04-18T09:05:20,2024-04-20T09:05:20,delivered,RTE-CHI-20240418-001,2024-04-20T09:05:20,,on_time
SHP-202404-000019,CLI-0042,HUB-DET,standard,2024-04-30T08:46:05,2024-05-02T08:46:05,delivered,RTE-DET-20240430-001,2024-05-03T23:46:05,,on_time
SHP-202404-000020,CLI-0169,HUB-CMH,expedited,2024-04-12T13:01:17,2024-04-13T13:01:17,delivered,RTE-CMH-20240412-002,2024-04-14T18:01:17,,on_time
SHP-202404-000021,CLI-0169,HUB-IND,standard,2024-04-26T12:49:17,2024-04-27T12:49:17,delivered,,2024-04-29T21:49:17,,on_time
SHP-202404-000022,CLI-0155,HUB-CMH,freight,2024-04-16T08:09:34,2024-04-17T08:09:34,delivered,RTE-CMH-20240418-001,2024-04-20T14:09:34,,on_time
SHP-202404-000023,CLI-0169,HUB-CHI,standard,2024-04-19T09:01:10,2024-04-20T09:01:10,delivered,RTE-CHI-20240419-002,2024-04-23T05:01:10,,on_time
SHP-202404-000024,CLI-0169,HUB-CMH,standard,2024-04-12T12:01:48,2024-04-13T12:01:48,delivered,RTE-CMH-20240412-002,2024-04-15T08:01:48,,on_time
SHP-202404-000025,CLI-0169,HUB-CMH,standard,2024-04-09T12:28:57,2024-04-13T12:28:57,delivered,RTE-CMH-20240409-002,2024-04-13T12:28:57,,on_time
SHP-202404-000026,CLI-0169,HUB-CHI,standard,2024-04-16T13:11:01,2024-04-18T13:11:01,delivered,,2024-04-20T09:11:01,,on_time
SHP-202404-000027,CLI-0007,HUB-CIN,standard,2024-04-11T11:06:27,2024-04-13T11:06:27,delivered,RTE-CIN-20240411-001,2024-04-13T19:06:27,,on_time
SHP-202404-000028,CLI-0169,HUB-CMH,freight,2024-04-19T13:04:38,2024-04-23T13:04:38,delivered,,2024-04-23T13:04:38,,on_time
SHP-202404-000029,CLI-0155,HUB-CMH,standard,2024-04-11T14:37:46,2024-04-13T14:37:46,delivered,RTE-CMH-20240411-001,2024-04-15T04:37:46,,on_time
SHP-202404-000030,CLI-0169,HUB-IND,standard,2024-04-24T09:17:52,2024-04-27T09:17:52,delivered,RTE-IND-20240426-001,2024-04-27T23:17:52,,on_time
SHP-202404-000031,CLI-0169,HUB-CMH,freight,2024-04-08T10:20:01,2024-04-10T10:20:01,delivered,RTE-CMH-20240410-003,2024-04-12T16:20:01,,on_time
SHP-202404-000032,CLI-0155,HUB-CHI,standard,2024-04-08T13:10:29,2024-04-11T13:10:29,delivered,RTE-CHI-20240408-001,2024-04-11T20:10:29,,on_time
SHP-202404-000033,CLI-0007,HUB-DET,freight,2024-04-13T10:03:41,2024-04-16T10:03:41,delivered,RTE-DET-20240413-002,2024-04-17T06:03:41,,on_time
SHP-202404-000034,CLI-0201,HUB-IND,standard,2024-04-29T06:57:05,2024-05-03T06:57:05,delivered,,2024-05-03T10:57:05,,on_time
SHP-202404-000035,CLI-0169,HUB-CIN,standard,2024-04-22T13:36:01,2024-04-23T13:36:01,delivered,RTE-CIN-20240422-001,2024-04-25T07:36:01,,on_time
SHP-202404-000036,CLI-0007,HUB-DET,expedited,2024-04-07T12:27:59,2024-04-11T12:27:59,delivered,RTE-DET-20240407-001,2024-04-11T12:27:59,,on_time
SHP-202404-000037,CLI-0042,HUB-CIN,standard,2024-04-05T10:33:30,2024-04-07T10:33:30,delivered,,2024-04-08T23:33:30,,on_time
SHP-202404-000038,CLI-0169,HUB-CMH,standard,2024-04-25T18:07:05,2024-04-26T18:07:05,delivered,RTE-CMH-20240425-004,2024-04-28T21:07:05,,on_time
SHP-202404-000039,CLI-0201,HUB-CHI,standard,2024-04-18T11:36:35,2024-04-22T11:36:35,delivered,RTE-CHI-20240419-002,2024-04-22T20:36:35,,on_time
SHP-202404-000040,CLI-0201,HUB-CIN,expedited,2024-04-04T07:34:48,2024-04-05T07:34:48,delivered,RTE-CIN-20240404-002,2024-04-07T13:34:48,,on_time
SHP-202404-000041,CLI-0169,HUB-CHI,expedited,2024-04-03T12:40:18,2024-04-08T12:40:18,delayed,,2024-04-08T05:40:18,7,4-12h
SHP-202404-000042,CLI-0201,HUB-DET,expedited,2024-04-15T07:45:37,2024-04-17T07:45:37,delivered,RTE-DET-20240416-003,2024-04-19T02:45:37,,on_time
SHP-202404-000043,CLI-0169,HUB-CIN,standard,2024-04-25T08:52:02,2024-04-26T08:52:02,delivered,RTE-CIN-20240425-003,2024-04-28T07:52:02,,on_time
SHP-202404-000044,CLI-0201,HUB-CMH,standard,2024-04-18T19:59:48,2024-04-22T19:59:48,delivered,RTE-CMH-20240418-001,2024-04-23T01:59:48,,on_time
SHP-202404-000045,CLI-0155,HUB-DET,expedited,2024-04-29T15:39:06,2024-04-30T15:39:06,delivered,RTE-DET-20240429-003,2024-05-02T00:39:06,,on_time
SHP-202404-000046,CLI-0007,HUB-CIN,standard,2024-04-21T20:47:02,2024-04-25T20:47:02,delivered,,2024-04-25T20:47:02,,on_time
SHP-202404-000047,CLI-0201,HUB-CIN,standard,2024-04-03T11:11:24,2024-04-06T11:11:24,delivered,,2024-04-07T17:11:24,,on_time
SHP-202404-000048,CLI-0155,HUB-IND,expedited,2024-04-12T16:28:24,2024-04-15T16:28:24,delivered,RTE-IND-20240412-001,2024-04-15T16:28:24,,on_time
SHP-202404-000049,CLI-0155,HUB-DET,expedited,2024-04-15T07:55:25,2024-04-16T07:55:25,delivered,RTE-DET-20240415-002,2024-04-18T01:55:25,,on_time
SHP-202404-000050,CLI-0042,HUB-CHI,freight,2024-04-03T20:01:17,2024-04-10T20:01:17,delayed,RTE-CHI-20240403-002,2024-04-10T13:01:17,7,4-12h
SHP-202404-000051,CLI-0042,HUB-IND,expedited,2024-04-29T06:00:19,2024-05-03T06:00:19,delivered,RTE-IND-20240429-001,2024-05-03T06:00:19,,on_time
SHP-202404-000052,CLI-0007,HUB-CHI,standard,2024-04-12T10:15:07,2024-04-15T10:15:07,delivered,RTE-CHI-20240415-003,2024-04-15T18:15:07,,on_time
SHP-202404-000053,CLI-0155,HUB-IND,expedited,2024-04-22T08:19:10,2024-04-26T08:19:10,delivered,,2024-04-26T08:19:10,,on_time
SHP-202404-000054,CLI-0007,HUB-IND,expedited,2024-04-11T20:18:39,2024-04-13T20:18:39,delivered,RTE-IND-20240411-002,2024-04-13T21:18:39,,on_time
SHP-202404-000055,CLI-0169,HUB-CIN,freight,2024-04-22T20:07:57,2024-04-23T20:07:57,delivered,,2024-04-27T02:07:57,,on_time
SHP-202404-000056,CLI-0201,HUB-IND,standard,2024-04-07T20:19:14,2024-04-08T20:19:14,delivered,RTE-IND-20240407-001,2024-04-12T03:19:14,,on_time
SHP-202404-000057,CLI-0042,HUB-IND,expedited,2024-04-30T20:31:28,2024-05-03T20:31:28,delivered,RTE-IND-20240501-001,2024-05-03T20:31:28,,on_time
SHP-202404-000058,CLI-0155,HUB-CMH,expedited,2024-04-10T09:39:46,2024-04-11T09:39:46,delivered,RTE-CMH-20240410-001,2024-04-12T22:39:46,,on_time
SHP-202404-000059,CLI-0201,HUB-CMH,standard,2024-04-16T09:37:15,2024-04-19T09:37:15,delivered,,2024-04-20T20:37:15,,on_time
SHP-202404-000060,CLI-0201,HUB-IND,standard,2024-04-17T11:01:43,2024-04-20T11:01:43,delivered,RTE-IND-20240417-001,2024-04-21T14:01:43,,on_time
SHP-202404-000061,CLI-0201,HUB-IND,expedited,2024-04-07T08:31:00,2024-04-09T08:31:00,delivered,RTE-IND-20240407-001,2024-04-10T15:31:00,,on_time
SHP-202404-000062,CLI-0169,HUB-CIN,freight,2024-04-14T14:16:45,2024-04-15T14:16:45,delivered,RTE-CIN-20240415-001,2024-04-18T16:16:45,,on_time
SHP-202404-000063,CLI-0169,HUB-CMH,standard,2024-04-11T14:34:03,2024-04-14T14:34:03,delivered,RTE-CMH-20240411-001,2024-04-14T15:34:03,,on_time
SHP-202404-000064,CLI-0155,HUB-DET,standard,2024-04-12T08:28:28,2024-04-13T08:28:28,delivered,RTE-DET-20240412-004,2024-04-16T01:28:28,,on_time
SHP-202404-000065,CLI-0155,HUB-CIN,freight,2024-04-01T11:07:10,2024-04-05T11:07:10,delivered,RTE-CIN-20240401-001,2024-04-06T04:07:10,,on_time
SHP-202404-000066,CLI-0169,HUB-CHI,standard,2024-04-22T06:12:29,2024-04-23T06:12:29,delivered,,2024-04-26T06:12:29,,on_time
SHP-202404-000067,CLI-0201,HUB-CMH,expedited,2024-04-03T09:37:32,2024-04-06T09:37:32,delivered,,2024-04-06T16:37:32,,on_time
SHP-202404-000068,CLI-0155,HUB-DET,expedited,2024-04-27T18:10:05,2024-05-01T18:10:05,delivered,RTE-DET-20240427-001,2024-05-01T18:10:05,,on_time
SHP-202404-000069,CLI-0201,HUB-IND,standard,2024-04-08T16:35:50,2024-04-09T16:35:50,delivered,RTE-IND-20240409-001,2024-04-12T22:35:50,,on_time
SHP-202404-000070,CLI-0007,HUB-CIN,freight,2024-04-04T19:33:39,2024-04-10T19:33:39,delayed,RTE-CIN-20240404-004,2024-04-10T14:33:39,5,4-12h
SHP-202404-000071,CLI-0042,HUB-CMH,standard,2024-04-15T06:00:34,2024-04-19T06:00:34,delivered,RTE-CMH-20240416-002,2024-04-19T06:00:34,,on_time
SHP-202404-000072,CLI-0042,HUB-CHI,standard,2024-04-05T11:07:35,2024-04-06T11:07:35,delivered,,2024-04-07T20:07:35,,on_time
SHP-202404-000073,CLI-0007,HUB-IND,standard,2024-04-25T14:53:52,2024-04-28T14:53:52,delivered,RTE-IND-20240425-004,2024-04-28T14:53:52,,on_time
SHP-202404-000074,CLI-0155,HUB-CIN,expedited,2024-04-19T17:52:51,2024-04-23T17:52:51,delivered,RTE-CIN-20240419-001,2024-04-23T17:52:51,,on_time
SHP-202404-000075,CLI-0155,HUB-DET,expedited,2024-04-20T15:13:17,2024-04-21T15:13:17,delivered,RTE-DET-20240420-001,2024-04-23T07:13:17,,on_time
SHP-202404-000076,CLI-0201,HUB-IND,standard,2024-04-10T17:06:37,2024-04-14T17:06:37,delivered,RTE-IND-20240411-001,2024-04-14T18:06:37,,on_time
SHP-202404-000077,CLI-0155,HUB-CHI,standard,2024-04-18T14:34:08,2024-04-20T14:34:08,delivered,RTE-CHI-20240419-004,2024-04-22T05:34:08,,on_time
SHP-202404-000078,CLI-0169,HUB-DET,expedited,2024-04-09T11:39:43,2024-04-12T11:39:43,delivered,RTE-DET-20240409-001,2024-04-12T11:39:43,,on_time
SHP-202404-000079,CLI-0155,HUB-DET,standard,2024-04-05T17:25:38,2024-04-06T17:25:38,delivered,,2024-04-08T23:25:38,,on_time
SHP-202404-000080,CLI-0201,HUB-CIN,standard,2024-04-06T10:15:50,2024-04-07T10:15:50,delivered,RTE-CIN-20240406-001,2024-04-10T18:15:50,,on_time
SHP-202404-000081,CLI-0155,HUB-CIN,freight,2024-04-05T12:16:19,2024-04-09T12:16:19,delivered,RTE-CIN-20240406-001,2024-04-09T22:16:19,,on_time
SHP-202404-000082,CLI-0042,HUB-CHI,expedited,2024-04-02T14:12:03,2024-04-04T14:12:03,delivered,RTE-CHI-20240402-002,2024-04-04T14:12:03,,on_time
SHP-202404-000083,CLI-0201,HUB-CHI,freight,2024-04-04T13:30:50,2024-04-08T13:30:50,delivered,RTE-CHI-20240404-002,2024-04-09T13:30:50,,on_time
SHP-202404-000084,CLI-0155,HUB-CIN,standard,2024-04-27T06:19:55,2024-04-28T06:19:55,delivered,,2024-05-01T00:19:55,,on_time
SHP-202404-000085,CLI-0201,HUB-CHI,expedited,2024-04-23T17:25:10,2024-04-26T17:25:10,delivered,RTE-CHI-20240424-001,2024-04-26T21:25:10,,on_time
SHP-202404-000086,CLI-0042,HUB-CHI,standard,2024-04-19T18:31:31,2024-04-20T18:31:31,delivered,RTE-CHI-20240419-001,2024-04-22T08:31:31,,on_time
SHP-202404-000087,CLI-0201,HUB-IND,standard,2024-04-12T19:43:49,2024-04-16T19:43:49,delivered,RTE-IND-20240412-001,2024-04-17T07:43:49,,on_time
SHP-202404-000088,CLI-0007,HUB-CIN,standard,2024-04-29T15:08:24,2024-05-03T15:08:24,delivered,RTE-CIN-20240429-002,2024-05-03T15:08:24,,on_time
SHP-202404-000089,CLI-0169,HUB-DET,expedited,2024-04-02T09:13:29,2024-04-05T09:13:29,delivered,RTE-DET-20240403-001,2024-04-05T09:13:29,,on_time
SHP-202404-000090,CLI-0007,HUB-CHI,standard,2024-04-17T07:42:17,2024-04-19T07:42:17,delivered,RTE-CHI-20240417-003,2024-04-20T19:42:17,,on_time
SHP-202404-000091,CLI-0007,HUB-CHI,expedited,2024-04-15T10:41:57,2024-04-16T10:41:57,delivered,RTE-CHI-20240416-003,2024-04-18T03:41:57,,on_time
SHP-202404-000092,CLI-0201,HUB-CMH,standard,2024-04-15T15:57:34,2024-04-16T15:57:34,delivered,RTE-CMH-20240415-003,2024-04-19T19:57:34,,on_time
SHP-202404-000093,CLI-0042,HUB-CHI,expedited,2024-04-16T17:41:35,2024-04-17T17:41:35,delivered,,2024-04-18T05:41:35,,on_time
SHP-202404-000094,CLI-0201,HUB-CHI,expedited,2024-04-22T10:18:16,2024-04-23T10:18:16,delivered,RTE-CHI-20240422-002,2024-04-25T12:18:16,,on_time
SHP-202404-000095,CLI-0201,HUB-DET,standard,2024-04-27T06:42:04,2024-05-01T06:42:04,delivered,RTE-DET-20240430-002,2024-05-01T21:42:04,,on_time
SHP-202404-000096,CLI-0155,HUB-CMH,standard,2024-04-16T14:51:24,2024-04-20T14:51:24,delivered,RTE-CMH-20240416-002,2024-04-20T14:51:24,,on_time
SHP-202404-000097,CLI-0007,HUB-CMH,freight,2024-04-02T06:54:14,2024-04-05T06:54:14,delivered,,2024-04-05T18:54:14,,on_time
SHP-202404-000098,CLI-0201,HUB-CIN,standard,2024-04-01T09:33:13,2024-04-07T09:33:13,delayed,RTE-CIN-20240402-004,2024-04-07T04:33:13,5,4-12h
SHP-202404-000099,CLI-0169,HUB-CHI,standard,2024-04-26T10:47:34,2024-04-28T10:47:34,delivered,RTE-CHI-20240426-002,2024-04-30T05:47:34,,on_time
SHP-202404-000100,CLI-0169,HUB-CIN,freight,2024-04-21T10:56:58,2024-04-22T10:56:58,delivered,,2024-04-25T07:56:58,,on_time
SHP-202404-000101,CLI-0007,HUB-CIN,standard,2024-04-28T12:42:27,2024-05-02T12:42:27,delivered,RTE-CIN-20240429-001,2024-05-02T12:42:27,,on_time
SHP-202404-000102,CLI-0201,HUB-CMH,freight,2024-04-08T09:47:37,2024-04-11T09:47:37,delivered,RTE-CMH-20240408-001,2024-04-13T17:47:37,,on_time
SHP-202404-000103,CLI-0042,HUB-DET,standard,2024-04-23T08:12:36,2024-04-25T08:12:36,delivered,,2024-04-26T20:12:36,,on_time
SHP-202404-000104,CLI-0169,HUB-DET,freight,2024-04-10T15:17:24,2024-04-13T15:17:24,delivered,RTE-DET-20240410-001,2024-04-15T08:17:24,,on_time
SHP-202404-000105,CLI-0042,HUB-CMH,freight,2024-04-10T14:20:22,2024-04-11T14:20:22,delivered,RTE-CMH-20240410-003,2024-04-15T05:20:22,,on_time
SHP-202404-000106,CLI-0155,HUB-DET,standard,2024-04-25T06:42:29,2024-04-28T06:42:29,delivered,RTE-DET-20240426-001,2024-04-28T12:42:29,,on_time
SHP-202404-000107,CLI-0155,HUB-CIN,standard,2024-04-12T13:57:11,2024-04-13T13:57:11,delivered,,2024-04-15T21:57:11,,on_time
SHP-202404-000108,CLI-0169,HUB-CMH,expedited,2024-04-25T11:00:28,2024-04-26T11:00:28,delivered,,2024-04-27T10:00:28,,on_time
SHP-202404-000109,CLI-0042,HUB-IND,standard,2024-04-08T07:39:25,2024-04-09T07:39:25,delivered,,2024-04-11T05:39:25,,on_time
SHP-202404-000110,CLI-0169,HUB-CIN,expedited,2024-04-18T20:00:07,2024-04-24T20:00:07,delayed,RTE-CIN-20240418-001,2024-04-24T10:00:07,10,4-12h
SHP-202404-000111,CLI-0155,HUB-CIN,standard,2024-04-05T08:22:16,2024-04-06T08:22:16,delivered,RTE-CIN-20240406-004,2024-04-08T16:22:16,,on_time
SHP-202404-000112,CLI-0042,HUB-DET,standard,2024-04-23T10:16:18,2024-04-25T10:16:18,delivered,RTE-DET-20240423-002,2024-04-26T16:16:18,,on_time
SHP-202404-000113,CLI-0042,HUB-CMH,standard,2024-04-29T12:21:17,2024-04-30T12:21:17,delivered,RTE-CMH-20240429-002,2024-05-02T18:21:17,,on_time
SHP-202404-000114,CLI-0042,HUB-IND,standard,2024-04-23T06:32:58,2024-04-25T06:32:58,delivered,,2024-04-26T04:32:58,,on_time
SHP-202404-000115,CLI-0042,HUB-CHI,standard,2024-04-24T20:41:49,2024-04-27T20:41:49,delivered,RTE-CHI-20240424-001,2024-04-27T20:41:49,,on_time
SHP-202404-000116,CLI-0042,HUB-DET,expedited,2024-04-03T13:14:13,2024-04-04T13:14:13,delivered,,2024-04-06T06:14:13,,on_time
SHP-202404-000117,CLI-0155,HUB-CHI,expedited,2024-04-01T18:22:19,2024-04-02T18:22:19,delivered,,2024-04-04T06:22:19,,on_time
SHP-202404-000118,CLI-0007,HUB-IND,standard,2024-04-30T20:29:00,2024-05-03T20:29:00,delivered,RTE-IND-20240501-001,2024-05-04T00:29:00,,on_time
SHP-202404-000119,CLI-0169,HUB-DET,standard,2024-04-07T11:07:08,2024-04-10T11:07:08,delivered,RTE-DET-20240407-001,2024-04-10T23:07:08,,on_time
SHP-202404-000120,CLI-0155,HUB-CHI,expedited,2024-04-19T09:09:09,2024-04-20T09:09:09,delivered,,2024-04-21T18:09:09,,on_time
SHP-202404-000121,CLI-0155,HUB-CIN,standard,2024-04-24T10:43:13,2024-04-27T10:43:13,delivered,RTE-CIN-20240424-003,2024-04-27T20:43:13,,on_time
SHP-202404-000122,CLI-0007,HUB-CMH,standard,2024-04-23T09:10:50,2024-04-24T09:10:50,delivered,RTE-CMH-20240423-001,2024-04-26T03:10:50,,on_time
SHP-202404-000123,CLI-0155,HUB-CIN,freight,2024-04-12T19:39:44,2024-04-13T19:39:44,delivered,RTE-CIN-20240412-002,2024-04-17T10:39:44,,on_time
SHP-202404-000124,CLI-0042,HUB-IND,standard,2024-04-15T13:06:37,2024-04-16T13:06:37,delivered,RTE-IND-20240415-001,2024-04-18T17:06:37,,on_time
SHP-202404-000125,CLI-0042,HUB-CMH,standard,2024-04-13T18:33:18,2024-04-16T18:33:18,delivered,,2024-04-17T11:33:18,,on_time
SHP-202404-000126,CLI-0042,HUB-CIN,standard,2024-04-16T15:55:27,2024-04-17T15:55:27,delivered,RTE-CIN-20240416-001,2024-04-20T06:55:27,,on_time
SHP-202404-000127,CLI-0201,HUB-CIN,standard,2024-04-10T14:52:01,2024-04-11T14:52:01,delivered,RTE-CIN-20240410-002,2024-04-15T02:52:01,,on_time
SHP-202404-000128,CLI-0042,HUB-CHI,standard,2024-04-04T17:11:17,2024-04-08T17:11:17,delivered,,2024-04-08T17:11:17,,on_time
SHP-202404-000129,CLI-0007,HUB-CMH,standard,2024-04-22T08:13:41,2024-04-23T08:13:41,delivered,RTE-CMH-20240423-001,2024-04-24T20:13:41,,on_time
SHP-202404-000130,CLI-0042,HUB-IND,expedited,2024-04-15T16:41:44,2024-04-18T16:41:44,delivered,RTE-IND-20240415-001,2024-04-18T16:41:44,,on_time
SHP-202404-000131,CLI-0042,HUB-DET,freight,2024-04-17T16:56:00,2024-04-18T16:56:00,delivered,RTE-DET-20240417-001,2024-04-22T03:56:00,,on_time
SHP-202404-000132,CLI-0169,HUB-IND,standard,2024-04-13T06:18:53,2024-04-14T06:18:53,delivered,RTE-IND-20240415-001,2024-04-16T20:18:53,,on_time
SHP-202404-000133,CLI-0169,HUB-CMH,freight,2024-04-25T19:52:03,2024-04-26T19:52:03,delivered,RTE-CMH-20240425-004,2024-04-29T18:52:03,,on_time
SHP-202404-000134,CLI-0155,HUB-CIN,expedited,2024-04-11T13:55:30,2024-04-12T13:55:30,delivered,RTE-CIN-20240411-001,2024-04-13T20:55:30,,on_time
SHP-202404-000135,CLI-0007,HUB-DET,expedited,2024-04-08T10:27:48,2024-04-10T10:27:48,delivered,RTE-DET-20240408-005,2024-04-10T10:27:48,,on_time
SHP-202404-000136,CLI-0007,HUB-CHI,standard,2024-04-23T15:15:21,2024-04-27T15:15:21,delivered,RTE-CHI-20240424-001,2024-04-27T15:15:21,,on_time
SHP-202404-000137,CLI-0042,HUB-IND,standard,2024-04-05T06:17:44,2024-04-06T06:17:44,delivered,RTE-IND-20240405-001,2024-04-08T09:17:44,,on_time
SHP-202404-000138,CLI-0007,HUB-CHI,standard,2024-04-18T13:05:13,2024-04-19T13:05:13,delivered,RTE-CHI-20240418-001,2024-04-21T23:05:13,,on_time
SHP-202404-000139,CLI-0155,HUB-DET,standard,2024-04-18T11:24:20,2024-04-19T11:24:20,delivered,,2024-04-22T04:24:20,,on_time
SHP-202404-000140,CLI-0007,HUB-CHI,standard,2024-04-25T16:52:23,2024-04-27T16:52:23,delivered,,2024-04-29T06:52:23,,on_time
SHP-202404-000141,CLI-0007,HUB-IND,freight,2024-04-08T20:29:12,2024-04-11T20:29:12,delivered,RTE-IND-20240409-001,2024-04-13T00:29:12,,on_time
SHP-202404-000142,CLI-0169,HUB-DET,expedited,2024-04-18T07:33:50,2024-04-22T07:33:50,delivered,RTE-DET-20240418-001,2024-04-22T07:33:50,,on_time
SHP-202404-000143,CLI-0169,HUB-CMH,freight,2024-04-22T11:08:53,2024-04-26T11:08:53,delivered,RTE-CMH-20240423-001,2024-04-26T16:08:53,,on_time
SHP-202404-000144,CLI-0201,HUB-DET,standard,2024-04-10T11:35:54,2024-04-12T11:35:54,delivered,RTE-DET-20240410-002,2024-04-15T08:35:54,,on_time
SHP-202404-000145,CLI-0007,HUB-CHI,standard,2024-04-12T12:35:30,2024-04-14T12:35:30,delivered,RTE-CHI-20240415-001,2024-04-15T20:35:30,,on_time
SHP-202405-000001,CLI-0155,HUB-CMH,expedited,2024-05-14T06:07:06,2024-05-15T06:07:06,delivered,RTE-CMH-20240514-001,2024-05-16T17:07:06,,on_time
SHP-202405-000002,CLI-0201,HUB-CHI,standard,2024-05-18T09:38:58,2024-05-22T09:38:58,delivered,,2024-05-22T19:38:58,,on_time
SHP-202405-000003,CLI-0155,HUB-CIN,standard,2024-05-30T12:19:20,2024-05-31T12:19:20,delivered,RTE-CIN-20240530-001,2024-06-02T19:19:20,,on_time
SHP-202405-000004,CLI-0201,HUB-CHI,expedited,2024-05-24T13:19:37,2024-05-25T13:19:37,delivered,RTE-CHI-20240524-002,2024-05-27T14:19:37,,on_time
SHP-202405-000005,CLI-0042,HUB-CIN,standard,2024-05-07T13:26:13,2024-05-11T13:26:13,delivered,RTE-CIN-20240507-002,2024-05-11T13:26:13,,on_time
SHP-202405-000006,CLI-0007,HUB-CMH,standard,2024-05-16T07:25:42,2024-05-20T07:25:42,delivered,,2024-05-20T07:25:42,,on_time
SHP-202405-000007,CLI-0201,HUB-IND,standard,2024-05-20T06:37:55,2024-05-21T06:37:55,delivered,,2024-05-24T08:37:55,,on_time
SHP-202405-000008,CLI-0007,HUB-CIN,freight,2024-05-15T17:10:29,2024-05-16T17:10:29,delivered,RTE-CIN-20240515-001,2024-05-19T07:10:29,,on_time
SHP-202405-000009,CLI-0155,HUB-CIN,standard,2024-05-27T09:12:54,2024-05-29T09:12:54,delivered,RTE-CIN-20240528-002,2024-05-30T22:12:54,,on_time
SHP-202405-000010,CLI-0169,HUB-DET,freight,2024-05-24T07:26:38,2024-05-28T07:26:38,delivered,RTE-DET-20240526-001,2024-05-28T21:26:38,,on_time
SHP-202405-000011,CLI-0155,HUB-CMH,standard,2024-05-07T12:07:17,2024-05-08T12:07:17,delivered,RTE-CMH-20240507-001,2024-05-10T19:07:17,,on_time
SHP-202405-000012,CLI-0169,HUB-CHI,standard,2024-05-20T13:00:55,2024-05-23T13:00:55,delivered,RTE-CHI-20240520-003,2024-05-24T17:00:55,,on_time
SHP-202405-000013,CLI-0042,HUB-CHI,expedited,2024-05-07T09:34:12,2024-05-08T09:34:12,delivered,RTE-CHI-20240507-001,2024-05-08T22:34:12,,on_time
SHP-202405-000014,CLI-0201,HUB-DET,expedited,2024-05-17T20:21:10,2024-05-20T20:21:10,delivered,RTE-DET-20240517-001,2024-05-21T16:21:10,,on_time
SHP-202405-000015,CLI-0169,HUB-IND,standard,2024-05-02T20:58:20,2024-05-05T20:58:20,delivered,RTE-IND-20240502-003,2024-05-06T13:58:20,,on_time
SHP-202405-000016,CLI-0169,HUB-CMH,standard,2024-05-08T12:42:00,2024-05-09T12:42:00,delivered,RTE-CMH-20240508-001,2024-05-11T11:42:00,,on_time
SHP-202405-000017,CLI-0169,HUB-DET,expedited,2024-05-30T13:42:46,2024-05-31T13:42:46,delivered,RTE-DET-20240531-001,2024-06-02T01:42:46,,on_time
SHP-202405-000018,CLI-0155,HUB-CHI,freight,2024-05-01T12:28:11,2024-05-05T12:28:11,delivered,RTE-CHI-20240501-003,2024-05-06T06:28:11,,on_time
SHP-202405-000019,CLI-0042,HUB-IND,standard,2024-05-21T09:51:03,2024-05-22T09:51:03,delivered,RTE-IND-20240521-001,2024-05-24T10:51:03,,on_time
SHP-202405-000020,CLI-0201,HUB-CMH,standard,2024-05-23T06:58:28,2024-05-27T06:58:28,delivered,RTE-CMH-20240523-001,2024-05-27T17:58:28,,on_time
SHP-202405-000021,CLI-0169,HUB-CIN,standard,2024-05-06T19:35:00,2024-05-07T19:35:00,delivered,RTE-CIN-20240506-001,2024-05-09T17:35:00,,on_time
SHP-202405-000022,CLI-0155,HUB-CMH,standard,2024-05-22T09:35:09,2024-05-23T09:35:09,delivered,RTE-CMH-20240522-001,2024-05-26T02:35:09,,on_time
SHP-202405-000023,CLI-0042,HUB-CMH,standard,2024-05-31T06:47:13,2024-06-04T06:47:13,delivered,RTE-CMH-20240601-001,2024-06-04T06:47:13,,on_time
SHP-202405-000024,CLI-0201,HUB-IND,freight,2024-05-28T14:00:41,2024-05-29T14:00:41,delivered,RTE-IND-20240528-001,2024-06-02T14:00:41,,on_time
SHP-202405-000025,CLI-0042,HUB-CHI,standard,2024-05-17T12:34:51,2024-05-21T12:34:51,delivered,RTE-CHI-20240518-002,2024-05-21T12:34:51,,on_time
SHP-202405-000026,CLI-0155,HUB-CIN,standard,2024-05-29T11:05:16,2024-05-30T11:05:16,delivered,RTE-CIN-20240529-001,2024-06-01T21:05:16,,on_time
SHP-202405-000027,CLI-0155,HUB-CIN,standard,2024-05-28T09:36:20,2024-06-01T09:36:20,delivered,,2024-06-01T09:36:20,,on_time
SHP-202405-000028,CLI-0155,HUB-IND,standard,2024-05-17T06:40:15,2024-05-18T06:40:15,delivered,RTE-IND-20240517-004,2024-05-20T04:40:15,,on_time
SHP-202405-000029,CLI-0007,HUB-IND,standard,2024-05-30T10:04:46,2024-05-31T10:04:46,delivered,RTE-IND-20240531-001,2024-06-02T07:04:46,,on_time
SHP-202405-000030,CLI-0155,HUB-DET,standard,2024-05-01T18:31:38,2024-05-03T18:31:38,delivered,RTE-DET-20240501-005,2024-05-05T06:31:38,,on_time
SHP-202405-000031,CLI-0201,HUB-DET,freight,2024-05-14T16:49:09,2024-05-18T16:49:09,delivered,RTE-DET-20240515-001,2024-05-20T16:49:09,,on_time
SHP-202405-000032,CLI-0169,HUB-CIN,standard,2024-05-19T17:18:10,2024-05-20T17:18:10,delivered,RTE-CIN-20240520-003,2024-05-22T16:18:10,,on_time
SHP-202405-000033,CLI-0201,HUB-CIN,standard,2024-05-14T13:52:14,2024-05-15T13:52:14,delivered,RTE-CIN-20240515-001,2024-05-18T18:52:14,,on_time
SHP-202405-000034,CLI-0169,HUB-DET,standard,2024-05-15T11:00:40,2024-05-18T11:00:40,delivered,RTE-DET-20240515-001,2024-05-18T23:00:40,,on_time
SHP-202405-000035,CLI-0201,HUB-IND,expedited,2024-05-15T11:16:07,2024-05-19T11:16:07,delivered,RTE-IND-20240516-001,2024-05-19T11:16:07,,on_time
SHP-202405-000036,CLI-0155,HUB-CHI,standard,2024-05-07T14:18:37,2024-05-09T14:18:37,delivered,,2024-05-11T06:18:37,,on_time
SHP-202405-000037,CLI-0007,HUB-CHI,standard,2024-05-07T10:22:53,2024-05-11T10:22:53,delivered,RTE-CHI-20240507-001,2024-05-11T10:22:53,,on_time
SHP-202405-000038,CLI-0007,HUB-IND,standard,2024-05-23T08:57:40,2024-05-25T08:57:40,delivered,RTE-IND-20240524-001,2024-05-26T12:57:40,,on_time
SHP-202405-000039,CLI-0201,HUB-CIN,standard,2024-05-01T18:12:59,2024-05-02T18:12:59,delivered,RTE-CIN-20240502-001,2024-05-05T20:12:59,,on_time
SHP-202405-000040,CLI-0155,HUB-IND,freight,2024-05-18T10:10:01,2024-05-19T10:10:01,delivered,,2024-05-22T10:10:01,,on_time
SHP-202405-000041,CLI-0042,HUB-DET,standard,2024-05-20T07:06:40,2024-05-24T07:06:40,delivered,RTE-DET-20240520-002,2024-05-24T07:06:40,,on_time
SHP-202405-000042,CLI-0201,HUB-IND,standard,2024-05-10T19:47:02,2024-05-11T19:47:02,delivered,RTE-IND-20240510-004,2024-05-15T02:47:02,,on_time
SHP-202405-000043,CLI-0042,HUB-CHI,expedited,2024-05-30T08:20:45,2024-06-03T08:20:45,delivered,RTE-CHI-20240530-002,2024-06-03T08:20:45,,on_time
SHP-202405-000044,CLI-0007,HUB-CHI,standard,2024-05-15T18:38:18,2024-05-17T18:38:18,delivered,RTE-CHI-20240515-004,2024-05-19T06:38:18,,on_time
SHP-202405-000045,CLI-0201,HUB-CMH,standard,2024-05-22T09:55:44,2024-05-26T09:55:44,delivered,,2024-05-26T11:55:44,,on_time
SHP-202405-000046,CLI-0155,HUB-DET,expedited,2024-05-14T18:27:50,2024-05-16T18:27:50,delivered,RTE-DET-20240514-001,2024-05-17T00:27:50,,on_time
SHP-202405-000047,CLI-0155,HUB-CIN,standard,2024-05-10T10:41:44,2024-05-14T10:41:44,delivered,RTE-CIN-20240510-003,2024-05-14T10:41:44,,on_time
SHP-202405-000048,CLI-0169,HUB-CHI,expedited,2024-05-15T08:43:50,2024-05-19T08:43:50,delivered,,2024-05-19T08:43:50,,on_time
SHP-202405-000049,CLI-0042,HUB-DET,standard,2024-05-14T13:10:05,2024-05-15T13:10:05,delivered,RTE-DET-20240515-001,2024-05-18T07:10:05,,on_time
SHP-202405-000050,CLI-0007,HUB-IND,standard,2024-05-08T17:21:46,2024-05-12T17:21:46,delivered,RTE-IND-20240509-002,2024-05-12T17:21:46,,on_time
SHP-202405-000051,CLI-0169,HUB-CHI,standard,2024-05-29T10:15:16,,failed,RTE-CHI-20240530-003,2024-06-02T12:15:16,,
SHP-202405-000052,CLI-0169,HUB-IND,standard,2024-05-21T07:57:46,2024-05-24T07:57:46,delivered,RTE-IND-20240521-002,2024-05-24T19:57:46,,on_time
SHP-202405-000053,CLI-0042,HUB-CHI,expedited,2024-05-28T07:00:43,2024-05-29T07:00:43,delivered,RTE-CHI-20240528-001,2024-05-29T21:00:43,,on_time
SHP-202405-000054,CLI-0042,HUB-CHI,standard,2024-05-17T20:29:12,2024-05-18T20:29:12,delivered,,2024-05-20T07:29:12,,on_time
SHP-202405-000055,CLI-0042,HUB-CIN,standard,2024-05-29T06:30:54,2024-05-31T06:30:54,delivered,RTE-CIN-20240529-001,2024-06-01T12:30:54,,on_time
SHP-202405-000056,CLI-0169,HUB-DET,standard,2024-05-23T06:32:22,2024-05-25T06:32:22,delivered,RTE-DET-20240523-001,2024-05-26T22:32:22,,on_time
SHP-202405-000057,CLI-0042,HUB-CMH,standard,2024-05-21T17:28:55,2024-05-23T17:28:55,delivered,RTE-CMH-20240522-001,2024-05-25T03:28:55,,on_time
SHP-202405-000058,CLI-0042,HUB-IND,standard,2024-05-08T08:01:44,2024-05-10T08:01:44,delivered,RTE-IND-20240508-002,2024-05-11T04:01:44,,on_time
SHP-202405-000059,CLI-0007,HUB-DET,expedited,2024-05-17T08:09:26,2024-05-18T08:09:26,delivered,RTE-DET-20240517-001,2024-05-19T08:09:26,,on_time
SHP-202405-000060,CLI-0169,HUB-CHI,freight,2024-05-22T20:51:43,2024-05-23T20:51:43,delivered,RTE-CHI-20240523-001,2024-05-27T14:51:43,,on_time
SHP-202405-000061,CLI-0169,HUB-IND,expedited,2024-05-16T14:55:40,2024-05-19T14:55:40,delivered,RTE-IND-20240516-001,2024-05-19T14:55:40,,on_time
SHP-202405-000062,CLI-0169,HUB-CMH,standard,2024-05-15T09:50:15,2024-05-18T09:50:15,delivered,RTE-CMH-20240515-002,2024-05-18T09:50:15,,on_time
SHP-202405-000063,CLI-0201,HUB-CIN,expedited,2024-05-16T07:01:55,2024-05-19T07:01:55,delivered,RTE-CIN-20240516-001,2024-05-19T19:01:55,,on_time
SHP-202405-000064,CLI-0155,HUB-DET,freight,2024-05-13T16:27:29,2024-05-17T16:27:29,delivered,RTE-DET-20240513-001,2024-05-18T03:27:29,,on_time
SHP-202405-000065,CLI-0042,HUB-CIN,freight,2024-05-07T15:16:22,2024-05-09T15:16:22,delivered,RTE-CIN-20240507-003,2024-05-12T02:16:22,,on_time
SHP-202405-000066,CLI-0201,HUB-CHI,expedited,2024-05-28T10:08:11,2024-06-01T10:08:11,delivered,RTE-CHI-20240528-001,2024-06-01T10:08:11,,on_time
SHP-202405-000067,CLI-0169,HUB-DET,standard,2024-05-22T16:13:13,2024-05-24T16:13:13,delivered,RTE-DET-20240522-003,2024-05-25T22:13:13,,on_time
SHP-202405-000068,CLI-0155,HUB-CHI,freight,2024-05-31T10:52:10,2024-06-02T10:52:10,delivered,,2024-06-04T20:52:10,,on_time
SHP-202405-000069,CLI-0155,HUB-CHI,standard,2024-05-22T06:00:13,2024-05-26T06:00:13,delivered,RTE-CHI-20240523-003,2024-05-26T06:00:13,,on_time
SHP-202405-000070,CLI-0007,HUB-CMH,expedited,2024-05-13T07:14:26,2024-05-17T07:14:26,delivered,RTE-CMH-20240513-003,2024-05-17T07:14:26,,on_time
SHP-202405-000071,CLI-0155,HUB-IND,freight,2024-05-16T08:14:27,2024-05-18T08:14:27,delivered,RTE-IND-20240516-001,2024-05-20T08:14:27,,on_time
SHP-202405-000072,CLI-0007,HUB-CMH,standard,2024-05-26T12:46:54,2024-05-27T12:46:54,delivered,RTE-CMH-20240527-002,2024-05-29T03:46:54,,on_time
SHP-202405-000073,CLI-0007,HUB-CMH,standard,2024-05-18T10:16:24,2024-05-19T10:16:24,delivered,,2024-05-20T22:16:24,,on_time
SHP-202405-000074,CLI-0169,HUB-CHI,standard,2024-05-20T16:44:33,2024-05-21T16:44:33,delivered,,2024-05-24T20:44:33,,on_time
SHP-202405-000075,CLI-0007,HUB-IND,standard,2024-05-05T08:42:06,2024-05-06T08:42:06,delivered,,2024-05-08T03:42:06,,on_time
SHP-202405-000076,CLI-0007,HUB-IND,standard,2024-05-12T14:23:58,2024-05-14T14:23:58,delivered,RTE-IND-20240513-001,2024-05-15T19:23:58,,on_time
SHP-202405-000077,CLI-0169,HUB-CIN,expedited,2024-05-21T13:12:31,2024-05-24T13:12:31,delivered,RTE-CIN-20240523-002,2024-05-24T13:12:31,,on_time
SHP-202405-000078,CLI-0201,HUB-DET,expedited,2024-05-14T08:36:53,2024-05-16T08:36:53,delivered,RTE-DET-20240515-001,2024-05-17T21:36:53,,on_time
SHP-202405-000079,CLI-0201,HUB-CIN,freight,2024-05-27T15:40:00,2024-05-28T15:40:00,delivered,RTE-CIN-20240529-001,2024-06-02T02:40:00,,on_time
SHP-202405-000080,CLI-0169,HUB-IND,standard,2024-05-02T16:32:34,2024-05-05T16:32:34,delivered,RTE-IND-20240502-002,2024-05-06T03:32:34,,on_time
SHP-202405-000081,CLI-0169,HUB-CIN,expedited,2024-05-01T17:16:00,2024-05-02T17:16:00,delivered,,2024-05-03T19:16:00,,on_time
SHP-202405-000082,CLI-0201,HUB-CIN,expedited,2024-05-30T06:46:02,2024-06-03T06:46:02,delivered,RTE-CIN-20240530-002,2024-06-03T06:46:02,,on_time
SHP-202405-000083,CLI-0155,HUB-IND,expedited,2024-05-07T13:35:11,2024-05-10T13:35:11,delivered,,2024-05-10T13:35:11,,on_time
SHP-202405-000084,CLI-0201,HUB-CMH,standard,2024-05-06T12:54:26,2024-05-07T12:54:26,delivered,RTE-CMH-20240507-001,2024-05-10T13:54:26,,on_time
SHP-202405-000085,CLI-0042,HUB-CMH,expedited,2024-05-17T10:58:07,2024-05-18T10:58:07,delivered,RTE-CMH-20240517-001,2024-05-19T22:58:07,,on_time
SHP-202405-000086,CLI-0042,HUB-DET,standard,2024-05-31T18:03:06,2024-06-01T18:03:06,delivered,RTE-DET-20240531-001,2024-06-04T04:03:06,,on_time
SHP-202405-000087,CLI-0042,HUB-IND,standard,2024-05-29T19:58:25,2024-05-30T19:58:25,delivered,RTE-IND-20240529-003,2024-06-02T00:58:25,,on_time
SHP-202405-000088,CLI-0007,HUB-CMH,standard,2024-05-16T15:22:57,2024-05-17T15:22:57,delivered,RTE-CMH-20240516-001,2024-05-18T21:22:57,,on_time
SHP-202405-000089,CLI-0155,HUB-DET,expedited,2024-05-01T10:10:14,2024-05-05T10:10:14,delivered,RTE-DET-20240501-005,2024-05-05T10:10:14,,on_time
SHP-202405-000090,CLI-0007,HUB-CIN,expedited,2024-05-31T13:59:48,2024-06-02T13:59:48,delivered,RTE-CIN-20240531-003,2024-06-02T13:59:48,,on_time
SHP-202405-000091,CLI-0007,HUB-IND,standard,2024-05-15T14:40:00,2024-05-19T14:40:00,delivered,RTE-IND-20240515-002,2024-05-19T14:40:00,,on_time
SHP-202405-000092,CLI-0155,HUB-IND,standard,2024-05-15T08:42:02,2024-05-16T08:42:02,delivered,,2024-05-18T13:42:02,,on_time
SHP-202405-000093,CLI-0155,HUB-CIN,expedited,2024-05-07T06:43:47,2024-05-08T06:43:47,delivered,,2024-05-09T18:43:47,,on_time
SHP-202405-000094,CLI-0007,HUB-CMH,standard,2024-05-06T08:27:34,2024-05-08T08:27:34,delivered,RTE-CMH-20240506-003,2024-05-09T02:27:34,,on_time
SHP-202405-000095,CLI-0042,HUB-CMH,standard,2024-05-12T07:07:03,2024-05-13T07:07:03,delivered,RTE-CMH-20240513-001,2024-05-15T23:07:03,,on_time
SHP-202405-000096,CLI-0155,HUB-IND,expedited,2024-05-13T07:34:19,2024-05-17T07:34:19,delivered,RTE-IND-20240515-002,2024-05-17T07:34:19,,on_time
SHP-202405-000097,CLI-0201,HUB-CIN,expedited,2024-05-28T16:08:46,2024-06-01T16:08:46,delivered,,2024-06-01T16:08:46,,on_time
SHP-202405-000098,CLI-0169,HUB-DET,standard,2024-05-14T08:33:03,2024-05-15T08:33:03,delivered,RTE-DET-20240514-002,2024-05-18T01:33:03,,on_time
SHP-202405-000099,CLI-0169,HUB-IND,expedited,2024-05-09T12:49:00,2024-05-13T12:49:00,delivered,RTE-IND-20240509-004,2024-05-13T12:49:00,,on_time
SHP-202405-000100,CLI-0042,HUB-CHI,expedited,2024-05-01T20:22:52,2024-05-02T20:22:52,delivered,RTE-CHI-20240503-001,2024-05-03T04:22:52,,on_time
SHP-202405-000101,CLI-0201,HUB-CIN,standard,2024-05-15T13:46:46,2024-05-19T13:46:46,delivered,RTE-CIN-20240515-002,2024-05-19T19:46:46,,on_time
SHP-202405-000102,CLI-0169,HUB-IND,standard,2024-05-08T11:41:06,2024-05-09T11:41:06,delivered,,2024-05-12T02:41:06,,on_time
SHP-202405-000103,CLI-0155,HUB-CHI,standard,2024-05-02T17:11:29,2024-05-05T17:11:29,delivered,RTE-CHI-20240502-001,2024-05-06T02:11:29,,on_time
SHP-202405-000104,CLI-0042,HUB-DET,expedited,2024-05-03T12:39:12,2024-05-04T12:39:12,delivered,RTE-DET-20240503-002,2024-05-05T20:39:12,,on_time
SHP-202405-000105,CLI-0042,HUB-IND,standard,2024-05-17T06:27:51,2024-05-18T06:27:51,delivered,RTE-IND-20240517-002,2024-05-20T06:27:51,,on_time
SHP-202405-000106,CLI-0169,HUB-IND,expedited,2024-05-28T19:00:34,2024-05-29T19:00:34,delivered,RTE-IND-20240528-001,2024-05-31T08:00:34,,on_time
SHP-202405-000107,CLI-0042,HUB-CMH,standard,2024-05-23T16:03:43,2024-05-25T16:03:43,delivered,RTE-CMH-20240523-001,2024-05-26T23:03:43,,on_time
SHP-202405-000108,CLI-0042,HUB-DET,standard,2024-05-14T16:03:03,2024-05-17T16:03:03,delivered,RTE-DET-20240514-002,2024-05-17T23:03:03,,on_time
SHP-202405-000109,CLI-0042,HUB-DET,standard,2024-05-06T06:11:52,2024-05-07T06:11:52,delivered,,2024-05-09T12:11:52,,on_time
SHP-202405-000110,CLI-0007,HUB-IND,standard,2024-05-21T18:47:29,2024-05-22T18:47:29,delivered,RTE-IND-20240521-002,2024-05-24T12:47:29,,on_time
SHP-202405-000111,CLI-0042,HUB-CIN,expedited,2024-05-16T10:24:09,2024-05-19T10:24:09,delivered,RTE-CIN-20240516-002,2024-05-19T10:24:09,,on_time
SHP-202405-000112,CLI-0201,HUB-CHI,expedited,2024-05-08T18:08:24,2024-05-10T18:08:24,delivered,RTE-CHI-20240508-003,2024-05-11T19:08:24,,on_time
SHP-202405-000113,CLI-0155,HUB-DET,standard,2024-05-16T07:45:55,2024-05-18T07:45:55,delivered,RTE-DET-20240516-001,2024-05-19T20:45:55,,on_time
SHP-202405-000114,CLI-0169,HUB-CHI,freight,2024-05-02T16:14:51,2024-05-04T16:14:51,delivered,RTE-CHI-20240502-001,2024-05-07T10:14:51,,on_time
SHP-202405-000115,CLI-0007,HUB-IND,standard,2024-05-03T10:43:37,2024-05-04T10:43:37,delivered,RTE-IND-20240503-001,2024-05-06T14:43:37,,on_time
SHP-202405-000116,CLI-0042,HUB-IND,standard,2024-05-20T08:18:29,2024-05-22T08:18:29,delivered,RTE-IND-20240520-001,2024-05-23T12:18:29,,on_time
SHP-202405-000117,CLI-0155,HUB-CHI,expedited,2024-05-02T07:39:57,2024-05-03T07:39:57,delivered,RTE-CHI-20240502-006,2024-05-05T01:39:57,,on_time
SHP-202405-000118,CLI-0042,HUB-CIN,standard,2024-05-09T07:25:03,2024-05-13T07:25:03,delivered,RTE-CIN-20240510-001,2024-05-13T07:25:03,,on_time
SHP-202405-000119,CLI-0155,HUB-IND,standard,2024-05-15T16:43:22,2024-05-16T16:43:22,delivered,RTE-IND-20240515-001,2024-05-18T22:43:22,,on_time
SHP-202405-000120,CLI-0007,HUB-CMH,freight,2024-05-21T07:56:52,2024-05-24T07:56:52,delivered,,2024-05-24T16:56:52,,on_time
SHP-202405-000121,CLI-0169,HUB-CIN,standard,2024-05-25T16:58:44,2024-05-29T16:58:44,delivered,RTE-CIN-20240527-001,2024-05-29T16:58:44,,on_time
SHP-202405-000122,CLI-0042,HUB-DET,expedited,2024-05-06T07:41:23,2024-05-10T07:41:23,delivered,RTE-DET-20240506-001,2024-05-10T07:41:23,,on_time
SHP-202405-000123,CLI-0169,HUB-CIN,freight,2024-05-19T10:51:44,2024-05-20T10:51:44,delivered,RTE-CIN-20240520-002,2024-05-23T11:51:44,,on_time
SHP-202405-000124,CLI-0042,HUB-CHI,standard,2024-05-16T18:11:38,2024-05-19T18:11:38,delivered,RTE-CHI-20240516-001,2024-05-19T18:11:38,,on_time
SHP-202405-000125,CLI-0155,HUB-CIN,freight,2024-05-29T16:55:04,2024-06-02T16:55:04,delivered,RTE-CIN-20240529-001,2024-06-03T01:55:04,,on_time
SHP-202405-000126,CLI-0042,HUB-IND,expedited,2024-05-17T16:40:46,2024-05-18T16:40:46,delivered,RTE-IND-20240518-001,2024-05-19T12:40:46,,on_time
SHP-202405-000127,CLI-0201,HUB-CHI,standard,2024-05-02T09:47:11,2024-05-03T09:47:11,delivered,RTE-CHI-20240502-005,2024-05-06T15:47:11,,on_time
SHP-202405-000128,CLI-0201,HUB-CHI,standard,2024-05-03T18:09:52,2024-05-05T18:09:52,delivered,RTE-CHI-20240504-001,2024-05-08T06:09:52,,on_time
SHP-202405-000129,CLI-0042,HUB-DET,freight,2024-05-28T10:51:15,2024-05-30T10:51:15,delivered,RTE-DET-20240529-002,2024-06-01T16:51:15,,on_time
SHP-202405-000130,CLI-0201,HUB-CMH,standard,2024-05-23T06:37:49,2024-05-24T06:37:49,delivered,RTE-CMH-20240523-001,2024-05-27T13:37:49,,on_time
SHP-202405-000131,CLI-0155,HUB-CIN,freight,2024-05-09T11:35:15,2024-05-10T11:35:15,delivered,RTE-CIN-20240509-002,2024-05-14T05:35:15,,on_time
SHP-202405-000132,CLI-0155,HUB-CMH,standard,2024-05-16T08:45:42,2024-05-20T08:45:42,delivered,RTE-CMH-20240516-001,2024-05-20T08:45:42,,on_time
SHP-202405-000133,CLI-0042,HUB-DET,freight,2024-05-21T11:50:25,2024-05-22T11:50:25,delivered,RTE-DET-20240521-001,2024-05-26T01:50:25,,on_time
SHP-202405-000134,CLI-0007,HUB-CIN,standard,2024-05-21T14:03:05,2024-05-22T14:03:05,delivered,RTE-CIN-20240523-002,2024-05-24T03:03:05,,on_time
SHP-202405-000135,CLI-0007,HUB-CIN,standard,2024-05-30T08:00:29,2024-06-03T08:00:29,delivered,RTE-CIN-20240530-001,2024-06-03T08:00:29,,on_time
SHP-202405-000136,CLI-0155,HUB-CHI,freight,2024-05-07T19:39:40,2024-05-08T19:39:40,delivered,RTE-CHI-20240507-001,2024-05-12T11:39:40,,on_time
SHP-202405-000137,CLI-0169,HUB-IND,freight,2024-05-20T11:16:36,2024-05-23T11:16:36,delivered,RTE-IND-20240520-001,2024-05-25T03:16:36,,on_time
SHP-202405-000138,CLI-0007,HUB-IND,freight,2024-05-10T11:13:25,2024-05-14T11:13:25,delivered,RTE-IND-20240510-002,2024-05-14T13:13:25,,on_time
SHP-202405-000139,CLI-0169,HUB-IND,standard,2024-05-20T06:50:41,2024-05-21T06:50:41,delivered,RTE-IND-20240520-001,2024-05-23T14:50:41,,on_time
SHP-202405-000140,CLI-0007,HUB-DET,standard,2024-05-06T14:35:41,2024-05-07T14:35:41,delivered,,2024-05-09T12:35:41,,on_time
SHP-202405-000141,CLI-0201,HUB-CMH,standard,2024-05-22T09:50:28,2024-05-23T09:50:28,delivered,RTE-CMH-20240523-001,2024-05-26T20:50:28,,on_time
SHP-202405-000142,CLI-0042,HUB-CHI,standard,2024-05-21T09:10:07,2024-05-24T09:10:07,delivered,RTE-CHI-20240521-003,2024-05-24T09:10:07,,on_time
SHP-202405-000143,CLI-0201,HUB-CHI,standard,2024-05-10T15:11:24,2024-05-11T15:11:24,delivered,RTE-CHI-20240511-001,2024-05-15T03:11:24,,on_time
SHP-202405-000144,CLI-0169,HUB-CHI,standard,2024-05-24T17:52:57,2024-05-27T17:52:57,delivered,RTE-CHI-20240524-001,2024-05-28T22:52:57,,on_time
SHP-202405-000145,CLI-0155,HUB-DET,standard,2024-05-08T18:36:05,2024-05-09T18:36:05,delivered,RTE-DET-20240508-002,2024-05-12T09:36:05,,on_time
SHP-202405-000146,CLI-0007,HUB-CMH,expedited,2024-05-15T09:08:03,2024-05-16T09:08:03,delivered,RTE-CMH-20240515-002,2024-05-17T01:08:03,,on_time
SHP-202405-000147,CLI-0201,HUB-CHI,freight,2024-05-03T10:55:26,2024-05-04T10:55:26,delivered,RTE-CHI-20240503-001,2024-05-08T15:55:26,,on_time
SHP-202405-000148,CLI-0042,HUB-DET,standard,2024-05-24T07:37:03,2024-05-27T07:37:03,delivered,,2024-05-27T19:37:03,,on_time
SHP-202405-000149,CLI-0155,HUB-CHI,expedited,2024-05-09T14:06:51,2024-05-10T14:06:51,delivered,RTE-CHI-20240509-001,2024-05-12T04:06:51,,on_time
SHP-202405-000150,CLI-0169,HUB-DET,standard,2024-05-18T10:20:11,2024-05-20T10:20:11,delivered,RTE-DET-20240520-001,2024-05-21T18:20:11,,on_time
SHP-202405-000151,CLI-0042,HUB-IND,standard,2024-05-21T10:52:50,2024-05-22T10:52:50,delivered,,2024-05-24T10:52:50,,on_time
SHP-202406-000001,CLI-0201,HUB-CIN,expedited,2024-06-27T17:04:56,2024-07-01T17:04:56,delivered,RTE-CIN-20240628-001,2024-07-01T17:04:56,,on_time
SHP-202406-000002,CLI-0201,HUB-CIN,freight,2024-06-13T17:12:54,2024-06-16T17:12:54,delivered,RTE-CIN-20240613-002,2024-06-18T22:12:54,,on_time
SHP-202406-000003,CLI-0201,HUB-CMH,standard,2024-06-26T07:25:28,2024-06-30T07:25:28,delivered,RTE-CMH-20240628-001,2024-06-30T11:25:28,,on_time
SHP-202406-000004,CLI-0155,HUB-CHI,expedited,2024-06-01T08:58:45,2024-06-04T08:58:45,delivered,RTE-CHI-20240602-001,2024-06-04T08:58:45,,on_time
SHP-202406-000005,CLI-0042,HUB-CIN,expedited,2024-06-02T20:15:28,2024-06-04T20:15:28,delivered,RTE-CIN-20240603-005,2024-06-05T06:15:28,,on_time
SHP-202406-000006,CLI-0042,HUB-CIN,freight,2024-06-13T07:03:09,2024-06-17T07:03:09,delivered,RTE-CIN-20240614-002,2024-06-17T14:03:09,,on_time
SHP-202406-000007,CLI-0169,HUB-DET,expedited,2024-06-16T13:44:32,2024-06-19T13:44:32,delivered,RTE-DET-20240617-001,2024-06-19T13:44:32,,on_time
SHP-202406-000008,CLI-0201,HUB-CMH,freight,2024-06-11T18:42:47,2024-06-13T18:42:47,delivered,RTE-CMH-20240611-002,2024-06-16T21:42:47,,on_time
SHP-202406-000009,CLI-0007,HUB-DET,standard,2024-06-27T09:57:31,2024-07-01T09:57:31,delivered,,2024-07-01T09:57:31,,on_time
SHP-202406-000010,CLI-0042,HUB-CHI,expedited,2024-06-06T17:03:42,2024-06-07T17:03:42,delivered,RTE-CHI-20240607-002,2024-06-08T11:03:42,,on_time
SHP-202406-000011,CLI-0155,HUB-CMH,standard,2024-06-17T14:22:12,2024-06-18T14:22:12,delivered,RTE-CMH-20240617-001,2024-06-21T08:22:12,,on_time
SHP-202406-000012,CLI-0007,HUB-CIN,standard,2024-06-16T12:10:28,2024-06-18T12:10:28,delivered,,2024-06-19T00:10:28,,on_time
SHP-202406-000013,CLI-0007,HUB-CMH,standard,2024-06-26T12:29:25,2024-06-27T12:29:25,delivered,RTE-CMH-20240626-003,2024-06-29T01:29:25,,on_time
SHP-202406-000014,CLI-0042,HUB-CMH,expedited,2024-06-09T13:28:05,2024-06-13T13:28:05,delivered,RTE-CMH-20240610-001,2024-06-13T13:28:05,,on_time
SHP-202406-000015,CLI-0169,HUB-CMH,expedited,2024-06-17T18:24:04,2024-06-18T18:24:04,delivered,RTE-CMH-20240617-001,2024-06-19T15:24:04,,on_time
SHP-202406-000016,CLI-0155,HUB-CMH,expedited,2024-06-12T08:39:58,2024-06-16T08:39:58,delivered,,2024-06-16T08:39:58,,on_time
SHP-202406-000017,CLI-0007,HUB-DET,standard,2024-06-18T19:24:46,2024-06-22T19:24:46,delivered,RTE-DET-20240618-006,2024-06-22T19:24:46,,on_time
SHP-202406-000018,CLI-0007,HUB-CMH,freight,2024-06-10T12:42:20,2024-06-11T12:42:20,delivered,RTE-CMH-20240610-001,2024-06-14T02:42:20,,on_time
SHP-202406-000019,CLI-0201,HUB-CIN,standard,2024-06-19T11:15:45,2024-06-23T11:15:45,delivered,RTE-CIN-20240619-003,2024-06-23T20:15:45,,on_time
SHP-202406-000020,CLI-0042,HUB-CMH,standard,2024-06-18T09:57:57,2024-06-21T09:57:57,delivered,RTE-CMH-20240618-001,2024-06-22T03:57:57,,on_time
SHP-202406-000021,CLI-0169,HUB-DET,freight,2024-06-21T14:06:58,2024-06-25T14:06:58,delivered,RTE-DET-20240621-006,2024-06-26T05:06:58,,on_time
SHP-202406-000022,CLI-0042,HUB-DET,standard,2024-06-26T09:13:40,2024-06-27T09:13:40,delivered,RTE-DET-20240627-002,2024-06-29T23:13:40,,on_time
SHP-202406-000023,CLI-0155,HUB-IND,expedited,2024-06-06T19:39:42,2024-06-07T19:39:42,delivered,RTE-IND-20240606-001,2024-06-08T22:39:42,,on_time
SHP-202406-000024,CLI-0007,HUB-CIN,standard,2024-06-18T18:15:06,2024-06-19T18:15:06,delivered,RTE-CIN-20240618-003,2024-06-21T09:15:06,,on_time
SHP-202406-000025,CLI-0169,HUB-CHI,standard,2024-06-28T14:29:13,2024-06-30T14:29:13,delivered,RTE-CHI-20240628-001,2024-07-02T09:29:13,,on_time
SHP-202406-000026,CLI-0169,HUB-DET,freight,2024-06-06T20:22:48,2024-06-09T20:22:48,delivered,RTE-DET-20240606-003,2024-06-11T07:22:48,,on_time
SHP-202406-000027,CLI-0169,HUB-DET,freight,2024-06-28T07:11:33,2024-07-04T07:11:33,delayed,,2024-07-04T02:11:33,5,4-12h
SHP-202406-000028,CLI-0042,HUB-DET,standard,2024-06-18T13:20:43,2024-06-19T13:20:43,delivered,RTE-DET-20240618-006,2024-06-21T19:20:43,,on_time
SHP-202406-000029,CLI-0007,HUB-IND,expedited,2024-06-18T12:18:58,2024-06-19T12:18:58,delivered,RTE-IND-20240619-001,2024-06-20T16:18:58,,on_time
SHP-202406-000030,CLI-0007,HUB-DET,standard,2024-06-28T12:21:08,2024-06-30T12:21:08,delivered,RTE-DET-20240628-002,2024-07-01T07:21:08,,on_time
SHP-202406-000031,CLI-0169,HUB-DET,standard,2024-06-21T11:35:35,2024-06-25T11:35:35,delivered,RTE-DET-20240622-001,2024-06-25T11:35:35,,on_time
SHP-202406-000032,CLI-0155,HUB-DET,freight,2024-06-16T17:20:22,2024-06-19T17:20:22,delivered,,2024-06-21T10:20:22,,on_time
SHP-202406-000033,CLI-0155,HUB-DET,standard,2024-06-27T13:26:30,2024-06-28T13:26:30,delivered,RTE-DET-20240627-002,2024-07-01T03:26:30,,on_time
SHP-202406-000034,CLI-0201,HUB-CIN,standard,2024-06-11T16:37:53,2024-06-12T16:37:53,delivered,RTE-CIN-20240611-001,2024-06-15T20:37:53,,on_time
SHP-202406-000035,CLI-0201,HUB-DET,standard,2024-06-06T13:23:21,2024-06-08T13:23:21,delivered,RTE-DET-20240606-004,2024-06-11T11:23:21,,on_time
SHP-202406-000036,CLI-0169,HUB-CHI,freight,2024-06-06T18:29:49,2024-06-10T18:29:49,delivered,RTE-CHI-20240607-003,2024-06-11T13:29:49,,on_time
SHP-202406-000037,CLI-0169,HUB-DET,standard,2024-06-28T13:36:05,2024-07-02T13:36:05,delivered,RTE-DET-20240628-003,2024-07-02T13:36:05,,on_time
SHP-202406-000038,CLI-0007,HUB-CHI,standard,2024-06-28T15:54:13,2024-07-02T15:54:13,delivered,,2024-07-02T15:54:13,,on_time
SHP-202406-000039,CLI-0007,HUB-DET,standard,2024-06-18T18:58:35,2024-06-19T18:58:35,delivered,RTE-DET-20240618-006,2024-06-21T20:58:35,,on_time
SHP-202406-000040,CLI-0169,HUB-CHI,expedited,2024-06-18T13:35:20,2024-06-21T13:35:20,delivered,,2024-06-21T13:35:20,,on_time
SHP-202406-000041,CLI-0155,HUB-IND,standard,2024-06-28T09:12:52,2024-06-30T09:12:52,delivered,RTE-IND-20240629-001,2024-07-01T09:12:52,,on_time
SHP-202406-000042,CLI-0169,HUB-CIN,standard,2024-06-23T16:14:24,2024-06-26T16:14:24,delivered,RTE-CIN-20240624-002,2024-06-26T16:14:24,,on_time
SHP-202406-000043,CLI-0042,HUB-CHI,freight,2024-06-11T11:18:03,2024-06-13T11:18:03,delivered,RTE-CHI-20240612-002,2024-06-15T00:18:03,,on_time
SHP-202406-000044,CLI-0201,HUB-DET,standard,2024-06-18T19:04:43,2024-06-20T19:04:43,delivered,RTE-DET-20240618-004,2024-06-23T14:04:43,,on_time
SHP-202406-000045,CLI-0007,HUB-CIN,standard,2024-06-18T06:35:16,2024-06-19T06:35:16,delivered,RTE-CIN-20240618-003,2024-06-20T13:35:16,,on_time
SHP-202406-000046,CLI-0201,HUB-DET,standard,2024-06-18T16:47:52,2024-06-20T16:47:52,delivered,,2024-06-23T07:47:52,,on_time
SHP-202406-000047,CLI-0169,HUB-CIN,standard,2024-06-09T17:05:59,2024-06-11T17:05:59,delivered,RTE-CIN-20240610-002,2024-06-12T22:05:59,,on_time
SHP-202406-000048,CLI-0201,HUB-IND,standard,2024-06-17T09:36:32,2024-06-19T09:36:32,delivered,RTE-IND-20240617-002,2024-06-21T16:36:32,,on_time
SHP-202406-000049,CLI-0007,HUB-CIN,expedited,2024-06-04T20:28:06,2024-06-05T20:28:06,delivered,,2024-06-06T12:28:06,,on_time
SHP-202406-000050,CLI-0042,HUB-CMH,standard,2024-06-19T10:39:55,2024-06-20T10:39:55,delivered,RTE-CMH-20240619-002,2024-06-22T21:39:55,,on_time
SHP-202406-000051,CLI-0007,HUB-CHI,expedited,2024-06-11T10:06:20,2024-06-13T10:06:20,delivered,RTE-CHI-20240611-001,2024-06-13T16:06:20,,on_time
SHP-202406-000052,CLI-0007,HUB-CMH,standard,2024-06-06T12:45:50,2024-06-10T12:45:50,delivered,RTE-CMH-20240607-002,2024-06-10T12:45:50,,on_time
SHP-202406-000053,CLI-0042,HUB-CMH,freight,2024-06-21T17:48:27,2024-06-22T17:48:27,delivered,RTE-CMH-20240621-003,2024-06-26T00:48:27,,on_time
SHP-202406-000054,CLI-0155,HUB-IND,standard,2024-06-21T15:57:23,2024-06-22T15:57:23,delivered,RTE-IND-20240621-001,2024-06-24T12:57:23,,on_time
SHP-202406-000055,CLI-0201,HUB-CHI,standard,2024-06-25T15:28:52,2024-06-26T15:28:52,delivered,,2024-06-29T15:28:52,,on_time
SHP-202406-000056,CLI-0169,HUB-CHI,standard,2024-06-20T12:31:52,2024-06-22T12:31:52,delivered,RTE-CHI-20240620-003,2024-06-24T14:31:52,,on_time
SHP-202406-000057,CLI-0042,HUB-CHI,freight,2024-06-07T18:54:05,2024-06-11T18:54:05,delivered,RTE-CHI-20240607-001,2024-06-11T18:54:05,,on_time
SHP-202406-000058,CLI-0201,HUB-DET,standard,2024-06-11T14:49:52,2024-06-12T14:49:52,delivered,RTE-DET-20240611-001,2024-06-16T07:49:52,,on_time
SHP-202406-000059,CLI-0042,HUB-IND,standard,2024-06-28T15:05:43,2024-06-30T15:05:43,delivered,RTE-IND-20240628-002,2024-07-01T19:05:43,,on_time
SHP-202406-000060,CLI-0201,HUB-CMH,expedited,2024-06-17T19:04:34,2024-06-20T19:04:34,delivered,RTE-CMH-20240617-001,2024-06-20T23:04:34,,on_time
SHP-202406-000061,CLI-0042,HUB-CIN,standard,2024-06-25T16:27:20,2024-06-26T16:27:20,delivered,,2024-06-29T10:27:20,,on_time
SHP-202406-000062,CLI-0169,HUB-CHI,expedited,2024-06-21T18:13:44,2024-06-22T18:13:44,delivered,RTE-CHI-20240621-001,2024-06-24T22:13:44,,on_time
SHP-202406-000063,CLI-0155,HUB-CHI,expedited,2024-06-27T17:41:27,2024-07-01T17:41:27,delayed,RTE-CHI-20240627-003,2024-07-01T11:41:27,6,4-12h
SHP-202406-000064,CLI-0007,HUB-CHI,standard,2024-06-27T13:49:26,2024-06-28T13:49:26,delivered,RTE-CHI-20240628-002,2024-06-30T23:49:26,,on_time
SHP-202406-000065,CLI-0201,HUB-CMH,expedited,2024-06-21T06:19:13,2024-06-25T06:19:13,delivered,RTE-CMH-20240621-001,2024-06-25T06:19:13,,on_time
SHP-202406-000066,CLI-0201,HUB-IND,freight,2024-06-10T07:03:31,2024-06-12T07:03:31,delivered,RTE-IND-20240610-002,2024-06-15T19:03:31,,on_time
SHP-202406-000067,CLI-0155,HUB-CIN,standard,2024-06-13T10:00:45,2024-06-14T10:00:45,delivered,RTE-CIN-20240613-001,2024-06-16T19:00:45,,on_time
SHP-202406-000068,CLI-0169,HUB-CHI,standard,2024-06-27T11:12:49,2024-06-29T11:12:49,delivered,RTE-CHI-20240627-003,2024-07-01T10:12:49,,on_time
SHP-202406-000069,CLI-0042,HUB-CIN,standard,2024-06-04T12:20:52,2024-06-08T12:20:52,delivered,RTE-CIN-20240604-005,2024-06-08T12:20:52,,on_time
SHP-202406-000070,CLI-0201,HUB-IND,expedited,2024-06-25T08:49:01,2024-06-29T08:49:01,delivered,RTE-IND-20240625-001,2024-06-29T08:49:01,,on_time
SHP-202406-000071,CLI-0155,HUB-DET,expedited,2024-06-17T11:21:17,2024-06-18T11:21:17,delivered,RTE-DET-20240617-001,2024-06-19T17:21:17,,on_time
SHP-202406-000072,CLI-0007,HUB-CHI,standard,2024-06-12T12:37:58,2024-06-13T12:37:58,delivered,RTE-CHI-20240612-002,2024-06-15T21:37:58,,on_time
SHP-202406-000073,CLI-0155,HUB-IND,standard,2024-06-09T12:48:01,2024-06-12T12:48:01,delivered,RTE-IND-20240610-002,2024-06-12T12:48:01,,on_time
SHP-202406-000074,CLI-0169,HUB-CMH,standard,2024-06-25T06:58:22,2024-06-26T06:58:22,delivered,,2024-06-28T07:58:22,,on_time
SHP-202406-000075,CLI-0201,HUB-CHI,standard,2024-06-10T09:14:57,2024-06-11T09:14:57,delivered,RTE-CHI-20240610-003,2024-06-14T18:14:57,,on_time
SHP-202406-000076,CLI-0201,HUB-IND,standard,2024-06-07T15:09:07,2024-06-08T15:09:07,delivered,RTE-IND-20240607-002,2024-06-11T22:09:07,,on_time
SHP-202406-000077,CLI-0042,HUB-IND,standard,2024-06-06T12:13:45,2024-06-10T12:13:45,delivered,RTE-IND-20240606-001,2024-06-10T12:13:45,,on_time
SHP-202406-000078,CLI-0169,HUB-CMH,expedited,2024-06-22T13:39:24,2024-06-23T13:39:24,delivered,,2024-06-24T07:39:24,,on_time
SHP-202406-000079,CLI-0155,HUB-CHI,expedited,2024-06-19T16:36:53,2024-06-25T16:36:53,delayed,,2024-06-25T09:36:53,7,4-12h
SHP-202406-000080,CLI-0155,HUB-CHI,expedited,2024-06-11T18:58:31,2024-06-12T18:58:31,delivered,RTE-CHI-20240611-002,2024-06-14T02:58:31,,on_time
SHP-202406-000081,CLI-0201,HUB-CIN,standard,2024-06-25T06:18:52,2024-06-26T06:18:52,delivered,,2024-06-29T12:18:52,,on_time
SHP-202406-000082,CLI-0201,HUB-CHI,standard,2024-06-25T13:38:01,2024-06-26T13:38:01,delivered,RTE-CHI-20240625-001,2024-06-29T23:38:01,,on_time
SHP-202406-000083,CLI-0169,HUB-CMH,freight,2024-06-03T18:49:06,2024-06-05T18:49:06,delivered,RTE-CMH-20240603-002,2024-06-07T16:49:06,,on_time
SHP-202406-000084,CLI-0007,HUB-CIN,expedited,2024-06-27T19:57:32,2024-06-30T19:57:32,delivered,RTE-CIN-20240627-004,2024-06-30T19:57:32,,on_time
SHP-202406-000085,CLI-0007,HUB-CIN,freight,2024-06-28T14:16:51,2024-07-02T14:16:51,delivered,RTE-CIN-20240628-001,2024-07-02T14:16:51,,on_time
SHP-202406-000086,CLI-0169,HUB-DET,expedited,2024-06-18T13:52:41,2024-06-22T13:52:41,delivered,RTE-DET-20240620-004,2024-06-22T13:52:41,,on_time
SHP-202406-000087,CLI-0042,HUB-IND,standard,2024-06-07T09:12:43,2024-06-10T09:12:43,delivered,,2024-06-10T09:12:43,,on_time
SHP-202406-000088,CLI-0042,HUB-DET,standard,2024-06-25T20:12:05,2024-06-26T20:12:05,delivered,RTE-DET-20240625-001,2024-06-29T11:12:05,,on_time
SHP-202406-000089,CLI-0155,HUB-CHI,standard,2024-06-06T20:20:41,2024-06-08T20:20:41,delivered,RTE-CHI-20240607-003,2024-06-10T14:20:41,,on_time
SHP-202406-000090,CLI-0007,HUB-CHI,standard,2024-06-07T10:30:34,2024-06-08T10:30:34,delivered,RTE-CHI-20240607-002,2024-06-10T19:30:34,,on_time
SHP-202406-000091,CLI-0169,HUB-DET,standard,2024-06-04T20:07:23,2024-06-08T20:07:23,delivered,RTE-DET-20240604-002,2024-06-08T20:07:23,,on_time
SHP-202406-000092,CLI-0155,HUB-CIN,expedited,2024-06-14T10:20:41,2024-06-16T10:20:41,delivered,RTE-CIN-20240614-002,2024-06-16T17:20:41,,on_time
SHP-202406-000093,CLI-0155,HUB-CHI,expedited,2024-06-12T13:32:37,2024-06-16T13:32:37,delivered,RTE-CHI-20240612-001,2024-06-16T13:32:37,,on_time
SHP-202406-000094,CLI-0042,HUB-DET,freight,2024-06-03T06:20:56,2024-06-04T06:20:56,delivered,RTE-DET-20240603-001,2024-06-07T12:20:56,,on_time
SHP-202406-000095,CLI-0169,HUB-DET,standard,2024-06-06T20:31:16,2024-06-07T20:31:16,delivered,,2024-06-10T12:31:16,,on_time
SHP-202406-000096,CLI-0169,HUB-CIN,standard,2024-06-07T12:05:28,2024-06-10T12:05:28,delivered,RTE-CIN-20240607-001,2024-06-10T16:05:28,,on_time
SHP-202406-000097,CLI-0007,HUB-CHI,expedited,2024-06-30T06:13:41,2024-07-01T06:13:41,delivered,RTE-CHI-20240701-004,2024-07-02T20:13:41,,on_time
SHP-202406-000098,CLI-0155,HUB-CIN,standard,2024-06-09T06:30:42,2024-06-11T06:30:42,delivered,RTE-CIN-20240610-001,2024-06-12T17:30:42,,on_time
SHP-202406-000099,CLI-0201,HUB-CMH,freight,2024-06-09T08:23:01,2024-06-10T08:23:01,delivered,RTE-CMH-20240610-003,2024-06-14T10:23:01,,on_time
SHP-202406-000100,CLI-0155,HUB-CHI,expedited,2024-06-22T16:22:25,2024-06-26T16:22:25,delivered,RTE-CHI-20240622-001,2024-06-26T16:22:25,,on_time
SHP-202406-000101,CLI-0201,HUB-CHI,standard,2024-06-03T08:22:45,2024-06-07T08:22:45,delivered,RTE-CHI-20240603-001,2024-06-07T14:22:45,,on_time
SHP-202406-000102,CLI-0007,HUB-CIN,expedited,2024-06-07T06:08:25,2024-06-09T06:08:25,delivered,RTE-CIN-20240607-001,2024-06-09T06:08:25,,on_time
SHP-202406-000103,CLI-0201,HUB-CMH,standard,2024-06-01T20:11:04,2024-06-05T20:11:04,delivered,RTE-CMH-20240601-001,2024-06-06T05:11:04,,on_time
SHP-202406-000104,CLI-0042,HUB-DET,freight,2024-06-25T15:53:28,2024-06-26T15:53:28,delivered,RTE-DET-20240626-003,2024-06-30T01:53:28,,on_time
SHP-202406-000105,CLI-0201,HUB-CIN,standard,2024-06-11T17:03:44,2024-06-15T17:03:44,delivered,,2024-06-16T05:03:44,,on_time
SHP-202406-000106,CLI-0042,HUB-IND,freight,2024-06-20T14:55:55,2024-06-21T14:55:55,delivered,RTE-IND-20240620-002,2024-06-24T14:55:55,,on_time
SHP-202406-000107,CLI-0042,HUB-IND,standard,2024-06-06T08:46:53,2024-06-07T08:46:53,delivered,,2024-06-09T03:46:53,,on_time
SHP-202406-000108,CLI-0201,HUB-CHI,expedited,2024-06-07T17:10:09,2024-06-08T17:10:09,delivered,RTE-CHI-20240607-003,2024-06-11T03:10:09,,on_time
SHP-202406-000109,CLI-0007,HUB-CMH,standard,2024-06-01T09:52:09,2024-06-04T09:52:09,delivered,,2024-06-04T09:52:09,,on_time
SHP-202406-000110,CLI-0042,HUB-CMH,expedited,2024-06-02T11:28:07,2024-06-05T11:28:07,delivered,RTE-CMH-20240602-001,2024-06-05T11:28:07,,on_time
SHP-202406-000111,CLI-0201,HUB-CMH,standard,2024-06-14T10:18:37,2024-06-15T10:18:37,delivered,RTE-CMH-20240614-002,2024-06-18T13:18:37,,on_time
SHP-202406-000112,CLI-0042,HUB-CHI,standard,2024-06-09T15:23:41,2024-06-10T15:23:41,delivered,,2024-06-11T23:23:41,,on_time
SHP-202406-000113,CLI-0007,HUB-IND,standard,2024-06-07T11:08:54,2024-06-09T11:08:54,delivered,RTE-IND-20240607-002,2024-06-10T17:08:54,,on_time
SHP-202406-000114,CLI-0155,HUB-IND,freight,2024-06-28T08:27:26,2024-06-29T08:27:26,delivered,,2024-07-02T11:27:26,,on_time
SHP-202406-000115,CLI-0042,HUB-CHI,freight,2024-06-19T08:35:29,2024-06-20T08:35:29,delivered,RTE-CHI-20240619-002,2024-06-23T01:35:29,,on_time
SHP-202406-000116,CLI-0201,HUB-IND,expedited,2024-06-19T07:57:37,2024-06-21T07:57:37,delivered,RTE-IND-20240619-001,2024-06-22T11:57:37,,on_time
SHP-202406-000117,CLI-0155,HUB-DET,freight,2024-06-12T13:01:30,2024-06-13T13:01:30,delivered,RTE-DET-20240612-001,2024-06-17T02:01:30,,on_time
SHP-202406-000118,CLI-0042,HUB-CMH,freight,2024-06-18T11:24:38,,failed,RTE-CMH-20240618-001,2024-06-23T02:24:38,,
SHP-202406-000119,CLI-0201,HUB-CIN,standard,2024-06-13T16:35:36,2024-06-14T16:35:36,delivered,RTE-CIN-20240614-003,2024-06-17T22:35:36,,on_time
SHP-202406-000120,CLI-0007,HUB-CIN,standard,2024-06-07T08:43:34,2024-06-11T08:43:34,delivered,,2024-06-11T08:43:34,,on_time
SHP-202406-000121,CLI-0155,HUB-CMH,standard,2024-06-14T11:05:31,2024-06-15T11:05:31,delivered,RTE-CMH-20240614-001,2024-06-18T05:05:31,,on_time
SHP-202406-000122,CLI-0201,HUB-CIN,standard,2024-06-19T12:25:16,2024-06-23T12:25:16,delivered,RTE-CIN-20240619-002,2024-06-23T20:25:16,,on_time
SHP-202406-000123,CLI-0201,HUB-IND,expedited,2024-06-16T09:06:46,2024-06-19T09:06:46,delivered,,2024-06-19T16:06:46,,on_time
SHP-202406-000124,CLI-0007,HUB-IND,expedited,2024-06-24T10:12:35,2024-06-25T10:12:35,delivered,RTE-IND-20240624-003,2024-06-26T10:12:35,,on_time
SHP-202406-000125,CLI-0169,HUB-CHI,expedited,2024-06-14T20:10:15,2024-06-15T20:10:15,delivered,RTE-CHI-20240614-003,2024-06-18T00:10:15,,on_time
SHP-202406-000126,CLI-0169,HUB-CIN,standard,2024-06-14T15:20:13,2024-06-15T15:20:13,delivered,RTE-CIN-20240614-002,2024-06-17T17:20:13,,on_time
SHP-202406-000127,CLI-0155,HUB-CIN,standard,2024-06-05T19:26:25,2024-06-08T19:26:25,delivered,,2024-06-09T08:26:25,,on_time
SHP-202406-000128,CLI-0007,HUB-CHI,standard,2024-06-24T08:57:58,2024-06-28T08:57:58,delivered,RTE-CHI-20240624-003,2024-06-28T08:57:58,,on_time
SHP-202406-000129,CLI-0169,HUB-CMH,standard,2024-06-21T14:01:53,2024-06-23T14:01:53,delivered,RTE-CMH-20240621-001,2024-06-24T09:01:53,,on_time
SHP-202406-000130,CLI-0007,HUB-CMH,standard,2024-06-03T17:06:48,2024-06-07T17:06:48,delivered,,2024-06-07T17:06:48,,on_time
SHP-202406-000131,CLI-0201,HUB-CMH,freight,2024-06-17T12:55:59,2024-06-20T12:55:59,delivered,RTE-CMH-20240617-001,2024-06-22T16:55:59,,on_time
SHP-202406-000132,CLI-0042,HUB-DET,standard,2024-06-20T09:24:49,2024-06-21T09:24:49,delivered,RTE-DET-20240622-002,2024-06-23T22:24:49,,on_time
SHP-202406-000133,CLI-0042,HUB-CIN,standard,2024-06-28T15:04:13,2024-06-29T15:04:13,delivered,,2024-07-01T22:04:13,,on_time
SHP-202406-000134,CLI-0155,HUB-IND,standard,2024-06-17T12:18:05,2024-06-18T12:18:05,delivered,RTE-IND-20240617-002,2024-06-20T16:18:05,,on_time
SHP-202406-000135,CLI-0201,HUB-IND,standard,2024-06-24T08:16:14,2024-06-26T08:16:14,delivered,RTE-IND-20240624-002,2024-06-28T14:16:14,,on_time
SHP-202406-000136,CLI-0201,HUB-IND,freight,2024-06-07T16:12:10,2024-06-11T16:12:10,delivered,,2024-06-12T22:12:10,,on_time
SHP-202406-000137,CLI-0042,HUB-CHI,standard,2024-06-05T17:18:12,2024-06-07T17:18:12,delivered,,2024-06-08T10:18:12,,on_time
SHP-202406-000138,CLI-0042,HUB-CHI,freight,2024-06-28T14:56:13,2024-07-02T14:56:13,delivered,RTE-CHI-20240628-003,2024-07-02T14:56:13,,on_time
SHP-202406-000139,CLI-0007,HUB-CHI,freight,2024-06-03T13:20:25,2024-06-04T13:20:25,delivered,RTE-CHI-20240603-002,2024-06-08T04:20:25,,on_time
SHP-202407-000001,CLI-0201,HUB-IND,expedited,2024-07-08T18:25:58,2024-07-11T18:25:58,delivered,,2024-07-12T00:25:58,,on_time
SHP-202407-000002,CLI-0201,HUB-DET,expedited,2024-07-01T09:29:42,2024-07-02T09:29:42,delivered,RTE-DET-20240703-001,2024-07-05T09:29:42,,on_time
SHP-202407-000003,CLI-0007,HUB-CIN,expedited,2024-07-09T18:58:51,2024-07-10T18:58:51,delivered,RTE-CIN-20240709-002,2024-07-11T03:58:51,,on_time
SHP-202407-000004,CLI-0169,HUB-CHI,expedited,2024-07-30T13:46:16,2024-08-03T13:46:16,delivered,RTE-CHI-20240730-002,2024-08-03T13:46:16,,on_time
SHP-202407-000005,CLI-0007,HUB-CHI,standard,2024-07-28T18:02:11,2024-07-29T18:02:11,delivered,RTE-CHI-20240728-001,2024-08-01T00:02:11,,on_time
SHP-202407-000006,CLI-0155,HUB-CHI,freight,2024-07-07T18:55:01,2024-07-11T18:55:01,delivered,RTE-CHI-20240708-002,2024-07-12T11:55:01,,on_time
SHP-202407-000007,CLI-0007,HUB-CMH,expedited,2024-07-10T15:42:27,2024-07-12T15:42:27,delivered,RTE-CMH-20240710-003,2024-07-12T15:42:27,,on_time
SHP-202407-000008,CLI-0007,HUB-CMH,standard,2024-07-11T07:34:54,2024-07-16T07:34:54,delayed,RTE-CMH-20240711-001,2024-07-16T03:34:54,4,4-12h
SHP-202407-000009,CLI-0042,HUB-IND,standard,2024-07-04T09:49:40,2024-07-05T09:49:40,delivered,,2024-07-07T03:49:40,,on_time
SHP-202407-000010,CLI-0169,HUB-IND,freight,2024-07-02T12:22:57,2024-07-06T12:22:57,delivered,,2024-07-06T18:22:57,,on_time
SHP-202407-000011,CLI-0007,HUB-DET,standard,2024-07-08T11:19:46,2024-07-09T11:19:46,delivered,RTE-DET-20240708-002,2024-07-11T17:19:46,,on_time
SHP-202407-000012,CLI-0042,HUB-DET,standard,2024-07-26T06:06:54,2024-07-29T06:06:54,delivered,RTE-DET-20240726-001,2024-07-29T14:06:54,,on_time
SHP-202407-000013,CLI-0007,HUB-IND,expedited,2024-07-18T18:37:45,2024-07-22T18:37:45,delivered,RTE-IND-20240718-003,2024-07-22T18:37:45,,on_time
SHP-202407-000014,CLI-0201,HUB-DET,standard,2024-07-01T08:53:07,2024-07-02T08:53:07,delivered,RTE-DET-20240701-001,2024-07-06T04:53:07,,on_time
SHP-202407-000015,CLI-0169,HUB-CHI,standard,2024-07-19T17:15:42,2024-07-20T17:15:42,delivered,RTE-CHI-20240719-002,2024-07-23T19:15:42,,on_time
SHP-202407-000016,CLI-0169,HUB-IND,freight,2024-07-14T18:39:36,2024-07-15T18:39:36,delivered,RTE-IND-20240715-002,2024-07-19T05:39:36,,on_time
SHP-202407-000017,CLI-0007,HUB-CIN,standard,2024-07-31T12:10:08,2024-08-02T12:10:08,delivered,RTE-CIN-20240731-001,2024-08-03T04:10:08,,on_time
SHP-202407-000018,CLI-0169,HUB-DET,expedited,2024-07-31T16:04:12,2024-08-02T16:04:12,delivered,,2024-08-03T04:04:12,,on_time
SHP-202407-000019,CLI-0155,HUB-CMH,standard,2024-07-31T07:22:09,2024-08-01T07:22:09,delivered,RTE-CMH-20240802-001,2024-08-03T19:22:09,,on_time
SHP-202407-000020,CLI-0155,HUB-DET,freight,2024-07-22T11:12:28,2024-07-23T11:12:28,delivered,RTE-DET-20240722-001,2024-07-26T20:12:28,,on_time
SHP-202407-000021,CLI-0169,HUB-CHI,standard,2024-07-18T15:39:48,2024-07-21T15:39:48,delivered,RTE-CHI-20240718-006,2024-07-22T09:39:48,,on_time
SHP-202407-000022,CLI-0155,HUB-DET,standard,2024-07-23T12:10:58,2024-07-27T12:10:58,delivered,RTE-DET-20240723-001,2024-07-27T12:10:58,,on_time
SHP-202407-000023,CLI-0169,HUB-CIN,freight,2024-07-18T13:39:51,2024-07-19T13:39:51,delivered,RTE-CIN-20240718-001,2024-07-22T08:39:51,,on_time
SHP-202407-000024,CLI-0007,HUB-CHI,standard,2024-07-23T08:08:04,2024-07-24T08:08:04,delivered,RTE-CHI-20240724-001,2024-07-27T00:08:04,,on_time
SHP-202407-000025,CLI-0201,HUB-DET,expedited,2024-07-26T13:14:43,2024-07-30T13:14:43,delivered,,2024-07-30T13:14:43,,on_time
SHP-202407-000026,CLI-0201,HUB-DET,standard,2024-07-18T16:02:57,2024-07-21T16:02:57,delivered,RTE-DET-20240718-001,2024-07-23T06:02:57,,on_time
SHP-202407-000027,CLI-0201,HUB-DET,expedited,2024-07-03T08:01:32,2024-07-04T08:01:32,delivered,RTE-DET-20240704-002,2024-07-07T06:01:32,,on_time
SHP-202407-000028,CLI-0042,HUB-CHI,freight,2024-07-22T07:30:19,2024-07-25T07:30:19,delivered,RTE-CHI-20240723-001,2024-07-25T20:30:19,,on_time
SHP-202407-000029,CLI-0169,HUB-IND,standard,2024-07-05T12:24:35,2024-07-06T12:24:35,delivered,RTE-IND-20240705-001,2024-07-09T03:24:35,,on_time
SHP-202407-000030,CLI-0155,HUB-IND,standard,2024-07-21T17:14:32,2024-07-22T17:14:32,delivered,RTE-IND-20240721-001,2024-07-24T17:14:32,,on_time
SHP-202407-000031,CLI-0201,HUB-CIN,standard,2024-07-15T07:13:07,2024-07-16T07:13:07,delivered,RTE-CIN-20240715-003,2024-07-19T07:13:07,,on_time
SHP-202407-000032,CLI-0201,HUB-IND,standard,2024-07-08T16:43:22,2024-07-10T16:43:22,delivered,RTE-IND-20240708-001,2024-07-12T19:43:22,,on_time
SHP-202407-000033,CLI-0201,HUB-DET,freight,2024-07-31T12:09:55,2024-08-02T12:09:55,delivered,RTE-DET-20240802-003,2024-08-06T02:09:55,,on_time
SHP-202407-000034,CLI-0169,HUB-CMH,standard,2024-07-26T12:59:16,2024-07-30T12:59:16,delivered,RTE-CMH-20240726-001,2024-07-30T12:59:16,,on_time
SHP-202407-000035,CLI-0007,HUB-DET,standard,2024-07-11T20:20:39,2024-07-12T20:20:39,delivered,RTE-DET-20240711-002,2024-07-15T01:20:39,,on_time
SHP-202407-000036,CLI-0201,HUB-CIN,standard,2024-07-15T19:57:47,2024-07-16T19:57:47,delivered,RTE-CIN-20240715-003,2024-07-19T19:57:47,,on_time
SHP-202407-000037,CLI-0007,HUB-IND,standard,2024-07-26T10:32:51,2024-07-30T10:32:51,delivered,RTE-IND-20240728-001,2024-07-30T10:32:51,,on_time
SHP-202407-000038,CLI-0042,HUB-DET,standard,2024-07-18T09:31:52,2024-07-19T09:31:52,delivered,RTE-DET-20240718-001,2024-07-21T22:31:52,,on_time
SHP-202407-000039,CLI-0155,HUB-IND,standard,2024-07-28T07:06:59,2024-07-29T07:06:59,delivered,RTE-IND-20240728-001,2024-07-31T05:06:59,,on_time
SHP-202407-000040,CLI-0155,HUB-CMH,standard,2024-07-02T12:40:04,2024-07-06T12:40:04,delivered,RTE-CMH-20240703-002,2024-07-06T12:40:04,,on_time
SHP-202407-000041,CLI-0201,HUB-DET,standard,2024-07-08T20:22:52,2024-07-12T20:22:52,delivered,RTE-DET-20240708-002,2024-07-13T14:22:52,,on_time
SHP-202407-000042,CLI-0169,HUB-IND,standard,2024-07-15T06:12:12,2024-07-16T06:12:12,delivered,RTE-IND-20240716-002,2024-07-18T21:12:12,,on_time
SHP-202407-000043,CLI-0007,HUB-DET,standard,2024-07-03T20:29:22,2024-07-04T20:29:22,delivered,RTE-DET-20240703-002,2024-07-06T15:29:22,,on_time
SHP-202407-000044,CLI-0155,HUB-DET,standard,2024-07-29T07:39:31,2024-07-30T07:39:31,delivered,RTE-DET-20240729-001,2024-08-01T17:39:31,,on_time
SHP-202407-000045,CLI-0007,HUB-CIN,expedited,2024-07-30T17:03:41,2024-08-02T17:03:41,delivered,RTE-CIN-20240730-003,2024-08-02T17:03:41,,on_time
SHP-202407-000046,CLI-0007,HUB-CHI,standard,2024-07-28T07:25:01,2024-07-29T07:25:01,delivered,RTE-CHI-20240728-001,2024-07-31T18:25:01,,on_time
SHP-202407-000047,CLI-0201,HUB-CHI,standard,2024-07-26T19:53:16,2024-07-30T19:53:16,delivered,RTE-CHI-20240726-002,2024-07-31T01:53:16,,on_time
SHP-202407-000048,CLI-0007,HUB-CHI,standard,2024-07-05T08:08:24,2024-07-06T08:08:24,delivered,RTE-CHI-20240705-002,2024-07-08T17:08:24,,on_time
SHP-202407-000049,CLI-0169,HUB-CHI,standard,2024-07-29T16:28:16,2024-08-01T16:28:16,delivered,,2024-08-02T15:28:16,,on_time
SHP-202407-000050,CLI-0042,HUB-CHI,standard,2024-07-16T11:26:51,2024-07-24T11:26:51,delayed,RTE-CHI-20240716-002,2024-07-24T03:26:51,8,4-12h
SHP-202407-000051,CLI-0007,HUB-IND,expedited,2024-07-25T12:53:28,2024-07-28T12:53:28,delivered,RTE-IND-20240725-001,2024-07-28T12:53:28,,on_time
SHP-202407-000052,CLI-0201,HUB-IND,standard,2024-07-16T18:06:58,2024-07-17T18:06:58,delivered,RTE-IND-20240716-002,2024-07-21T06:06:58,,on_time
SHP-202407-000053,CLI-0155,HUB-DET,standard,2024-07-08T17:43:44,2024-07-09T17:43:44,delivered,RTE-DET-20240708-001,2024-07-12T08:43:44,,on_time
SHP-202407-000054,CLI-0169,HUB-IND,standard,2024-07-01T09:12:29,2024-07-02T09:12:29,delivered,RTE-IND-20240702-001,2024-07-04T20:12:29,,on_time
SHP-202407-000055,CLI-0007,HUB-CIN,standard,2024-07-10T17:05:37,2024-07-14T17:05:37,delivered,RTE-CIN-20240710-001,2024-07-14T17:05:37,,on_time
SHP-202407-000056,CLI-0155,HUB-DET,expedited,2024-07-07T06:25:28,2024-07-11T06:25:28,delivered,RTE-DET-20240708-001,2024-07-11T06:25:28,,on_time
SHP-202407-000057,CLI-0042,HUB-CMH,standard,2024-07-06T08:53:03,2024-07-07T08:53:03,delivered,RTE-CMH-20240707-001,2024-07-10T01:53:03,,on_time
SHP-202407-000058,CLI-0155,HUB-CIN,standard,2024-07-19T20:57:15,2024-07-20T20:57:15,delivered,RTE-CIN-20240719-001,2024-07-23T11:57:15,,on_time
SHP-202407-000059,CLI-0155,HUB-IND,standard,2024-07-22T07:59:15,2024-07-25T07:59:15,delivered,,2024-07-25T13:59:15,,on_time
SHP-202407-000060,CLI-0042,HUB-DET,freight,2024-07-03T17:16:03,2024-07-07T17:16:03,delivered,RTE-DET-20240703-001,2024-07-08T03:16:03,,on_time
SHP-202407-000061,CLI-0169,HUB-IND,standard,2024-07-29T18:16:20,2024-07-31T18:16:20,delivered,RTE-IND-20240729-003,2024-08-02T11:16:20,,on_time
SHP-202407-000062,CLI-0007,HUB-IND,freight,2024-07-12T10:18:51,2024-07-13T10:18:51,delivered,RTE-IND-20240712-001,2024-07-16T16:18:51,,on_time
SHP-202407-000063,CLI-0007,HUB-CHI,freight,2024-07-14T13:44:50,2024-07-17T13:44:50,delivered,RTE-CHI-20240714-001,2024-07-19T03:44:50,,on_time
SHP-202407-000064,CLI-0042,HUB-CMH,expedited,2024-07-14T11:05:39,2024-07-15T11:05:39,delivered,RTE-CMH-20240714-001,2024-07-17T05:05:39,,on_time
SHP-202407-000065,CLI-0201,HUB-DET,expedited,2024-07-12T07:02:48,2024-07-13T07:02:48,delivered,RTE-DET-20240712-002,2024-07-16T02:02:48,,on_time
SHP-202407-000066,CLI-0169,HUB-CIN,freight,2024-07-26T12:08:08,2024-07-29T12:08:08,delivered,RTE-CIN-20240726-002,2024-07-30T11:08:08,,on_time
SHP-202407-000067,CLI-0201,HUB-DET,standard,2024-07-23T19:22:01,2024-07-26T19:22:01,delivered,,2024-07-28T19:22:01,,on_time
SHP-202407-000068,CLI-0155,HUB-CIN,standard,2024-07-19T14:07:09,2024-07-23T14:07:09,delivered,RTE-CIN-20240719-002,2024-07-23T14:07:09,,on_time
SHP-202407-000069,CLI-0201,HUB-DET,freight,2024-07-08T17:55:27,2024-07-12T17:55:27,delivered,,2024-07-14T14:55:27,,on_time
SHP-202407-000070,CLI-0201,HUB-CHI,standard,2024-07-14T06:46:39,2024-07-15T06:46:39,delivered,RTE-CHI-20240715-002,2024-07-18T08:46:39,,on_time
SHP-202407-000071,CLI-0169,HUB-CMH,standard,2024-07-17T17:17:35,2024-07-20T17:17:35,delivered,RTE-CMH-20240717-003,2024-07-20T17:17:35,,on_time
SHP-202407-000072,CLI-0201,HUB-DET,expedited,2024-07-23T07:34:22,2024-07-26T07:34:22,delivered,RTE-DET-20240723-001,2024-07-27T07:34:22,,on_time
SHP-202407-000073,CLI-0007,HUB-CIN,standard,2024-07-01T14:51:05,2024-07-04T14:51:05,delivered,RTE-CIN-20240701-001,2024-07-04T14:51:05,,on_time
SHP-202407-000074,CLI-0155,HUB-CMH,freight,2024-07-20T09:56:22,2024-07-21T09:56:22,delivered,RTE-CMH-20240720-001,2024-07-24T18:56:22,,on_time
SHP-202407-000075,CLI-0169,HUB-CHI,standard,2024-07-02T11:20:26,2024-07-06T11:20:26,delivered,RTE-CHI-20240702-001,2024-07-06T15:20:26,,on_time
SHP-202407-000076,CLI-0169,HUB-CHI,standard,2024-07-30T18:12:51,2024-08-03T18:12:51,delivered,RTE-CHI-20240731-002,2024-08-03T20:12:51,,on_time
SHP-202407-000077,CLI-0042,HUB-CHI,standard,2024-07-11T12:42:44,2024-07-14T12:42:44,delivered,,2024-07-14T12:42:44,,on_time
SHP-202407-000078,CLI-0169,HUB-CMH,freight,2024-07-19T16:40:56,2024-07-20T16:40:56,delivered,RTE-CMH-20240719-005,2024-07-23T10:40:56,,on_time
SHP-202407-000079,CLI-0007,HUB-DET,freight,2024-07-03T08:25:49,2024-07-04T08:25:49,delivered,RTE-DET-20240703-001,2024-07-07T07:25:49,,on_time
SHP-202407-000080,CLI-0155,HUB-CIN,freight,2024-07-11T08:03:07,2024-07-12T08:03:07,delivered,RTE-CIN-20240711-002,2024-07-16T02:03:07,,on_time
SHP-202407-000081,CLI-0155,HUB-DET,expedited,2024-07-16T12:36:41,2024-07-17T12:36:41,delivered,RTE-DET-20240716-001,2024-07-18T18:36:41,,on_time
SHP-202407-000082,CLI-0169,HUB-CHI,freight,2024-07-15T15:28:47,2024-07-17T15:28:47,delivered,RTE-CHI-20240715-001,2024-07-20T09:28:47,,on_time
SHP-202407-000083,CLI-0201,HUB-CHI,standard,2024-07-17T08:20:43,2024-07-21T08:20:43,delivered,RTE-CHI-20240717-002,2024-07-21T10:20:43,,on_time
SHP-202407-000084,CLI-0155,HUB-CMH,freight,2024-07-20T11:29:16,2024-07-24T11:29:16,delivered,,2024-07-24T23:29:16,,on_time
SHP-202407-000085,CLI-0169,HUB-CIN,standard,2024-07-03T20:40:03,2024-07-05T20:40:03,delivered,RTE-CIN-20240703-001,2024-07-06T14:40:03,,on_time
SHP-202407-000086,CLI-0201,HUB-CIN,expedited,2024-07-23T07:37:14,2024-07-24T07:37:14,delivered,RTE-CIN-20240723-001,2024-07-26T10:37:14,,on_time
SHP-202407-000087,CLI-0201,HUB-DET,freight,2024-07-05T20:58:13,2024-07-08T20:58:13,delivered,RTE-DET-20240705-003,2024-07-11T13:58:13,,on_time
SHP-202407-000088,CLI-0155,HUB-CMH,freight,2024-07-29T13:10:29,2024-08-02T13:10:29,delivered,RTE-CMH-20240730-001,2024-08-02T19:10:29,,on_time
SHP-202407-000089,CLI-0042,HUB-IND,standard,2024-07-04T11:44:21,2024-07-05T11:44:21,delivered,,2024-07-07T08:44:21,,on_time
SHP-202407-000090,CLI-0201,HUB-CHI,freight,2024-07-29T08:39:32,2024-07-30T08:39:32,delivered,RTE-CHI-20240729-003,2024-08-03T18:39:32,,on_time
SHP-202407-000091,CLI-0042,HUB-IND,standard,2024-07-23T10:44:27,2024-07-25T10:44:27,delivered,,2024-07-26T12:44:27,,on_time
SHP-202407-000092,CLI-0007,HUB-DET,expedited,2024-07-23T09:19:17,2024-07-24T09:19:17,delivered,RTE-DET-20240725-002,2024-07-25T04:19:17,,on_time
SHP-202407-000093,CLI-0155,HUB-IND,standard,2024-07-22T17:43:36,2024-07-24T17:43:36,delivered,RTE-IND-20240723-002,2024-07-25T20:43:36,,on_time
SHP-202407-000094,CLI-0155,HUB-DET,standard,2024-07-15T17:43:43,2024-07-17T17:43:43,delivered,RTE-DET-20240716-001,2024-07-19T02:43:43,,on_time
SHP-202407-000095,CLI-0007,HUB-CMH,freight,2024-07-11T06:18:13,2024-07-12T06:18:13,delivered,RTE-CMH-20240711-001,2024-07-14T20:18:13,,on_time
SHP-202407-000096,CLI-0169,HUB-CHI,standard,2024-07-19T18:40:50,2024-07-20T18:40:50,delivered,,2024-07-23T21:40:50,,on_time
SHP-202407-000097,CLI-0155,HUB-CHI,standard,2024-07-10T11:21:44,2024-07-11T11:21:44,delivered,,2024-07-13T17:21:44,,on_time
SHP-202407-000098,CLI-0007,HUB-CIN,expedited,2024-07-19T10:24:50,2024-07-20T10:24:50,delivered,RTE-CIN-20240719-002,2024-07-20T20:24:50,,on_time
SHP-202407-000099,CLI-0169,HUB-CMH,standard,2024-07-12T14:00:03,2024-07-16T14:00:03,delivered,RTE-CMH-20240712-001,2024-07-16T14:00:03,,on_time
SHP-202407-000100,CLI-0007,HUB-CMH,expedited,2024-07-26T15:02:21,2024-07-27T15:02:21,delivered,RTE-CMH-20240726-001,2024-07-28T06:02:21,,on_time
SHP-202407-000101,CLI-0042,HUB-CIN,expedited,2024-07-08T09:39:11,2024-07-11T09:39:11,delivered,RTE-CIN-20240708-002,2024-07-11T09:39:11,,on_time
SHP-202407-000102,CLI-0155,HUB-CHI,standard,2024-07-02T17:22:29,2024-07-06T17:22:29,delivered,RTE-CHI-20240702-001,2024-07-06T17:22:29,,on_time
SHP-202407-000103,CLI-0201,HUB-CMH,standard,2024-07-30T06:10:42,2024-08-01T06:10:42,delivered,,2024-08-03T10:10:42,,on_time
SHP-202407-000104,CLI-0042,HUB-IND,expedited,2024-07-04T20:20:36,2024-07-05T20:20:36,delivered,RTE-IND-20240705-001,2024-07-06T22:20:36,,on_time
SHP-202407-000105,CLI-0042,HUB-IND,standard,2024-07-16T09:56:59,2024-07-17T09:56:59,delivered,RTE-IND-20240716-002,2024-07-19T10:56:59,,on_time
SHP-202407-000106,CLI-0201,HUB-CHI,standard,2024-07-20T07:58:15,2024-07-23T07:58:15,delivered,RTE-CHI-20240723-001,2024-07-24T19:58:15,,on_time
SHP-202407-000107,CLI-0201,HUB-CIN,freight,2024-07-08T15:38:32,2024-07-12T15:38:32,delivered,RTE-CIN-20240708-003,2024-07-14T02:38:32,,on_time
SHP-202407-000108,CLI-0169,HUB-CMH,standard,2024-07-22T13:22:30,2024-07-25T13:22:30,delivered,,2024-07-25T13:22:30,,on_time
SHP-202407-000109,CLI-0155,HUB-DET,standard,2024-07-05T15:07:18,2024-07-06T15:07:18,delivered,RTE-DET-20240705-001,2024-07-08T21:07:18,,on_time
SHP-202407-000110,CLI-0007,HUB-IND,expedited,2024-07-19T12:06:18,2024-07-21T12:06:18,delivered,RTE-IND-20240720-001,2024-07-21T16:06:18,,on_time
SHP-202407-000111,CLI-0201,HUB-IND,standard,2024-07-15T09:17:04,2024-07-18T09:17:04,delivered,RTE-IND-20240715-002,2024-07-19T10:17:04,,on_time
SHP-202407-000112,CLI-0042,HUB-CIN,standard,2024-07-26T09:06:54,2024-07-29T09:06:54,delivered,RTE-CIN-20240726-002,2024-07-29T20:06:54,,on_time
SHP-202407-000113,CLI-0042,HUB-IND,standard,2024-07-19T13:51:02,2024-07-21T13:51:02,delivered,RTE-IND-20240720-001,2024-07-22T12:51:02,,on_time
SHP-202407-000114,CLI-0042,HUB-DET,freight,2024-07-09T10:12:06,2024-07-12T10:12:06,delivered,RTE-DET-20240709-002,2024-07-13T22:12:06,,on_time
SHP-202407-000115,CLI-0155,HUB-CMH,expedited,2024-07-03T17:52:32,2024-07-06T17:52:32,delivered,RTE-CMH-20240703-001,2024-07-06T17:52:32,,on_time
SHP-202407-000116,CLI-0155,HUB-DET,expedited,2024-07-22T16:50:27,2024-07-24T16:50:27,delivered,,2024-07-25T02:50:27,,on_time
SHP-202407-000117,CLI-0007,HUB-CIN,standard,2024-07-03T14:28:03,2024-07-05T14:28:03,delivered,RTE-CIN-20240703-002,2024-07-06T04:28:03,,on_time
SHP-202407-000118,CLI-0042,HUB-DET,standard,2024-07-20T09:45:47,2024-07-24T09:45:47,delivered,,2024-07-24T09:45:47,,on_time
SHP-202407-000119,CLI-0155,HUB-CMH,standard,2024-07-20T17:26:00,2024-07-22T17:26:00,delivered,,2024-07-24T11:26:00,,on_time
SHP-202407-000120,CLI-0169,HUB-DET,standard,2024-07-14T08:38:31,2024-07-17T08:38:31,delivered,RTE-DET-20240715-003,2024-07-17T16:38:31,,on_time
SHP-202407-000121,CLI-0169,HUB-IND,expedited,2024-07-27T19:09:18,2024-07-31T19:09:18,delivered,RTE-IND-20240728-001,2024-07-31T19:09:18,,on_time
SHP-202407-000122,CLI-0201,HUB-CIN,standard,2024-07-24T14:06:20,2024-07-25T14:06:20,delivered,,2024-07-28T19:06:20,,on_time
SHP-202407-000123,CLI-0007,HUB-CMH,expedited,2024-07-29T11:45:16,2024-08-02T11:45:16,delayed,RTE-CMH-20240730-001,2024-08-02T05:45:16,6,4-12h
SHP-202407-000124,CLI-0169,HUB-DET,standard,2024-07-11T18:34:57,2024-07-12T18:34:57,delivered,RTE-DET-20240711-004,2024-07-15T01:34:57,,on_time
SHP-202407-000125,CLI-0007,HUB-IND,freight,2024-07-30T15:29:34,2024-08-03T15:29:34,delivered,RTE-IND-20240730-002,2024-08-03T19:29:34,,on_time
SHP-202407-000126,CLI-0007,HUB-CHI,expedited,2024-07-12T09:58:16,2024-07-14T09:58:16,delivered,RTE-CHI-20240712-001,2024-07-14T20:58:16,,on_time
SHP-202407-000127,CLI-0042,HUB-CIN,freight,2024-07-29T18:28:26,2024-07-30T18:28:26,delivered,RTE-CIN-20240729-002,2024-08-03T02:28:26,,on_time
SHP-202407-000128,CLI-0042,HUB-CIN,standard,2024-07-02T14:35:01,2024-07-03T14:35:01,delivered,,2024-07-06T00:35:01,,on_time
SHP-202407-000129,CLI-0007,HUB-CMH,expedited,2024-07-11T10:40:17,2024-07-13T10:40:17,delivered,RTE-CMH-20240711-001,2024-07-13T10:40:17,,on_time
SHP-202407-000130,CLI-0169,HUB-CMH,expedited,2024-07-03T10:19:47,2024-07-07T10:19:47,delivered,RTE-CMH-20240703-001,2024-07-07T10:19:47,,on_time
SHP-202407-000131,CLI-0007,HUB-DET,standard,2024-07-30T19:12:33,2024-08-03T19:12:33,delivered,RTE-DET-20240730-004,2024-08-03T19:12:33,,on_time
SHP-202407-000132,CLI-0007,HUB-DET,standard,2024-07-04T09:11:52,2024-07-05T09:11:52,delivered,RTE-DET-20240704-001,2024-07-07T08:11:52,,on_time
SHP-202407-000133,CLI-0201,HUB-CHI,standard,2024-07-19T19:19:40,2024-07-20T19:19:40,delivered,,2024-07-24T03:19:40,,on_time
SHP-202407-000134,CLI-0042,HUB-CIN,standard,2024-07-02T18:16:29,2024-07-03T18:16:29,delivered,RTE-CIN-20240702-002,2024-07-06T04:16:29,,on_time
SHP-202407-000135,CLI-0007,HUB-CMH,expedited,2024-07-29T13:38:20,2024-07-30T13:38:20,delivered,RTE-CMH-20240730-003,2024-07-31T00:38:20,,on_time
SHP-202407-000136,CLI-0007,HUB-CHI,standard,2024-07-31T18:02:28,2024-08-03T18:02:28,delivered,RTE-CHI-20240731-002,2024-08-04T03:02:28,,on_time
SHP-202407-000137,CLI-0042,HUB-CIN,freight,2024-07-19T12:22:27,2024-07-20T12:22:27,delivered,,2024-07-23T18:22:27,,on_time
SHP-202407-000138,CLI-0042,HUB-CMH,standard,2024-07-10T10:43:17,2024-07-14T10:43:17,delivered,,2024-07-14T10:43:17,,on_time
SHP-202407-000139,CLI-0042,HUB-CHI,freight,2024-07-29T11:24:07,2024-08-02T11:24:07,delivered,,2024-08-02T11:24:07,,on_time
SHP-202407-000140,CLI-0155,HUB-CIN,expedited,2024-07-24T14:05:13,2024-07-28T14:05:13,delivered,RTE-CIN-20240724-001,2024-07-28T14:05:13,,on_time
SHP-202407-000141,CLI-0155,HUB-CHI,standard,2024-07-31T08:23:11,2024-08-02T08:23:11,delivered,,2024-08-04T00:23:11,,on_time
SHP-202407-000142,CLI-0042,HUB-CMH,standard,2024-07-08T11:43:03,2024-07-11T11:43:03,delivered,RTE-CMH-20240708-001,2024-07-12T00:43:03,,on_time
SHP-202407-000143,CLI-0201,HUB-DET,standard,2024-07-10T10:37:24,2024-07-14T10:37:24,delivered,RTE-DET-20240710-001,2024-07-15T10:37:24,,on_time
SHP-202407-000144,CLI-0042,HUB-CMH,freight,2024-07-18T18:34:36,2024-07-21T18:34:36,delivered,RTE-CMH-20240719-005,2024-07-23T12:34:36,,on_time
SHP-202407-000145,CLI-0201,HUB-DET,expedited,2024-07-10T20:24:32,2024-07-11T20:24:32,delivered,RTE-DET-20240711-001,2024-07-14T16:24:32,,on_time
SHP-202407-000146,CLI-0042,HUB-DET,standard,2024-07-12T16:26:10,2024-07-13T16:26:10,delivered,,2024-07-16T08:26:10,,on_time
SHP-202407-000147,CLI-0169,HUB-CIN,standard,2024-07-27T06:28:58,2024-07-28T06:28:58,delivered,RTE-CIN-20240727-001,2024-07-30T08:28:58,,on_time
SHP-202407-000148,CLI-0007,HUB-CIN,expedited,2024-07-26T19:01:12,2024-07-30T19:01:12,delivered,RTE-CIN-20240726-001,2024-07-30T19:01:12,,on_time
SHP-202407-000149,CLI-0169,HUB-DET,freight,2024-07-29T10:29:53,2024-07-31T10:29:53,delivered,,2024-08-02T18:29:53,,on_time
SHP-202407-000150,CLI-0169,HUB-CIN,standard,2024-07-30T17:16:26,2024-07-31T17:16:26,delivered,RTE-CIN-20240730-001,2024-08-02T11:16:26,,on_time
SHP-202407-000151,CLI-0201,HUB-CHI,expedited,2024-07-26T17:57:06,2024-07-28T17:57:06,delivered,,2024-07-30T00:57:06,,on_time
SHP-202407-000152,CLI-0042,HUB-CMH,freight,2024-07-11T13:58:28,2024-07-14T13:58:28,delivered,RTE-CMH-20240711-001,2024-07-16T00:58:28,,on_time
SHP-202407-000153,CLI-0201,HUB-CHI,expedited,2024-07-16T14:54:39,2024-07-18T14:54:39,delivered,RTE-CHI-20240716-002,2024-07-19T18:54:39,,on_time
SHP-202407-000154,CLI-0042,HUB-IND,freight,2024-07-05T17:47:31,2024-07-08T17:47:31,delivered,RTE-IND-20240705-001,2024-07-09T22:47:31,,on_time
SHP-202407-000155,CLI-0042,HUB-DET,standard,2024-07-18T11:15:39,2024-07-20T11:15:39,delivered,RTE-DET-20240718-001,2024-07-21T21:15:39,,on_time
SHP-202407-000156,CLI-0007,HUB-CIN,standard,2024-07-24T08:15:01,2024-07-25T08:15:01,delivered,,2024-07-26T21:15:01,,on_time
SHP-202407-000157,CLI-0155,HUB-IND,expedited,2024-07-22T09:36:25,2024-07-24T09:36:25,delivered,RTE-IND-20240723-002,2024-07-24T11:36:25,,on_time
SHP-202407-000158,CLI-0169,HUB-CMH,expedited,2024-07-06T20:22:26,2024-07-10T20:22:26,delivered,RTE-CMH-20240707-001,2024-07-10T20:22:26,,on_time
SHP-202407-000159,CLI-0007,HUB-CIN,standard,2024-07-08T06:00:47,2024-07-11T06:00:47,delivered,,2024-07-11T06:00:47,,on_time
SHP-202407-000160,CLI-0007,HUB-CHI,standard,2024-07-26T13:54:03,2024-07-29T13:54:03,delivered,RTE-CHI-20240726-002,2024-07-30T06:54:03,,on_time
SHP-202407-000161,CLI-0169,HUB-IND,standard,2024-07-28T18:08:38,2024-07-31T18:08:38,delivered,RTE-IND-20240728-001,2024-08-01T04:08:38,,on_time
SHP-202407-000162,CLI-0007,HUB-IND,standard,2024-07-31T19:31:51,2024-08-03T19:31:51,delivered,RTE-IND-20240801-002,2024-08-03T22:31:51,,on_time
SHP-202407-000163,CLI-0201,HUB-CHI,expedited,2024-07-19T15:36:53,2024-07-21T15:36:53,delivered,RTE-CHI-20240719-003,2024-07-23T03:36:53,,on_time
SHP-202407-000164,CLI-0155,HUB-IND,standard,2024-07-24T15:42:27,2024-07-25T15:42:27,delivered,RTE-IND-20240725-001,2024-07-27T10:42:27,,on_time
SHP-202407-000165,CLI-0169,HUB-DET,expedited,2024-07-22T07:33:39,2024-07-23T07:33:39,delivered,RTE-DET-20240722-001,2024-07-24T20:33:39,,on_time
SHP-202407-000166,CLI-0042,HUB-CMH,standard,2024-07-27T19:42:37,2024-07-29T19:42:37,delivered,RTE-CMH-20240730-003,2024-07-31T10:42:37,,on_time
SHP-202407-000167,CLI-0201,HUB-DET,standard,2024-07-02T12:04:16,2024-07-03T12:04:16,delivered,RTE-DET-20240702-004,2024-07-07T04:04:16,,on_time
SHP-202407-000168,CLI-0042,HUB-CIN,freight,2024-07-24T11:51:53,2024-07-27T11:51:53,delivered,RTE-CIN-20240724-001,2024-07-28T20:51:53,,on_time
SHP-202407-000169,CLI-0007,HUB-IND,standard,2024-07-19T07:31:57,2024-07-20T07:31:57,delivered,RTE-IND-20240720-001,2024-07-22T05:31:57,,on_time
SHP-202407-000170,CLI-0169,HUB-CMH,freight,2024-07-15T07:40:51,2024-07-16T07:40:51,delivered,RTE-CMH-20240715-001,2024-07-19T03:40:51,,on_time
SHP-202407-000171,CLI-0169,HUB-CHI,freight,2024-07-24T09:44:44,2024-07-25T09:44:44,delivered,RTE-CHI-20240724-001,2024-07-29T08:44:44,,on_time
SHP-202408-000001,CLI-0155,HUB-CHI,standard,2024-08-11T14:24:06,2024-08-13T14:24:06,delivered,RTE-CHI-20240812-001,2024-08-15T00:24:06,,on_time
SHP-202408-000002,CLI-0201,HUB-CIN,freight,2024-08-08T09:55:09,2024-08-09T09:55:09,delivered,RTE-CIN-20240808-003,2024-08-13T13:55:09,,on_time
SHP-202408-000003,CLI-0155,HUB-IND,expedited,2024-08-05T11:13:08,2024-08-09T11:13:08,delivered,RTE-IND-20240805-001,2024-08-09T11:13:08,,on_time
SHP-202408-000004,CLI-0201,HUB-CHI,expedited,2024-08-23T06:21:04,2024-08-26T06:21:04,delivered,RTE-CHI-20240823-004,2024-08-26T15:21:04,,on_time
SHP-202408-000005,CLI-0155,HUB-IND,expedited,2024-08-13T11:05:03,2024-08-14T11:05:03,delivered,RTE-IND-20240813-002,2024-08-15T11:05:03,,on_time
SHP-202408-000006,CLI-0042,HUB-CHI,standard,2024-08-29T09:01:58,2024-09-01T09:01:58,delivered,RTE-CHI-20240829-003,2024-09-01T09:01:58,,on_time
SHP-202408-000007,CLI-0201,HUB-DET,standard,2024-08-30T06:38:51,2024-08-31T06:38:51,delivered,,2024-09-03T18:38:51,,on_time
SHP-202408-000008,CLI-0169,HUB-CMH,standard,2024-08-28T14:32:15,2024-08-29T14:32:15,delivered,,2024-08-31T20:32:15,,on_time
SHP-202408-000009,CLI-0155,HUB-CMH,standard,2024-08-26T08:19:13,2024-08-27T08:19:13,delivered,RTE-CMH-20240828-001,2024-08-29T14:19:13,,on_time
SHP-202408-000010,CLI-0007,HUB-CMH,standard,2024-08-26T19:49:15,2024-08-27T19:49:15,delivered,RTE-CMH-20240827-003,2024-08-29T05:49:15,,on_time
SHP-202408-000011,CLI-0042,HUB-DET,standard,2024-08-23T12:43:36,2024-08-27T12:43:36,delivered,RTE-DET-20240823-001,2024-08-27T12:43:36,,on_time
SHP-202408-000012,CLI-0155,HUB-CMH,standard,2024-08-13T19:06:17,2024-08-14T19:06:17,delivered,RTE-CMH-20240813-001,2024-08-17T11:06:17,,on_time
SHP-202408-000013,CLI-0042,HUB-IND,expedited,2024-08-05T16:05:17,2024-08-07T16:05:17,delivered,,2024-08-07T16:05:17,,on_time
SHP-202408-000014,CLI-0169,HUB-CIN,standard,2024-08-19T20:53:52,2024-08-21T20:53:52,delivered,RTE-CIN-20240819-006,2024-08-22T23:53:52,,on_time
SHP-202408-000015,CLI-0201,HUB-IND,expedited,2024-08-30T18:46:12,2024-08-31T18:46:12,delivered,,2024-09-02T22:46:12,,on_time
SHP-202408-000016,CLI-0007,HUB-CMH,standard,2024-08-21T19:13:38,2024-08-25T19:13:38,delivered,,2024-08-25T19:13:38,,on_time
SHP-202408-000017,CLI-0201,HUB-CHI,freight,2024-08-06T07:54:25,2024-08-10T07:54:25,delivered,RTE-CHI-20240807-001,2024-08-11T12:54:25,,on_time
SHP-202408-000018,CLI-0201,HUB-CIN,standard,2024-08-07T11:06:02,2024-08-08T11:06:02,delivered,RTE-CIN-20240807-003,2024-08-11T20:06:02,,on_time
SHP-202408-000019,CLI-0155,HUB-CIN,freight,2024-08-02T19:36:59,2024-08-08T19:36:59,delayed,,2024-08-08T17:36:59,2,<4h
SHP-202408-000020,CLI-0155,HUB-DET,freight,2024-08-22T19:06:23,2024-08-26T19:06:23,delivered,RTE-DET-20240822-003,2024-08-27T13:06:23,,on_time
SHP-202408-000021,CLI-0155,HUB-CIN,freight,2024-08-30T12:53:19,2024-08-31T12:53:19,delivered,RTE-CIN-20240830-001,2024-09-04T05:53:19,,on_time
SHP-202408-000022,CLI-0155,HUB-CIN,expedited,2024-08-16T12:48:36,2024-08-17T12:48:36,delivered,,2024-08-19T01:48:36,,on_time
SHP-202408-000023,CLI-0042,HUB-IND,standard,2024-08-01T20:55:44,2024-08-02T20:55:44,delivered,RTE-IND-20240801-001,2024-08-04T14:55:44,,on_time
SHP-202408-000024,CLI-0042,HUB-IND,expedited,2024-08-20T06:41:37,2024-08-21T06:41:37,delivered,RTE-IND-20240820-004,2024-08-22T08:41:37,,on_time
SHP-202408-000025,CLI-0042,HUB-CIN,standard,2024-08-07T16:39:50,2024-08-10T16:39:50,delivered,RTE-CIN-20240807-003,2024-08-11T04:39:50,,on_time
SHP-202408-000026,CLI-0169,HUB-CMH,expedited,2024-08-12T11:03:50,2024-08-13T11:03:50,delivered,RTE-CMH-20240812-001,2024-08-14T17:03:50,,on_time
SHP-202408-000027,CLI-0201,HUB-CMH,freight,2024-08-21T20:06:47,2024-08-22T20:06:47,delivered,RTE-CMH-20240822-002,2024-08-27T01:06:47,,on_time
SHP-202408-000028,CLI-0042,HUB-IND,expedited,2024-08-20T20:20:55,2024-08-23T20:20:55,delivered,RTE-IND-20240820-001,2024-08-23T20:20:55,,on_time
SHP-202408-000029,CLI-0007,HUB-DET,expedited,2024-08-22T16:31:49,2024-08-25T16:31:49,delivered,,2024-08-25T16:31:49,,on_time
SHP-202408-000030,CLI-0042,HUB-DET,standard,2024-08-27T19:46:26,2024-08-31T19:46:26,delivered,,2024-08-31T19:46:26,,on_time
SHP-202408-000031,CLI-0201,HUB-IND,freight,2024-08-10T20:54:51,2024-08-11T20:54:51,delivered,RTE-IND-20240810-001,2024-08-16T01:54:51,,on_time
SHP-202408-000032,CLI-0169,HUB-CIN,standard,2024-08-06T16:40:11,2024-08-07T16:40:11,delivered,RTE-CIN-20240806-002,2024-08-09T19:40:11,,on_time
SHP-202408-000033,CLI-0201,HUB-CIN,expedited,2024-08-30T13:25:24,2024-08-31T13:25:24,delivered,RTE-CIN-20240830-001,2024-09-02T19:25:24,,on_time
SHP-202408-000034,CLI-0007,HUB-DET,expedited,2024-08-23T07:24:25,2024-08-24T07:24:25,delivered,RTE-DET-20240823-001,2024-08-25T12:24:25,,on_time
SHP-202408-000035,CLI-0201,HUB-CMH,standard,2024-08-10T11:17:55,2024-08-14T11:17:55,delivered,,2024-08-14T17:17:55,,on_time
SHP-202408-000036,CLI-0169,HUB-DET,standard,2024-08-14T08:06:53,2024-08-15T08:06:53,delivered,RTE-DET-20240814-001,2024-08-17T14:06:53,,on_time
SHP-202408-000037,CLI-0155,HUB-CIN,standard,2024-08-21T16:46:00,2024-08-25T16:46:00,delivered,RTE-CIN-20240821-001,2024-08-25T16:46:00,,on_time
SHP-202408-000038,CLI-0201,HUB-CIN,expedited,2024-08-02T15:24:42,2024-08-03T15:24:42,delivered,,2024-08-05T20:24:42,,on_time
SHP-202408-000039,CLI-0042,HUB-CHI,standard,2024-08-28T16:04:13,2024-09-05T16:04:13,delayed,RTE-CHI-20240829-001,2024-09-05T12:04:13,4,4-12h
SHP-202408-000040,CLI-0201,HUB-CHI,standard,2024-08-16T09:37:29,2024-08-17T09:37:29,delivered,RTE-CHI-20240816-002,2024-08-20T17:37:29,,on_time
SHP-202408-000041,CLI-0155,HUB-CMH,standard,2024-08-05T06:25:25,2024-08-06T06:25:25,delivered,RTE-CMH-20240806-003,2024-08-08T17:25:25,,on_time
SHP-202408-000042,CLI-0007,HUB-CIN,standard,2024-08-13T14:57:07,2024-08-14T14:57:07,delivered,RTE-CIN-20240813-004,2024-08-16T01:57:07,,on_time
SHP-202408-000043,CLI-0155,HUB-IND,freight,2024-08-22T07:04:52,2024-08-30T07:04:52,delayed,RTE-IND-20240822-001,2024-08-30T03:04:52,4,4-12h
SHP-202408-000044,CLI-0155,HUB-DET,standard,2024-08-16T20:49:06,2024-08-18T20:49:06,delivered,RTE-DET-20240816-003,2024-08-20T04:49:06,,on_time
SHP-202408-000045,CLI-0007,HUB-CMH,freight,2024-08-29T16:21:20,2024-08-30T16:21:20,delivered,RTE-CMH-20240829-003,2024-09-02T02:21:20,,on_time
SHP-202408-000046,CLI-0042,HUB-CIN,standard,2024-08-01T08:25:08,2024-08-02T08:25:08,delivered,RTE-CIN-20240802-001,2024-08-05T01:25:08,,on_time
SHP-202408-000047,CLI-0007,HUB-IND,expedited,2024-08-22T20:23:10,2024-08-25T20:23:10,delivered,RTE-IND-20240822-001,2024-08-25T20:23:10,,on_time
SHP-202408-000048,CLI-0169,HUB-CHI,standard,2024-08-02T12:05:25,2024-08-06T12:05:25,delivered,RTE-CHI-20240802-002,2024-08-06T17:05:25,,on_time
SHP-202408-000049,CLI-0169,HUB-DET,expedited,2024-08-26T16:10:09,2024-08-28T16:10:09,delivered,RTE-DET-20240826-001,2024-08-29T05:10:09,,on_time
SHP-202408-000050,CLI-0155,HUB-CIN,standard,2024-08-21T14:06:33,2024-08-22T14:06:33,delivered,,2024-08-25T03:06:33,,on_time
SHP-202408-000051,CLI-0201,HUB-IND,standard,2024-08-27T20:00:28,2024-08-31T20:00:28,delivered,RTE-IND-20240827-004,2024-08-31T21:00:28,,on_time
SHP-202408-000052,CLI-0169,HUB-CIN,freight,2024-08-19T20:10:43,2024-08-27T20:10:43,delayed,RTE-CIN-20240821-001,2024-08-27T14:10:43,6,4-12h
SHP-202408-000053,CLI-0042,HUB-CMH,freight,2024-08-26T15:44:08,2024-08-28T15:44:08,delivered,RTE-CMH-20240827-001,2024-08-31T09:44:08,,on_time
SHP-202408-000054,CLI-0201,HUB-DET,standard,2024-08-06T16:29:55,2024-08-09T16:29:55,delivered,RTE-DET-20240806-001,2024-08-11T09:29:55,,on_time
SHP-202408-000055,CLI-0155,HUB-CHI,expedited,2024-08-01T17:48:22,2024-08-02T17:48:22,delivered,RTE-CHI-20240801-001,2024-08-04T10:48:22,,on_time
SHP-202408-000056,CLI-0007,HUB-CMH,expedited,2024-08-21T14:22:53,2024-08-25T14:22:53,delivered,RTE-CMH-20240821-001,2024-08-25T14:22:53,,on_time
SHP-202408-000057,CLI-0169,HUB-DET,standard,2024-08-09T19:37:32,2024-08-13T19:37:32,delivered,,2024-08-13T19:37:32,,on_time
SHP-202408-000058,CLI-0007,HUB-CHI,standard,2024-08-23T06:09:58,2024-08-24T06:09:58,delivered,RTE-CHI-20240823-001,2024-08-26T12:09:58,,on_time
SHP-202408-000059,CLI-0201,HUB-IND,expedited,2024-08-27T10:52:11,2024-08-29T10:52:11,delivered,RTE-IND-20240827-004,2024-08-30T17:52:11,,on_time
SHP-202408-000060,CLI-0042,HUB-CMH,standard,2024-08-23T12:53:03,2024-08-26T12:53:03,delivered,RTE-CMH-20240823-003,2024-08-27T03:53:03,,on_time
SHP-202408-000061,CLI-0155,HUB-CIN,expedited,2024-08-01T15:01:56,2024-08-02T15:01:56,delivered,,2024-08-04T06:01:56,,on_time
SHP-202408-000062,CLI-0007,HUB-DET,standard,2024-08-12T13:29:39,2024-08-15T13:29:39,delivered,RTE-DET-20240812-001,2024-08-15T13:29:39,,on_time
SHP-202408-000063,CLI-0169,HUB-DET,expedited,2024-08-19T11:37:41,2024-08-20T11:37:41,delivered,RTE-DET-20240819-001,2024-08-21T21:37:41,,on_time
SHP-202408-000064,CLI-0169,HUB-CMH,freight,2024-08-22T18:27:01,2024-08-25T18:27:01,delivered,RTE-CMH-20240823-005,2024-08-26T19:27:01,,on_time
SHP-202408-000065,CLI-0155,HUB-DET,standard,2024-08-02T09:46:08,2024-08-05T09:46:08,delivered,RTE-DET-20240802-003,2024-08-06T02:46:08,,on_time
SHP-202408-000066,CLI-0155,HUB-DET,expedited,2024-08-27T18:05:03,2024-08-31T18:05:03,delivered,RTE-DET-20240828-001,2024-08-31T18:05:03,,on_time
SHP-202408-000067,CLI-0201,HUB-IND,standard,2024-08-28T18:12:26,2024-08-31T18:12:26,delivered,RTE-IND-20240828-001,2024-09-02T06:12:26,,on_time
SHP-202408-000068,CLI-0169,HUB-CIN,expedited,2024-08-19T09:54:20,2024-08-22T09:54:20,delivered,RTE-CIN-20240819-004,2024-08-22T09:54:20,,on_time
SHP-202408-000069,CLI-0042,HUB-CIN,freight,2024-08-23T08:06:38,2024-08-26T08:06:38,delivered,RTE-CIN-20240824-001,2024-08-27T14:06:38,,on_time
SHP-202408-000070,CLI-0042,HUB-CHI,standard,2024-08-05T12:58:33,2024-08-06T12:58:33,delivered,RTE-CHI-20240805-001,2024-08-08T00:58:33,,on_time
SHP-202408-000071,CLI-0155,HUB-CHI,expedited,2024-08-25T13:30:34,2024-08-29T13:30:34,delivered,RTE-CHI-20240826-001,2024-08-29T13:30:34,,on_time
SHP-202408-000072,CLI-0201,HUB-CMH,standard,2024-08-02T11:09:19,2024-08-03T11:09:19,delivered,RTE-CMH-20240802-002,2024-08-06T12:09:19,,on_time
SHP-202408-000073,CLI-0155,HUB-CMH,standard,2024-08-12T14:18:01,2024-08-14T14:18:01,delivered,RTE-CMH-20240813-001,2024-08-15T23:18:01,,on_time
SHP-202408-000074,CLI-0155,HUB-DET,standard,2024-08-28T17:42:28,2024-08-29T17:42:28,delivered,RTE-DET-20240828-003,2024-09-01T06:42:28,,on_time
SHP-202408-000075,CLI-0007,HUB-CHI,standard,2024-08-09T11:02:37,2024-08-10T11:02:37,delivered,RTE-CHI-20240809-005,2024-08-13T01:02:37,,on_time
SHP-202408-000076,CLI-0201,HUB-DET,standard,2024-08-30T08:52:18,2024-09-01T08:52:18,delivered,RTE-DET-20240830-001,2024-09-04T08:52:18,,on_time
SHP-202408-000077,CLI-0155,HUB-CMH,standard,2024-08-14T09:42:22,2024-08-17T09:42:22,delivered,,2024-08-17T17:42:22,,on_time
SHP-202408-000078,CLI-0169,HUB-CHI,freight,2024-08-06T10:58:38,2024-08-09T10:58:38,delivered,RTE-CHI-20240807-001,2024-08-11T10:58:38,,on_time
SHP-202408-000079,CLI-0201,HUB-CMH,standard,2024-08-05T12:51:23,2024-08-07T12:51:23,delivered,RTE-CMH-20240805-002,2024-08-09T13:51:23,,on_time
SHP-202408-000080,CLI-0169,HUB-DET,freight,2024-08-20T12:53:18,2024-08-21T12:53:18,delivered,RTE-DET-20240820-001,2024-08-25T01:53:18,,on_time
SHP-202408-000081,CLI-0007,HUB-CHI,standard,2024-08-28T06:26:07,2024-08-29T06:26:07,delivered,RTE-CHI-20240829-002,2024-08-31T17:26:07,,on_time
SHP-202408-000082,CLI-0007,HUB-CIN,freight,2024-08-20T14:21:25,2024-08-22T14:21:25,delivered,,2024-08-24T04:21:25,,on_time
SHP-202408-000083,CLI-0155,HUB-DET,expedited,2024-08-16T18:07:43,2024-08-19T18:07:43,delivered,RTE-DET-20240817-001,2024-08-19T18:07:43,,on_time
SHP-202408-000084,CLI-0201,HUB-CHI,expedited,2024-08-23T18:27:35,2024-08-24T18:27:35,delivered,,2024-08-26T23:27:35,,on_time
SHP-202408-000085,CLI-0169,HUB-CHI,standard,2024-08-16T18:20:52,2024-08-17T18:20:52,delivered,RTE-CHI-20240816-002,2024-08-20T17:20:52,,on_time
SHP-202408-000086,CLI-0201,HUB-DET,freight,2024-08-04T08:06:59,2024-08-06T08:06:59,delivered,,2024-08-10T03:06:59,,on_time
SHP-202408-000087,CLI-0201,HUB-DET,standard,2024-08-27T08:54:18,2024-08-30T08:54:18,delivered,,2024-08-31T21:54:18,,on_time
SHP-202408-000088,CLI-0155,HUB-DET,standard,2024-08-19T06:53:57,2024-08-21T06:53:57,delivered,RTE-DET-20240819-002,2024-08-22T20:53:57,,on_time
SHP-202408-000089,CLI-0007,HUB-CHI,expedited,2024-08-19T07:10:39,2024-08-20T07:10:39,delivered,RTE-CHI-20240819-001,2024-08-22T01:10:39,,on_time
SHP-202408-000090,CLI-0201,HUB-CIN,standard,2024-08-21T06:37:35,2024-08-23T06:37:35,delivered,RTE-CIN-20240821-004,2024-08-25T08:37:35,,on_time
SHP-202408-000091,CLI-0169,HUB-CMH,standard,2024-08-29T07:43:29,2024-08-30T07:43:29,delivered,RTE-CMH-20240829-002,2024-09-01T11:43:29,,on_time
SHP-202408-000092,CLI-0201,HUB-CHI,standard,2024-08-09T11:11:54,2024-08-10T11:11:54,delivered,RTE-CHI-20240809-005,2024-08-13T19:11:54,,on_time
SHP-202408-000093,CLI-0007,HUB-CHI,standard,2024-08-20T16:13:09,2024-08-21T16:13:09,delivered,RTE-CHI-20240820-003,2024-08-24T05:13:09,,on_time
SHP-202408-000094,CLI-0042,HUB-CIN,freight,2024-08-01T06:34:11,2024-08-02T06:34:11,delivered,,2024-08-05T17:34:11,,on_time
SHP-202408-000095,CLI-0201,HUB-CMH,freight,2024-08-28T17:21:24,2024-08-29T17:21:24,delivered,RTE-CMH-20240828-001,2024-09-02T20:21:24,,on_time
SHP-202408-000096,CLI-0007,HUB-CHI,standard,2024-08-29T19:33:49,2024-09-01T19:33:49,delivered,RTE-CHI-20240829-002,2024-09-02T08:33:49,,on_time
SHP-202408-000097,CLI-0155,HUB-DET,expedited,2024-08-06T13:34:36,2024-08-07T13:34:36,delivered,RTE-DET-20240806-001,2024-08-09T07:34:36,,on_time
SHP-202408-000098,CLI-0155,HUB-CHI,expedited,2024-08-16T10:21:45,2024-08-17T10:21:45,delivered,RTE-CHI-20240816-002,2024-08-19T04:21:45,,on_time
SHP-202408-000099,CLI-0007,HUB-CHI,expedited,2024-08-30T14:39:43,2024-09-03T14:39:43,delivered,RTE-CHI-20240902-001,2024-09-03T14:39:43,,on_time
SHP-202408-000100,CLI-0155,HUB-CMH,standard,2024-08-18T12:12:35,2024-08-19T12:12:35,delivered,RTE-CMH-20240819-001,2024-08-22T01:12:35,,on_time
SHP-202408-000101,CLI-0201,HUB-IND,standard,2024-08-04T08:23:06,2024-08-08T08:23:06,delivered,RTE-IND-20240804-001,2024-08-08T15:23:06,,on_time
SHP-202408-000102,CLI-0201,HUB-CIN,standard,2024-08-27T15:37:52,2024-08-28T15:37:52,delivered,RTE-CIN-20240829-003,2024-08-31T22:37:52,,on_time
SHP-202408-000103,CLI-0155,HUB-CMH,standard,2024-08-23T19:01:45,2024-08-27T19:01:45,delivered,RTE-CMH-20240823-004,2024-08-27T19:01:45,,on_time
SHP-202408-000104,CLI-0169,HUB-CMH,standard,2024-08-16T10:50:01,2024-08-19T10:50:01,delivered,RTE-CMH-20240816-001,2024-08-19T13:50:01,,on_time
SHP-202408-000105,CLI-0042,HUB-CHI,standard,2024-08-14T15:02:32,2024-08-17T15:02:32,delivered,RTE-CHI-20240816-002,2024-08-17T15:02:32,,on_time
SHP-202408-000106,CLI-0169,HUB-DET,standard,2024-08-12T08:04:42,2024-08-13T08:04:42,delivered,RTE-DET-20240812-002,2024-08-15T15:04:42,,on_time
SHP-202408-000107,CLI-0007,HUB-IND,standard,2024-08-02T15:04:23,2024-08-04T15:04:23,delivered,RTE-IND-20240802-002,2024-08-05T19:04:23,,on_time
SHP-202408-000108,CLI-0169,HUB-CHI,standard,2024-08-07T12:54:15,2024-08-10T12:54:15,delivered,,2024-08-11T15:54:15,,on_time
SHP-202408-000109,CLI-0042,HUB-CMH,expedited,2024-08-02T08:28:50,2024-08-03T08:28:50,delivered,RTE-CMH-20240802-001,2024-08-04T17:28:50,,on_time
SHP-202408-000110,CLI-0169,HUB-CHI,standard,2024-08-30T15:34:42,2024-09-03T15:34:42,delivered,RTE-CHI-20240902-001,2024-09-03T15:34:42,,on_time
SHP-202408-000111,CLI-0201,HUB-CHI,standard,2024-08-16T13:04:25,2024-08-17T13:04:25,delivered,RTE-CHI-20240816-002,2024-08-20T19:04:25,,on_time
SHP-202408-000112,CLI-0155,HUB-CHI,freight,2024-08-16T19:56:59,2024-08-18T19:56:59,delivered,,2024-08-21T02:56:59,,on_time
SHP-202408-000113,CLI-0007,HUB-CIN,standard,2024-08-09T07:27:08,2024-08-13T07:27:08,delivered,RTE-CIN-20240809-001,2024-08-13T07:27:08,,on_time
SHP-202408-000114,CLI-0042,HUB-DET,expedited,2024-08-05T15:28:14,2024-08-09T15:28:14,delivered,RTE-DET-20240805-001,2024-08-09T15:28:14,,on_time
SHP-202408-000115,CLI-0042,HUB-CIN,standard,2024-08-16T16:02:04,2024-08-17T16:02:04,delivered,RTE-CIN-20240816-001,2024-08-20T07:02:04,,on_time
SHP-202408-000116,CLI-0155,HUB-DET,standard,2024-08-23T09:45:19,2024-08-24T09:45:19,delivered,RTE-DET-20240823-001,2024-08-27T03:45:19,,on_time
SHP-202408-000117,CLI-0042,HUB-CMH,standard,2024-08-27T19:26:40,2024-08-31T19:26:40,delivered,RTE-CMH-20240827-005,2024-08-31T19:26:40,,on_time
SHP-202408-000118,CLI-0169,HUB-IND,freight,2024-08-14T10:28:06,2024-08-18T10:28:06,delivered,RTE-IND-20240814-001,2024-08-19T03:28:06,,on_time
SHP-202408-000119,CLI-0169,HUB-CMH,expedited,2024-08-14T06:49:46,2024-08-15T06:49:46,delivered,RTE-CMH-20240814-001,2024-08-16T12:49:46,,on_time
SHP-202408-000120,CLI-0007,HUB-CMH,standard,2024-08-02T08:07:48,2024-08-06T08:07:48,delivered,RTE-CMH-20240802-002,2024-08-06T08:07:48,,on_time
SHP-202408-000121,CLI-0169,HUB-CHI,standard,2024-08-04T12:27:57,2024-08-08T12:27:57,delivered,RTE-CHI-20240805-001,2024-08-08T15:27:57,,on_time
SHP-202408-000122,CLI-0155,HUB-CIN,standard,2024-08-21T13:26:54,2024-08-23T13:26:54,delivered,,2024-08-24T19:26:54,,on_time
SHP-202408-000123,CLI-0155,HUB-CHI,freight,2024-08-08T18:06:14,2024-08-11T18:06:14,delivered,RTE-CHI-20240808-001,2024-08-13T05:06:14,,on_time
SHP-202408-000124,CLI-0169,HUB-CHI,standard,2024-08-17T10:11:13,2024-08-18T10:11:13,delivered,RTE-CHI-20240818-002,2024-08-21T07:11:13,,on_time
SHP-202408-000125,CLI-0201,HUB-CHI,expedited,2024-08-26T18:05:06,2024-08-30T18:05:06,delivered,,2024-08-30T18:05:06,,on_time
SHP-202408-000126,CLI-0201,HUB-CMH,freight,2024-08-27T10:03:36,2024-08-31T10:03:36,delivered,RTE-CMH-20240827-005,2024-09-01T21:03:36,,on_time
SHP-202408-000127,CLI-0169,HUB-DET,freight,2024-08-29T19:03:00,2024-09-02T19:03:00,delivered,,2024-09-03T02:03:00,,on_time
SHP-202408-000128,CLI-0201,HUB-DET,standard,2024-08-21T07:34:52,2024-08-22T07:34:52,delivered,RTE-DET-20240821-001,2024-08-25T22:34:52,,on_time
SHP-202408-000129,CLI-0169,HUB-CMH,standard,2024-08-11T20:44:24,2024-08-12T20:44:24,delivered,RTE-CMH-20240812-004,2024-08-14T18:44:24,,on_time
SHP-202408-000130,CLI-0007,HUB-CMH,freight,2024-08-23T16:38:02,2024-08-24T16:38:02,delivered,RTE-CMH-20240823-004,2024-08-27T10:38:02,,on_time
SHP-202408-000131,CLI-0169,HUB-CMH,standard,2024-08-14T12:44:02,2024-08-18T12:44:02,delivered,RTE-CMH-20240814-002,2024-08-18T12:44:02,,on_time
SHP-202408-000132,CLI-0155,HUB-IND,standard,2024-08-24T13:23:14,2024-08-25T13:23:14,delivered,RTE-IND-20240825-001,2024-08-27T07:23:14,,on_time
SHP-202408-000133,CLI-0201,HUB-CIN,standard,2024-08-02T09:39:06,2024-08-05T09:39:06,delivered,,2024-08-06T13:39:06,,on_time
SHP-202408-000134,CLI-0201,HUB-CMH,freight,2024-08-06T20:18:24,2024-08-08T20:18:24,delivered,RTE-CMH-20240806-001,2024-08-11T20:18:24,,on_time
SHP-202408-000135,CLI-0201,HUB-CHI,standard,2024-08-28T13:23:42,2024-08-31T13:23:42,delivered,,2024-09-01T16:23:42,,on_time
SHP-202408-000136,CLI-0155,HUB-CIN,standard,2024-08-09T15:41:56,2024-08-11T15:41:56,delivered,RTE-CIN-20240809-001,2024-08-13T08:41:56,,on_time
SHP-202408-000137,CLI-0155,HUB-CHI,standard,2024-08-08T10:16:16,2024-08-09T10:16:16,delivered,,2024-08-12T04:16:16,,on_time
SHP-202408-000138,CLI-0169,HUB-CIN,standard,2024-08-19T13:14:16,2024-08-20T13:14:16,delivered,,2024-08-22T13:14:16,,on_time
SHP-202408-000139,CLI-0155,HUB-IND,expedited,2024-08-13T15:36:06,2024-08-17T15:36:06,delivered,RTE-IND-20240813-001,2024-08-17T15:36:06,,on_time
SHP-202408-000140,CLI-0007,HUB-IND,standard,2024-08-31T09:50:57,2024-09-02T09:50:57,delivered,RTE-IND-20240831-001,2024-09-03T06:50:57,,on_time
SHP-202408-000141,CLI-0155,HUB-DET,freight,2024-08-15T17:07:38,2024-08-17T17:07:38,delivered,RTE-DET-20240815-002,2024-08-20T03:07:38,,on_time
SHP-202408-000142,CLI-0201,HUB-IND,freight,2024-08-22T10:51:32,2024-08-26T10:51:32,delivered,RTE-IND-20240823-001,2024-08-27T19:51:32,,on_time
SHP-202408-000143,CLI-0155,HUB-CMH,expedited,2024-08-28T17:40:33,2024-08-30T17:40:33,delivered,,2024-08-31T08:40:33,,on_time
SHP-202408-000144,CLI-0201,HUB-IND,standard,2024-08-14T09:11:13,2024-08-18T09:11:13,delivered,RTE-IND-20240814-001,2024-08-18T16:11:13,,on_time
SHP-202408-000145,CLI-0169,HUB-CHI,freight,2024-08-08T14:38:18,2024-08-11T14:38:18,delivered,,2024-08-13T13:38:18,,on_time
SHP-202408-000146,CLI-0169,HUB-CIN,standard,2024-08-27T11:31:13,2024-08-28T11:31:13,delivered,RTE-CIN-20240829-001,2024-08-30T14:31:13,,on_time
SHP-202408-000147,CLI-0042,HUB-IND,standard,2024-08-27T07:51:45,2024-08-30T07:51:45,delivered,RTE-IND-20240828-001,2024-08-30T08:51:45,,on_time
SHP-202408-000148,CLI-0169,HUB-IND,freight,2024-08-07T09:21:48,2024-08-08T09:21:48,delivered,RTE-IND-20240807-001,2024-08-11T19:21:48,,on_time
SHP-202408-000149,CLI-0169,HUB-IND,expedited,2024-08-08T08:07:01,2024-08-11T08:07:01,delivered,,2024-08-11T08:07:01,,on_time
SHP-202408-000150,CLI-0155,HUB-CMH,expedited,2024-08-21T07:28:50,2024-08-22T07:28:50,delivered,RTE-CMH-20240821-001,2024-08-23T15:28:50,,on_time
SHP-202408-000151,CLI-0169,HUB-CHI,standard,2024-08-13T08:05:36,2024-08-16T08:05:36,delivered,RTE-CHI-20240813-005,2024-08-17T06:05:36,,on_time
SHP-202408-000152,CLI-0169,HUB-DET,freight,2024-08-28T07:12:12,2024-08-29T07:12:12,delivered,RTE-DET-20240828-002,2024-09-01T22:12:12,,on_time
SHP-202408-000153,CLI-0201,HUB-CHI,standard,2024-08-23T16:15:54,2024-08-26T16:15:54,delivered,RTE-CHI-20240823-006,2024-08-28T00:15:54,,on_time
SHP-202408-000154,CLI-0007,HUB-DET,expedited,2024-08-29T18:13:32,2024-08-31T18:13:32,delivered,RTE-DET-20240829-001,2024-08-31T22:13:32,,on_time
SHP-202408-000155,CLI-0201,HUB-CHI,standard,2024-08-16T10:34:37,2024-08-19T10:34:37,delivered,,2024-08-20T22:34:37,,on_time
SHP-202408-000156,CLI-0201,HUB-CMH,standard,2024-08-28T14:26:45,2024-09-01T14:26:45,delivered,RTE-CMH-20240828-002,2024-09-02T02:26:45,,on_time
SHP-202408-000157,CLI-0007,HUB-IND,standard,2024-08-09T14:30:46,2024-08-10T14:30:46,delivered,RTE-IND-20240810-001,2024-08-12T18:30:46,,on_time
SHP-202408-000158,CLI-0007,HUB-CHI,expedited,2024-08-19T17:30:04,2024-08-21T17:30:04,delivered,RTE-CHI-20240819-003,2024-08-22T04:30:04,,on_time
SHP-202408-000159,CLI-0201,HUB-CMH,standard,2024-08-09T14:06:28,2024-08-10T14:06:28,delivered,RTE-CMH-20240809-002,2024-08-14T02:06:28,,on_time
SHP-202408-000160,CLI-0007,HUB-CMH,standard,2024-08-21T15:02:05,2024-08-23T15:02:05,delivered,RTE-CMH-20240821-001,2024-08-23T23:02:05,,on_time
SHP-202408-000161,CLI-0169,HUB-IND,freight,2024-08-23T06:55:02,2024-08-26T06:55:02,delivered,,2024-08-27T15:55:02,,on_time
SHP-202408-000162,CLI-0201,HUB-CMH,standard,2024-08-01T16:01:06,2024-08-06T16:01:06,delayed,,2024-08-06T14:01:06,2,<4h
SHP-202409-000001,CLI-0007,HUB-DET,standard,2024-09-24T16:44:22,2024-09-26T16:44:22,delivered,RTE-DET-20240924-002,2024-09-27T22:44:22,,on_time
SHP-202409-000002,CLI-0155,HUB-CIN,freight,2024-09-27T11:34:39,2024-09-28T11:34:39,delivered,,2024-10-02T03:34:39,,on_time
SHP-202409-000003,CLI-0169,HUB-CMH,standard,2024-09-27T16:50:19,2024-09-28T16:50:19,delivered,RTE-CMH-20240927-002,2024-09-30T10:50:19,,on_time
SHP-202409-000004,CLI-0169,HUB-CMH,freight,2024-09-20T16:44:58,2024-09-21T16:44:58,delivered,RTE-CMH-20240920-001,2024-09-24T14:44:58,,on_time
SHP-202409-000005,CLI-0042,HUB-DET,standard,2024-09-18T06:16:50,2024-09-21T06:16:50,delivered,RTE-DET-20240919-001,2024-09-21T22:16:50,,on_time
SHP-202409-000006,CLI-0169,HUB-CHI,expedited,2024-09-19T10:53:11,2024-09-23T10:53:11,delivered,RTE-CHI-20240919-004,2024-09-23T10:53:11,,on_time
SHP-202409-000007,CLI-0007,HUB-CIN,freight,2024-09-12T17:25:26,2024-09-16T17:25:26,delivered,,2024-09-16T17:25:26,,on_time
SHP-202409-000008,CLI-0201,HUB-IND,expedited,2024-09-25T17:26:49,2024-09-29T17:26:49,delivered,,2024-09-29T17:26:49,,on_time
SHP-202409-000009,CLI-0201,HUB-IND,standard,2024-09-02T06:32:05,2024-09-03T06:32:05,delivered,,2024-09-06T16:32:05,,on_time
SHP-202409-000010,CLI-0169,HUB-CMH,freight,2024-09-09T11:18:04,2024-09-13T11:18:04,delivered,,2024-09-13T14:18:04,,on_time
SHP-202409-000011,CLI-0169,HUB-CMH,standard,2024-09-12T15:07:12,2024-09-13T15:07:12,delivered,RTE-CMH-20240912-001,2024-09-15T13:07:12,,on_time
SHP-202409-000012,CLI-0155,HUB-CMH,standard,2024-09-09T14:26:04,2024-09-11T14:26:04,delivered,RTE-CMH-20240909-003,2024-09-13T08:26:04,,on_time
SHP-202409-000013,CLI-0155,HUB-DET,standard,2024-09-21T10:45:08,2024-09-22T10:45:08,delivered,RTE-DET-20240923-001,2024-09-24T22:45:08,,on_time
SHP-202409-000014,CLI-0201,HUB-DET,standard,2024-09-25T09:29:54,2024-09-28T09:29:54,delivered,,2024-09-30T05:29:54,,on_time
SHP-202409-000015,CLI-0042,HUB-DET,standard,2024-09-26T17:06:11,2024-09-28T17:06:11,delivered,RTE-DET-20240928-004,2024-09-30T11:06:11,,on_time
SHP-202409-000016,CLI-0007,HUB-IND,expedited,2024-09-06T14:11:05,2024-09-07T14:11:05,delivered,RTE-IND-20240906-001,2024-09-08T09:11:05,,on_time
SHP-202409-000017,CLI-0169,HUB-DET,standard,2024-09-30T13:34:43,2024-10-02T13:34:43,delivered,RTE-DET-20241001-001,2024-10-04T01:34:43,,on_time
SHP-202409-000018,CLI-0169,HUB-DET,freight,2024-09-09T15:42:47,2024-09-10T15:42:47,delivered,,2024-09-14T02:42:47,,on_time
SHP-202409-000019,CLI-0169,HUB-IND,freight,2024-09-24T10:44:08,2024-09-27T10:44:08,delivered,RTE-IND-20240924-001,2024-09-28T20:44:08,,on_time
SHP-202409-000020,CLI-0201,HUB-DET,expedited,2024-09-11T18:50:34,2024-09-13T18:50:34,delivered,RTE-DET-20240911-003,2024-09-15T11:50:34,,on_time
SHP-202409-000021,CLI-0169,HUB-IND,freight,2024-09-08T11:44:45,2024-09-10T11:44:45,delivered,RTE-IND-20240908-001,2024-09-13T02:44:45,,on_time
SHP-202409-000022,CLI-0201,HUB-DET,standard,2024-09-25T06:18:39,2024-09-29T06:18:39,delivered,RTE-DET-20240925-002,2024-09-30T04:18:39,,on_time
SHP-202409-000023,CLI-0042,HUB-DET,standard,2024-09-13T08:20:22,2024-09-14T08:20:22,delivered,,2024-09-16T19:20:22,,on_time
SHP-202409-000024,CLI-0155,HUB-CMH,expedited,2024-09-12T18:30:43,2024-09-13T18:30:43,delivered,,2024-09-15T04:30:43,,on_time
SHP-202409-000025,CLI-0169,HUB-DET,freight,2024-09-11T08:57:33,2024-09-17T08:57:33,delayed,RTE-DET-20240911-003,2024-09-17T01:57:33,7,4-12h
SHP-202409-000026,CLI-0042,HUB-DET,standard,2024-09-27T09:28:14,2024-09-28T09:28:14,delivered,,2024-10-01T00:28:14,,on_time
SHP-202409-000027,CLI-0201,HUB-DET,freight,2024-09-24T07:20:16,2024-09-28T07:20:16,delivered,,2024-09-30T04:20:16,,on_time
SHP-202409-000028,CLI-0042,HUB-CIN,standard,2024-09-13T19:28:15,2024-09-16T19:28:15,delivered,RTE-CIN-20240913-003,2024-09-17T02:28:15,,on_time
SHP-202409-000029,CLI-0169,HUB-IND,standard,2024-09-04T10:20:04,2024-09-10T10:20:04,delayed,,2024-09-10T03:20:04,7,4-12h
SHP-202409-000030,CLI-0042,HUB-DET,standard,2024-09-04T13:33:01,2024-09-08T13:33:01,delivered,RTE-DET-20240904-001,2024-09-08T13:33:01,,on_time
SHP-202409-000031,CLI-0201,HUB-CMH,freight,2024-09-30T15:36:08,2024-10-01T15:36:08,delivered,RTE-CMH-20240930-001,2024-10-06T03:36:08,,on_time
SHP-202409-000032,CLI-0042,HUB-IND,expedited,2024-09-04T16:19:18,2024-09-05T16:19:18,delivered,RTE-IND-20240904-002,2024-09-06T18:19:18,,on_time
SHP-202409-000033,CLI-0201,HUB-CHI,expedited,2024-09-12T07:35:54,2024-09-15T07:35:54,delivered,,2024-09-15T11:35:54,,on_time
SHP-202409-000034,CLI-0201,HUB-IND,expedited,2024-09-12T15:16:23,2024-09-16T15:16:23,delivered,RTE-IND-20240912-001,2024-09-16T15:16:23,,on_time
SHP-202409-000035,CLI-0155,HUB-DET,freight,2024-09-20T15:43:28,2024-09-24T15:43:28,delivered,RTE-DET-20240920-002,2024-09-25T01:43:28,,on_time
SHP-202409-000036,CLI-0201,HUB-IND,standard,2024-09-12T15:46:47,2024-09-13T15:46:47,delivered,RTE-IND-20240912-002,2024-09-16T16:46:47,,on_time
SHP-202409-000037,CLI-0007,HUB-CMH,expedited,2024-09-18T07:30:06,2024-09-22T07:30:06,delivered,RTE-CMH-20240918-001,2024-09-22T07:30:06,,on_time
SHP-202409-000038,CLI-0155,HUB-CMH,standard,2024-09-30T18:03:07,2024-10-01T18:03:07,delivered,RTE-CMH-20240930-001,2024-10-04T12:03:07,,on_time
SHP-202409-000039,CLI-0007,HUB-CHI,freight,2024-09-09T07:47:02,2024-09-13T07:47:02,delivered,,2024-09-13T15:47:02,,on_time
SHP-202409-000040,CLI-0042,HUB-CIN,expedited,2024-09-06T08:57:30,2024-09-07T08:57:30,delivered,RTE-CIN-20240906-002,2024-09-08T16:57:30,,on_time
SHP-202409-000041,CLI-0169,HUB-CHI,freight,2024-09-09T16:24:50,2024-09-11T16:24:50,delivered,,2024-09-14T11:24:50,,on_time
SHP-202409-000042,CLI-0201,HUB-IND,standard,2024-09-25T07:23:40,2024-09-29T07:23:40,delivered,,2024-09-29T10:23:40,,on_time
SHP-202409-000043,CLI-0155,HUB-CMH,standard,2024-09-20T16:08:40,2024-09-21T16:08:40,delivered,RTE-CMH-20240920-002,2024-09-24T00:08:40,,on_time
SHP-202409-000044,CLI-0007,HUB-CIN,expedited,2024-09-10T11:33:51,2024-09-11T11:33:51,delivered,RTE-CIN-20240912-002,2024-09-11T18:33:51,,on_time
SHP-202409-000045,CLI-0155,HUB-CMH,standard,2024-09-18T10:35:48,2024-09-21T10:35:48,delivered,RTE-CMH-20240918-001,2024-09-21T16:35:48,,on_time
SHP-202409-000046,CLI-0201,HUB-DET,standard,2024-09-18T06:55:18,2024-09-19T06:55:18,delivered,RTE-DET-20240919-003,2024-09-23T06:55:18,,on_time
SHP-202409-000047,CLI-0169,HUB-DET,standard,2024-09-05T12:44:00,2024-09-06T12:44:00,delivered,,2024-09-09T06:44:00,,on_time
SHP-202409-000048,CLI-0155,HUB-IND,standard,2024-09-01T12:56:04,2024-09-05T12:56:04,delivered,RTE-IND-20240901-001,2024-09-05T12:56:04,,on_time
SHP-202409-000049,CLI-0169,HUB-CIN,standard,2024-09-10T11:08:05,2024-09-11T11:08:05,delivered,RTE-CIN-20240911-001,2024-09-13T11:08:05,,on_time
SHP-202409-000050,CLI-0169,HUB-DET,freight,2024-09-19T11:32:44,2024-09-22T11:32:44,delivered,,2024-09-24T00:32:44,,on_time
SHP-202409-000051,CLI-0155,HUB-IND,freight,2024-09-06T14:57:42,2024-09-10T14:57:42,delivered,RTE-IND-20240906-001,2024-09-10T14:57:42,,on_time
SHP-202409-000052,CLI-0201,HUB-CIN,standard,2024-09-28T10:26:19,2024-10-02T10:26:19,delivered,RTE-CIN-20240929-001,2024-10-02T19:26:19,,on_time
SHP-202409-000053,CLI-0155,HUB-CMH,standard,2024-09-04T18:26:49,2024-09-05T18:26:49,delivered,RTE-CMH-20240905-002,2024-09-08T05:26:49,,on_time
SHP-202409-000054,CLI-0155,HUB-IND,standard,2024-09-20T13:58:48,2024-09-21T13:58:48,delivered,RTE-IND-20240921-001,2024-09-23T15:58:48,,on_time
SHP-202409-000055,CLI-0201,HUB-CIN,expedited,2024-09-04T15:35:09,2024-09-08T15:35:09,delivered,RTE-CIN-20240904-001,2024-09-08T15:35:09,,on_time
SHP-202409-000056,CLI-0042,HUB-CIN,freight,2024-09-09T08:39:10,2024-09-13T08:39:10,delivered,RTE-CIN-20240909-001,2024-09-13T20:39:10,,on_time
SHP-202409-000057,CLI-0169,HUB-CIN,standard,2024-09-17T14:28:56,2024-09-18T14:28:56,delivered,RTE-CIN-20240917-001,2024-09-20T09:28:56,,on_time
SHP-202409-000058,CLI-0042,HUB-CHI,freight,2024-09-12T16:39:15,2024-09-16T16:39:15,delivered,RTE-CHI-20240912-002,2024-09-16T16:39:15,,on_time
SHP-202409-000059,CLI-0155,HUB-CMH,expedited,2024-09-21T18:04:38,2024-09-23T18:04:38,delivered,RTE-CMH-20240921-002,2024-09-24T11:04:38,,on_time
SHP-202409-000060,CLI-0169,HUB-DET,freight,2024-09-11T14:15:43,2024-09-13T14:15:43,delivered,RTE-DET-20240911-001,2024-09-16T02:15:43,,on_time
SHP-202409-000061,CLI-0155,HUB-DET,standard,2024-09-17T08:12:05,2024-09-20T08:12:05,delivered,RTE-DET-20240917-003,2024-09-20T14:12:05,,on_time
SHP-202409-000062,CLI-0201,HUB-CHI,expedited,2024-09-17T19:18:58,2024-09-18T19:18:58,delivered,RTE-CHI-20240917-002,2024-09-20T19:18:58,,on_time
SHP-202409-000063,CLI-0201,HUB-CMH,freight,2024-09-26T13:08:01,2024-09-27T13:08:01,delivered,RTE-CMH-20240927-001,2024-10-01T19:08:01,,on_time
SHP-202409-000064,CLI-0169,HUB-DET,expedited,2024-09-02T11:00:25,2024-09-06T11:00:25,delivered,RTE-DET-20240902-001,2024-09-06T11:00:25,,on_time
SHP-202409-000065,CLI-0201,HUB-CMH,standard,2024-09-09T16:48:17,2024-09-12T16:48:17,delivered,RTE-CMH-20240909-001,2024-09-13T16:48:17,,on_time
SHP-202409-000066,CLI-0042,HUB-IND,standard,2024-09-20T13:30:59,2024-09-22T13:30:59,delivered,RTE-IND-20240920-001,2024-09-23T12:30:59,,on_time
SHP-202409-000067,CLI-0042,HUB-CHI,standard,2024-09-08T18:30:48,2024-09-10T18:30:48,delivered,RTE-CHI-20240909-001,2024-09-11T07:30:48,,on_time
SHP-202409-000068,CLI-0201,HUB-CIN,standard,2024-09-04T10:00:46,2024-09-08T10:00:46,delivered,RTE-CIN-20240904-002,2024-09-08T11:00:46,,on_time
SHP-202409-000069,CLI-0155,HUB-IND,standard,2024-09-23T13:43:49,2024-09-25T13:43:49,delivered,RTE-IND-20240924-001,2024-09-26T09:43:49,,on_time
SHP-202409-000070,CLI-0155,HUB-CMH,expedited,2024-09-05T17:39:21,2024-09-07T17:39:21,delivered,,2024-09-08T09:39:21,,on_time
SHP-202409-000071,CLI-0042,HUB-CMH,expedited,2024-09-23T11:32:40,2024-09-27T11:32:40,delivered,RTE-CMH-20240923-001,2024-09-27T11:32:40,,on_time
SHP-202409-000072,CLI-0007,HUB-IND,freight,2024-09-09T08:09:05,2024-09-11T08:09:05,delivered,RTE-IND-20240909-005,2024-09-13T09:09:05,,on_time
SHP-202409-000073,CLI-0155,HUB-IND,freight,2024-09-09T18:15:11,2024-09-10T18:15:11,delivered,RTE-IND-20240911-002,2024-09-13T17:15:11,,on_time
SHP-202409-000074,CLI-0042,HUB-CHI,freight,2024-09-09T07:36:37,2024-09-11T07:36:37,delivered,,2024-09-13T01:36:37,,on_time
SHP-202409-000075,CLI-0169,HUB-CIN,standard,2024-09-27T06:20:59,2024-09-29T06:20:59,delivered,RTE-CIN-20240927-001,2024-09-30T07:20:59,,on_time
SHP-202409-000076,CLI-0169,HUB-CMH,freight,2024-09-10T10:04:51,2024-09-13T10:04:51,delivered,RTE-CMH-20240910-006,2024-09-14T06:04:51,,on_time
SHP-202409-000077,CLI-0007,HUB-DET,standard,2024-09-30T10:33:32,2024-10-02T10:33:32,delivered,RTE-DET-20241001-003,2024-10-03T06:33:32,,on_time
SHP-202409-000078,CLI-0169,HUB-CIN,expedited,2024-09-24T15:04:54,2024-09-25T15:04:54,delivered,RTE-CIN-20240924-002,2024-09-26T14:04:54,,on_time
SHP-202409-000079,CLI-0169,HUB-CIN,freight,2024-09-27T06:04:13,2024-09-28T06:04:13,delivered,RTE-CIN-20240927-002,2024-10-01T10:04:13,,on_time
SHP-202409-000080,CLI-0201,HUB-DET,expedited,2024-09-23T11:14:53,2024-09-27T11:14:53,delivered,RTE-DET-20240924-001,2024-09-27T11:14:53,,on_time
SHP-202409-000081,CLI-0155,HUB-CIN,standard,2024-09-19T16:57:19,2024-09-23T16:57:19,delivered,RTE-CIN-20240919-001,2024-09-23T16:57:19,,on_time
SHP-202409-000082,CLI-0201,HUB-CMH,standard,2024-09-08T15:58:19,2024-09-09T15:58:19,delivered,RTE-CMH-20240909-002,2024-09-12T16:58:19,,on_time
SHP-202409-000083,CLI-0042,HUB-CMH,standard,2024-09-13T06:37:54,2024-09-15T06:37:54,delivered,,2024-09-16T23:37:54,,on_time
SHP-202409-000084,CLI-0007,HUB-IND,standard,2024-09-12T15:56:00,2024-09-13T15:56:00,delivered,,2024-09-15T15:56:00,,on_time
SHP-202409-000085,CLI-0169,HUB-CHI,standard,2024-09-03T11:17:08,2024-09-05T11:17:08,delivered,,2024-09-07T12:17:08,,on_time
SHP-202409-000086,CLI-0155,HUB-CMH,standard,2024-09-03T11:36:35,2024-09-05T11:36:35,delivered,RTE-CMH-20240903-001,2024-09-06T18:36:35,,on_time
SHP-202409-000087,CLI-0007,HUB-CMH,standard,2024-09-18T09:34:54,2024-09-22T09:34:54,delivered,RTE-CMH-20240918-001,2024-09-22T09:34:54,,on_time
SHP-202409-000088,CLI-0201,HUB-DET,standard,2024-09-26T17:01:02,2024-09-28T17:01:02,delivered,RTE-DET-20240926-002,2024-10-01T14:01:02,,on_time
SHP-202409-000089,CLI-0007,HUB-CHI,freight,2024-09-17T16:18:17,2024-09-22T16:18:17,delayed,RTE-CHI-20240917-001,2024-09-22T09:18:17,7,4-12h
SHP-202409-000090,CLI-0169,HUB-CMH,standard,2024-09-25T18:02:51,2024-10-01T18:02:51,delayed,RTE-CMH-20240925-002,2024-10-01T10:02:51,8,4-12h
SHP-202409-000091,CLI-0007,HUB-CMH,freight,2024-09-17T09:58:21,2024-09-20T09:58:21,delivered,RTE-CMH-20240917-001,2024-09-20T15:58:21,,on_time
SHP-202409-000092,CLI-0169,HUB-IND,freight,2024-09-27T14:19:46,2024-09-28T14:19:46,delivered,RTE-IND-20240927-002,2024-10-02T08:19:46,,on_time
SHP-202409-000093,CLI-0042,HUB-IND,expedited,2024-09-04T17:12:44,2024-09-05T17:12:44,delivered,,2024-09-06T13:12:44,,on_time
SHP-202409-000094,CLI-0155,HUB-IND,standard,2024-09-12T18:07:55,2024-09-13T18:07:55,delivered,RTE-IND-20240912-001,2024-09-15T17:07:55,,on_time
SHP-202409-000095,CLI-0169,HUB-CHI,expedited,2024-09-01T10:00:33,2024-09-02T10:00:33,delivered,RTE-CHI-20240902-001,2024-09-04T15:00:33,,on_time
SHP-202409-000096,CLI-0155,HUB-IND,expedited,2024-09-02T11:14:35,2024-09-03T11:14:35,delivered,RTE-IND-20240903-001,2024-09-04T08:14:35,,on_time
SHP-202409-000097,CLI-0155,HUB-IND,freight,2024-09-26T14:58:33,2024-09-30T14:58:33,delivered,RTE-IND-20240927-002,2024-09-30T15:58:33,,on_time
SHP-202409-000098,CLI-0007,HUB-CHI,freight,2024-09-14T12:55:21,2024-09-16T12:55:21,delivered,,2024-09-19T06:55:21,,on_time
SHP-202409-000099,CLI-0007,HUB-CMH,standard,2024-09-05T09:32:20,2024-09-09T09:32:20,delivered,RTE-CMH-20240905-002,2024-09-09T09:32:20,,on_time
SHP-202409-000100,CLI-0155,HUB-CIN,standard,2024-09-20T19:22:57,2024-09-21T19:22:57,delivered,RTE-CIN-20240920-002,2024-09-24T12:22:57,,on_time
SHP-202409-000101,CLI-0155,HUB-CHI,freight,2024-09-03T06:46:05,2024-09-07T06:46:05,delivered,RTE-CHI-20240903-001,2024-09-07T15:46:05,,on_time
SHP-202409-000102,CLI-0155,HUB-CHI,standard,2024-09-16T11:54:20,2024-09-18T11:54:20,delivered,,2024-09-20T04:54:20,,on_time
SHP-202409-000103,CLI-0169,HUB-CMH,freight,2024-09-24T12:56:30,2024-09-26T12:56:30,delivered,,2024-09-28T13:56:30,,on_time
SHP-202409-000104,CLI-0042,HUB-CHI,standard,2024-09-28T11:14:08,2024-09-29T11:14:08,delivered,RTE-CHI-20240928-001,2024-10-01T01:14:08,,on_time
SHP-202409-000105,CLI-0155,HUB-IND,standard,2024-09-12T17:26:16,2024-09-13T17:26:16,delivered,RTE-IND-20240913-003,2024-09-15T18:26:16,,on_time
SHP-202409-000106,CLI-0042,HUB-CMH,freight,2024-09-04T18:32:56,2024-09-05T18:32:56,delivered,,2024-09-09T09:32:56,,on_time
SHP-202409-000107,CLI-0169,HUB-CHI,standard,2024-09-24T07:29:18,2024-09-28T07:29:18,delivered,RTE-CHI-20240925-001,2024-09-28T12:29:18,,on_time
SHP-202409-000108,CLI-0201,HUB-CMH,freight,2024-09-13T08:24:56,2024-09-14T08:24:56,delivered,RTE-CMH-20240913-001,2024-09-18T08:24:56,,on_time
SHP-202409-000109,CLI-0155,HUB-DET,freight,2024-09-24T11:09:32,2024-09-27T11:09:32,delivered,RTE-DET-20240924-004,2024-09-29T04:09:32,,on_time
SHP-202409-000110,CLI-0007,HUB-CMH,expedited,2024-09-19T11:37:36,2024-09-20T11:37:36,delivered,RTE-CMH-20240919-004,2024-09-21T03:37:36,,on_time
SHP-202409-000111,CLI-0007,HUB-CHI,expedited,2024-09-17T14:01:23,2024-09-21T14:01:23,delivered,RTE-CHI-20240917-001,2024-09-21T14:01:23,,on_time
SHP-202409-000112,CLI-0201,HUB-CIN,expedited,2024-09-20T07:29:48,2024-09-24T07:29:48,delivered,RTE-CIN-20240920-001,2024-09-24T07:29:48,,on_time
SHP-202409-000113,CLI-0201,HUB-CIN,freight,2024-09-18T12:57:57,2024-09-21T12:57:57,delivered,,2024-09-23T22:57:57,,on_time
SHP-202409-000114,CLI-0042,HUB-DET,standard,2024-09-04T20:17:41,2024-09-06T20:17:41,delivered,,2024-09-08T07:17:41,,on_time
SHP-202409-000115,CLI-0155,HUB-CIN,expedited,2024-09-30T17:14:07,2024-10-04T17:14:07,delivered,RTE-CIN-20240930-002,2024-10-04T17:14:07,,on_time
SHP-202409-000116,CLI-0042,HUB-CIN,expedited,2024-09-03T19:04:53,2024-09-04T19:04:53,delivered,RTE-CIN-20240904-003,2024-09-06T04:04:53,,on_time
SHP-202409-000117,CLI-0169,HUB-IND,standard,2024-09-06T12:55:40,2024-09-07T12:55:40,delivered,,2024-09-10T06:55:40,,on_time
SHP-202409-000118,CLI-0169,HUB-CMH,expedited,2024-09-17T19:52:30,2024-09-21T19:52:30,delivered,RTE-CMH-20240917-001,2024-09-21T19:52:30,,on_time
SHP-202409-000119,CLI-0007,HUB-IND,standard,2024-09-26T16:25:05,2024-09-27T16:25:05,delivered,RTE-IND-20240926-001,2024-09-29T17:25:05,,on_time
SHP-202409-000120,CLI-0042,HUB-IND,standard,2024-09-09T11:00:16,2024-09-10T11:00:16,delivered,RTE-IND-20240909-005,2024-09-12T11:00:16,,on_time
SHP-202409-000121,CLI-0007,HUB-CMH,freight,2024-09-24T11:42:00,2024-09-25T11:42:00,delivered,,2024-09-27T21:42:00,,on_time
SHP-202409-000122,CLI-0007,HUB-CHI,standard,2024-09-30T09:12:03,2024-10-03T09:12:03,delivered,RTE-CHI-20240930-001,2024-10-03T18:12:03,,on_time
SHP-202409-000123,CLI-0201,HUB-CIN,standard,2024-09-17T16:47:18,2024-09-21T16:47:18,delivered,RTE-CIN-20240917-001,2024-09-21T19:47:18,,on_time
SHP-202409-000124,CLI-0007,HUB-DET,standard,2024-09-03T19:07:50,2024-09-05T19:07:50,delivered,RTE-DET-20240903-001,2024-09-06T15:07:50,,on_time
SHP-202409-000125,CLI-0201,HUB-CMH,freight,2024-09-05T10:20:40,2024-09-06T10:20:40,delivered,RTE-CMH-20240905-001,2024-09-10T19:20:40,,on_time
SHP-202409-000126,CLI-0201,HUB-CHI,standard,2024-09-06T12:49:55,2024-09-07T12:49:55,delivered,,2024-09-10T14:49:55,,on_time
SHP-202409-000127,CLI-0155,HUB-IND,standard,2024-09-30T15:26:51,2024-10-04T15:26:51,delivered,RTE-IND-20240930-005,2024-10-04T15:26:51,,on_time
SHP-202409-000128,CLI-0201,HUB-CIN,standard,2024-09-12T14:08:12,2024-09-15T14:08:12,delivered,,2024-09-17T00:08:12,,on_time
SHP-202409-000129,CLI-0169,HUB-CHI,freight,2024-09-19T20:20:21,2024-09-23T20:20:21,delivered,RTE-CHI-20240919-002,2024-09-24T16:20:21,,on_time
SHP-202409-000130,CLI-0007,HUB-CIN,expedited,2024-09-03T12:23:22,2024-09-05T12:23:22,delivered,RTE-CIN-20240903-001,2024-09-05T12:23:22,,on_time
SHP-202409-000131,CLI-0201,HUB-CIN,standard,2024-09-12T12:17:09,2024-09-13T12:17:09,delivered,RTE-CIN-20240912-001,2024-09-16T22:17:09,,on_time
SHP-202409-000132,CLI-0007,HUB-CIN,expedited,2024-09-26T19:05:05,2024-09-30T19:05:05,delivered,RTE-CIN-20240926-002,2024-09-30T19:05:05,,on_time
SHP-202409-000133,CLI-0042,HUB-CHI,standard,2024-09-16T13:44:35,2024-09-18T13:44:35,delivered,RTE-CHI-20240916-002,2024-09-18T22:44:35,,on_time
SHP-202409-000134,CLI-0169,HUB-IND,freight,2024-09-29T17:40:45,2024-10-02T17:40:45,delivered,RTE-IND-20240929-001,2024-10-03T23:40:45,,on_time
SHP-202409-000135,CLI-0155,HUB-CIN,expedited,2024-09-20T19:01:56,2024-09-23T19:01:56,delivered,RTE-CIN-20240920-002,2024-09-23T19:01:56,,on_time
SHP-202409-000136,CLI-0155,HUB-DET,standard,2024-09-24T11:32:50,2024-09-28T11:32:50,delivered,RTE-DET-20240925-002,2024-09-28T11:32:50,,on_time
SHP-202409-000137,CLI-0201,HUB-CHI,standard,2024-09-18T17:18:34,2024-09-19T17:18:34,delivered,RTE-CHI-20240918-001,2024-09-23T03:18:34,,on_time
SHP-202409-000138,CLI-0007,HUB-CHI,expedited,2024-09-27T12:08:04,2024-10-01T12:08:04,delivered,RTE-CHI-20240928-001,2024-10-01T12:08:04,,on_time
SHP-202409-000139,CLI-0169,HUB-CIN,standard,2024-09-25T13:26:59,2024-09-27T13:26:59,delivered,RTE-CIN-20240925-001,2024-09-28T12:26:59,,on_time
SHP-202409-000140,CLI-0169,HUB-CHI,standard,2024-09-28T07:32:17,2024-10-02T07:32:17,delivered,RTE-CHI-20240928-002,2024-10-02T07:32:17,,on_time
SHP-202409-000141,CLI-0155,HUB-CMH,standard,2024-09-26T17:12:43,2024-09-29T17:12:43,delivered,RTE-CMH-20240927-005,2024-09-30T00:12:43,,on_time
SHP-202409-000142,CLI-0042,HUB-IND,freight,2024-09-19T16:37:16,2024-09-20T16:37:16,delivered,RTE-IND-20240919-001,2024-09-23T14:37:16,,on_time
SHP-202409-000143,CLI-0201,HUB-CIN,expedited,2024-09-17T13:21:54,2024-09-18T13:21:54,delivered,RTE-CIN-20240917-001,2024-09-20T18:21:54,,on_time
SHP-202409-000144,CLI-0169,HUB-IND,expedited,2024-09-18T16:09:31,2024-09-19T16:09:31,delivered,RTE-IND-20240918-001,2024-09-20T22:09:31,,on_time
SHP-202409-000145,CLI-0155,HUB-CHI,standard,2024-09-13T08:31:42,2024-09-17T08:31:42,delivered,RTE-CHI-20240913-002,2024-09-17T08:31:42,,on_time
SHP-202409-000146,CLI-0007,HUB-CIN,standard,2024-09-03T07:12:53,2024-09-07T07:12:53,delivered,,2024-09-07T07:12:53,,on_time
SHP-202409-000147,CLI-0042,HUB-IND,standard,2024-09-27T13:18:11,2024-09-30T13:18:11,delivered,RTE-IND-20240927-001,2024-09-30T13:18:11,,on_time
SHP-202409-000148,CLI-0042,HUB-DET,standard,2024-09-13T18:51:28,2024-09-14T18:51:28,delivered,RTE-DET-20240913-003,2024-09-17T01:51:28,,on_time
SHP-202409-000149,CLI-0201,HUB-CMH,expedited,2024-09-18T08:39:18,2024-09-19T08:39:18,delivered,,2024-09-21T10:39:18,,on_time
SHP-202409-000150,CLI-0201,HUB-DET,standard,2024-09-02T11:45:58,2024-09-03T11:45:58,delivered,RTE-DET-20240902-001,2024-09-07T01:45:58,,on_time
SHP-202409-000151,CLI-0201,HUB-CMH,expedited,2024-09-29T08:51:27,2024-09-30T08:51:27,delivered,RTE-CMH-20240929-001,2024-10-02T15:51:27,,on_time
SHP-202409-000152,CLI-0042,HUB-CIN,standard,2024-09-21T17:11:43,2024-09-23T17:11:43,delivered,RTE-CIN-20240923-003,2024-09-25T04:11:43,,on_time
SHP-202409-000153,CLI-0155,HUB-IND,expedited,2024-09-12T09:18:52,2024-09-13T09:18:52,delivered,,2024-09-14T07:18:52,,on_time
SHP-202409-000154,CLI-0201,HUB-CHI,freight,2024-09-25T11:12:46,2024-09-26T11:12:46,delivered,RTE-CHI-20240925-001,2024-09-30T11:12:46,,on_time
SHP-202409-000155,CLI-0169,HUB-CIN,standard,2024-09-26T16:49:26,2024-09-27T16:49:26,delivered,RTE-CIN-20240927-001,2024-09-29T10:49:26,,on_time
SHP-202409-000156,CLI-0201,HUB-DET,standard,2024-09-11T12:04:20,2024-09-15T12:04:20,delivered,,2024-09-16T09:04:20,,on_time
SHP-202409-000157,CLI-0201,HUB-IND,freight,2024-09-10T19:41:07,2024-09-13T19:41:07,delivered,RTE-IND-20240911-002,2024-09-15T20:41:07,,on_time
SHP-202409-000158,CLI-0201,HUB-DET,standard,2024-09-05T16:26:33,2024-09-09T16:26:33,delivered,RTE-DET-20240905-004,2024-09-10T07:26:33,,on_time
SHP-202409-000159,CLI-0155,HUB-CIN,standard,2024-09-30T19:35:08,2024-10-04T19:35:08,delivered,,2024-10-04T19:35:08,,on_time
SHP-202410-000001,CLI-0042,HUB-CHI,expedited,2024-10-21T17:32:33,2024-10-25T17:32:33,delivered,RTE-CHI-20241021-006,2024-10-25T17:32:33,,on_time
SHP-202410-000002,CLI-0155,HUB-CHI,standard,2024-10-09T19:04:56,2024-10-10T19:04:56,delivered,RTE-CHI-20241009-001,2024-10-13T06:04:56,,on_time
SHP-202410-000003,CLI-0155,HUB-CHI,freight,2024-10-27T15:59:01,2024-10-28T15:59:01,delivered,RTE-CHI-20241029-002,2024-11-01T09:59:01,,on_time
SHP-202410-000004,CLI-0169,HUB-DET,standard,2024-10-30T18:02:03,2024-11-02T18:02:03,delivered,RTE-DET-20241101-002,2024-11-03T01:02:03,,on_time
SHP-202410-000005,CLI-0007,HUB-CIN,freight,2024-10-04T16:47:11,2024-10-05T16:47:11,delivered,RTE-CIN-20241004-001,2024-10-08T05:47:11,,on_time
SHP-202410-000006,CLI-0155,HUB-CHI,standard,2024-10-17T15:41:33,2024-10-20T15:41:33,delivered,RTE-CHI-20241017-001,2024-10-20T21:41:33,,on_time
SHP-202410-000007,CLI-0155,HUB-CIN,standard,2024-10-28T06:11:19,2024-10-31T06:11:19,delivered,RTE-CIN-20241028-001,2024-10-31T16:11:19,,on_time
SHP-202410-000008,CLI-0201,HUB-IND,standard,2024-10-16T19:56:43,2024-10-20T19:56:43,delivered,RTE-IND-20241017-001,2024-10-20T21:56:43,,on_time
SHP-202410-000009,CLI-0169,HUB-IND,standard,2024-10-15T13:26:08,2024-10-17T13:26:08,delivered,RTE-IND-20241015-003,2024-10-18T20:26:08,,on_time
SHP-202410-000010,CLI-0007,HUB-CMH,freight,2024-10-22T17:06:33,2024-10-23T17:06:33,delivered,RTE-CMH-20241023-001,2024-10-26T07:06:33,,on_time
SHP-202410-000011,CLI-0201,HUB-IND,freight,2024-10-30T13:04:56,2024-10-31T13:04:56,delivered,RTE-IND-20241030-001,2024-11-04T13:04:56,,on_time
SHP-202410-000012,CLI-0007,HUB-IND,standard,2024-10-01T19:48:58,2024-10-02T19:48:58,delivered,RTE-IND-20241001-001,2024-10-05T01:48:58,,on_time
SHP-202410-000013,CLI-0201,HUB-CHI,standard,2024-10-25T13:05:38,2024-10-26T13:05:38,delivered,,2024-10-29T23:05:38,,on_time
SHP-202410-000014,CLI-0007,HUB-DET,standard,2024-10-17T11:44:38,2024-10-19T11:44:38,delivered,RTE-DET-20241017-002,2024-10-20T05:44:38,,on_time
SHP-202410-000015,CLI-0042,HUB-CMH,standard,2024-10-10T10:41:29,2024-10-12T10:41:29,delivered,RTE-CMH-20241010-002,2024-10-13T16:41:29,,on_time
SHP-202410-000016,CLI-0201,HUB-CIN,standard,2024-10-04T14:38:34,2024-10-06T14:38:34,delivered,RTE-CIN-20241004-001,2024-10-08T17:38:34,,on_time
SHP-202410-000017,CLI-0042,HUB-CMH,standard,2024-10-08T08:47:44,2024-10-09T08:47:44,delivered,RTE-CMH-20241008-002,2024-10-12T02:47:44,,on_time
SHP-202410-000018,CLI-0201,HUB-CHI,standard,2024-10-11T17:34:07,2024-10-15T17:34:07,delivered,RTE-CHI-20241011-005,2024-10-16T00:34:07,,on_time
SHP-202410-000019,CLI-0169,HUB-CHI,expedited,2024-10-25T15:13:04,2024-10-26T15:13:04,delivered,RTE-CHI-20241026-001,2024-10-28T15:13:04,,on_time
SHP-202410-000020,CLI-0169,HUB-IND,freight,2024-10-31T18:58:33,2024-11-01T18:58:33,delivered,RTE-IND-20241031-003,2024-11-05T09:58:33,,on_time
SHP-202410-000021,CLI-0042,HUB-CHI,standard,2024-10-28T06:34:36,2024-10-31T06:34:36,delivered,RTE-CHI-20241028-001,2024-10-31T06:34:36,,on_time
SHP-202410-000022,CLI-0201,HUB-DET,expedited,2024-10-23T17:05:56,2024-10-26T17:05:56,delivered,RTE-DET-20241023-001,2024-10-27T09:05:56,,on_time
SHP-202410-000023,CLI-0169,HUB-CHI,expedited,2024-10-04T17:44:30,2024-10-08T17:44:30,delayed,,2024-10-08T07:44:30,10,4-12h
SHP-202410-000024,CLI-0155,HUB-CHI,freight,2024-10-02T11:07:51,2024-10-03T11:07:51,delivered,RTE-CHI-20241002-002,2024-10-06T18:07:51,,on_time
SHP-202410-000025,CLI-0042,HUB-CHI,expedited,2024-10-10T17:04:05,2024-10-14T17:04:05,delivered,RTE-CHI-20241010-001,2024-10-14T17:04:05,,on_time
SHP-202410-000026,CLI-0169,HUB-CHI,expedited,2024-10-13T13:54:13,2024-10-15T13:54:13,delivered,RTE-CHI-20241014-001,2024-10-16T13:54:13,,on_time
SHP-202410-000027,CLI-0169,HUB-IND,freight,2024-10-18T06:57:28,2024-10-19T06:57:28,delivered,RTE-IND-20241018-006,2024-10-22T22:57:28,,on_time
SHP-202410-000028,CLI-0155,HUB-CMH,standard,2024-10-06T19:16:12,2024-10-10T19:16:12,delivered,RTE-CMH-20241007-003,2024-10-10T19:16:12,,on_time
SHP-202410-000029,CLI-0042,HUB-DET,standard,2024-10-09T11:14:58,2024-10-12T11:14:58,delivered,RTE-DET-20241009-002,2024-10-13T05:14:58,,on_time
SHP-202410-000030,CLI-0169,HUB-DET,freight,2024-10-31T06:04:52,2024-11-01T06:04:52,delivered,RTE-DET-20241031-002,2024-11-04T18:04:52,,on_time
SHP-202410-000031,CLI-0201,HUB-DET,standard,2024-10-22T08:47:48,2024-10-23T08:47:48,delivered,RTE-DET-20241023-003,2024-10-27T05:47:48,,on_time
SHP-202410-000032,CLI-0155,HUB-CMH,standard,2024-10-22T16:37:23,2024-10-26T16:37:23,delivered,RTE-CMH-20241023-001,2024-10-26T16:37:23,,on_time
SHP-202410-000033,CLI-0155,HUB-CHI,freight,2024-10-29T11:13:21,2024-10-30T11:13:21,delivered,RTE-CHI-20241029-004,2024-11-02T21:13:21,,on_time
SHP-202410-000034,CLI-0201,HUB-CHI,standard,2024-10-24T18:55:18,2024-10-28T18:55:18,delivered,,2024-10-29T02:55:18,,on_time
SHP-202410-000035,CLI-0042,HUB-IND,standard,2024-10-25T20:41:01,2024-10-29T20:41:01,delivered,RTE-IND-20241027-001,2024-10-29T20:41:01,,on_time
SHP-202410-000036,CLI-0169,HUB-DET,freight,2024-10-08T16:20:19,2024-10-10T16:20:19,delivered,,2024-10-13T02:20:19,,on_time
SHP-202410-000037,CLI-0201,HUB-DET,freight,2024-10-22T07:11:10,2024-10-25T07:11:10,delivered,,2024-10-28T01:11:10,,on_time
SHP-202410-000038,CLI-0155,HUB-CHI,standard,2024-10-04T07:58:17,2024-10-05T07:58:17,delivered,RTE-CHI-20241004-001,2024-10-07T21:58:17,,on_time
SHP-202410-000039,CLI-0007,HUB-CHI,standard,2024-10-09T14:48:14,2024-10-13T14:48:14,delivered,RTE-CHI-20241009-002,2024-10-13T14:48:14,,on_time
SHP-202410-000040,CLI-0201,HUB-IND,expedited,2024-10-30T14:04:04,2024-10-31T14:04:04,delivered,,2024-11-03T00:04:04,,on_time
SHP-202410-000041,CLI-0155,HUB-CHI,standard,2024-10-31T11:05:52,2024-11-03T11:05:52,delivered,RTE-CHI-20241101-001,2024-11-04T02:05:52,,on_time
SHP-202410-000042,CLI-0169,HUB-CMH,expedited,2024-10-01T18:38:47,2024-10-04T18:38:47,delivered,,2024-10-04T18:38:47,,on_time
SHP-202410-000043,CLI-0201,HUB-CIN,standard,2024-10-16T20:02:50,2024-10-17T20:02:50,delivered,RTE-CIN-20241016-002,2024-10-21T06:02:50,,on_time
SHP-202410-000044,CLI-0007,HUB-IND,standard,2024-10-09T12:07:40,2024-10-11T12:07:40,delivered,RTE-IND-20241010-001,2024-10-12T12:07:40,,on_time
SHP-202410-000045,CLI-0169,HUB-IND,expedited,2024-10-08T16:28:54,2024-10-10T16:28:54,delivered,RTE-IND-20241008-002,2024-10-11T04:28:54,,on_time
SHP-202410-000046,CLI-0007,HUB-CHI,standard,2024-10-02T15:47:18,2024-10-03T15:47:18,delivered,,2024-10-06T06:47:18,,on_time
SHP-202410-000047,CLI-0169,HUB-CHI,expedited,2024-10-06T17:03:33,2024-10-10T17:03:33,delivered,,2024-10-10T17:03:33,,on_time
SHP-202410-000048,CLI-0042,HUB-IND,standard,2024-10-29T09:41:28,2024-11-04T09:41:28,delayed,RTE-IND-20241029-001,2024-11-03T23:41:28,10,4-12h
SHP-202410-000049,CLI-0042,HUB-CIN,standard,2024-10-15T08:10:53,2024-10-16T08:10:53,delivered,,2024-10-19T02:10:53,,on_time
SHP-202410-000050,CLI-0042,HUB-DET,standard,2024-10-14T07:26:07,2024-10-16T07:26:07,delivered,RTE-DET-20241014-001,2024-10-18T00:26:07,,on_time
SHP-202410-000051,CLI-0007,HUB-DET,expedited,2024-10-10T11:54:16,2024-10-13T11:54:16,delivered,,2024-10-13T11:54:16,,on_time
SHP-202410-000052,CLI-0007,HUB-CHI,expedited,2024-10-30T17:01:25,2024-10-31T17:01:25,delivered,,2024-11-02T07:01:25,,on_time
SHP-202410-000053,CLI-0155,HUB-CHI,standard,2024-10-25T14:48:56,2024-10-28T14:48:56,delivered,RTE-CHI-20241028-001,2024-10-28T22:48:56,,on_time
SHP-202410-000054,CLI-0169,HUB-IND,expedited,2024-10-23T14:35:45,2024-10-26T14:35:45,delivered,RTE-IND-20241023-001,2024-10-26T14:35:45,,on_time
SHP-202410-000055,CLI-0007,HUB-CMH,standard,2024-10-30T20:10:02,2024-10-31T20:10:02,delivered,,2024-11-02T13:10:02,,on_time
SHP-202410-000056,CLI-0007,HUB-DET,freight,2024-10-24T19:43:02,2024-10-27T19:43:02,delivered,RTE-DET-20241024-001,2024-10-28T22:43:02,,on_time
SHP-202410-000057,CLI-0042,HUB-CHI,standard,2024-10-25T13:59:56,2024-10-26T13:59:56,delivered,,2024-10-27T20:59:56,,on_time
SHP-202410-000058,CLI-0155,HUB-CIN,expedited,2024-10-23T11:35:13,2024-10-24T11:35:13,delivered,RTE-CIN-20241023-001,2024-10-25T17:35:13,,on_time
SHP-202410-000059,CLI-0042,HUB-CHI,standard,2024-10-22T15:57:09,2024-10-23T15:57:09,delivered,RTE-CHI-20241022-006,2024-10-25T08:57:09,,on_time
SHP-202410-000060,CLI-0007,HUB-DET,expedited,2024-10-07T16:37:52,2024-10-11T16:37:52,delivered,RTE-DET-20241007-001,2024-10-11T16:37:52,,on_time
SHP-202410-000061,CLI-0007,HUB-IND,standard,2024-10-30T12:47:26,2024-11-01T12:47:26,delivered,RTE-IND-20241030-001,2024-11-02T09:47:26,,on_time
SHP-202410-000062,CLI-0042,HUB-CHI,freight,2024-10-30T20:01:21,2024-11-03T20:01:21,delivered,,2024-11-03T20:01:21,,on_time
SHP-202410-000063,CLI-0007,HUB-CHI,expedited,2024-10-30T15:41:06,2024-11-02T15:41:06,delivered,RTE-CHI-20241030-003,2024-11-02T15:41:06,,on_time
SHP-202410-000064,CLI-0007,HUB-CMH,standard,2024-10-08T07:13:03,2024-10-09T07:13:03,delivered,RTE-CMH-20241008-002,2024-10-10T22:13:03,,on_time
SHP-202410-000065,CLI-0007,HUB-CHI,expedited,2024-10-30T13:23:51,2024-10-31T13:23:51,delivered,RTE-CHI-20241030-001,2024-11-02T07:23:51,,on_time
SHP-202410-000066,CLI-0169,HUB-CHI,standard,2024-10-17T19:50:54,2024-10-20T19:50:54,delivered,RTE-CHI-20241017-002,2024-10-21T22:50:54,,on_time
SHP-202410-000067,CLI-0042,HUB-DET,expedited,2024-10-24T08:07:14,2024-10-26T08:07:14,delivered,RTE-DET-20241024-001,2024-10-26T17:07:14,,on_time
SHP-202410-000068,CLI-0042,HUB-CHI,standard,2024-10-09T10:52:17,2024-10-13T10:52:17,delivered,,2024-10-13T10:52:17,,on_time
SHP-202410-000069,CLI-0042,HUB-CMH,standard,2024-10-10T16:39:55,2024-10-14T16:39:55,delivered,,2024-10-14T16:39:55,,on_time
SHP-202410-000070,CLI-0042,HUB-CHI,standard,2024-10-16T18:06:45,2024-10-17T18:06:45,delivered,,2024-10-19T03:06:45,,on_time
SHP-202410-000071,CLI-0042,HUB-CHI,standard,2024-10-23T11:35:29,2024-10-26T11:35:29,delivered,RTE-CHI-20241023-001,2024-10-26T11:35:29,,on_time
SHP-202410-000072,CLI-0201,HUB-CIN,standard,2024-10-15T09:18:50,2024-10-21T09:18:50,delayed,RTE-CIN-20241015-001,2024-10-21T03:18:50,6,4-12h
SHP-202410-000073,CLI-0155,HUB-IND,freight,2024-10-09T11:24:05,2024-10-12T11:24:05,delivered,,2024-10-13T13:24:05,,on_time
SHP-202410-000074,CLI-0007,HUB-CMH,freight,2024-10-31T11:43:57,2024-11-02T11:43:57,delivered,RTE-CMH-20241031-001,2024-11-04T05:43:57,,on_time
SHP-202410-000075,CLI-0007,HUB-CIN,standard,2024-10-22T07:30:43,2024-10-23T07:30:43,delivered,RTE-CIN-20241022-003,2024-10-25T00:30:43,,on_time
SHP-202410-000076,CLI-0007,HUB-CHI,freight,2024-10-01T16:36:45,2024-10-02T16:36:45,delivered,RTE-CHI-20241001-001,2024-10-06T09:36:45,,on_time
SHP-202410-000077,CLI-0042,HUB-CIN,expedited,2024-10-22T14:25:23,2024-10-23T14:25:23,delivered,RTE-CIN-20241022-002,2024-10-25T07:25:23,,on_time
SHP-202410-000078,CLI-0201,HUB-IND,expedited,2024-10-14T08:36:58,2024-10-15T08:36:58,delivered,RTE-IND-20241014-001,2024-10-17T13:36:58,,on_time
SHP-202410-000079,CLI-0007,HUB-CMH,standard,2024-10-22T10:03:02,2024-10-25T10:03:02,delivered,,2024-10-25T10:03:02,,on_time
SHP-202410-000080,CLI-0042,HUB-CIN,standard,2024-10-29T16:11:45,2024-11-01T16:11:45,delivered,RTE-CIN-20241029-001,2024-11-01T23:11:45,,on_time
SHP-202410-000081,CLI-0155,HUB-CHI,standard,2024-10-01T18:14:12,2024-10-05T18:14:12,delivered,RTE-CHI-20241002-003,2024-10-05T18:14:12,,on_time
SHP-202410-000082,CLI-0007,HUB-IND,expedited,2024-10-09T09:36:00,2024-10-11T09:36:00,delivered,RTE-IND-20241010-001,2024-10-11T09:36:00,,on_time
SHP-202410-000083,CLI-0155,HUB-DET,expedited,2024-10-24T16:58:03,2024-10-25T16:58:03,delivered,RTE-DET-20241024-001,2024-10-27T08:58:03,,on_time
SHP-202410-000084,CLI-0042,HUB-CIN,standard,2024-10-02T13:50:05,2024-10-05T13:50:05,delivered,RTE-CIN-20241002-003,2024-10-05T19:50:05,,on_time
SHP-202410-000085,CLI-0007,HUB-DET,standard,2024-10-21T10:31:50,2024-10-22T10:31:50,delivered,RTE-DET-20241021-002,2024-10-24T15:31:50,,on_time
SHP-202410-000086,CLI-0169,HUB-CMH,standard,2024-10-29T08:08:57,2024-11-02T08:08:57,delivered,RTE-CMH-20241029-001,2024-11-02T08:08:57,,on_time
SHP-202410-000087,CLI-0155,HUB-IND,expedited,2024-10-04T14:39:18,2024-10-07T14:39:18,delivered,RTE-IND-20241005-001,2024-10-07T14:39:18,,on_time
SHP-202410-000088,CLI-0201,HUB-CMH,standard,2024-10-01T09:35:09,2024-10-02T09:35:09,delivered,RTE-CMH-20241002-001,2024-10-05T11:35:09,,on_time
SHP-202410-000089,CLI-0169,HUB-IND,standard,2024-10-05T10:37:04,2024-10-09T10:37:04,delivered,RTE-IND-20241006-001,2024-10-09T10:37:04,,on_time
SHP-202410-000090,CLI-0155,HUB-CIN,standard,2024-10-21T17:46:25,2024-10-22T17:46:25,delivered,RTE-CIN-20241021-003,2024-10-24T23:46:25,,on_time
SHP-202410-000091,CLI-0201,HUB-CHI,freight,2024-10-10T20:00:13,2024-10-11T20:00:13,delivered,RTE-CHI-20241010-003,2024-10-15T23:00:13,,on_time
SHP-202410-000092,CLI-0042,HUB-CHI,standard,2024-10-31T16:28:18,2024-11-01T16:28:18,delivered,RTE-CHI-20241031-002,2024-11-03T03:28:18,,on_time
SHP-202410-000093,CLI-0169,HUB-CIN,freight,2024-10-15T19:45:44,2024-10-16T19:45:44,delivered,RTE-CIN-20241015-003,2024-10-19T21:45:44,,on_time
SHP-202410-000094,CLI-0201,HUB-DET,freight,2024-10-29T20:21:03,2024-10-30T20:21:03,delivered,RTE-DET-20241029-001,2024-11-04T17:21:03,,on_time
SHP-202410-000095,CLI-0155,HUB-DET,standard,2024-10-09T17:51:40,2024-10-15T17:51:40,delayed,RTE-DET-20241012-001,2024-10-15T07:51:40,10,4-12h
SHP-202410-000096,CLI-0201,HUB-CMH,standard,2024-10-02T20:21:01,2024-10-04T20:21:01,delivered,RTE-CMH-20241002-002,2024-10-07T08:21:01,,on_time
SHP-202410-000097,CLI-0042,HUB-IND,expedited,2024-10-21T13:24:15,2024-10-22T13:24:15,delivered,RTE-IND-20241022-001,2024-10-23T12:24:15,,on_time
SHP-202410-000098,CLI-0169,HUB-CMH,standard,2024-10-01T18:07:37,2024-10-03T18:07:37,delivered,RTE-CMH-20241001-002,2024-10-04T14:07:37,,on_time
SHP-202410-000099,CLI-0007,HUB-IND,standard,2024-10-24T06:10:03,2024-10-25T06:10:03,delivered,RTE-IND-20241024-003,2024-10-27T03:10:03,,on_time
SHP-202410-000100,CLI-0169,HUB-DET,standard,2024-10-20T12:41:31,2024-10-24T12:41:31,delivered,,2024-10-24T12:41:31,,on_time
SHP-202410-000101,CLI-0007,HUB-IND,standard,2024-10-31T12:55:51,2024-11-01T12:55:51,delivered,,2024-11-03T10:55:51,,on_time
SHP-202410-000102,CLI-0169,HUB-CMH,standard,2024-10-09T11:03:36,2024-10-10T11:03:36,delivered,RTE-CMH-20241009-002,2024-10-12T09:03:36,,on_time
SHP-202410-000103,CLI-0201,HUB-CHI,standard,2024-10-11T20:43:50,2024-10-12T20:43:50,delivered,RTE-CHI-20241011-004,2024-10-16T00:43:50,,on_time
SHP-202410-000104,CLI-0155,HUB-DET,standard,2024-10-25T19:53:34,2024-10-26T19:53:34,delivered,RTE-DET-20241025-002,2024-10-29T11:53:34,,on_time
SHP-202410-000105,CLI-0155,HUB-IND,expedited,2024-10-30T14:15:27,2024-10-31T14:15:27,delivered,,2024-11-01T14:15:27,,on_time
SHP-202410-000106,CLI-0201,HUB-CIN,standard,2024-10-25T16:44:27,2024-10-29T16:44:27,delivered,RTE-CIN-20241025-002,2024-10-30T03:44:27,,on_time
SHP-202410-000107,CLI-0155,HUB-CIN,standard,2024-10-02T19:30:45,2024-10-03T19:30:45,delivered,RTE-CIN-20241002-001,2024-10-06T05:30:45,,on_time
SHP-202410-000108,CLI-0201,HUB-CIN,freight,2024-10-12T08:39:29,2024-10-15T08:39:29,delivered,RTE-CIN-20241012-001,2024-10-17T10:39:29,,on_time
SHP-202410-000109,CLI-0007,HUB-CIN,freight,2024-10-27T15:37:26,2024-10-29T15:37:26,delivered,,2024-10-31T02:37:26,,on_time
SHP-202410-000110,CLI-0201,HUB-IND,standard,2024-10-22T07:05:30,2024-10-26T07:05:30,delivered,RTE-IND-20241022-002,2024-10-26T14:05:30,,on_time
SHP-202410-000111,CLI-0007,HUB-IND,freight,2024-10-28T10:41:04,,failed,RTE-IND-20241028-001,2024-11-01T10:41:04,,
SHP-202410-000112,CLI-0007,HUB-CHI,standard,2024-10-28T20:56:04,2024-10-30T20:56:04,delivered,,2024-11-01T12:56:04,,on_time
SHP-202410-000113,CLI-0169,HUB-DET,freight,2024-10-02T08:27:50,2024-10-03T08:27:50,delivered,RTE-DET-20241002-002,2024-10-06T22:27:50,,on_time
SHP-202410-000114,CLI-0155,HUB-CHI,standard,2024-10-16T14:48:58,2024-10-18T14:48:58,delivered,RTE-CHI-20241017-001,2024-10-20T06:48:58,,on_time
SHP-202410-000115,CLI-0007,HUB-IND,standard,2024-10-11T14:30:21,2024-10-13T14:30:21,delivered,,2024-10-14T16:30:21,,on_time
SHP-202410-000116,CLI-0201,HUB-IND,standard,2024-10-18T07:43:00,2024-10-22T07:43:00,delivered,RTE-IND-20241018-001,2024-10-22T18:43:00,,on_time
SHP-202410-000117,CLI-0007,HUB-IND,expedited,2024-10-21T17:53:08,2024-10-23T17:53:08,delivered,RTE-IND-20241022-002,2024-10-23T17:53:08,,on_time
SHP-202410-000118,CLI-0042,HUB-IND,standard,2024-10-14T11:54:23,2024-10-15T11:54:23,delivered,RTE-IND-20241014-001,2024-10-17T10:54:23,,on_time
SHP-202410-000119,CLI-0007,HUB-CMH,standard,2024-10-14T11:05:10,2024-10-15T11:05:10,delivered,,2024-10-17T03:05:10,,on_time
SHP-202410-000120,CLI-0169,HUB-CMH,standard,2024-10-05T10:03:36,2024-10-09T10:03:36,delivered,RTE-CMH-20241007-003,2024-10-09T10:03:36,,on_time
SHP-202410-000121,CLI-0169,HUB-CIN,expedited,2024-10-21T11:02:21,2024-10-22T11:02:21,delivered,,2024-10-23T12:02:21,,on_time
SHP-202410-000122,CLI-0042,HUB-CMH,standard,2024-10-08T18:15:10,2024-10-09T18:15:10,delivered,RTE-CMH-20241008-002,2024-10-12T08:15:10,,on_time
SHP-202410-000123,CLI-0042,HUB-DET,expedited,2024-10-23T15:00:45,2024-10-24T15:00:45,delivered,RTE-DET-20241023-001,2024-10-26T03:00:45,,on_time
SHP-202410-000124,CLI-0007,HUB-CMH,standard,2024-10-29T13:34:22,2024-10-30T13:34:22,delivered,,2024-11-01T05:34:22,,on_time
SHP-202410-000125,CLI-0155,HUB-IND,standard,2024-10-07T06:09:03,2024-10-11T06:09:03,delivered,,2024-10-11T06:09:03,,on_time
SHP-202410-000126,CLI-0007,HUB-CIN,standard,2024-10-04T06:51:41,2024-10-07T06:51:41,delivered,RTE-CIN-20241004-001,2024-10-07T06:51:41,,on_time
SHP-202410-000127,CLI-0169,HUB-CIN,standard,2024-10-10T09:27:47,2024-10-11T09:27:47,delivered,RTE-CIN-20241010-001,2024-10-13T13:27:47,,on_time
SHP-202410-000128,CLI-0155,HUB-DET,freight,2024-10-04T20:27:37,2024-10-05T20:27:37,delivered,RTE-DET-20241004-002,2024-10-09T08:27:37,,on_time
SHP-202410-000129,CLI-0042,HUB-CMH,standard,2024-10-15T09:43:43,2024-10-16T09:43:43,delivered,,2024-10-18T15:43:43,,on_time
SHP-202410-000130,CLI-0007,HUB-CIN,expedited,2024-10-18T08:41:03,2024-10-21T08:41:03,delivered,,2024-10-21T08:41:03,,on_time
SHP-202410-000131,CLI-0007,HUB-CHI,standard,2024-10-07T14:18:12,2024-10-10T14:18:12,delivered,RTE-CHI-20241008-001,2024-10-11T06:18:12,,on_time
SHP-202410-000132,CLI-0201,HUB-CIN,expedited,2024-10-11T10:34:31,2024-10-12T10:34:31,delivered,,2024-10-14T17:34:31,,on_time
SHP-202410-000133,CLI-0201,HUB-CIN,standard,2024-10-25T14:33:32,2024-10-29T14:33:32,delivered,,2024-10-29T21:33:32,,on_time
SHP-202410-000134,CLI-0155,HUB-IND,freight,2024-10-15T19:42:55,2024-10-19T19:42:55,delivered,RTE-IND-20241015-002,2024-10-19T19:42:55,,on_time
SHP-202410-000135,CLI-0169,HUB-IND,freight,2024-10-11T11:09:51,2024-10-13T11:09:51,delivered,,2024-10-16T00:09:51,,on_time
SHP-202410-000136,CLI-0169,HUB-CIN,freight,2024-10-04T13:38:23,2024-10-05T13:38:23,delivered,,2024-10-08T08:38:23,,on_time
SHP-202410-000137,CLI-0155,HUB-CMH,freight,2024-10-22T12:25:32,2024-10-28T12:25:32,delayed,RTE-CMH-20241023-001,2024-10-28T03:25:32,9,4-12h
SHP-202410-000138,CLI-0042,HUB-CIN,expedited,2024-10-05T07:38:02,2024-10-09T07:38:02,delivered,RTE-CIN-20241006-001,2024-10-09T07:38:02,,on_time
SHP-202410-000139,CLI-0007,HUB-CMH,standard,2024-10-08T12:53:05,2024-10-09T12:53:05,delivered,RTE-CMH-20241008-002,2024-10-11T05:53:05,,on_time
SHP-202410-000140,CLI-0201,HUB-CIN,expedited,2024-10-28T11:04:29,2024-10-31T11:04:29,delivered,RTE-CIN-20241028-001,2024-10-31T13:04:29,,on_time
SHP-202410-000141,CLI-0007,HUB-CMH,expedited,2024-10-04T07:51:26,2024-10-07T07:51:26,delivered,RTE-CMH-20241004-003,2024-10-07T07:51:26,,on_time
SHP-202410-000142,CLI-0042,HUB-IND,freight,2024-10-11T11:09:56,2024-10-12T11:09:56,delivered,,2024-10-15T07:09:56,,on_time
SHP-202410-000143,CLI-0042,HUB-DET,standard,2024-10-17T10:44:11,2024-10-19T10:44:11,delivered,RTE-DET-20241017-003,2024-10-21T04:44:11,,on_time
SHP-202410-000144,CLI-0155,HUB-CHI,standard,2024-10-02T16:48:22,2024-10-03T16:48:22,delivered,RTE-CHI-20241003-002,2024-10-06T00:48:22,,on_time
SHP-202410-000145,CLI-0201,HUB-DET,expedited,2024-10-27T11:53:05,2024-10-31T11:53:05,delivered,RTE-DET-20241028-003,2024-10-31T11:53:05,,on_time
SHP-202410-000146,CLI-0007,HUB-CIN,expedited,2024-10-19T20:32:45,2024-10-23T20:32:45,delivered,RTE-CIN-20241021-003,2024-10-23T20:32:45,,on_time
SHP-202410-000147,CLI-0042,HUB-CHI,standard,2024-10-21T14:47:59,2024-10-25T14:47:59,delivered,RTE-CHI-20241021-001,2024-10-25T14:47:59,,on_time
SHP-202410-000148,CLI-0169,HUB-CIN,expedited,2024-10-31T14:20:41,2024-11-02T14:20:41,delivered,RTE-CIN-20241031-002,2024-11-02T14:20:41,,on_time
SHP-202410-000149,CLI-0007,HUB-CHI,expedited,2024-10-30T15:54:12,2024-10-31T15:54:12,delivered,,2024-11-02T06:54:12,,on_time
SHP-202410-000150,CLI-0007,HUB-CHI,expedited,2024-10-21T19:51:14,2024-10-23T19:51:14,delivered,RTE-CHI-20241021-005,2024-10-24T08:51:14,,on_time
SHP-202410-000151,CLI-0155,HUB-CHI,standard,2024-10-09T06:47:12,2024-10-10T06:47:12,delivered,,2024-10-12T16:47:12,,on_time
SHP-202410-000152,CLI-0042,HUB-CIN,standard,2024-10-13T16:26:47,2024-10-16T16:26:47,delivered,RTE-CIN-20241014-002,2024-10-17T07:26:47,,on_time
SHP-202410-000153,CLI-0042,HUB-CHI,expedited,2024-10-18T13:03:15,2024-10-20T13:03:15,delivered,RTE-CHI-20241018-002,2024-10-20T13:03:15,,on_time
SHP-202410-000154,CLI-0007,HUB-IND,freight,2024-10-08T13:16:50,2024-10-12T13:16:50,delivered,RTE-IND-20241008-002,2024-10-12T13:16:50,,on_time
SHP-202410-000155,CLI-0042,HUB-CIN,standard,2024-10-30T13:58:50,2024-11-03T13:58:50,delivered,RTE-CIN-20241030-001,2024-11-03T13:58:50,,on_time
SHP-202410-000156,CLI-0042,HUB-CHI,freight,2024-10-02T19:10:11,2024-10-04T19:10:11,delivered,RTE-CHI-20241002-001,2024-10-06T09:10:11,,on_time
SHP-202410-000157,CLI-0201,HUB-CHI,expedited,2024-10-24T18:16:09,2024-10-28T18:16:09,delivered,RTE-CHI-20241024-002,2024-10-28T18:16:09,,on_time
SHP-202410-000158,CLI-0042,HUB-IND,standard,2024-10-07T16:32:41,2024-10-08T16:32:41,delivered,RTE-IND-20241007-001,2024-10-10T20:32:41,,on_time
SHP-202410-000159,CLI-0169,HUB-CHI,standard,2024-10-28T07:14:06,2024-10-29T07:14:06,delivered,RTE-CHI-20241028-001,2024-11-01T11:14:06,,on_time
SHP-202410-000160,CLI-0155,HUB-IND,expedited,2024-10-11T19:58:28,2024-10-12T19:58:28,delivered,RTE-IND-20241011-001,2024-10-13T16:58:28,,on_time
SHP-202410-000161,CLI-0169,HUB-IND,expedited,2024-10-29T13:59:15,2024-10-31T13:59:15,delivered,RTE-IND-20241029-001,2024-10-31T21:59:15,,on_time
SHP-202410-000162,CLI-0169,HUB-DET,expedited,2024-10-15T06:31:24,2024-10-17T06:31:24,delivered,RTE-DET-20241015-001,2024-10-17T16:31:24,,on_time
SHP-202410-000163,CLI-0155,HUB-CIN,standard,2024-10-03T06:47:51,2024-10-07T06:47:51,delivered,RTE-CIN-20241003-001,2024-10-07T06:47:51,,on_time
SHP-202410-000164,CLI-0155,HUB-CMH,standard,2024-10-29T17:03:03,2024-11-01T17:03:03,delivered,RTE-CMH-20241029-002,2024-11-01T23:03:03,,on_time
SHP-202410-000165,CLI-0155,HUB-CHI,standard,2024-10-03T14:30:08,2024-10-06T14:30:08,delivered,RTE-CHI-20241003-001,2024-10-06T20:30:08,,on_time
SHP-202410-000166,CLI-0007,HUB-DET,expedited,2024-10-10T15:48:29,2024-10-11T15:48:29,delivered,,2024-10-12T14:48:29,,on_time
SHP-202410-000167,CLI-0169,HUB-CHI,freight,2024-10-23T18:43:52,,returned,RTE-CHI-20241023-001,2024-10-28T18:43:52,,
SHP-202410-000168,CLI-0155,HUB-CMH,standard,2024-10-30T11:02:02,2024-11-01T11:02:02,delivered,RTE-CMH-20241031-001,2024-11-03T01:02:02,,on_time
SHP-202410-000169,CLI-0201,HUB-CHI,freight,2024-10-01T16:52:09,2024-10-02T16:52:09,delivered,RTE-CHI-20241003-001,2024-10-07T04:52:09,,on_time
SHP-202411-000001,CLI-0042,HUB-CMH,standard,2024-11-13T12:58:02,2024-11-14T12:58:02,delivered,RTE-CMH-20241114-001,2024-11-16T22:58:02,,on_time
SHP-202411-000002,CLI-0042,HUB-CHI,standard,2024-11-23T12:21:09,2024-11-24T12:21:09,delivered,RTE-CHI-20241123-001,2024-11-26T00:21:09,,on_time
SHP-202411-000003,CLI-0155,HUB-CHI,standard,2024-11-01T20:38:22,2024-11-02T20:38:22,delivered,,2024-11-05T05:38:22,,on_time
SHP-202411-000004,CLI-0201,HUB-IND,freight,2024-11-11T20:42:36,2024-11-14T20:42:36,delivered,,2024-11-17T03:42:36,,on_time
SHP-202411-000005,CLI-0042,HUB-CIN,expedited,2024-11-11T06:28:47,2024-11-12T06:28:47,delivered,RTE-CIN-20241111-001,2024-11-13T19:28:47,,on_time
SHP-202411-000006,CLI-0042,HUB-CMH,expedited,2024-11-15T16:28:01,2024-11-16T16:28:01,delivered,RTE-CMH-20241115-001,2024-11-18T09:28:01,,on_time
SHP-202411-000007,CLI-0155,HUB-IND,standard,2024-11-28T15:48:36,2024-12-01T15:48:36,delivered,RTE-IND-20241128-002,2024-12-01T15:48:36,,on_time
SHP-202411-000008,CLI-0007,HUB-CHI,standard,2024-11-22T07:51:50,2024-11-23T07:51:50,delivered,RTE-CHI-20241122-004,2024-11-26T01:51:50,,on_time
SHP-202411-000009,CLI-0169,HUB-CMH,standard,2024-11-21T17:27:55,2024-11-24T17:27:55,delivered,,2024-11-24T20:27:55,,on_time
SHP-202411-000010,CLI-0007,HUB-DET,standard,2024-11-18T12:27:33,2024-11-22T12:27:33,delivered,,2024-11-22T12:27:33,,on_time
SHP-202411-000011,CLI-0169,HUB-IND,standard,2024-11-28T11:53:15,2024-11-29T11:53:15,delivered,RTE-IND-20241128-001,2024-12-02T04:53:15,,on_time
SHP-202411-000012,CLI-0169,HUB-CHI,standard,2024-11-12T12:53:08,2024-11-14T12:53:08,delivered,RTE-CHI-20241112-001,2024-11-16T13:53:08,,on_time
SHP-202411-000013,CLI-0007,HUB-CHI,standard,2024-11-02T09:57:23,2024-11-06T09:57:23,delivered,RTE-CHI-20241104-002,2024-11-06T09:57:23,,on_time
SHP-202411-000014,CLI-0007,HUB-CHI,freight,2024-11-26T11:00:45,2024-11-30T11:00:45,delivered,RTE-CHI-20241126-001,2024-12-01T02:00:45,,on_time
SHP-202411-000015,CLI-0007,HUB-CMH,expedited,2024-11-25T13:42:31,2024-11-27T13:42:31,delivered,RTE-CMH-20241125-001,2024-11-27T13:42:31,,on_time
SHP-202411-000016,CLI-0155,HUB-IND,expedited,2024-11-15T18:09:43,2024-11-18T18:09:43,delivered,RTE-IND-20241115-003,2024-11-18T18:09:43,,on_time
SHP-202411-000017,CLI-0169,HUB-IND,expedited,2024-11-11T15:57:24,2024-11-12T15:57:24,delivered,RTE-IND-20241111-002,2024-11-13T21:57:24,,on_time
SHP-202411-000018,CLI-0007,HUB-DET,standard,2024-11-02T11:31:14,2024-11-03T11:31:14,delivered,RTE-DET-20241102-001,2024-11-05T11:31:14,,on_time
SHP-202411-000019,CLI-0169,HUB-CIN,freight,2024-11-24T06:09:36,2024-11-25T06:09:36,delivered,RTE-CIN-20241124-001,2024-11-28T12:09:36,,on_time
SHP-202411-000020,CLI-0042,HUB-CIN,standard,2024-11-27T06:54:08,2024-11-28T06:54:08,delivered,RTE-CIN-20241128-005,2024-12-01T00:54:08,,on_time
SHP-202411-000021,CLI-0169,HUB-CIN,standard,2024-11-26T12:04:52,2024-11-29T12:04:52,delivered,RTE-CIN-20241126-002,2024-11-29T12:04:52,,on_time
SHP-202411-000022,CLI-0007,HUB-DET,freight,2024-11-26T18:06:16,2024-11-27T18:06:16,delivered,RTE-DET-20241127-001,2024-11-30T15:06:16,,on_time
SHP-202411-000023,CLI-0007,HUB-CHI,standard,2024-11-05T09:41:52,2024-11-08T09:41:52,delivered,RTE-CHI-20241106-003,2024-11-08T18:41:52,,on_time
SHP-202411-000024,CLI-0169,HUB-CHI,standard,2024-11-26T20:00:44,2024-11-30T20:00:44,delivered,RTE-CHI-20241127-001,2024-12-01T02:00:44,,on_time
SHP-202411-000025,CLI-0007,HUB-CHI,freight,2024-11-20T09:03:29,2024-11-21T09:03:29,delivered,RTE-CHI-20241120-002,2024-11-24T19:03:29,,on_time
SHP-202411-000026,CLI-0201,HUB-CIN,freight,2024-11-11T20:41:02,2024-11-12T20:41:02,delivered,RTE-CIN-20241111-001,2024-11-17T05:41:02,,on_time
SHP-202411-000027,CLI-0155,HUB-CIN,standard,2024-11-13T06:56:33,2024-11-14T06:56:33,delivered,RTE-CIN-20241113-002,2024-11-16T16:56:33,,on_time
SHP-202411-000028,CLI-0201,HUB-CHI,standard,2024-11-07T06:27:32,2024-11-08T06:27:32,delivered,RTE-CHI-20241107-001,2024-11-11T08:27:32,,on_time
SHP-202411-000029,CLI-0042,HUB-CIN,expedited,2024-11-10T06:11:48,2024-11-14T06:11:48,delivered,,2024-11-14T06:11:48,,on_time
SHP-202411-000030,CLI-0169,HUB-CHI,expedited,2024-11-04T15:07:45,2024-11-08T15:07:45,delivered,RTE-CHI-20241104-002,2024-11-08T15:07:45,,on_time
SHP-202411-000031,CLI-0201,HUB-IND,standard,2024-11-14T12:40:07,2024-11-15T12:40:07,delivered,RTE-IND-20241114-002,2024-11-19T00:40:07,,on_time
SHP-202411-000032,CLI-0169,HUB-CMH,standard,2024-11-29T09:14:48,2024-12-02T09:14:48,delivered,RTE-CMH-20241129-003,2024-12-02T10:14:48,,on_time
SHP-202411-000033,CLI-0201,HUB-CMH,standard,2024-11-13T17:24:41,2024-11-17T17:24:41,delivered,RTE-CMH-20241113-002,2024-11-17T19:24:41,,on_time
SHP-202411-000034,CLI-0201,HUB-IND,standard,2024-11-04T13:15:35,2024-11-06T13:15:35,delivered,RTE-IND-20241104-001,2024-11-08T13:15:35,,on_time
SHP-202411-000035,CLI-0007,HUB-CMH,standard,2024-11-11T06:07:08,2024-11-13T06:07:08,delivered,,2024-11-13T20:07:08,,on_time
SHP-202411-000036,CLI-0007,HUB-CIN,expedited,2024-11-12T09:29:29,2024-11-13T09:29:29,delivered,RTE-CIN-20241112-004,2024-11-13T21:29:29,,on_time
SHP-202411-000037,CLI-0007,HUB-IND,standard,2024-11-07T09:22:20,2024-11-08T09:22:20,delivered,RTE-IND-20241107-003,2024-11-10T04:22:20,,on_time
SHP-202411-000038,CLI-0169,HUB-CIN,freight,2024-11-27T11:48:34,2024-11-28T11:48:34,delivered,RTE-CIN-20241128-002,2024-12-01T13:48:34,,on_time
SHP-202411-000039,CLI-0169,HUB-DET,standard,2024-11-25T15:56:54,2024-11-27T15:56:54,delivered,RTE-DET-20241126-001,2024-11-29T09:56:54,,on_time
SHP-202411-000040,CLI-0042,HUB-CHI,standard,2024-11-13T08:49:26,2024-11-14T08:49:26,delivered,RTE-CHI-20241116-001,2024-11-15T16:49:26,,on_time
SHP-202411-000041,CLI-0155,HUB-CHI,expedited,2024-11-06T12:16:50,2024-11-09T12:16:50,delivered,RTE-CHI-20241107-001,2024-11-09T12:16:50,,on_time
SHP-202411-000042,CLI-0155,HUB-IND,standard,2024-11-04T17:36:51,2024-11-05T17:36:51,delivered,RTE-IND-20241104-001,2024-11-07T12:36:51,,on_time
SHP-202411-000043,CLI-0155,HUB-CIN,standard,2024-11-30T13:12:53,2024-12-04T13:12:53,delivered,RTE-CIN-20241130-001,2024-12-04T13:12:53,,on_time
SHP-202411-000044,CLI-0169,HUB-CHI,standard,2024-11-25T19:13:12,2024-11-27T19:13:12,delivered,,2024-11-29T16:13:12,,on_time
SHP-202411-000045,CLI-0007,HUB-CIN,standard,2024-11-25T09:44:53,2024-11-27T09:44:53,delivered,RTE-CIN-20241126-001,2024-11-27T21:44:53,,on_time
SHP-202411-000046,CLI-0007,HUB-CHI,standard,2024-11-18T17:03:28,2024-11-22T17:03:28,delivered,RTE-CHI-20241118-002,2024-11-22T17:03:28,,on_time
SHP-202411-000047,CLI-0155,HUB-CMH,standard,2024-11-26T06:50:58,2024-12-03T06:50:58,delayed,RTE-CMH-20241127-002,2024-12-03T01:50:58,5,4-12h
SHP-202411-000048,CLI-0155,HUB-CIN,expedited,2024-11-25T16:17:36,2024-11-28T16:17:36,delivered,RTE-CIN-20241126-002,2024-11-28T16:17:36,,on_time
SHP-202411-000049,CLI-0042,HUB-CMH,freight,2024-11-21T16:51:58,2024-11-25T16:51:58,delivered,RTE-CMH-20241121-002,2024-11-26T03:51:58,,on_time
SHP-202411-000050,CLI-0201,HUB-DET,standard,2024-11-27T12:12:23,2024-11-28T12:12:23,delivered,RTE-DET-20241127-002,2024-12-02T07:12:23,,on_time
SHP-202411-000051,CLI-0042,HUB-DET,expedited,2024-11-20T17:00:43,2024-11-23T17:00:43,delivered,RTE-DET-20241120-001,2024-11-23T17:00:43,,on_time
SHP-202411-000052,CLI-0007,HUB-CIN,freight,2024-11-19T10:51:27,2024-11-22T10:51:27,delivered,RTE-CIN-20241119-001,2024-11-23T02:51:27,,on_time
SHP-202411-000053,CLI-0007,HUB-CMH,expedited,2024-11-19T10:19:11,2024-11-21T10:19:11,delivered,RTE-CMH-20241119-001,2024-11-21T10:19:11,,on_time
SHP-202411-000054,CLI-0007,HUB-CIN,freight,2024-11-01T08:22:57,2024-11-02T08:22:57,delivered,,2024-11-05T02:22:57,,on_time
SHP-202411-000055,CLI-0201,HUB-IND,standard,2024-11-15T20:50:38,2024-11-19T20:50:38,delivered,RTE-IND-20241115-004,2024-11-20T03:50:38,,on_time
SHP-202411-000056,CLI-0169,HUB-CHI,standard,2024-11-06T13:03:39,2024-11-07T13:03:39,delivered,RTE-CHI-20241107-001,2024-11-10T10:03:39,,on_time
SHP-202411-000057,CLI-0007,HUB-CMH,expedited,2024-11-27T06:58:51,2024-11-28T06:58:51,delivered,RTE-CMH-20241127-002,2024-11-28T15:58:51,,on_time
SHP-202411-000058,CLI-0201,HUB-CIN,expedited,2024-11-30T18:20:18,2024-12-02T18:20:18,delivered,RTE-CIN-20241130-001,2024-12-03T22:20:18,,on_time
SHP-202411-000059,CLI-0201,HUB-CMH,standard,2024-11-20T19:11:19,2024-11-22T19:11:19,delivered,RTE-CMH-20241120-004,2024-11-25T06:11:19,,on_time
SHP-202411-000060,CLI-0042,HUB-CMH,expedited,2024-11-04T19:37:55,2024-11-08T19:37:55,delivered,RTE-CMH-20241104-001,2024-11-08T19:37:55,,on_time
SHP-202411-000061,CLI-0201,HUB-CMH,standard,2024-11-26T20:42:08,2024-11-28T20:42:08,delivered,,2024-12-01T00:42:08,,on_time
SHP-202411-000062,CLI-0201,HUB-CHI,expedited,2024-11-06T15:02:30,2024-11-07T15:02:30,delivered,RTE-CHI-20241106-003,2024-11-09T20:02:30,,on_time
SHP-202411-000063,CLI-0042,HUB-CMH,standard,2024-11-22T06:48:16,2024-11-24T06:48:16,delivered,RTE-CMH-20241122-003,2024-11-25T17:48:16,,on_time
SHP-202411-000064,CLI-0169,HUB-CIN,standard,2024-11-22T12:27:55,2024-11-26T12:27:55,delivered,RTE-CIN-20241122-001,2024-11-26T12:27:55,,on_time
SHP-202411-000065,CLI-0201,HUB-CMH,freight,2024-11-05T08:41:34,2024-11-06T08:41:34,delivered,,2024-11-10T08:41:34,,on_time
SHP-202411-000066,CLI-0007,HUB-DET,standard,2024-11-08T07:15:33,2024-11-09T07:15:33,delivered,,2024-11-11T13:15:33,,on_time
SHP-202411-000067,CLI-0155,HUB-CMH,standard,2024-11-15T10:12:16,2024-11-16T10:12:16,delivered,RTE-CMH-20241115-001,2024-11-18T23:12:16,,on_time
SHP-202411-000068,CLI-0007,HUB-DET,standard,2024-11-01T10:11:23,2024-11-03T10:11:23,delivered,,2024-11-04T11:11:23,,on_time
SHP-202411-000069,CLI-0155,HUB-IND,standard,2024-11-19T19:01:48,2024-11-20T19:01:48,delivered,RTE-IND-20241119-005,2024-11-22T19:01:48,,on_time
SHP-202411-000070,CLI-0155,HUB-CHI,standard,2024-11-09T11:58:00,2024-11-12T11:58:00,delivered,RTE-CHI-20241110-001,2024-11-13T02:58:00,,on_time
SHP-202411-000071,CLI-0155,HUB-CMH,standard,2024-11-30T17:27:33,2024-12-01T17:27:33,delivered,RTE-CMH-20241130-001,2024-12-04T02:27:33,,on_time
SHP-202411-000072,CLI-0007,HUB-CHI,expedited,2024-11-21T13:50:56,2024-11-25T13:50:56,delivered,RTE-CHI-20241122-004,2024-11-25T13:50:56,,on_time
SHP-202411-000073,CLI-0169,HUB-CIN,freight,2024-11-14T16:32:41,2024-11-16T16:32:41,delivered,RTE-CIN-20241114-001,2024-11-18T12:32:41,,on_time
SHP-202411-000074,CLI-0007,HUB-CHI,standard,2024-11-05T17:34:02,2024-11-08T17:34:02,delivered,RTE-CHI-20241105-001,2024-11-09T11:34:02,,on_time
SHP-202411-000075,CLI-0042,HUB-CIN,freight,2024-11-18T12:48:04,2024-11-19T12:48:04,delivered,RTE-CIN-20241118-003,2024-11-22T19:48:04,,on_time
SHP-202411-000076,CLI-0169,HUB-CMH,standard,2024-11-19T17:52:44,2024-11-20T17:52:44,delivered,RTE-CMH-20241119-003,2024-11-22T22:52:44,,on_time
SHP-202411-000077,CLI-0042,HUB-DET,freight,2024-11-07T18:34:12,2024-11-10T18:34:12,delivered,,2024-11-12T06:34:12,,on_time
SHP-202411-000078,CLI-0007,HUB-CIN,standard,2024-11-15T15:11:12,2024-11-16T15:11:12,delivered,RTE-CIN-20241115-003,2024-11-18T03:11:12,,on_time
SHP-202411-000079,CLI-0169,HUB-DET,freight,2024-11-14T19:23:58,2024-11-16T19:23:58,delivered,RTE-DET-20241114-001,2024-11-19T05:23:58,,on_time
SHP-202411-000080,CLI-0201,HUB-CHI,freight,2024-11-05T09:31:25,2024-11-06T09:31:25,delivered,RTE-CHI-20241106-001,2024-11-10T11:31:25,,on_time
SHP-202411-000081,CLI-0201,HUB-CHI,expedited,2024-11-26T08:51:59,2024-11-27T08:51:59,delivered,RTE-CHI-20241126-001,2024-11-29T15:51:59,,on_time
SHP-202411-000082,CLI-0201,HUB-IND,standard,2024-11-26T07:08:05,2024-11-29T07:08:05,delivered,,2024-11-30T11:08:05,,on_time
SHP-202411-000083,CLI-0042,HUB-DET,standard,2024-11-03T20:32:29,2024-11-05T20:32:29,delivered,RTE-DET-20241104-001,2024-11-07T13:32:29,,on_time
SHP-202411-000084,CLI-0155,HUB-CMH,freight,2024-11-27T20:07:59,2024-12-01T20:07:59,delivered,RTE-CMH-20241127-002,2024-12-02T03:07:59,,on_time
SHP-202411-000085,CLI-0042,HUB-DET,expedited,2024-11-27T12:36:14,2024-12-01T12:36:14,delivered,RTE-DET-20241127-001,2024-12-01T12:36:14,,on_time
SHP-202411-000086,CLI-0155,HUB-CHI,expedited,2024-11-03T19:47:13,2024-11-06T19:47:13,delivered,RTE-CHI-20241104-002,2024-11-06T19:47:13,,on_time
SHP-202411-000087,CLI-0169,HUB-CMH,freight,2024-11-01T20:36:29,2024-11-02T20:36:29,delivered,RTE-CMH-20241101-002,2024-11-06T02:36:29,,on_time
SHP-202411-000088,CLI-0042,HUB-DET,standard,2024-11-28T16:41:01,2024-12-01T16:41:01,delivered,RTE-DET-20241130-001,2024-12-02T07:41:01,,on_time
SHP-202411-000089,CLI-0155,HUB-CHI,expedited,2024-11-21T18:29:46,2024-11-22T18:29:46,delivered,RTE-CHI-20241123-001,2024-11-24T07:29:46,,on_time
SHP-202411-000090,CLI-0007,HUB-DET,standard,2024-11-21T15:09:32,2024-11-25T15:09:32,delivered,RTE-DET-20241122-002,2024-11-25T15:09:32,,on_time
SHP-202411-000091,CLI-0201,HUB-CHI,standard,2024-11-12T14:19:24,2024-11-14T14:19:24,delivered,RTE-CHI-20241114-001,2024-11-17T02:19:24,,on_time
SHP-202411-000092,CLI-0169,HUB-CHI,expedited,2024-11-18T07:15:49,2024-11-21T07:15:49,delivered,RTE-CHI-20241118-002,2024-11-21T11:15:49,,on_time
SHP-202411-000093,CLI-0169,HUB-CHI,standard,2024-11-25T20:36:04,2024-11-26T20:36:04,delivered,RTE-CHI-20241125-001,2024-11-29T18:36:04,,on_time
SHP-202411-000094,CLI-0169,HUB-CHI,expedited,2024-11-22T08:32:44,2024-11-23T08:32:44,delivered,,2024-11-25T06:32:44,,on_time
SHP-202411-000095,CLI-0007,HUB-IND,freight,2024-11-15T16:27:03,2024-11-19T16:27:03,delivered,RTE-IND-20241115-001,2024-11-19T20:27:03,,on_time
SHP-202411-000096,CLI-0042,HUB-CIN,standard,2024-11-19T20:01:11,2024-11-20T20:01:11,delivered,RTE-CIN-20241119-001,2024-11-23T02:01:11,,on_time
SHP-202411-000097,CLI-0169,HUB-CHI,standard,2024-11-24T06:15:12,2024-11-27T06:15:12,delivered,RTE-CHI-20241124-001,2024-11-28T11:15:12,,on_time
SHP-202411-000098,CLI-0201,HUB-IND,expedited,2024-11-07T11:47:15,2024-11-08T11:47:15,delivered,RTE-IND-20241107-002,2024-11-10T19:47:15,,on_time
SHP-202411-000099,CLI-0042,HUB-CMH,standard,2024-11-01T18:23:16,2024-11-05T18:23:16,delivered,RTE-CMH-20241101-002,2024-11-05T18:23:16,,on_time
SHP-202411-000100,CLI-0042,HUB-CMH,standard,2024-11-20T13:49:03,2024-11-21T13:49:03,delivered,RTE-CMH-20241120-003,2024-11-23T21:49:03,,on_time
SHP-202411-000101,CLI-0155,HUB-DET,standard,2024-11-15T13:41:54,2024-11-19T13:41:54,delivered,RTE-DET-20241115-001,2024-11-19T13:41:54,,on_time
SHP-202411-000102,CLI-0169,HUB-IND,expedited,2024-11-11T17:48:40,2024-11-13T17:48:40,delivered,,2024-11-14T04:48:40,,on_time
SHP-202411-000103,CLI-0155,HUB-CIN,expedited,2024-11-29T08:01:04,2024-12-03T08:01:04,delivered,RTE-CIN-20241129-002,2024-12-03T08:01:04,,on_time
SHP-202411-000104,CLI-0201,HUB-CIN,standard,2024-11-05T09:51:41,2024-11-06T09:51:41,delivered,RTE-CIN-20241105-001,2024-11-09T10:51:41,,on_time
SHP-202411-000105,CLI-0201,HUB-DET,standard,2024-11-22T13:37:05,2024-11-25T13:37:05,delivered,RTE-DET-20241122-003,2024-11-27T02:37:05,,on_time
SHP-202411-000106,CLI-0201,HUB-CMH,standard,2024-11-29T18:23:32,2024-12-02T18:23:32,delivered,,2024-12-03T19:23:32,,on_time
SHP-202411-000107,CLI-0155,HUB-IND,standard,2024-11-22T16:54:42,2024-11-23T16:54:42,delivered,RTE-IND-20241122-001,2024-11-25T11:54:42,,on_time
SHP-202411-000108,CLI-0169,HUB-CIN,freight,2024-11-15T13:45:59,2024-11-19T13:45:59,delivered,,2024-11-19T17:45:59,,on_time
SHP-202411-000109,CLI-0155,HUB-CIN,expedited,2024-11-21T17:34:00,2024-11-23T17:34:00,delivered,RTE-CIN-20241121-001,2024-11-24T00:34:00,,on_time
SHP-202411-000110,CLI-0007,HUB-CHI,standard,2024-11-20T18:33:27,2024-11-21T18:33:27,delivered,RTE-CHI-20241120-001,2024-11-24T08:33:27,,on_time
SHP-202411-000111,CLI-0007,HUB-CHI,standard,2024-11-15T13:04:38,2024-11-16T13:04:38,delivered,RTE-CHI-20241116-001,2024-11-19T06:04:38,,on_time
SHP-202411-000112,CLI-0042,HUB-CMH,standard,2024-11-29T17:24:03,2024-11-30T17:24:03,delivered,RTE-CMH-20241129-002,2024-12-03T02:24:03,,on_time
SHP-202411-000113,CLI-0042,HUB-CMH,standard,2024-11-29T16:14:57,2024-11-30T16:14:57,delivered,RTE-CMH-20241129-002,2024-12-03T07:14:57,,on_time
SHP-202411-000114,CLI-0169,HUB-CHI,expedited,2024-11-11T16:24:42,2024-11-13T16:24:42,delivered,RTE-CHI-20241112-001,2024-11-14T15:24:42,,on_time
SHP-202411-000115,CLI-0169,HUB-CIN,standard,2024-11-28T16:20:10,2024-11-29T16:20:10,delivered,RTE-CIN-20241128-004,2024-12-01T10:20:10,,on_time
SHP-202411-000116,CLI-0155,HUB-CMH,expedited,2024-11-21T11:47:25,2024-11-22T11:47:25,delivered,RTE-CMH-20241121-001,2024-11-23T22:47:25,,on_time
SHP-202411-000117,CLI-0042,HUB-CHI,freight,2024-11-21T06:22:00,2024-11-23T06:22:00,delivered,RTE-CHI-20241122-003,2024-11-24T12:22:00,,on_time
SHP-202411-000118,CLI-0042,HUB-CMH,expedited,2024-11-11T06:42:25,2024-11-12T06:42:25,delivered,RTE-CMH-20241111-002,2024-11-13T19:42:25,,on_time
SHP-202411-000119,CLI-0155,HUB-DET,freight,2024-11-11T18:45:53,2024-11-13T18:45:53,delivered,RTE-DET-20241111-002,2024-11-16T12:45:53,,on_time
SHP-202411-000120,CLI-0155,HUB-IND,standard,2024-11-05T17:29:45,2024-11-06T17:29:45,delivered,RTE-IND-20241105-001,2024-11-08T15:29:45,,on_time
SHP-202411-000121,CLI-0155,HUB-CHI,standard,2024-11-25T15:24:48,2024-11-28T15:24:48,delivered,RTE-CHI-20241125-001,2024-11-29T08:24:48,,on_time
SHP-202411-000122,CLI-0007,HUB-IND,standard,2024-11-28T14:23:47,2024-12-02T14:23:47,delivered,RTE-IND-20241128-001,2024-12-02T14:23:47,,on_time
SHP-202411-000123,CLI-0169,HUB-IND,standard,2024-11-12T06:26:14,2024-11-13T06:26:14,delivered,RTE-IND-20241112-001,2024-11-15T22:26:14,,on_time
SHP-202411-000124,CLI-0007,HUB-CMH,standard,2024-11-15T14:33:40,2024-11-18T14:33:40,delivered,RTE-CMH-20241115-001,2024-11-18T14:33:40,,on_time
SHP-202411-000125,CLI-0155,HUB-CHI,expedited,2024-11-29T12:39:59,2024-12-01T12:39:59,delivered,RTE-CHI-20241129-001,2024-12-02T01:39:59,,on_time
SHP-202411-000126,CLI-0201,HUB-IND,standard,2024-11-19T14:49:34,2024-11-20T14:49:34,delivered,,2024-11-23T16:49:34,,on_time
SHP-202411-000127,CLI-0169,HUB-IND,standard,2024-11-05T17:04:53,2024-11-06T17:04:53,delivered,RTE-IND-20241106-001,2024-11-09T08:04:53,,on_time
SHP-202411-000128,CLI-0201,HUB-CMH,standard,2024-11-05T07:57:47,,failed,,2024-11-09T13:57:47,,
SHP-202411-000129,CLI-0169,HUB-CIN,freight,2024-11-24T19:29:17,2024-11-28T19:29:17,delivered,,2024-11-28T19:29:17,,on_time
SHP-202411-000130,CLI-0042,HUB-DET,standard,2024-11-10T09:50:48,2024-11-14T09:50:48,delivered,,2024-11-14T09:50:48,,on_time
SHP-202411-000131,CLI-0042,HUB-IND,standard,2024-11-21T19:20:12,2024-11-25T19:20:12,delivered,RTE-IND-20241121-001,2024-11-25T19:20:12,,on_time
SHP-202411-000132,CLI-0042,HUB-CMH,expedited,2024-11-25T17:37:34,2024-12-01T17:37:34,delayed,RTE-CMH-20241125-002,2024-12-01T12:37:34,5,4-12h
SHP-202411-000133,CLI-0042,HUB-DET,standard,2024-11-28T15:29:54,2024-12-02T15:29:54,delivered,,2024-12-02T15:29:54,,on_time
SHP-202411-000134,CLI-0155,HUB-IND,standard,2024-11-08T08:44:10,2024-11-12T08:44:10,delivered,RTE-IND-20241108-002,2024-11-12T08:44:10,,on_time
SHP-202411-000135,CLI-0201,HUB-CHI,freight,2024-11-21T12:44:00,2024-11-23T12:44:00,delivered,RTE-CHI-20241122-004,2024-11-26T23:44:00,,on_time
SHP-202411-000136,CLI-0007,HUB-CIN,standard,2024-11-01T06:51:30,2024-11-02T06:51:30,delivered,RTE-CIN-20241101-003,2024-11-03T20:51:30,,on_time
SHP-202411-000137,CLI-0155,HUB-CHI,standard,2024-11-25T20:53:35,2024-11-29T20:53:35,delivered,,2024-11-29T20:53:35,,on_time
SHP-202411-000138,CLI-0169,HUB-IND,expedited,2024-11-06T16:34:14,2024-11-07T16:34:14,delivered,,2024-11-09T09:34:14,,on_time
SHP-202411-000139,CLI-0169,HUB-DET,standard,2024-11-18T12:57:14,2024-11-22T12:57:14,delivered,RTE-DET-20241118-001,2024-11-22T12:57:14,,on_time
SHP-202411-000140,CLI-0201,HUB-IND,standard,2024-11-20T18:18:31,2024-11-24T18:18:31,delivered,RTE-IND-20241120-006,2024-11-25T06:18:31,,on_time
SHP-202411-000141,CLI-0201,HUB-CMH,standard,2024-11-25T15:06:30,2024-11-27T15:06:30,delivered,RTE-CMH-20241125-001,2024-11-29T22:06:30,,on_time
SHP-202411-000142,CLI-0007,HUB-CMH,expedited,2024-11-23T13:45:40,2024-11-24T13:45:40,delivered,RTE-CMH-20241124-001,2024-11-25T04:45:40,,on_time
SHP-202411-000143,CLI-0201,HUB-CIN,freight,2024-11-22T16:51:55,2024-11-24T16:51:55,delivered,RTE-CIN-20241122-001,2024-11-28T03:51:55,,on_time
SHP-202411-000144,CLI-0201,HUB-CMH,standard,2024-11-10T16:35:32,2024-11-11T16:35:32,delivered,RTE-CMH-20241111-002,2024-11-14T16:35:32,,on_time
SHP-202411-000145,CLI-0042,HUB-CIN,standard,2024-11-22T20:45:56,2024-11-23T20:45:56,delivered,RTE-CIN-20241122-001,2024-11-26T09:45:56,,on_time
SHP-202411-000146,CLI-0007,HUB-CMH,standard,2024-11-25T20:52:42,2024-11-29T20:52:42,delivered,RTE-CMH-20241126-002,2024-11-29T20:52:42,,on_time
SHP-202411-000147,CLI-0007,HUB-CIN,freight,2024-11-14T12:22:32,2024-11-18T12:22:32,delivered,,2024-11-18T12:22:32,,on_time
SHP-202411-000148,CLI-0169,HUB-CHI,standard,2024-11-12T15:04:16,2024-11-14T15:04:16,delivered,RTE-CHI-20241112-001,2024-11-16T20:04:16,,on_time
SHP-202411-000149,CLI-0155,HUB-CIN,expedited,2024-11-08T13:03:10,2024-11-11T13:03:10,delivered,RTE-CIN-20241110-003,2024-11-11T13:03:10,,on_time
SHP-202411-000150,CLI-0007,HUB-CIN,standard,2024-11-20T14:12:22,2024-11-21T14:12:22,delivered,RTE-CIN-20241120-001,2024-11-22T22:12:22,,on_time
SHP-202411-000151,CLI-0155,HUB-DET,standard,2024-11-13T07:11:13,2024-11-14T07:11:13,delivered,RTE-DET-20241113-002,2024-11-16T21:11:13,,on_time
SHP-202411-000152,CLI-0155,HUB-IND,standard,2024-11-18T07:46:43,2024-11-21T07:46:43,delivered,RTE-IND-20241118-001,2024-11-21T13:46:43,,on_time
SHP-202411-000153,CLI-0007,HUB-IND,standard,2024-11-09T10:02:31,2024-11-10T10:02:31,delivered,RTE-IND-20241111-002,2024-11-12T05:02:31,,on_time
SHP-202411-000154,CLI-0155,HUB-CIN,expedited,2024-11-18T18:05:37,2024-11-19T18:05:37,delivered,,2024-11-21T04:05:37,,on_time
SHP-202411-000155,CLI-0042,HUB-CHI,standard,2024-11-26T16:37:03,2024-11-27T16:37:03,delivered,RTE-CHI-20241126-001,2024-11-29T09:37:03,,on_time
SHP-202411-000156,CLI-0155,HUB-CIN,standard,2024-11-04T13:08:11,2024-11-05T13:08:11,delivered,RTE-CIN-20241105-001,2024-11-07T22:08:11,,on_time
SHP-202411-000157,CLI-0042,HUB-CHI,freight,2024-11-25T10:10:15,2024-11-28T10:10:15,delivered,RTE-CHI-20241125-001,2024-11-28T21:10:15,,on_time
SHP-202411-000158,CLI-0155,HUB-CMH,expedited,2024-11-01T16:08:22,2024-11-03T16:08:22,delivered,RTE-CMH-20241101-002,2024-11-04T06:08:22,,on_time
SHP-202411-000159,CLI-0042,HUB-CIN,standard,2024-11-07T10:38:31,2024-11-08T10:38:31,delivered,,2024-11-10T21:38:31,,on_time
SHP-202411-000160,CLI-0007,HUB-DET,standard,2024-11-26T16:47:46,2024-11-27T16:47:46,delivered,RTE-DET-20241126-002,2024-11-29T11:47:46,,on_time
SHP-202411-000161,CLI-0007,HUB-CIN,standard,2024-11-20T16:21:41,2024-11-24T16:21:41,delivered,RTE-CIN-20241120-001,2024-11-24T16:21:41,,on_time
SHP-202411-000162,CLI-0042,HUB-CMH,standard,2024-11-09T08:48:48,2024-11-11T08:48:48,delivered,RTE-CMH-20241111-001,2024-11-12T14:48:48,,on_time
SHP-202411-000163,CLI-0169,HUB-IND,freight,2024-11-01T09:21:44,2024-11-02T09:21:44,delivered,RTE-IND-20241101-001,2024-11-05T20:21:44,,on_time
SHP-202411-000164,CLI-0042,HUB-CMH,standard,2024-11-08T15:50:34,2024-11-09T15:50:34,delivered,RTE-CMH-20241108-003,2024-11-12T09:50:34,,on_time
SHP-202411-000165,CLI-0169,HUB-IND,freight,2024-11-29T11:37:03,2024-11-30T11:37:03,delivered,,2024-12-04T05:37:03,,on_time
SHP-202411-000166,CLI-0155,HUB-CHI,standard,2024-11-12T14:28:19,2024-11-13T14:28:19,delivered,RTE-CHI-20241112-001,2024-11-16T05:28:19,,on_time
SHP-202411-000167,CLI-0042,HUB-CIN,standard,2024-11-22T14:29:17,2024-11-23T14:29:17,delivered,RTE-CIN-20241122-002,2024-11-26T06:29:17,,on_time
SHP-202411-000168,CLI-0155,HUB-IND,expedited,2024-11-07T09:39:20,2024-11-08T09:39:20,delivered,RTE-IND-20241108-002,2024-11-09T10:39:20,,on_time
SHP-202411-000169,CLI-0169,HUB-DET,standard,2024-11-21T12:56:08,2024-11-25T12:56:08,delivered,RTE-DET-20241121-001,2024-11-25T12:56:08,,on_time
SHP-202411-000170,CLI-0007,HUB-CMH,standard,2024-11-12T14:10:25,2024-11-13T14:10:25,delivered,RTE-CMH-20241114-003,2024-11-14T22:10:25,,on_time
SHP-202411-000171,CLI-0007,HUB-CIN,standard,2024-11-06T12:05:42,2024-11-09T12:05:42,delivered,,2024-11-09T12:05:42,,on_time
SHP-202411-000172,CLI-0042,HUB-DET,standard,2024-11-01T15:13:05,2024-11-03T15:13:05,delivered,RTE-DET-20241101-003,2024-11-05T08:13:05,,on_time
SHP-202411-000173,CLI-0042,HUB-CMH,expedited,2024-11-06T11:44:12,2024-11-10T11:44:12,delivered,RTE-CMH-20241106-001,2024-11-10T11:44:12,,on_time
SHP-202411-000174,CLI-0201,HUB-DET,expedited,2024-11-18T11:11:30,2024-11-19T11:11:30,delivered,RTE-DET-20241118-002,2024-11-22T08:11:30,,on_time
SHP-202411-000175,CLI-0201,HUB-CHI,freight,2024-11-06T18:05:44,2024-11-07T18:05:44,delivered,RTE-CHI-20241106-003,2024-11-11T22:05:44,,on_time
SHP-202411-000176,CLI-0155,HUB-CMH,expedited,2024-11-20T12:48:08,2024-11-23T12:48:08,delivered,RTE-CMH-20241120-003,2024-11-23T12:48:08,,on_time
SHP-202411-000177,CLI-0201,HUB-CHI,standard,2024-11-13T09:12:35,2024-11-14T09:12:35,delivered,,2024-11-17T20:12:35,,on_time
SHP-202411-000178,CLI-0169,HUB-CHI,standard,2024-11-08T12:46:45,2024-11-09T12:46:45,delivered,,2024-11-12T07:46:45,,on_time
SHP-202411-000179,CLI-0007,HUB-CIN,standard,2024-11-12T06:18:29,2024-11-16T06:18:29,delivered,RTE-CIN-20241112-003,2024-11-16T06:18:29,,on_time
SHP-202411-000180,CLI-0169,HUB-CIN,standard,2024-11-20T11:37:19,2024-11-21T11:37:19,delivered,RTE-CIN-20241120-001,2024-11-23T09:37:19,,on_time
SHP-202411-000181,CLI-0169,HUB-CIN,standard,2024-11-18T11:39:57,2024-11-19T11:39:57,delivered,RTE-CIN-20241118-004,2024-11-21T15:39:57,,on_time
SHP-202411-000182,CLI-0007,HUB-CHI,expedited,2024-11-06T13:21:11,2024-11-10T13:21:11,delivered,RTE-CHI-20241106-001,2024-11-10T13:21:11,,on_time
SHP-202411-000183,CLI-0201,HUB-CIN,freight,2024-11-12T14:57:06,2024-11-13T14:57:06,delivered,RTE-CIN-20241112-002,2024-11-17T23:57:06,,on_time
SHP-202411-000184,CLI-0155,HUB-IND,standard,2024-11-06T14:29:44,2024-11-07T14:29:44,delivered,,2024-11-09T14:29:44,,on_time
SHP-202411-000185,CLI-0169,HUB-CMH,expedited,2024-11-08T19:32:18,2024-11-11T19:32:18,delivered,RTE-CMH-20241108-003,2024-11-11T19:32:18,,on_time
SHP-202411-000186,CLI-0042,HUB-IND,standard,2024-11-01T09:13:13,2024-11-03T09:13:13,delivered,,2024-11-04T10:13:13,,on_time
SHP-202411-000187,CLI-0169,HUB-CIN,expedited,2024-11-15T14:31:00,2024-11-17T14:31:00,delivered,RTE-CIN-20241115-002,2024-11-17T20:31:00,,on_time
SHP-202411-000188,CLI-0155,HUB-CHI,expedited,2024-11-14T13:05:59,2024-11-15T13:05:59,delivered,RTE-CHI-20241114-001,2024-11-17T05:05:59,,on_time
SHP-202411-000189,CLI-0155,HUB-CMH,standard,2024-11-28T16:25:21,2024-11-29T16:25:21,delivered,RTE-CMH-20241128-001,2024-12-02T05:25:21,,on_time
SHP-202411-000190,CLI-0042,HUB-DET,standard,2024-11-04T10:06:18,2024-11-13T10:06:18,delayed,RTE-DET-20241104-001,2024-11-13T08:06:18,2,<4h
SHP-202411-000191,CLI-0169,HUB-CMH,expedited,2024-11-04T06:43:44,2024-11-07T06:43:44,delivered,RTE-CMH-20241104-001,2024-11-07T06:43:44,,on_time
SHP-202411-000192,CLI-0169,HUB-CMH,expedited,2024-11-08T09:12:15,2024-11-09T09:12:15,delivered,RTE-CMH-20241108-004,2024-11-10T09:12:15,,on_time
SHP-202411-000193,CLI-0042,HUB-DET,standard,2024-11-15T08:11:49,2024-11-16T08:11:49,delivered,RTE-DET-20241115-001,2024-11-18T20:11:49,,on_time
SHP-202411-000194,CLI-0169,HUB-CIN,standard,2024-11-18T16:26:39,2024-11-19T16:26:39,delivered,RTE-CIN-20241118-003,2024-11-21T16:26:39,,on_time
SHP-202411-000195,CLI-0169,HUB-CMH,expedited,2024-11-29T11:26:19,2024-12-02T11:26:19,delivered,RTE-CMH-20241129-001,2024-12-02T11:26:19,,on_time
SHP-202411-000196,CLI-0169,HUB-CMH,freight,2024-11-04T20:11:17,2024-11-05T20:11:17,delivered,RTE-CMH-20241104-001,2024-11-09T02:11:17,,on_time
SHP-202411-000197,CLI-0042,HUB-DET,expedited,2024-11-10T10:31:09,2024-11-14T10:31:09,delivered,RTE-DET-20241110-001,2024-11-14T10:31:09,,on_time
SHP-202411-000198,CLI-0155,HUB-CHI,standard,2024-11-25T17:16:33,2024-11-29T17:16:33,delivered,RTE-CHI-20241125-001,2024-11-29T17:16:33,,on_time
SHP-202411-000199,CLI-0201,HUB-CMH,freight,2024-11-12T20:24:47,2024-11-14T20:24:47,delivered,,2024-11-17T21:24:47,,on_time
SHP-202411-000200,CLI-0169,HUB-CHI,expedited,2024-11-08T13:29:23,2024-11-09T13:29:23,delivered,RTE-CHI-20241108-002,2024-11-11T17:29:23,,on_time
SHP-202411-000201,CLI-0201,HUB-DET,standard,2024-11-30T19:35:47,2024-12-04T19:35:47,delivered,RTE-DET-20241130-001,2024-12-05T16:35:47,,on_time
SHP-202411-000202,CLI-0007,HUB-CMH,standard,2024-11-10T14:24:27,2024-11-11T14:24:27,delivered,,2024-11-13T05:24:27,,on_time
SHP-202411-000203,CLI-0155,HUB-CHI,freight,2024-11-21T20:24:48,2024-11-25T20:24:48,delivered,RTE-CHI-20241122-001,2024-11-26T13:24:48,,on_time
SHP-202412-000001,CLI-0155,HUB-CMH,standard,2024-12-27T15:59:15,2024-12-29T15:59:15,delivered,,2024-12-30T23:59:15,,on_time
SHP-202412-000002,CLI-0169,HUB-CHI,standard,2024-12-13T11:15:25,2024-12-15T11:15:25,delivered,RTE-CHI-20241214-001,2024-12-17T09:15:25,,on_time
SHP-202412-000003,CLI-0155,HUB-CHI,standard,2024-12-26T12:16:32,2024-12-28T12:16:32,delivered,,2024-12-29T21:16:32,,on_time
SHP-202412-000004,CLI-0155,HUB-CMH,expedited,2024-12-27T11:13:07,2024-12-31T11:13:07,delivered,RTE-CMH-20241227-001,2024-12-31T11:13:07,,on_time
SHP-202412-000005,CLI-0155,HUB-CIN,expedited,2024-12-31T17:16:01,2025-01-01T17:16:01,delivered,,2025-01-03T04:16:01,,on_time
SHP-202412-000006,CLI-0155,HUB-DET,standard,2024-12-24T18:23:01,2024-12-25T18:23:01,delivered,RTE-DET-20241224-002,2024-12-28T12:23:01,,on_time
SHP-202412-000007,CLI-0007,HUB-IND,standard,2024-12-31T12:24:33,2025-01-03T12:24:33,delivered,,2025-01-03T12:24:33,,on_time
SHP-202412-000008,CLI-0155,HUB-CIN,standard,2024-12-09T15:22:57,2024-12-12T15:22:57,delivered,RTE-CIN-20241210-001,2024-12-13T03:22:57,,on_time
SHP-202412-000009,CLI-0042,HUB-CHI,standard,2024-12-16T07:19:36,2024-12-20T07:19:36,delivered,,2024-12-20T07:19:36,,on_time
SHP-202412-000010,CLI-0169,HUB-DET,standard,2024-12-22T13:48:32,2024-12-23T13:48:32,delivered,RTE-DET-20241222-003,2024-12-26T07:48:32,,on_time
SHP-202412-000011,CLI-0007,HUB-DET,expedited,2024-12-22T09:08:33,2024-12-23T09:08:33,delivered,RTE-DET-20241222-001,2024-12-24T14:08:33,,on_time
SHP-202412-000012,CLI-0169,HUB-DET,standard,2024-12-19T16:53:53,2024-12-20T16:53:53,delivered,RTE-DET-20241219-001,2024-12-23T01:53:53,,on_time
SHP-202412-000013,CLI-0201,HUB-DET,standard,2024-12-02T15:37:21,2024-12-03T15:37:21,delivered,,2024-12-07T03:37:21,,on_time
SHP-202412-000014,CLI-0201,HUB-CMH,standard,2024-12-18T12:23:15,2024-12-19T12:23:15,delivered,RTE-CMH-20241218-001,2024-12-22T16:23:15,,on_time
SHP-202412-000015,CLI-0155,HUB-DET,freight,2024-12-09T14:58:00,2024-12-10T14:58:00,delivered,,2024-12-13T22:58:00,,on_time
SHP-202412-000016,CLI-0007,HUB-DET,freight,2024-12-10T10:24:39,2024-12-11T10:24:39,delivered,RTE-DET-20241210-002,2024-12-14T10:24:39,,on_time
SHP-202412-000017,CLI-0007,HUB-DET,standard,2024-12-03T13:03:18,2024-12-07T13:03:18,delivered,RTE-DET-20241204-001,2024-12-07T13:03:18,,on_time
SHP-202412-000018,CLI-0155,HUB-DET,freight,2024-12-17T06:05:59,2024-12-20T06:05:59,delivered,,2024-12-21T15:05:59,,on_time
SHP-202412-000019,CLI-0155,HUB-IND,standard,2024-12-03T14:34:05,2024-12-07T14:34:05,delivered,RTE-IND-20241203-001,2024-12-07T14:34:05,,on_time
SHP-202412-000020,CLI-0042,HUB-CHI,standard,2024-12-25T08:35:24,2024-12-26T08:35:24,delivered,RTE-CHI-20241227-001,2024-12-28T01:35:24,,on_time
SHP-202412-000021,CLI-0042,HUB-CIN,standard,2024-12-09T10:44:18,2024-12-10T10:44:18,delivered,RTE-CIN-20241209-001,2024-12-12T17:44:18,,on_time
SHP-202412-000022,CLI-0007,HUB-CMH,standard,2024-12-31T14:42:47,2025-01-03T14:42:47,delivered,RTE-CMH-20241231-001,2025-01-03T14:42:47,,on_time
SHP-202412-000023,CLI-0169,HUB-CIN,standard,2024-12-25T07:39:16,2024-12-27T07:39:16,delivered,RTE-CIN-20241225-003,2024-12-28T04:39:16,,on_time
SHP-202412-000024,CLI-0042,HUB-CIN,freight,2024-12-01T11:50:30,2024-12-02T11:50:30,delivered,,2024-12-06T01:50:30,,on_time
SHP-202412-000025,CLI-0201,HUB-CMH,standard,2024-12-19T12:46:49,2024-12-20T12:46:49,delivered,RTE-CMH-20241219-002,2024-12-24T00:46:49,,on_time
SHP-202412-000026,CLI-0201,HUB-CIN,standard,2024-12-06T07:20:04,2024-12-07T07:20:04,delivered,RTE-CIN-20241206-003,2024-12-10T07:20:04,,on_time
SHP-202412-000027,CLI-0007,HUB-CHI,standard,2024-12-13T20:13:17,2024-12-14T20:13:17,delivered,RTE-CHI-20241213-001,2024-12-17T08:13:17,,on_time
SHP-202412-000028,CLI-0007,HUB-CIN,standard,2024-12-03T11:52:00,2024-12-07T11:52:00,delivered,RTE-CIN-20241203-001,2024-12-07T11:52:00,,on_time
SHP-202412-000029,CLI-0007,HUB-DET,standard,2024-12-19T13:16:58,2024-12-20T13:16:58,delivered,,2024-12-22T10:16:58,,on_time
SHP-202412-000030,CLI-0042,HUB-CMH,standard,2024-12-13T12:00:19,2024-12-15T12:00:19,delivered,RTE-CMH-20241214-001,2024-12-17T06:00:19,,on_time
SHP-202412-000031,CLI-0155,HUB-CMH,freight,2024-12-05T18:46:53,2024-12-06T18:46:53,delivered,RTE-CMH-20241206-001,2024-12-10T10:46:53,,on_time
SHP-202412-000032,CLI-0007,HUB-CIN,standard,2024-12-29T17:18:34,2025-01-01T17:18:34,delivered,RTE-CIN-20241230-001,2025-01-01T17:18:34,,on_time
SHP-202412-000033,CLI-0007,HUB-CIN,expedited,2024-12-12T09:14:16,2024-12-13T09:14:16,delivered,RTE-CIN-20241212-003,2024-12-13T22:14:16,,on_time
SHP-202412-000034,CLI-0169,HUB-IND,standard,2024-12-06T18:09:43,2024-12-07T18:09:43,delivered,RTE-IND-20241206-004,2024-12-10T03:09:43,,on_time
SHP-202412-000035,CLI-0042,HUB-CIN,expedited,2024-12-29T18:10:43,2025-01-02T18:10:43,delivered,RTE-CIN-20241230-001,2025-01-02T18:10:43,,on_time
SHP-202412-000036,CLI-0007,HUB-CIN,standard,2024-12-07T15:54:21,2024-12-11T15:54:21,delivered,RTE-CIN-20241208-001,2024-12-11T15:54:21,,on_time
SHP-202412-000037,CLI-0201,HUB-CHI,standard,2024-12-31T13:25:58,2025-01-01T13:25:58,delivered,RTE-CHI-20241231-001,2025-01-05T00:25:58,,on_time
SHP-202412-000038,CLI-0201,HUB-CIN,standard,2024-12-26T18:13:10,2024-12-28T18:13:10,delivered,RTE-CIN-20241226-003,2024-12-30T20:13:10,,on_time
SHP-202412-000039,CLI-0169,HUB-IND,standard,2024-12-16T10:59:57,2024-12-17T10:59:57,delivered,,2024-12-19T22:59:57,,on_time
SHP-202412-000040,CLI-0169,HUB-CMH,standard,2024-12-09T09:32:27,2024-12-12T09:32:27,delivered,RTE-CMH-20241209-001,2024-12-12T09:32:27,,on_time
SHP-202412-000041,CLI-0155,HUB-DET,standard,2024-12-25T14:24:22,2024-12-28T14:24:22,delivered,,2024-12-29T07:24:22,,on_time
SHP-202412-000042,CLI-0007,HUB-DET,expedited,2024-12-18T14:58:31,2024-12-21T14:58:31,delivered,RTE-DET-20241219-002,2024-12-21T14:58:31,,on_time
SHP-202412-000043,CLI-0042,HUB-CIN,standard,2024-12-04T20:24:20,2024-12-06T20:24:20,delivered,,2024-12-08T09:24:20,,on_time
SHP-202412-000044,CLI-0155,HUB-DET,expedited,2024-12-21T13:44:32,2024-12-22T13:44:32,delivered,,2024-12-24T07:44:32,,on_time
SHP-202412-000045,CLI-0169,HUB-CIN,standard,2024-12-25T06:23:03,2024-12-26T06:23:03,delivered,RTE-CIN-20241225-002,2024-12-28T00:23:03,,on_time
SHP-202412-000046,CLI-0169,HUB-CIN,standard,2024-12-18T07:51:06,2024-12-19T07:51:06,delivered,,2024-12-21T13:51:06,,on_time
SHP-202412-000047,CLI-0201,HUB-CMH,standard,2024-12-10T12:58:08,2024-12-12T12:58:08,delivered,,2024-12-14T23:58:08,,on_time
SHP-202412-000048,CLI-0201,HUB-CIN,standard,2024-12-04T14:14:29,,failed,RTE-CIN-20241204-002,2024-12-08T21:14:29,,
SHP-202412-000049,CLI-0042,HUB-DET,standard,2024-12-31T09:24:16,2025-01-04T09:24:16,delivered,RTE-DET-20250102-003,2025-01-04T09:24:16,,on_time
SHP-202412-000050,CLI-0155,HUB-CHI,expedited,2024-12-31T06:41:28,2025-01-01T06:41:28,delivered,RTE-CHI-20241231-002,2025-01-02T15:41:28,,on_time
SHP-202412-000051,CLI-0169,HUB-IND,expedited,2024-12-19T19:33:07,2024-12-20T19:33:07,delivered,,2024-12-22T07:33:07,,on_time
SHP-202412-000052,CLI-0169,HUB-CIN,expedited,2024-12-31T15:29:51,2025-01-01T15:29:51,delivered,RTE-CIN-20241231-001,2025-01-02T09:29:51,,on_time
SHP-202412-000053,CLI-0042,HUB-CIN,standard,2024-12-04T09:52:34,2024-12-07T09:52:34,delivered,RTE-CIN-20241206-001,2024-12-07T16:52:34,,on_time
SHP-202412-000054,CLI-0155,HUB-IND,standard,2024-12-12T06:42:30,2024-12-13T06:42:30,delivered,RTE-IND-20241212-001,2024-12-15T08:42:30,,on_time
SHP-202412-000055,CLI-0201,HUB-IND,expedited,2024-12-19T19:38:47,2024-12-20T19:38:47,delivered,RTE-IND-20241220-001,2024-12-23T04:38:47,,on_time
SHP-202412-000056,CLI-0042,HUB-CMH,expedited,2024-12-17T14:06:20,2024-12-20T14:06:20,delivered,RTE-CMH-20241218-002,2024-12-20T14:06:20,,on_time
SHP-202412-000057,CLI-0007,HUB-CMH,standard,2024-12-05T16:02:19,2024-12-06T16:02:19,delivered,,2024-12-07T22:02:19,,on_time
SHP-202412-000058,CLI-0042,HUB-DET,freight,2024-12-02T12:50:02,2024-12-06T12:50:02,delivered,RTE-DET-20241202-002,2024-12-06T22:50:02,,on_time
SHP-202412-000059,CLI-0169,HUB-CIN,freight,2024-12-06T11:21:51,2024-12-07T11:21:51,delivered,RTE-CIN-20241206-003,2024-12-10T09:21:51,,on_time
SHP-202412-000060,CLI-0201,HUB-IND,standard,2024-12-05T07:25:28,2024-12-07T07:25:28,delivered,RTE-IND-20241205-002,2024-12-09T16:25:28,,on_time
SHP-202412-000061,CLI-0155,HUB-CMH,expedited,2024-12-02T11:46:31,2024-12-03T11:46:31,delivered,RTE-CMH-20241202-001,2024-12-05T02:46:31,,on_time
SHP-202412-000062,CLI-0042,HUB-CIN,expedited,2024-12-31T09:16:06,2025-01-01T09:16:06,delivered,RTE-CIN-20241231-004,2025-01-02T16:16:06,,on_time
SHP-202412-000063,CLI-0007,HUB-IND,standard,2024-12-03T14:56:16,2024-12-04T14:56:16,delivered,RTE-IND-20241203-001,2024-12-06T16:56:16,,on_time
SHP-202412-000064,CLI-0042,HUB-CHI,expedited,2024-12-03T08:10:32,2024-12-05T08:10:32,delivered,RTE-CHI-20241204-002,2024-12-05T08:10:32,,on_time
SHP-202412-000065,CLI-0169,HUB-DET,standard,2024-12-27T12:06:46,2024-12-31T12:06:46,delivered,,2024-12-31T12:06:46,,on_time
SHP-202412-000066,CLI-0007,HUB-CMH,expedited,2024-12-05T16:34:04,2024-12-08T16:34:04,delivered,RTE-CMH-20241206-001,2024-12-08T16:34:04,,on_time
SHP-202412-000067,CLI-0155,HUB-CMH,standard,2024-12-26T13:07:46,2024-12-28T13:07:46,delivered,,2024-12-30T03:07:46,,on_time
SHP-202412-000068,CLI-0007,HUB-CHI,expedited,2024-12-12T16:05:11,2024-12-16T16:05:11,delivered,RTE-CHI-20241213-003,2024-12-16T16:05:11,,on_time
SHP-202412-000069,CLI-0201,HUB-IND,freight,2024-12-03T11:50:43,2024-12-04T11:50:43,delivered,RTE-IND-20241203-001,2024-12-08T18:50:43,,on_time
SHP-202412-000070,CLI-0201,HUB-DET,standard,2024-12-02T12:44:36,2024-12-03T12:44:36,delivered,RTE-DET-20241202-002,2024-12-07T08:44:36,,on_time
SHP-202412-000071,CLI-0201,HUB-CMH,expedited,2024-12-05T16:25:51,2024-12-09T16:25:51,delivered,RTE-CMH-20241206-001,2024-12-09T16:25:51,,on_time
SHP-202412-000072,CLI-0169,HUB-DET,expedited,2024-12-07T18:25:06,2024-12-08T18:25:06,delivered,RTE-DET-20241207-001,2024-12-10T12:25:06,,on_time
SHP-202412-000073,CLI-0007,HUB-CHI,standard,2024-12-14T12:56:41,2024-12-16T12:56:41,delivered,RTE-CHI-20241214-001,2024-12-17T19:56:41,,on_time
SHP-202412-000074,CLI-0007,HUB-CMH,standard,2024-12-03T20:48:00,2024-12-05T20:48:00,delivered,,2024-12-06T10:48:00,,on_time
SHP-202412-000075,CLI-0201,HUB-IND,standard,2024-12-23T14:50:09,2024-12-27T14:50:09,delivered,RTE-IND-20241223-001,2024-12-27T22:50:09,,on_time
SHP-202412-000076,CLI-0155,HUB-IND,standard,2024-12-19T10:54:44,2024-12-20T10:54:44,delivered,RTE-IND-20241219-001,2024-12-22T07:54:44,,on_time
SHP-202412-000077,CLI-0042,HUB-IND,expedited,2024-12-05T07:03:05,2024-12-08T07:03:05,delivered,,2024-12-08T07:03:05,,on_time
SHP-202412-000078,CLI-0155,HUB-CHI,expedited,2024-12-26T09:24:03,2024-12-30T09:24:03,delivered,RTE-CHI-20241226-003,2024-12-30T09:24:03,,on_time
SHP-202412-000079,CLI-0201,HUB-CIN,standard,2024-12-17T07:01:37,2024-12-19T07:01:37,delivered,RTE-CIN-20241218-001,2024-12-21T14:01:37,,on_time
SHP-202412-000080,CLI-0169,HUB-IND,standard,2024-12-24T16:16:40,2024-12-26T16:16:40,delivered,RTE-IND-20241225-003,2024-12-27T23:16:40,,on_time
SHP-202412-000081,CLI-0201,HUB-DET,freight,2024-12-26T16:36:05,2024-12-29T16:36:05,delivered,RTE-DET-20241226-001,2025-01-01T16:36:05,,on_time
SHP-202412-000082,CLI-0201,HUB-DET,standard,2024-12-03T06:58:27,2024-12-06T06:58:27,delivered,RTE-DET-20241204-005,2024-12-07T21:58:27,,on_time
SHP-202412-000083,CLI-0201,HUB-DET,standard,2024-12-31T08:31:09,2025-01-04T08:31:09,delivered,RTE-DET-20241231-001,2025-01-05T01:31:09,,on_time
SHP-202412-000084,CLI-0201,HUB-CHI,freight,2024-12-03T13:30:52,2024-12-04T13:30:52,delivered,RTE-CHI-20241203-001,2024-12-08T18:30:52,,on_time
SHP-202412-000085,CLI-0007,HUB-DET,expedited,2024-12-31T17:29:39,2025-01-03T17:29:39,delivered,RTE-DET-20250101-004,2025-01-03T17:29:39,,on_time
SHP-202412-000086,CLI-0007,HUB-IND,standard,2024-12-07T17:12:51,2024-12-09T17:12:51,delivered,RTE-IND-20241207-001,2024-12-10T13:12:51,,on_time
SHP-202412-000087,CLI-0007,HUB-IND,expedited,2024-12-15T08:16:37,2024-12-16T08:16:37,delivered,RTE-IND-20241215-002,2024-12-17T11:16:37,,on_time
SHP-202412-000088,CLI-0155,HUB-DET,standard,2024-12-05T13:03:42,2024-12-07T13:03:42,delivered,,2024-12-09T00:03:42,,on_time
SHP-202412-000089,CLI-0007,HUB-DET,standard,2024-12-05T19:22:51,2024-12-08T19:22:51,delivered,RTE-DET-20241205-001,2024-12-08T19:22:51,,on_time
SHP-202412-000090,CLI-0007,HUB-IND,standard,2024-12-09T06:27:38,2024-12-11T06:27:38,delivered,RTE-IND-20241209-001,2024-12-12T12:27:38,,on_time
SHP-202412-000091,CLI-0042,HUB-CMH,standard,2024-12-20T14:58:26,2024-12-21T14:58:26,delivered,RTE-CMH-20241220-003,2024-12-23T20:58:26,,on_time
SHP-202412-000092,CLI-0155,HUB-CMH,standard,2024-12-11T06:55:00,2024-12-13T06:55:00,delivered,RTE-CMH-20241211-002,2024-12-14T23:55:00,,on_time
SHP-202412-000093,CLI-0169,HUB-DET,standard,2024-12-31T15:43:37,2025-01-01T15:43:37,delivered,RTE-DET-20241231-002,2025-01-04T00:43:37,,on_time
SHP-202412-000094,CLI-0155,HUB-CIN,standard,2024-12-19T12:06:47,2024-12-20T12:06:47,delivered,RTE-CIN-20241219-001,2024-12-22T23:06:47,,on_time
SHP-202412-000095,CLI-0201,HUB-IND,expedited,2024-12-05T16:57:38,2024-12-06T16:57:38,delivered,RTE-IND-20241205-003,2024-12-09T04:57:38,,on_time
SHP-202412-000096,CLI-0169,HUB-IND,standard,2024-12-13T19:59:44,2024-12-14T19:59:44,delivered,RTE-IND-20241213-001,2024-12-17T11:59:44,,on_time
SHP-202412-000097,CLI-0169,HUB-CHI,freight,2024-12-06T08:55:57,2024-12-07T08:55:57,delivered,,2024-12-11T14:55:57,,on_time
SHP-202412-000098,CLI-0169,HUB-CIN,standard,2024-12-31T17:26:12,2025-01-02T17:26:12,delivered,RTE-CIN-20241231-004,2025-01-03T22:26:12,,on_time
SHP-202412-000099,CLI-0169,HUB-CMH,standard,2024-12-18T10:38:30,2024-12-20T10:38:30,delivered,RTE-CMH-20241218-001,2024-12-21T16:38:30,,on_time
SHP-202412-000100,CLI-0007,HUB-CIN,standard,2024-12-24T18:59:23,2024-12-27T18:59:23,delivered,,2024-12-27T18:59:23,,on_time
SHP-202412-000101,CLI-0201,HUB-CIN,standard,2024-12-15T11:52:48,2024-12-16T11:52:48,delivered,RTE-CIN-20241216-001,2024-12-19T20:52:48,,on_time
SHP-202412-000102,CLI-0042,HUB-DET,freight,2024-12-13T16:05:11,2024-12-14T16:05:11,delivered,RTE-DET-20241213-001,2024-12-18T07:05:11,,on_time
SHP-202412-000103,CLI-0169,HUB-CMH,expedited,2024-12-06T07:35:24,2024-12-10T07:35:24,delivered,,2024-12-10T07:35:24,,on_time
SHP-202412-000104,CLI-0201,HUB-DET,freight,2024-12-19T10:40:53,2024-12-20T10:40:53,delivered,RTE-DET-20241219-002,2024-12-25T00:40:53,,on_time
SHP-202412-000105,CLI-0201,HUB-IND,standard,2024-12-19T06:41:11,2024-12-20T06:41:11,delivered,RTE-IND-20241219-001,2024-12-23T16:41:11,,on_time
SHP-202412-000106,CLI-0201,HUB-IND,expedited,2024-12-10T10:41:22,2024-12-14T10:41:22,delivered,RTE-IND-20241210-001,2024-12-14T10:41:22,,on_time
SHP-202412-000107,CLI-0042,HUB-IND,standard,2024-12-05T20:40:51,2024-12-06T20:40:51,delivered,RTE-IND-20241205-002,2024-12-08T17:40:51,,on_time
SHP-202412-000108,CLI-0201,HUB-CHI,expedited,2024-12-26T14:46:41,2024-12-30T14:46:41,delivered,RTE-CHI-20241226-002,2024-12-30T14:46:41,,on_time
SHP-202412-000109,CLI-0042,HUB-DET,standard,2024-12-27T07:22:31,2024-12-29T07:22:31,delivered,RTE-DET-20241227-001,2024-12-31T00:22:31,,on_time
SHP-202412-000110,CLI-0007,HUB-DET,standard,2024-12-19T12:10:37,2024-12-22T12:10:37,delivered,,2024-12-22T12:10:37,,on_time
SHP-202412-000111,CLI-0169,HUB-CMH,standard,2024-12-13T09:26:59,2024-12-19T09:26:59,delayed,RTE-CMH-20241213-001,2024-12-19T00:26:59,9,4-12h
SHP-202412-000112,CLI-0155,HUB-IND,freight,2024-12-24T14:55:35,2024-12-26T14:55:35,delivered,RTE-IND-20241224-001,2024-12-28T15:55:35,,on_time
SHP-202412-000113,CLI-0155,HUB-IND,freight,2024-12-22T07:55:07,2024-12-23T07:55:07,delivered,RTE-IND-20241222-001,2024-12-26T10:55:07,,on_time
SHP-202412-000114,CLI-0169,HUB-DET,standard,2024-12-13T08:11:34,2024-12-15T08:11:34,delivered,RTE-DET-20241213-001,2024-12-16T14:11:34,,on_time
SHP-202412-000115,CLI-0201,HUB-CHI,expedited,2024-12-24T07:03:53,2024-12-25T07:03:53,delivered,RTE-CHI-20241224-002,2024-12-27T13:03:53,,on_time
SHP-202412-000116,CLI-0007,HUB-CIN,expedited,2024-12-04T13:55:42,,failed,,2024-12-06T00:55:42,,
SHP-202412-000117,CLI-0007,HUB-CMH,freight,2024-12-04T10:04:58,2024-12-06T10:04:58,delivered,RTE-CMH-20241204-001,2024-12-07T23:04:58,,on_time
SHP-202412-000118,CLI-0007,HUB-CIN,standard,2024-12-16T06:47:20,2024-12-20T06:47:20,delivered,RTE-CIN-20241216-001,2024-12-20T06:47:20,,on_time
SHP-202412-000119,CLI-0007,HUB-CIN,standard,2024-12-03T11:15:06,2024-12-04T11:15:06,delivered,RTE-CIN-20241203-002,2024-12-05T17:15:06,,on_time
SHP-202412-000120,CLI-0007,HUB-IND,standard,2024-12-19T11:01:15,2024-12-20T11:01:15,delivered,RTE-IND-20241219-001,2024-12-22T05:01:15,,on_time
SHP-202412-000121,CLI-0169,HUB-CIN,standard,2024-12-26T15:08:02,2024-12-30T15:08:02,delivered,RTE-CIN-20241226-003,2024-12-30T15:08:02,,on_time
SHP-202412-000122,CLI-0169,HUB-DET,standard,2024-12-13T08:17:46,2024-12-14T08:17:46,delivered,RTE-DET-20241213-001,2024-12-17T01:17:46,,on_time
SHP-202412-000123,CLI-0169,HUB-CMH,expedited,2024-12-10T20:55:15,2024-12-11T20:55:15,delivered,RTE-CMH-20241210-003,2024-12-12T16:55:15,,on_time
SHP-202412-000124,CLI-0007,HUB-CHI,expedited,2024-12-29T11:36:04,2024-12-30T11:36:04,delivered,,2024-12-31T19:36:04,,on_time
SHP-202412-000125,CLI-0042,HUB-IND,standard,2024-12-12T18:24:27,2024-12-13T18:24:27,delivered,RTE-IND-20241212-001,2024-12-15T17:24:27,,on_time
SHP-202412-000126,CLI-0042,HUB-CHI,standard,2024-12-22T17:36:32,2024-12-23T17:36:32,delivered,RTE-CHI-20241223-003,2024-12-25T08:36:32,,on_time
SHP-202412-000127,CLI-0155,HUB-IND,freight,2024-12-22T07:33:55,2024-12-23T07:33:55,delivered,,2024-12-26T07:33:55,,on_time
SHP-202412-000128,CLI-0007,HUB-CMH,expedited,2024-12-16T18:57:07,2024-12-17T18:57:07,delivered,RTE-CMH-20241216-001,2024-12-18T03:57:07,,on_time
SHP-202412-000129,CLI-0155,HUB-IND,expedited,2024-12-13T09:48:43,2024-12-15T09:48:43,delivered,RTE-IND-20241213-002,2024-12-15T15:48:43,,on_time
SHP-202412-000130,CLI-0007,HUB-CHI,freight,2024-12-09T18:46:31,2024-12-10T18:46:31,delivered,RTE-CHI-20241209-002,2024-12-14T07:46:31,,on_time
SHP-202412-000131,CLI-0155,HUB-CHI,expedited,2024-12-03T09:27:46,2024-12-05T09:27:46,delivered,RTE-CHI-20241203-001,2024-12-05T20:27:46,,on_time
SHP-202412-000132,CLI-0042,HUB-IND,standard,2024-12-05T17:00:21,2024-12-06T17:00:21,delivered,RTE-IND-20241205-003,2024-12-08T22:00:21,,on_time
SHP-202412-000133,CLI-0007,HUB-IND,standard,2024-12-05T17:51:52,2024-12-06T17:51:52,delivered,,2024-12-08T21:51:52,,on_time
SHP-202412-000134,CLI-0042,HUB-DET,freight,2024-12-25T12:44:10,2024-12-29T12:44:10,delivered,RTE-DET-20241225-001,2024-12-29T19:44:10,,on_time
SHP-202412-000135,CLI-0042,HUB-CHI,standard,2024-12-30T10:39:27,2024-12-31T10:39:27,delivered,RTE-CHI-20241230-001,2025-01-02T00:39:27,,on_time
SHP-202412-000136,CLI-0155,HUB-CIN,freight,2024-12-23T13:04:17,2024-12-24T13:04:17,delivered,RTE-CIN-20241223-002,2024-12-27T23:04:17,,on_time
SHP-202412-000137,CLI-0007,HUB-DET,standard,2024-12-04T08:26:44,2024-12-08T08:26:44,delivered,RTE-DET-20241204-003,2024-12-08T08:26:44,,on_time
SHP-202412-000138,CLI-0169,HUB-IND,standard,2024-12-16T06:38:20,2024-12-19T06:38:20,delivered,RTE-IND-20241216-001,2024-12-19T14:38:20,,on_time
SHP-202412-000139,CLI-0042,HUB-IND,standard,2024-12-05T18:02:36,2024-12-06T18:02:36,delivered,RTE-IND-20241205-002,2024-12-08T12:02:36,,on_time
SHP-202412-000140,CLI-0201,HUB-IND,expedited,2024-12-23T20:44:36,2024-12-24T20:44:36,delivered,RTE-IND-20241223-001,2024-12-26T23:44:36,,on_time
SHP-202412-000141,CLI-0201,HUB-CIN,standard,2024-12-14T18:22:58,2024-12-15T18:22:58,delivered,RTE-CIN-20241214-001,2024-12-18T23:22:58,,on_time
SHP-202412-000142,CLI-0042,HUB-CMH,expedited,2024-12-17T09:47:44,2024-12-18T09:47:44,delivered,RTE-CMH-20241218-001,2024-12-19T20:47:44,,on_time
SHP-202412-000143,CLI-0155,HUB-CIN,standard,2024-12-17T12:59:19,2024-12-18T12:59:19,delivered,RTE-CIN-20241217-002,2024-12-21T02:59:19,,on_time
SHP-202412-000144,CLI-0155,HUB-DET,standard,2024-12-13T19:25:00,2024-12-17T19:25:00,delivered,RTE-DET-20241213-001,2024-12-17T19:25:00,,on_time
SHP-202412-000145,CLI-0007,HUB-DET,freight,2024-12-11T20:50:58,2024-12-14T20:50:58,delivered,RTE-DET-20241211-001,2024-12-15T21:50:58,,on_time
SHP-202412-000146,CLI-0169,HUB-CMH,standard,2024-12-25T20:17:56,2024-12-26T20:17:56,delivered,RTE-CMH-20241225-002,2024-12-28T19:17:56,,on_time
SHP-202412-000147,CLI-0201,HUB-DET,expedited,2024-12-04T19:20:57,2024-12-07T19:20:57,delivered,,2024-12-08T09:20:57,,on_time
SHP-202412-000148,CLI-0042,HUB-DET,freight,2024-12-03T11:43:07,2024-12-04T11:43:07,delivered,,2024-12-08T01:43:07,,on_time
SHP-202412-000149,CLI-0201,HUB-DET,standard,2024-12-26T20:00:45,2024-12-30T20:00:45,delivered,RTE-DET-20241226-004,2024-12-31T14:00:45,,on_time
SHP-202412-000150,CLI-0155,HUB-CIN,freight,2024-12-24T18:23:36,2024-12-28T18:23:36,delivered,RTE-CIN-20241224-001,2024-12-29T00:23:36,,on_time
SHP-202412-000151,CLI-0007,HUB-CMH,freight,2024-12-20T12:46:38,2024-12-26T12:46:38,delayed,RTE-CMH-20241221-001,2024-12-26T06:46:38,6,4-12h
SHP-202412-000152,CLI-0155,HUB-DET,freight,2024-12-01T18:47:26,2024-12-02T18:47:26,delivered,,2024-12-06T04:47:26,,on_time
SHP-202412-000153,CLI-0201,HUB-CMH,expedited,2024-12-10T17:31:03,2024-12-12T17:31:03,delivered,RTE-CMH-20241210-001,2024-12-14T03:31:03,,on_time
SHP-202412-000154,CLI-0169,HUB-CIN,expedited,2024-12-10T17:22:29,2024-12-19T17:22:29,delayed,RTE-CIN-20241212-001,2024-12-19T09:22:29,8,4-12h
SHP-202412-000155,CLI-0007,HUB-IND,standard,2024-12-12T08:30:50,2024-12-14T08:30:50,delivered,RTE-IND-20241212-001,2024-12-15T07:30:50,,on_time
SHP-202412-000156,CLI-0201,HUB-CHI,freight,2024-12-26T18:27:17,2024-12-30T18:27:17,delivered,RTE-CHI-20241226-002,2024-12-31T20:27:17,,on_time
SHP-202412-000157,CLI-0201,HUB-CMH,standard,2024-12-03T07:14:26,2024-12-07T07:14:26,delivered,RTE-CMH-20241203-003,2024-12-07T13:14:26,,on_time
SHP-202412-000158,CLI-0007,HUB-CMH,standard,2024-12-03T14:29:20,2024-12-04T14:29:20,delivered,RTE-CMH-20241203-003,2024-12-06T01:29:20,,on_time
SHP-202412-000159,CLI-0042,HUB-DET,standard,2024-12-23T17:09:12,2024-12-24T17:09:12,delivered,RTE-DET-20241224-002,2024-12-27T02:09:12,,on_time
SHP-202412-000160,CLI-0169,HUB-DET,freight,2024-12-21T19:54:58,2024-12-23T19:54:58,delivered,RTE-DET-20241221-001,2024-12-26T05:54:58,,on_time
SHP-202412-000161,CLI-0201,HUB-CIN,freight,2024-12-30T06:49:57,2025-01-03T06:49:57,delivered,RTE-CIN-20241230-002,2025-01-04T11:49:57,,on_time
SHP-202412-000162,CLI-0042,HUB-IND,standard,2024-12-04T15:47:12,2024-12-08T15:47:12,delivered,RTE-IND-20241205-003,2024-12-08T15:47:12,,on_time
SHP-202412-000163,CLI-0155,HUB-CMH,freight,2024-12-02T07:00:59,2024-12-05T07:00:59,delivered,RTE-CMH-20241202-001,2024-12-06T19:00:59,,on_time
SHP-202412-000164,CLI-0042,HUB-CMH,standard,2024-12-03T14:33:09,2024-12-05T14:33:09,delivered,RTE-CMH-20241204-001,2024-12-07T06:33:09,,on_time
SHP-202412-000165,CLI-0201,HUB-CIN,standard,2024-12-27T08:04:37,2024-12-30T08:04:37,delivered,RTE-CIN-20241227-001,2024-12-31T17:04:37,,on_time
SHP-202412-000166,CLI-0042,HUB-CHI,freight,2024-12-24T14:55:44,2024-12-25T14:55:44,delivered,RTE-CHI-20241224-001,2024-12-27T21:55:44,,on_time
SHP-202412-000167,CLI-0042,HUB-DET,standard,2024-12-08T16:06:54,2024-12-12T16:06:54,delivered,RTE-DET-20241208-001,2024-12-12T16:06:54,,on_time
SHP-202412-000168,CLI-0042,HUB-DET,standard,2024-12-26T16:44:33,2024-12-29T16:44:33,delivered,RTE-DET-20241226-002,2024-12-30T01:44:33,,on_time
SHP-202412-000169,CLI-0155,HUB-CIN,standard,2024-12-11T07:29:49,2024-12-17T07:29:49,delayed,RTE-CIN-20241211-002,2024-12-17T00:29:49,7,4-12h
SHP-202412-000170,CLI-0155,HUB-CMH,standard,2024-12-12T06:10:59,2024-12-14T06:10:59,delivered,RTE-CMH-20241212-002,2024-12-15T14:10:59,,on_time
SHP-202412-000171,CLI-0042,HUB-CIN,expedited,2024-12-14T15:07:33,2024-12-15T15:07:33,delivered,RTE-CIN-20241214-001,2024-12-17T09:07:33,,on_time
SHP-202412-000172,CLI-0155,HUB-DET,expedited,2024-12-10T12:38:35,2024-12-12T12:38:35,delivered,RTE-DET-20241210-003,2024-12-13T02:38:35,,on_time
SHP-202412-000173,CLI-0007,HUB-CHI,standard,2024-12-18T13:58:09,2024-12-20T13:58:09,delivered,RTE-CHI-20241219-003,2024-12-21T19:58:09,,on_time
SHP-202412-000174,CLI-0201,HUB-DET,standard,2024-12-17T12:06:46,2024-12-18T12:06:46,delivered,RTE-DET-20241217-004,2024-12-22T06:06:46,,on_time
SHP-202412-000175,CLI-0201,HUB-CHI,standard,2024-12-11T18:55:16,2024-12-14T18:55:16,delivered,,2024-12-15T23:55:16,,on_time
SHP-202412-000176,CLI-0042,HUB-IND,standard,2024-12-24T09:55:40,2024-12-27T09:55:40,delivered,RTE-IND-20241224-004,2024-12-27T12:55:40,,on_time
SHP-202412-000177,CLI-0201,HUB-CIN,standard,2024-12-21T20:54:46,2024-12-22T20:54:46,delivered,RTE-CIN-20241224-001,2024-12-26T08:54:46,,on_time
SHP-202412-000178,CLI-0042,HUB-CIN,expedited,2024-12-09T10:17:16,2024-12-10T10:17:16,delivered,,2024-12-11T22:17:16,,on_time
SHP-202412-000179,CLI-0007,HUB-DET,freight,2024-12-01T13:14:48,2024-12-03T13:14:48,delivered,RTE-DET-20241201-002,2024-12-05T08:14:48,,on_time
SHP-202412-000180,CLI-0007,HUB-CHI,freight,2024-12-17T09:49:32,2024-12-21T09:49:32,delivered,RTE-CHI-20241217-002,2024-12-21T21:49:32,,on_time
SHP-202412-000181,CLI-0007,HUB-IND,standard,2024-12-26T17:47:31,2024-12-27T17:47:31,delivered,RTE-IND-20241228-001,2024-12-29T16:47:31,,on_time
SHP-202412-000182,CLI-0155,HUB-CMH,standard,2024-12-20T18:23:40,2024-12-23T18:23:40,delivered,RTE-CMH-20241220-001,2024-12-24T06:23:40,,on_time
SHP-202412-000183,CLI-0201,HUB-CMH,expedited,2024-12-24T14:20:27,2024-12-25T14:20:27,delivered,RTE-CMH-20241225-001,2024-12-27T14:20:27,,on_time
SHP-202412-000184,CLI-0169,HUB-DET,freight,2024-12-03T10:50:36,2024-12-04T10:50:36,delivered,RTE-DET-20241204-006,2024-12-08T00:50:36,,on_time
SHP-202412-000185,CLI-0042,HUB-CMH,standard,2024-12-24T12:35:04,2024-12-25T12:35:04,delivered,RTE-CMH-20241224-002,2024-12-27T21:35:04,,on_time
SHP-202412-000186,CLI-0201,HUB-CMH,freight,2024-12-02T07:06:28,2024-12-06T07:06:28,delivered,RTE-CMH-20241202-002,2024-12-07T14:06:28,,on_time
SHP-202412-000187,CLI-0169,HUB-CIN,freight,2024-12-04T09:51:12,2024-12-06T09:51:12,delivered,RTE-CIN-20241204-003,2024-12-08T14:51:12,,on_time
SHP-202412-000188,CLI-0007,HUB-CHI,freight,2024-12-06T14:40:18,2024-12-09T14:40:18,delivered,RTE-CHI-20241206-002,2024-12-11T07:40:18,,on_time
SHP-202412-000189,CLI-0155,HUB-CMH,freight,2024-12-15T09:39:13,2024-12-18T09:39:13,delivered,RTE-CMH-20241216-002,2024-12-20T02:39:13,,on_time
SHP-202412-000190,CLI-0155,HUB-CHI,standard,2024-12-29T13:06:51,2025-01-01T13:06:51,delivered,RTE-CHI-20241230-004,2025-01-01T21:06:51,,on_time
SHP-202412-000191,CLI-0169,HUB-CHI,standard,2024-12-12T15:08:51,2024-12-13T15:08:51,delivered,RTE-CHI-20241214-001,2024-12-16T11:08:51,,on_time
SHP-202412-000192,CLI-0042,HUB-CMH,standard,2024-12-09T16:07:42,2024-12-13T16:07:42,delivered,RTE-CMH-20241209-002,2024-12-13T16:07:42,,on_time
SHP-202412-000193,CLI-0007,HUB-CHI,standard,2024-12-24T18:13:27,2024-12-25T18:13:27,delivered,RTE-CHI-20241224-004,2024-12-28T11:13:27,,on_time
SHP-202412-000194,CLI-0201,HUB-CIN,standard,2024-12-31T16:42:04,2025-01-01T16:42:04,delivered,RTE-CIN-20241231-003,2025-01-05T03:42:04,,on_time
SHP-202412-000195,CLI-0169,HUB-CHI,standard,2024-12-06T12:51:48,2024-12-10T12:51:48,delivered,RTE-CHI-20241206-001,2024-12-10T12:51:48,,on_time
SHP-202412-000196,CLI-0201,HUB-CHI,freight,2024-12-04T20:02:09,2024-12-08T20:02:09,delivered,RTE-CHI-20241204-002,2024-12-10T00:02:09,,on_time
SHP-202412-000197,CLI-0042,HUB-CMH,expedited,2024-12-26T13:16:43,2024-12-27T13:16:43,delivered,RTE-CMH-20241227-001,2024-12-29T05:16:43,,on_time
SHP-202412-000198,CLI-0201,HUB-DET,standard,2024-12-16T09:12:31,2024-12-20T09:12:31,delivered,RTE-DET-20241216-003,2024-12-20T21:12:31,,on_time
SHP-202412-000199,CLI-0042,HUB-IND,standard,2024-12-24T10:08:25,2024-12-27T10:08:25,delivered,,2024-12-27T15:08:25,,on_time
SHP-202412-000200,CLI-0042,HUB-CHI,standard,2024-12-06T06:50:48,2024-12-10T06:50:48,delivered,,2024-12-10T06:50:48,,on_time
SHP-202412-000201,CLI-0155,HUB-IND,standard,2024-12-24T11:13:13,2024-12-25T11:13:13,delivered,RTE-IND-20241224-002,2024-12-27T10:13:13,,on_time
SHP-202412-000202,CLI-0042,HUB-IND,standard,2024-12-06T17:46:16,2024-12-08T17:46:16,delivered,RTE-IND-20241207-001,2024-12-09T14:46:16,,on_time
SHP-202412-000203,CLI-0169,HUB-CMH,freight,2024-12-03T09:27:01,2024-12-06T09:27:01,delivered,RTE-CMH-20241203-002,2024-12-07T11:27:01,,on_time
SHP-202412-000204,CLI-0007,HUB-IND,expedited,2024-12-27T13:53:40,2024-12-28T13:53:40,delivered,RTE-IND-20241227-004,2024-12-29T13:53:40,,on_time
SHP-202412-000205,CLI-0042,HUB-CMH,standard,2024-12-04T10:03:48,2024-12-06T10:03:48,delivered,,2024-12-07T19:03:48,,on_time
SHP-202412-000206,CLI-0155,HUB-CIN,standard,2024-12-26T12:31:12,2024-12-27T12:31:12,delivered,RTE-CIN-20241226-003,2024-12-30T03:31:12,,on_time
SHP-202412-000207,CLI-0155,HUB-CIN,standard,2024-12-23T18:28:40,2024-12-27T18:28:40,delivered,RTE-CIN-20241223-001,2024-12-27T18:28:40,,on_time
SHP-202412-000208,CLI-0042,HUB-CIN,standard,2024-12-02T07:56:23,2024-12-03T07:56:23,delivered,RTE-CIN-20241202-001,2024-12-05T15:56:23,,on_time
SHP-202412-000209,CLI-0042,HUB-IND,standard,2024-12-03T13:50:37,2024-12-05T13:50:37,delivered,RTE-IND-20241203-001,2024-12-06T19:50:37,,on_time
SHP-202412-000210,CLI-0007,HUB-IND,standard,2024-12-10T16:43:00,2024-12-14T16:43:00,delivered,RTE-IND-20241210-001,2024-12-14T16:43:00,,on_time
SHP-202412-000211,CLI-0201,HUB-CIN,standard,2024-12-26T20:34:17,2024-12-29T20:34:17,delivered,,2024-12-31T00:34:17,,on_time
SHP-202412-000212,CLI-0007,HUB-CHI,standard,2024-12-23T18:16:30,2024-12-27T18:16:30,delivered,RTE-CHI-20241223-003,2024-12-27T18:16:30,,on_time
SHP-202412-000213,CLI-0042,HUB-IND,expedited,2024-12-23T16:44:53,2024-12-24T16:44:53,delivered,RTE-IND-20241223-001,2024-12-25T19:44:53,,on_time
SHP-202412-000214,CLI-0042,HUB-DET,standard,2024-12-12T18:25:17,2024-12-14T18:25:17,delivered,RTE-DET-20241213-001,2024-12-16T07:25:17,,on_time
SHP-202412-000215,CLI-0007,HUB-IND,freight,2024-12-09T11:37:41,2024-12-12T11:37:41,delivered,RTE-IND-20241209-001,2024-12-13T05:37:41,,on_time
SHP-202412-000216,CLI-0201,HUB-IND,expedited,2024-12-03T10:54:15,2024-12-07T10:54:15,delivered,RTE-IND-20241203-001,2024-12-07T10:54:15,,on_time
SHP-202412-000217,CLI-0007,HUB-CIN,freight,2024-12-24T18:58:04,2024-12-25T18:58:04,delivered,RTE-CIN-20241225-002,2024-12-28T10:58:04,,on_time
SHP-202412-000218,CLI-0169,HUB-CHI,expedited,2024-12-25T13:23:11,2024-12-28T13:23:11,delivered,RTE-CHI-20241226-001,2024-12-28T13:23:11,,on_time
SHP-202412-000219,CLI-0201,HUB-CMH,standard,2024-12-13T14:37:44,2024-12-14T14:37:44,delivered,,2024-12-17T19:37:44,,on_time
SHP-202412-000220,CLI-0155,HUB-CHI,freight,2024-12-27T20:49:31,2024-12-30T20:49:31,delivered,RTE-CHI-20241227-001,2025-01-01T10:49:31,,on_time
SHP-202412-000221,CLI-0201,HUB-CHI,standard,2024-12-17T20:25:19,,returned,RTE-CHI-20241217-001,2024-12-21T22:25:19,,
SHP-202412-000222,CLI-0007,HUB-DET,freight,2024-12-02T14:58:47,2024-12-06T14:58:47,delivered,,2024-12-06T14:58:47,,on_time
SHP-202412-000223,CLI-0042,HUB-DET,standard,2024-12-06T14:44:03,2024-12-08T14:44:03,delivered,RTE-DET-20241207-001,2024-12-09T22:44:03,,on_time
SHP-202412-000224,CLI-0201,HUB-CHI,standard,2024-12-02T12:21:30,2024-12-05T12:21:30,delivered,RTE-CHI-20241202-006,2024-12-06T16:21:30,,on_time
