ticket_id,client_id,shipment_id,opened_at,channel,status,csat,body
TKT-200014,CLI-0201,SHP-202508-000160,2025-08-14T14:14:00,email,resolved,1,"[customer] Where is SHP-202508-000160?? Your tracking hasn't updated and my customer is furious. I need answers today.~~NL~~[agent.dfoster] Thank you for your patience. I've located SHP-202508-000160 in our system (origin HUB-DET). Checking with dispatch now.~~NL~~[agent.dfoster] Dispatch confirms SHP-202508-000160 will be reattempted next business day. I've flagged your account for a proactive follow-up.~~NL~~[customer] Okay, thank you. Please keep me posted."
TKT-200222,CLI-0201,SHP-202504-000088,2025-04-06T15:44:00,phone,resolved,5,"[customer] Following up on SHP-202504-000088 — could you send the POD once it's delivered? Accounting needs it.~~NL~~[agent.mruiz] Attached the POD for SHP-202504-000088. Let me know if there's anything else!~~NL~~[customer] Perfect, thank you!"
TKT-200017,CLI-0007,SHP-202508-000005,2025-08-06T17:03:00,chat,resolved,1,[customer] Where is SHP-202508-000005?? Your tracking hasn't updated and my customer is furious. I need answers today.~~NL~~[agent.tpatel] Thanks for reaching out — I'm sorry for the trouble with SHP-202508-000005. I see it was affected by an exception at our Detroit hub. Let me pull the latest.~~NL~~[agent.tpatel] Good news — SHP-202508-000005 is back in motion. I'll monitor it through delivery and confirm the POD with you.
TKT-200086,CLI-0169,SHP-202511-000153,2025-11-14T15:57:00,email,resolved,3,"[customer] Hi, I'm checking on shipment SHP-202511-000153. The status shows delayed — can you tell me the latest ETA?~~NL~~[agent.jbrooks] Thanks for reaching out — I'm sorry for the trouble with SHP-202511-000153. I see it was affected by an exception at our Indianapolis hub. Let me pull the latest.~~NL~~[agent.jbrooks] Update: SHP-202511-000153 is re-routed and expected to deliver within 48 hours. I've added a note to prioritize it. Anything else I can do?~~NL~~[customer] Appreciate the quick turnaround."
TKT-200276,CLI-0155,SHP-202504-000006,2025-04-18T09:35:00,phone,resolved,4,"[customer] Hi — quick question on SHP-202504-000006. Can you confirm the delivery window?~~NL~~[agent.lchen] Attached the POD for SHP-202504-000006. Let me know if there's anything else!~~NL~~[customer] Perfect, thank you!"
TKT-200207,CLI-0007,SHP-202510-000172,2025-10-30T00:02:00,phone,resolved,5,"[customer] Hi — quick question on SHP-202510-000172. Can you confirm the delivery window?~~NL~~[agent.lchen] Attached the POD for SHP-202510-000172. Let me know if there's anything else!~~NL~~[customer] Perfect, thank you!"
TKT-200106,CLI-0169,SHP-202511-000414,2025-11-18T14:46:00,email,resolved,4,"[customer] Hi — quick question on SHP-202511-000414. Can you confirm the delivery window?~~NL~~[agent.kobrien] Happy to help — SHP-202511-000414 is on schedule out of our Columbus hub; delivery is within the next 1–2 business days.~~NL~~[customer] Great, appreciate it."
TKT-200224,CLI-0201,SHP-202511-000117,2025-11-04T18:05:00,portal,resolved,5,"[customer] Can you confirm SHP-202511-000117 is still on track to arrive this week?~~NL~~[agent.tpatel] Sure thing. I've noted the update on SHP-202511-000117 and confirmed it with the Detroit team.~~NL~~[customer] Great, appreciate it."
TKT-200275,CLI-0155,SHP-202508-000139,2025-08-26T02:00:00,email,resolved,4,"[customer] Hello, I need to update the delivery contact for SHP-202508-000139 if it hasn't gone out yet.~~NL~~[agent.mruiz] Sure thing. I've noted the update on SHP-202508-000139 and confirmed it with the Indianapolis team.~~NL~~[customer] Thanks for the quick help."
TKT-200046,CLI-0169,SHP-202511-000362,2025-11-18T21:07:00,email,resolved,4,[customer] Following up on SHP-202511-000362. Could you confirm whether this will still be delivered this week?~~NL~~[agent.dfoster] Thank you for your patience. I've located SHP-202511-000362 in our system (origin HUB-CHI). Checking with dispatch now.~~NL~~[agent.dfoster] Good news — SHP-202511-000362 is back in motion. I'll monitor it through delivery and confirm the POD with you.~~NL~~[customer] That still isn't good enough but I'll wait for the update.
TKT-200005,CLI-0201,SHP-202510-000078,2025-10-16T00:27:00,phone,resolved,5,"[customer] Good morning! Quick question on SHP-202510-000078, currently failed. No rush, just planning around it.~~NL~~[agent.jbrooks] Apologies for the delay on SHP-202510-000078. I've opened an investigation and looped in the Indianapolis operations team."
TKT-200100,CLI-0201,SHP-202508-000084,2025-08-29T22:23:00,phone,resolved,5,"[customer] Hello, I need to update the delivery contact for SHP-202508-000084 if it hasn't gone out yet.~~NL~~[agent.lchen] Attached the POD for SHP-202508-000084. Let me know if there's anything else!~~NL~~[customer] Great, appreciate it."
TKT-200281,CLI-0007,SHP-202503-000041,2025-04-02T23:00:00,portal,resolved,5,"[customer] Can you confirm SHP-202503-000041 is still on track to arrive this week?~~NL~~[agent.lchen] Happy to help — SHP-202503-000041 is on schedule out of our Cincinnati hub; delivery is within the next 1–2 business days.~~NL~~[customer] Great, appreciate it."
TKT-200257,CLI-0007,SHP-202507-000089,2025-07-16T18:07:00,phone,resolved,5,[customer] Hi — quick question on SHP-202507-000089. Can you confirm the delivery window?~~NL~~[agent.dfoster] Attached the POD for SHP-202507-000089. Let me know if there's anything else!~~NL~~[customer] Thanks for the quick help.
TKT-200284,CLI-0169,SHP-202509-000183,2025-09-15T21:34:00,chat,resolved,5,[customer] Hi — quick question on SHP-202509-000183. Can you confirm the delivery window?~~NL~~[agent.lchen] Happy to help — SHP-202509-000183 is on schedule out of our Cincinnati hub; delivery is within the next 1–2 business days.~~NL~~[customer] Thanks for the quick help.
TKT-200131,CLI-0042,SHP-202512-000311,2025-12-22T21:47:00,chat,resolved,5,[customer] Can you confirm SHP-202512-000311 is still on track to arrive this week?~~NL~~[agent.tpatel] Sure thing. I've noted the update on SHP-202512-000311 and confirmed it with the Cincinnati team.~~NL~~[customer] Thanks for the quick help.
TKT-200210,CLI-0201,SHP-202504-000029,2025-04-24T19:09:00,phone,resolved,4,"[customer] Following up on SHP-202504-000029 — could you send the POD once it's delivered? Accounting needs it.~~NL~~[agent.dfoster] Happy to help — SHP-202504-000029 is on schedule out of our Cincinnati hub; delivery is within the next 1–2 business days.~~NL~~[customer] Perfect, thank you!"
TKT-200142,CLI-0042,SHP-202509-000070,2025-09-03T12:35:00,phone,resolved,5,[customer] Following up on SHP-202509-000070 — could you send the POD once it's delivered? Accounting needs it.~~NL~~[agent.tpatel] Happy to help — SHP-202509-000070 is on schedule out of our Chicago hub; delivery is within the next 1–2 business days.~~NL~~[customer] Thanks for the quick help.
TKT-200214,CLI-0007,SHP-202512-000297,2025-12-24T09:26:00,email,resolved,4,"[customer] Can you confirm SHP-202512-000297 is still on track to arrive this week?~~NL~~[agent.kobrien] Attached the POD for SHP-202512-000297. Let me know if there's anything else!~~NL~~[customer] Perfect, thank you!"
TKT-200030,CLI-0201,SHP-202504-000023,2025-04-10T20:12:00,email,pending,,[customer] This is the second time I'm reaching out about SHP-202504-000023. It was due days ago and I still have nothing. This is unacceptable for the rates we pay.~~NL~~[agent.lchen] Apologies for the delay on SHP-202504-000023. I've opened an investigation and looped in the Columbus operations team.~~NL~~[agent.lchen] Good news — SHP-202504-000023 is back in motion. I'll monitor it through delivery and confirm the POD with you.
TKT-200247,CLI-0201,SHP-202506-000193,2025-06-08T22:33:00,email,resolved,5,"[customer] Can you confirm SHP-202506-000193 is still on track to arrive this week?~~NL~~[agent.tpatel] Attached the POD for SHP-202506-000193. Let me know if there's anything else!~~NL~~[customer] Perfect, thank you!"
TKT-200218,CLI-0155,SHP-202512-000293,2025-12-23T16:02:00,chat,resolved,5,[customer] Can you confirm SHP-202512-000293 is still on track to arrive this week?~~NL~~[agent.lchen] Attached the POD for SHP-202512-000293. Let me know if there's anything else!~~NL~~[customer] Thanks for the quick help.
TKT-200118,CLI-0169,SHP-202506-000095,2025-06-09T18:29:00,portal,resolved,5,"[customer] Can you confirm SHP-202506-000095 is still on track to arrive this week?~~NL~~[agent.kobrien] Happy to help — SHP-202506-000095 is on schedule out of our Indianapolis hub; delivery is within the next 1–2 business days.~~NL~~[customer] Great, appreciate it."
TKT-200045,CLI-0169,SHP-202512-000341,2025-12-13T17:12:00,portal,resolved,2,[customer] Requesting an update on SHP-202512-000341. It appears to be delayed.~~NL~~[agent.tpatel] Apologies for the delay on SHP-202512-000341. I've opened an investigation and looped in the Chicago operations team.~~NL~~[agent.tpatel] Dispatch confirms SHP-202512-000341 will be reattempted next business day. I've flagged your account for a proactive follow-up.
TKT-200055,CLI-0201,SHP-202508-000134,2025-08-06T18:16:00,email,resolved,3,"[customer] Good morning! Quick question on SHP-202508-000134, currently delayed. No rush, just planning around it.~~NL~~[agent.mruiz] Thanks for reaching out — I'm sorry for the trouble with SHP-202508-000134. I see it was affected by an exception at our Chicago hub. Let me pull the latest.~~NL~~[agent.mruiz] Good news — SHP-202508-000134 is back in motion. I'll monitor it through delivery and confirm the POD with you."
TKT-200227,CLI-0042,SHP-202502-000168,2025-02-04T20:40:00,phone,resolved,5,"[customer] Hi — quick question on SHP-202502-000168. Can you confirm the delivery window?~~NL~~[agent.jbrooks] Sure thing. I've noted the update on SHP-202502-000168 and confirmed it with the Cincinnati team.~~NL~~[customer] Perfect, thank you!"
TKT-200012,CLI-0169,SHP-202511-000108,2025-11-12T20:30:00,phone,resolved,3,[customer] Following up on SHP-202511-000108. Could you confirm whether this will still be delivered this week?~~NL~~[agent.lchen] Thank you for your patience. I've located SHP-202511-000108 in our system (origin HUB-DET). Checking with dispatch now.~~NL~~[agent.lchen] Update: SHP-202511-000108 is re-routed and expected to deliver within 48 hours. I've added a note to prioritize it. Anything else I can do?
TKT-200272,CLI-0169,SHP-202508-000254,2025-08-09T17:49:00,chat,resolved,5,"[customer] Following up on SHP-202508-000254 — could you send the POD once it's delivered? Accounting needs it.~~NL~~[agent.dfoster] Happy to help — SHP-202508-000254 is on schedule out of our Indianapolis hub; delivery is within the next 1–2 business days.~~NL~~[customer] Great, appreciate it."
TKT-200024,CLI-0007,SHP-202503-000194,2025-03-17T16:54:00,phone,resolved,1,[customer] Where is SHP-202503-000194?? Your tracking hasn't updated and my customer is furious. I need answers today.~~NL~~[agent.mruiz] Apologies for the delay on SHP-202503-000194. I've opened an investigation and looped in the Detroit operations team.~~NL~~[customer] That still isn't good enough but I'll wait for the update.
TKT-200199,CLI-0201,SHP-202501-000108,2025-01-27T15:37:00,email,resolved,5,[customer] Hi — quick question on SHP-202501-000108. Can you confirm the delivery window?~~NL~~[agent.jbrooks] Happy to help — SHP-202501-000108 is on schedule out of our Chicago hub; delivery is within the next 1–2 business days.~~NL~~[customer] Thanks for the quick help.
TKT-200180,CLI-0042,SHP-202506-000287,2025-06-21T17:52:00,chat,resolved,5,"[customer] Hello, I need to update the delivery contact for SHP-202506-000287 if it hasn't gone out yet.~~NL~~[agent.jbrooks] Attached the POD for SHP-202506-000287. Let me know if there's anything else!~~NL~~[customer] Perfect, thank you!"
TKT-200285,CLI-0042,SHP-202503-000257,2025-03-12T15:55:00,chat,resolved,5,"[customer] Following up on SHP-202503-000257 — could you send the POD once it's delivered? Accounting needs it.~~NL~~[agent.dfoster] Sure thing. I've noted the update on SHP-202503-000257 and confirmed it with the Indianapolis team.~~NL~~[customer] Great, appreciate it."
TKT-200134,CLI-0201,SHP-202507-000047,2025-07-10T23:34:00,chat,resolved,5,[customer] Can you confirm SHP-202507-000047 is still on track to arrive this week?~~NL~~[agent.mruiz] Sure thing. I've noted the update on SHP-202507-000047 and confirmed it with the Indianapolis team.~~NL~~[customer] Thanks for the quick help.
TKT-200070,CLI-0169,SHP-202509-000058,2025-09-18T22:02:00,portal,resolved,2,[customer] This is the second time I'm reaching out about SHP-202509-000058. It was due days ago and I still have nothing. This is unacceptable for the rates we pay.~~NL~~[agent.mruiz] Thanks for reaching out — I'm sorry for the trouble with SHP-202509-000058. I see it was affected by an exception at our Cincinnati hub. Let me pull the latest.~~NL~~[agent.mruiz] Update: SHP-202509-000058 is re-routed and expected to deliver within 48 hours. I've added a note to prioritize it. Anything else I can do?
TKT-200038,CLI-0201,SHP-202512-000008,2025-12-27T12:19:00,phone,resolved,3,"[customer] Hello, hoping you can help with SHP-202512-000008. I understand there may be delays — just need an updated delivery window when you have a moment. Thanks!~~NL~~[agent.lchen] Thank you for your patience. I've located SHP-202512-000008 in our system (origin HUB-CMH). Checking with dispatch now.~~NL~~[agent.lchen] Dispatch confirms SHP-202512-000008 will be reattempted next business day. I've flagged your account for a proactive follow-up."
TKT-200050,CLI-0155,SHP-202501-000062,2025-01-11T17:56:00,email,resolved,3,"[customer] Hi, I'm checking on shipment SHP-202501-000062. The status shows delayed — can you tell me the latest ETA?~~NL~~[agent.mruiz] Thanks for reaching out — I'm sorry for the trouble with SHP-202501-000062. I see it was affected by an exception at our Indianapolis hub. Let me pull the latest.~~NL~~[agent.mruiz] Update: SHP-202501-000062 is re-routed and expected to deliver within 48 hours. I've added a note to prioritize it. Anything else I can do?"
TKT-200271,CLI-0169,SHP-202508-000282,2025-08-29T19:11:00,phone,resolved,5,"[customer] Hello, I need to update the delivery contact for SHP-202508-000282 if it hasn't gone out yet.~~NL~~[agent.tpatel] Attached the POD for SHP-202508-000282. Let me know if there's anything else!~~NL~~[customer] Perfect, thank you!"
TKT-200150,CLI-0201,SHP-202512-000176,2025-12-18T23:24:00,chat,resolved,5,"[customer] Hello, I need to update the delivery contact for SHP-202512-000176 if it hasn't gone out yet.~~NL~~[agent.jbrooks] Happy to help — SHP-202512-000176 is on schedule out of our Columbus hub; delivery is within the next 1–2 business days.~~NL~~[customer] Great, appreciate it."
TKT-200274,CLI-0155,SHP-202504-000137,2025-04-29T23:03:00,phone,resolved,5,"[customer] Hello, I need to update the delivery contact for SHP-202504-000137 if it hasn't gone out yet.~~NL~~[agent.jbrooks] Attached the POD for SHP-202504-000137. Let me know if there's anything else!~~NL~~[customer] Thanks for the quick help."
TKT-200130,CLI-0201,SHP-202507-000234,2025-07-15T15:35:00,portal,resolved,5,"[customer] Hello, I need to update the delivery contact for SHP-202507-000234 if it hasn't gone out yet.~~NL~~[agent.mruiz] Happy to help — SHP-202507-000234 is on schedule out of our Chicago hub; delivery is within the next 1–2 business days.~~NL~~[customer] Thanks for the quick help."
TKT-200159,CLI-0042,SHP-202506-000261,2025-06-21T11:56:00,phone,resolved,4,"[customer] Hello, I need to update the delivery contact for SHP-202506-000261 if it hasn't gone out yet.~~NL~~[agent.jbrooks] Happy to help — SHP-202506-000261 is on schedule out of our Columbus hub; delivery is within the next 1–2 business days.~~NL~~[customer] Great, appreciate it."
TKT-200194,CLI-0042,SHP-202503-000119,2025-03-05T14:54:00,email,resolved,5,"[customer] Hi — quick question on SHP-202503-000119. Can you confirm the delivery window?~~NL~~[agent.kobrien] Happy to help — SHP-202503-000119 is on schedule out of our Indianapolis hub; delivery is within the next 1–2 business days.~~NL~~[customer] Perfect, thank you!"
TKT-200090,CLI-0007,SHP-202512-000381,2025-12-21T22:05:00,email,resolved,4,"[customer] Hi — quick question on SHP-202512-000381. Can you confirm the delivery window?~~NL~~[agent.kobrien] Sure thing. I've noted the update on SHP-202512-000381 and confirmed it with the Columbus team.~~NL~~[customer] Perfect, thank you!"
TKT-200064,CLI-0042,SHP-202502-000091,2025-02-08T21:33:00,chat,open,,[customer] This is the second time I'm reaching out about SHP-202502-000091. It was due days ago and I still have nothing. This is unacceptable for the rates we pay.~~NL~~[agent.lchen] Apologies for the delay on SHP-202502-000091. I've opened an investigation and looped in the Detroit operations team.~~NL~~[agent.lchen] Update: SHP-202502-000091 is re-routed and expected to deliver within 48 hours. I've added a note to prioritize it. Anything else I can do?~~NL~~[customer] That still isn't good enough but I'll wait for the update.
TKT-200126,CLI-0007,SHP-202512-000394,2025-12-05T20:47:00,phone,resolved,5,"[customer] Hello, I need to update the delivery contact for SHP-202512-000394 if it hasn't gone out yet.~~NL~~[agent.jbrooks] Attached the POD for SHP-202512-000394. Let me know if there's anything else!~~NL~~[customer] Perfect, thank you!"
TKT-200228,CLI-0169,SHP-202501-000177,2025-01-03T17:06:00,chat,resolved,4,[customer] Following up on SHP-202501-000177 — could you send the POD once it's delivered? Accounting needs it.~~NL~~[agent.mruiz] Attached the POD for SHP-202501-000177. Let me know if there's anything else!~~NL~~[customer] Thanks for the quick help.
TKT-200135,CLI-0042,SHP-202506-000152,2025-06-09T20:26:00,phone,resolved,5,[customer] Following up on SHP-202506-000152 — could you send the POD once it's delivered? Accounting needs it.~~NL~~[agent.jbrooks] Attached the POD for SHP-202506-000152. Let me know if there's anything else!~~NL~~[customer] Thanks for the quick help.
TKT-200095,CLI-0042,SHP-202502-000246,2025-02-27T17:54:00,chat,resolved,5,"[customer] Following up on SHP-202502-000246 — could you send the POD once it's delivered? Accounting needs it.~~NL~~[agent.jbrooks] Sure thing. I've noted the update on SHP-202502-000246 and confirmed it with the Chicago team.~~NL~~[customer] Great, appreciate it."
TKT-200149,CLI-0007,SHP-202504-000017,2025-04-04T11:39:00,portal,resolved,4,[customer] Following up on SHP-202504-000017 — could you send the POD once it's delivered? Accounting needs it.~~NL~~[agent.kobrien] Happy to help — SHP-202504-000017 is on schedule out of our Cincinnati hub; delivery is within the next 1–2 business days.~~NL~~[customer] Thanks for the quick help.
TKT-200063,CLI-0169,SHP-202501-000310,2025-01-15T07:49:00,email,resolved,3,[customer] Requesting an update on SHP-202501-000310. It appears to be delayed.~~NL~~[agent.mruiz] Thank you for your patience. I've located SHP-202501-000310 in our system (origin HUB-IND). Checking with dispatch now.
TKT-200298,CLI-0201,SHP-202507-000101,2025-07-03T22:35:00,email,resolved,5,"[customer] Following up on SHP-202507-000101 — could you send the POD once it's delivered? Accounting needs it.~~NL~~[agent.lchen] Sure thing. I've noted the update on SHP-202507-000101 and confirmed it with the Detroit team.~~NL~~[customer] Great, appreciate it."
TKT-200104,CLI-0007,SHP-202511-000052,2025-11-03T11:43:00,chat,resolved,5,"[customer] Can you confirm SHP-202511-000052 is still on track to arrive this week?~~NL~~[agent.mruiz] Attached the POD for SHP-202511-000052. Let me know if there's anything else!~~NL~~[customer] Great, appreciate it."
TKT-200018,CLI-0169,SHP-202501-000308,2025-01-05T15:53:00,email,resolved,1,[customer] Extremely disappointed. SHP-202501-000308 was marked delayed with zero communication. Please escalate.~~NL~~[agent.tpatel] Apologies for the delay on SHP-202501-000308. I've opened an investigation and looped in the Indianapolis operations team.
TKT-200040,CLI-0201,SHP-202508-000026,2025-09-01T22:41:00,chat,open,,[customer] This is the second time I'm reaching out about SHP-202508-000026. It was due days ago and I still have nothing. This is unacceptable for the rates we pay.~~NL~~[agent.tpatel] Thanks for reaching out — I'm sorry for the trouble with SHP-202508-000026. I see it was affected by an exception at our Chicago hub. Let me pull the latest.
TKT-200117,CLI-0042,SHP-202505-000270,2025-05-15T20:15:00,phone,resolved,5,"[customer] Following up on SHP-202505-000270 — could you send the POD once it's delivered? Accounting needs it.~~NL~~[agent.tpatel] Sure thing. I've noted the update on SHP-202505-000270 and confirmed it with the Detroit team.~~NL~~[customer] Perfect, thank you!"
TKT-200144,CLI-0169,SHP-202503-000032,2025-03-23T23:40:00,portal,resolved,5,"[customer] Can you confirm SHP-202503-000032 is still on track to arrive this week?~~NL~~[agent.mruiz] Happy to help — SHP-202503-000032 is on schedule out of our Cincinnati hub; delivery is within the next 1–2 business days.~~NL~~[customer] Perfect, thank you!"
TKT-200093,CLI-0155,SHP-202512-000187,2025-12-03T10:51:00,chat,resolved,4,"[customer] Can you confirm SHP-202512-000187 is still on track to arrive this week?~~NL~~[agent.kobrien] Happy to help — SHP-202512-000187 is on schedule out of our Indianapolis hub; delivery is within the next 1–2 business days.~~NL~~[customer] Great, appreciate it."
TKT-200081,CLI-0169,SHP-202501-000070,2025-01-16T19:15:00,portal,resolved,4,"[customer] Following up on SHP-202501-000070. Could you confirm whether this will still be delivered this week?~~NL~~[agent.dfoster] Apologies for the delay on SHP-202501-000070. I've opened an investigation and looped in the Indianapolis operations team.~~NL~~[agent.dfoster] Update: SHP-202501-000070 is re-routed and expected to deliver within 48 hours. I've added a note to prioritize it. Anything else I can do?~~NL~~[customer] Okay, thank you. Please keep me posted."
TKT-200099,CLI-0155,SHP-202509-000184,2025-09-04T19:30:00,portal,resolved,4,"[customer] Hi — quick question on SHP-202509-000184. Can you confirm the delivery window?~~NL~~[agent.tpatel] Sure thing. I've noted the update on SHP-202509-000184 and confirmed it with the Detroit team.~~NL~~[customer] Great, appreciate it."
TKT-200137,CLI-0042,SHP-202510-000152,2025-10-27T07:52:00,phone,resolved,5,[customer] Following up on SHP-202510-000152 — could you send the POD once it's delivered? Accounting needs it.~~NL~~[agent.jbrooks] Sure thing. I've noted the update on SHP-202510-000152 and confirmed it with the Cincinnati team.~~NL~~[customer] Thanks for the quick help.
TKT-200299,CLI-0201,SHP-202503-000289,2025-03-20T18:42:00,chat,resolved,4,"[customer] Hi — quick question on SHP-202503-000289. Can you confirm the delivery window?~~NL~~[agent.mruiz] Sure thing. I've noted the update on SHP-202503-000289 and confirmed it with the Detroit team.~~NL~~[customer] Perfect, thank you!"
TKT-200079,CLI-0201,SHP-202505-000205,2025-05-05T16:54:00,phone,resolved,4,"[customer] Requesting an update on SHP-202505-000205. It appears to be delayed.~~NL~~[agent.mruiz] Apologies for the delay on SHP-202505-000205. I've opened an investigation and looped in the Detroit operations team.~~NL~~[agent.mruiz] Update: SHP-202505-000205 is re-routed and expected to deliver within 48 hours. I've added a note to prioritize it. Anything else I can do?~~NL~~[customer] Okay, thank you. Please keep me posted."
TKT-200252,CLI-0042,SHP-202507-000231,2025-07-28T17:04:00,chat,resolved,4,"[customer] Can you confirm SHP-202507-000231 is still on track to arrive this week?~~NL~~[agent.lchen] Happy to help — SHP-202507-000231 is on schedule out of our Columbus hub; delivery is within the next 1–2 business days.~~NL~~[customer] Perfect, thank you!"
TKT-200160,CLI-0201,SHP-202512-000352,2025-12-05T02:31:00,email,resolved,5,[customer] Following up on SHP-202512-000352 — could you send the POD once it's delivered? Accounting needs it.~~NL~~[agent.jbrooks] Sure thing. I've noted the update on SHP-202512-000352 and confirmed it with the Chicago team.~~NL~~[customer] Thanks for the quick help.
TKT-200282,CLI-0042,SHP-202504-000002,2025-04-13T21:39:00,portal,resolved,5,"[customer] Hello, I need to update the delivery contact for SHP-202504-000002 if it hasn't gone out yet.~~NL~~[agent.lchen] Sure thing. I've noted the update on SHP-202504-000002 and confirmed it with the Chicago team.~~NL~~[customer] Great, appreciate it."
TKT-200094,CLI-0169,SHP-202501-000135,2025-01-17T09:53:00,portal,resolved,4,"[customer] Hello, I need to update the delivery contact for SHP-202501-000135 if it hasn't gone out yet.~~NL~~[agent.jbrooks] Happy to help — SHP-202501-000135 is on schedule out of our Detroit hub; delivery is within the next 1–2 business days.~~NL~~[customer] Great, appreciate it."
TKT-200213,CLI-0169,SHP-202503-000244,2025-03-22T17:18:00,chat,resolved,5,"[customer] Following up on SHP-202503-000244 — could you send the POD once it's delivered? Accounting needs it.~~NL~~[agent.lchen] Sure thing. I've noted the update on SHP-202503-000244 and confirmed it with the Columbus team.~~NL~~[customer] Perfect, thank you!"
TKT-200152,CLI-0042,SHP-202502-000245,2025-02-26T13:21:00,email,resolved,4,"[customer] Hello, I need to update the delivery contact for SHP-202502-000245 if it hasn't gone out yet.~~NL~~[agent.lchen] Attached the POD for SHP-202502-000245. Let me know if there's anything else!~~NL~~[customer] Great, appreciate it."
TKT-200028,CLI-0201,SHP-202501-000260,2025-01-12T17:50:00,chat,resolved,3,[customer] Requesting an update on SHP-202501-000260. It appears to be delayed.~~NL~~[agent.jbrooks] Thanks for reaching out — I'm sorry for the trouble with SHP-202501-000260. I see it was affected by an exception at our Detroit hub. Let me pull the latest.~~NL~~[agent.jbrooks] Dispatch confirms SHP-202501-000260 will be reattempted next business day. I've flagged your account for a proactive follow-up.
TKT-200074,CLI-0169,SHP-202502-000184,2025-02-06T21:01:00,chat,pending,,[customer] Extremely disappointed. SHP-202502-000184 was marked returned with zero communication. Please escalate.~~NL~~[agent.dfoster] Thanks for reaching out — I'm sorry for the trouble with SHP-202502-000184. I see it was affected by an exception at our Columbus hub. Let me pull the latest.
TKT-200153,CLI-0169,SHP-202505-000076,2025-05-10T09:18:00,chat,resolved,5,[customer] Can you confirm SHP-202505-000076 is still on track to arrive this week?~~NL~~[agent.jbrooks] Sure thing. I've noted the update on SHP-202505-000076 and confirmed it with the Columbus team.~~NL~~[customer] Thanks for the quick help.
TKT-200147,CLI-0155,SHP-202508-000078,2025-08-25T20:09:00,phone,resolved,5,"[customer] Can you confirm SHP-202508-000078 is still on track to arrive this week?~~NL~~[agent.dfoster] Happy to help — SHP-202508-000078 is on schedule out of our Chicago hub; delivery is within the next 1–2 business days.~~NL~~[customer] Perfect, thank you!"
TKT-200085,CLI-0042,SHP-202502-000286,2025-02-06T23:12:00,phone,resolved,4,[customer] Requesting an update on SHP-202502-000286. It appears to be failed.~~NL~~[agent.mruiz] Thank you for your patience. I've located SHP-202502-000286 in our system (origin HUB-CMH). Checking with dispatch now.~~NL~~[agent.mruiz] Dispatch confirms SHP-202502-000286 will be reattempted next business day. I've flagged your account for a proactive follow-up.
TKT-200023,CLI-0201,SHP-202512-000223,2025-12-14T15:34:00,portal,resolved,2,[customer] Where is SHP-202512-000223?? Your tracking hasn't updated and my customer is furious. I need answers today.~~NL~~[agent.kobrien] Thanks for reaching out — I'm sorry for the trouble with SHP-202512-000223. I see it was affected by an exception at our Indianapolis hub. Let me pull the latest.~~NL~~[customer] That still isn't good enough but I'll wait for the update.
TKT-200125,CLI-0169,SHP-202508-000080,2025-08-07T23:58:00,email,resolved,5,[customer] Hi — quick question on SHP-202508-000080. Can you confirm the delivery window?~~NL~~[agent.jbrooks] Attached the POD for SHP-202508-000080. Let me know if there's anything else!~~NL~~[customer] Thanks for the quick help.
TKT-200177,CLI-0042,SHP-202506-000052,2025-06-27T11:04:00,email,resolved,5,[customer] Can you confirm SHP-202506-000052 is still on track to arrive this week?~~NL~~[agent.tpatel] Sure thing. I've noted the update on SHP-202506-000052 and confirmed it with the Indianapolis team.~~NL~~[customer] Thanks for the quick help.
TKT-200293,CLI-0007,SHP-202504-000279,2025-05-02T23:49:00,chat,resolved,5,[customer] Hi — quick question on SHP-202504-000279. Can you confirm the delivery window?~~NL~~[agent.dfoster] Happy to help — SHP-202504-000279 is on schedule out of our Chicago hub; delivery is within the next 1–2 business days.~~NL~~[customer] Thanks for the quick help.
TKT-200065,CLI-0007,SHP-202511-000378,2025-11-02T20:46:00,phone,pending,,"[customer] Hi, I'm checking on shipment SHP-202511-000378. The status shows delayed — can you tell me the latest ETA?~~NL~~[agent.kobrien] Thank you for your patience. I've located SHP-202511-000378 in our system (origin HUB-CHI). Checking with dispatch now.~~NL~~[agent.kobrien] Good news — SHP-202511-000378 is back in motion. I'll monitor it through delivery and confirm the POD with you."
TKT-200056,CLI-0007,SHP-202503-000013,2025-03-07T18:28:00,chat,resolved,2,"[customer] Following up on SHP-202503-000013. Could you confirm whether this will still be delivered this week?~~NL~~[agent.kobrien] Thank you for your patience. I've located SHP-202503-000013 in our system (origin HUB-DET). Checking with dispatch now.~~NL~~[agent.kobrien] Good news — SHP-202503-000013 is back in motion. I'll monitor it through delivery and confirm the POD with you.~~NL~~[customer] Okay, thank you. Please keep me posted."
TKT-200263,CLI-0042,SHP-202502-000115,2025-02-14T20:27:00,email,resolved,5,"[customer] Hi — quick question on SHP-202502-000115. Can you confirm the delivery window?~~NL~~[agent.tpatel] Happy to help — SHP-202502-000115 is on schedule out of our Chicago hub; delivery is within the next 1–2 business days.~~NL~~[customer] Perfect, thank you!"
TKT-200220,CLI-0155,SHP-202512-000478,2025-12-20T03:38:00,email,resolved,4,[customer] Can you confirm SHP-202512-000478 is still on track to arrive this week?~~NL~~[agent.mruiz] Attached the POD for SHP-202512-000478. Let me know if there's anything else!~~NL~~[customer] Thanks for the quick help.
TKT-200239,CLI-0155,SHP-202512-000203,2025-12-05T19:13:00,portal,resolved,4,"[customer] Hello, I need to update the delivery contact for SHP-202512-000203 if it hasn't gone out yet.~~NL~~[agent.jbrooks] Happy to help — SHP-202512-000203 is on schedule out of our Detroit hub; delivery is within the next 1–2 business days.~~NL~~[customer] Perfect, thank you!"
TKT-200255,CLI-0169,SHP-202512-000476,2025-12-01T06:49:00,email,resolved,5,"[customer] Hi — quick question on SHP-202512-000476. Can you confirm the delivery window?~~NL~~[agent.kobrien] Happy to help — SHP-202512-000476 is on schedule out of our Indianapolis hub; delivery is within the next 1–2 business days.~~NL~~[customer] Great, appreciate it."
TKT-200027,CLI-0155,SHP-202502-000224,2025-02-22T14:48:00,email,resolved,2,[customer] Where is SHP-202502-000224?? Your tracking hasn't updated and my customer is furious. I need answers today.~~NL~~[agent.mruiz] Apologies for the delay on SHP-202502-000224. I've opened an investigation and looped in the Indianapolis operations team.~~NL~~[customer] Appreciate the quick turnaround.
TKT-200264,CLI-0169,SHP-202501-000009,2025-01-27T17:54:00,phone,resolved,5,"[customer] Following up on SHP-202501-000009 — could you send the POD once it's delivered? Accounting needs it.~~NL~~[agent.tpatel] Happy to help — SHP-202501-000009 is on schedule out of our Cincinnati hub; delivery is within the next 1–2 business days.~~NL~~[customer] Great, appreciate it."
TKT-200256,CLI-0201,SHP-202510-000277,2025-10-14T18:27:00,phone,resolved,5,"[customer] Hi — quick question on SHP-202510-000277. Can you confirm the delivery window?~~NL~~[agent.jbrooks] Attached the POD for SHP-202510-000277. Let me know if there's anything else!~~NL~~[customer] Great, appreciate it."
TKT-200225,CLI-0042,SHP-202503-000163,2025-03-24T19:18:00,portal,resolved,4,"[customer] Can you confirm SHP-202503-000163 is still on track to arrive this week?~~NL~~[agent.mruiz] Happy to help — SHP-202503-000163 is on schedule out of our Detroit hub; delivery is within the next 1–2 business days.~~NL~~[customer] Perfect, thank you!"
TKT-200212,CLI-0155,SHP-202509-000285,2025-09-21T22:13:00,phone,resolved,5,[customer] Hi — quick question on SHP-202509-000285. Can you confirm the delivery window?~~NL~~[agent.mruiz] Happy to help — SHP-202509-000285 is on schedule out of our Cincinnati hub; delivery is within the next 1–2 business days.~~NL~~[customer] Thanks for the quick help.
TKT-200061,CLI-0155,SHP-202502-000161,2025-02-27T14:19:00,portal,open,,"[customer] Hi, I'm checking on shipment SHP-202502-000161. The status shows failed — can you tell me the latest ETA?~~NL~~[agent.lchen] Thanks for reaching out — I'm sorry for the trouble with SHP-202502-000161. I see it was affected by an exception at our Cincinnati hub. Let me pull the latest.~~NL~~[agent.lchen] Dispatch confirms SHP-202502-000161 will be reattempted next business day. I've flagged your account for a proactive follow-up.~~NL~~[customer] That still isn't good enough but I'll wait for the update."
TKT-200138,CLI-0155,SHP-202512-000335,2025-12-15T19:08:00,chat,resolved,5,[customer] Hi — quick question on SHP-202512-000335. Can you confirm the delivery window?~~NL~~[agent.lchen] Attached the POD for SHP-202512-000335. Let me know if there's anything else!~~NL~~[customer] Thanks for the quick help.
TKT-200123,CLI-0169,SHP-202510-000113,2025-10-27T14:56:00,phone,resolved,5,"[customer] Hello, I need to update the delivery contact for SHP-202510-000113 if it hasn't gone out yet.~~NL~~[agent.jbrooks] Happy to help — SHP-202510-000113 is on schedule out of our Detroit hub; delivery is within the next 1–2 business days.~~NL~~[customer] Thanks for the quick help."
TKT-200270,CLI-0155,SHP-202511-000235,2025-11-11T19:33:00,chat,resolved,5,"[customer] Hi — quick question on SHP-202511-000235. Can you confirm the delivery window?~~NL~~[agent.lchen] Happy to help — SHP-202511-000235 is on schedule out of our Columbus hub; delivery is within the next 1–2 business days.~~NL~~[customer] Perfect, thank you!"
TKT-200043,CLI-0155,SHP-202511-000367,2025-11-19T13:08:00,chat,open,,[customer] Following up on SHP-202511-000367. Could you confirm whether this will still be delivered this week?~~NL~~[agent.dfoster] Thank you for your patience. I've located SHP-202511-000367 in our system (origin HUB-CIN). Checking with dispatch now.~~NL~~[agent.dfoster] Good news — SHP-202511-000367 is back in motion. I'll monitor it through delivery and confirm the POD with you.
TKT-200119,CLI-0007,SHP-202502-000173,2025-02-26T19:37:00,chat,resolved,5,"[customer] Hello, I need to update the delivery contact for SHP-202502-000173 if it hasn't gone out yet.~~NL~~[agent.tpatel] Attached the POD for SHP-202502-000173. Let me know if there's anything else!~~NL~~[customer] Perfect, thank you!"
TKT-200278,CLI-0042,SHP-202511-000329,2025-11-05T18:39:00,phone,resolved,5,"[customer] Hello, I need to update the delivery contact for SHP-202511-000329 if it hasn't gone out yet.~~NL~~[agent.dfoster] Happy to help — SHP-202511-000329 is on schedule out of our Cincinnati hub; delivery is within the next 1–2 business days.~~NL~~[customer] Great, appreciate it."
TKT-200230,CLI-0042,SHP-202507-000266,2025-07-30T17:46:00,phone,resolved,5,[customer] Hi — quick question on SHP-202507-000266. Can you confirm the delivery window?~~NL~~[agent.kobrien] Sure thing. I've noted the update on SHP-202507-000266 and confirmed it with the Cincinnati team.~~NL~~[customer] Thanks for the quick help.
TKT-200259,CLI-0169,SHP-202512-000390,2025-12-11T08:00:00,chat,resolved,5,"[customer] Can you confirm SHP-202512-000390 is still on track to arrive this week?~~NL~~[agent.jbrooks] Happy to help — SHP-202512-000390 is on schedule out of our Detroit hub; delivery is within the next 1–2 business days.~~NL~~[customer] Perfect, thank you!"
TKT-200008,CLI-0201,SHP-202505-000231,2025-05-26T13:36:00,phone,resolved,1,[customer] Where is SHP-202505-000231?? Your tracking hasn't updated and my customer is furious. I need answers today.~~NL~~[agent.jbrooks] Thanks for reaching out — I'm sorry for the trouble with SHP-202505-000231. I see it was affected by an exception at our Columbus hub. Let me pull the latest.~~NL~~[agent.jbrooks] Update: SHP-202505-000231 is re-routed and expected to deliver within 48 hours. I've added a note to prioritize it. Anything else I can do?~~NL~~[customer] Appreciate the quick turnaround.
TKT-200200,CLI-0169,SHP-202503-000175,2025-03-08T09:47:00,portal,resolved,5,"[customer] Following up on SHP-202503-000175 — could you send the POD once it's delivered? Accounting needs it.~~NL~~[agent.dfoster] Sure thing. I've noted the update on SHP-202503-000175 and confirmed it with the Columbus team.~~NL~~[customer] Great, appreciate it."
TKT-200269,CLI-0201,SHP-202505-000215,2025-05-07T11:38:00,email,resolved,5,"[customer] Hi — quick question on SHP-202505-000215. Can you confirm the delivery window?~~NL~~[agent.kobrien] Happy to help — SHP-202505-000215 is on schedule out of our Chicago hub; delivery is within the next 1–2 business days.~~NL~~[customer] Perfect, thank you!"
TKT-200289,CLI-0155,SHP-202507-000212,2025-07-17T16:56:00,phone,resolved,4,[customer] Hi — quick question on SHP-202507-000212. Can you confirm the delivery window?~~NL~~[agent.dfoster] Attached the POD for SHP-202507-000212. Let me know if there's anything else!~~NL~~[customer] Thanks for the quick help.
TKT-200098,CLI-0042,SHP-202511-000328,2025-11-21T16:29:00,portal,resolved,5,"[customer] Hi — quick question on SHP-202511-000328. Can you confirm the delivery window?~~NL~~[agent.jbrooks] Attached the POD for SHP-202511-000328. Let me know if there's anything else!~~NL~~[customer] Great, appreciate it."
TKT-200179,CLI-0201,SHP-202501-000304,2025-01-09T18:24:00,email,resolved,5,"[customer] Hello, I need to update the delivery contact for SHP-202501-000304 if it hasn't gone out yet.~~NL~~[agent.tpatel] Attached the POD for SHP-202501-000304. Let me know if there's anything else!~~NL~~[customer] Perfect, thank you!"
TKT-200121,CLI-0155,SHP-202503-000314,2025-03-08T21:09:00,email,resolved,5,"[customer] Hello, I need to update the delivery contact for SHP-202503-000314 if it hasn't gone out yet.~~NL~~[agent.mruiz] Happy to help — SHP-202503-000314 is on schedule out of our Cincinnati hub; delivery is within the next 1–2 business days.~~NL~~[customer] Thanks for the quick help."
TKT-200109,CLI-0042,SHP-202508-000222,2025-08-01T13:20:00,portal,resolved,5,"[customer] Hello, I need to update the delivery contact for SHP-202508-000222 if it hasn't gone out yet.~~NL~~[agent.jbrooks] Happy to help — SHP-202508-000222 is on schedule out of our Indianapolis hub; delivery is within the next 1–2 business days.~~NL~~[customer] Perfect, thank you!"
TKT-200089,CLI-0169,SHP-202501-000216,2025-01-10T12:01:00,email,resolved,3,"[customer] Hi, I'm checking on shipment SHP-202501-000216. The status shows failed — can you tell me the latest ETA?~~NL~~[agent.tpatel] Thanks for reaching out — I'm sorry for the trouble with SHP-202501-000216. I see it was affected by an exception at our Indianapolis hub. Let me pull the latest.~~NL~~[agent.tpatel] Good news — SHP-202501-000216 is back in motion. I'll monitor it through delivery and confirm the POD with you.~~NL~~[customer] Appreciate the quick turnaround."
TKT-200020,CLI-0042,SHP-202502-000120,2025-02-20T15:07:00,chat,pending,,"[customer] Good morning! Quick question on SHP-202502-000120, currently delayed. No rush, just planning around it.~~NL~~[agent.dfoster] Apologies for the delay on SHP-202502-000120. I've opened an investigation and looped in the Cincinnati operations team."
TKT-200203,CLI-0007,SHP-202511-000038,2025-11-11T00:50:00,phone,resolved,4,[customer] Following up on SHP-202511-000038 — could you send the POD once it's delivered? Accounting needs it.~~NL~~[agent.mruiz] Happy to help — SHP-202511-000038 is on schedule out of our Detroit hub; delivery is within the next 1–2 business days.~~NL~~[customer] Thanks for the quick help.
TKT-200156,CLI-0201,SHP-202505-000136,2025-05-19T16:18:00,chat,resolved,5,"[customer] Hi — quick question on SHP-202505-000136. Can you confirm the delivery window?~~NL~~[agent.kobrien] Attached the POD for SHP-202505-000136. Let me know if there's anything else!~~NL~~[customer] Great, appreciate it."
TKT-200102,CLI-0042,SHP-202510-000114,2025-10-12T10:23:00,email,resolved,5,"[customer] Following up on SHP-202510-000114 — could you send the POD once it's delivered? Accounting needs it.~~NL~~[agent.tpatel] Sure thing. I've noted the update on SHP-202510-000114 and confirmed it with the Cincinnati team.~~NL~~[customer] Great, appreciate it."
TKT-200124,CLI-0007,SHP-202511-000142,2025-11-04T13:17:00,email,resolved,5,[customer] Following up on SHP-202511-000142 — could you send the POD once it's delivered? Accounting needs it.~~NL~~[agent.jbrooks] Happy to help — SHP-202511-000142 is on schedule out of our Cincinnati hub; delivery is within the next 1–2 business days.~~NL~~[customer] Thanks for the quick help.
TKT-200155,CLI-0201,SHP-202510-000131,2025-10-16T16:05:00,portal,resolved,5,[customer] Following up on SHP-202510-000131 — could you send the POD once it's delivered? Accounting needs it.~~NL~~[agent.lchen] Happy to help — SHP-202510-000131 is on schedule out of our Cincinnati hub; delivery is within the next 1–2 business days.~~NL~~[customer] Thanks for the quick help.
TKT-200059,CLI-0201,SHP-202506-000026,2025-06-28T20:57:00,chat,resolved,3,"[customer] Hello, hoping you can help with SHP-202506-000026. I understand there may be delays — just need an updated delivery window when you have a moment. Thanks!~~NL~~[agent.kobrien] Apologies for the delay on SHP-202506-000026. I've opened an investigation and looped in the Chicago operations team.~~NL~~[agent.kobrien] Dispatch confirms SHP-202506-000026 will be reattempted next business day. I've flagged your account for a proactive follow-up."
TKT-200173,CLI-0169,SHP-202505-000052,2025-05-11T00:06:00,portal,resolved,5,"[customer] Hi — quick question on SHP-202505-000052. Can you confirm the delivery window?~~NL~~[agent.kobrien] Sure thing. I've noted the update on SHP-202505-000052 and confirmed it with the Indianapolis team.~~NL~~[customer] Perfect, thank you!"
TKT-200092,CLI-0169,SHP-202509-000244,2025-09-04T17:41:00,chat,resolved,5,"[customer] Hello, I need to update the delivery contact for SHP-202509-000244 if it hasn't gone out yet.~~NL~~[agent.mruiz] Happy to help — SHP-202509-000244 is on schedule out of our Indianapolis hub; delivery is within the next 1–2 business days.~~NL~~[customer] Perfect, thank you!"
TKT-200162,CLI-0042,SHP-202511-000148,2025-11-06T08:49:00,phone,resolved,4,"[customer] Hello, I need to update the delivery contact for SHP-202511-000148 if it hasn't gone out yet.~~NL~~[agent.jbrooks] Sure thing. I've noted the update on SHP-202511-000148 and confirmed it with the Detroit team.~~NL~~[customer] Perfect, thank you!"
TKT-200294,CLI-0007,SHP-202502-000158,2025-02-22T16:32:00,email,resolved,5,"[customer] Can you confirm SHP-202502-000158 is still on track to arrive this week?~~NL~~[agent.dfoster] Attached the POD for SHP-202502-000158. Let me know if there's anything else!~~NL~~[customer] Great, appreciate it."
TKT-200082,CLI-0155,SHP-202501-000114,2025-01-18T11:22:00,chat,open,,"[customer] Good morning! Quick question on SHP-202501-000114, currently delayed. No rush, just planning around it.~~NL~~[agent.jbrooks] Apologies for the delay on SHP-202501-000114. I've opened an investigation and looped in the Indianapolis operations team.~~NL~~[agent.jbrooks] Dispatch confirms SHP-202501-000114 will be reattempted next business day. I've flagged your account for a proactive follow-up."
TKT-200163,CLI-0169,SHP-202501-000078,2025-01-11T18:15:00,email,resolved,5,"[customer] Can you confirm SHP-202501-000078 is still on track to arrive this week?~~NL~~[agent.mruiz] Attached the POD for SHP-202501-000078. Let me know if there's anything else!~~NL~~[customer] Perfect, thank you!"
TKT-200000,CLI-0042,SHP-202512-000104,2025-12-12T13:54:00,email,pending,,[customer] Where is SHP-202512-000104?? Your tracking hasn't updated and my customer is furious. I need answers today.~~NL~~[agent.jbrooks] Apologies for the delay on SHP-202512-000104. I've opened an investigation and looped in the Indianapolis operations team.~~NL~~[agent.jbrooks] Good news — SHP-202512-000104 is back in motion. I'll monitor it through delivery and confirm the POD with you.~~NL~~[customer] That still isn't good enough but I'll wait for the update.
TKT-200268,CLI-0007,SHP-202511-000347,2025-11-21T16:06:00,portal,resolved,5,[customer] Following up on SHP-202511-000347 — could you send the POD once it's delivered? Accounting needs it.~~NL~~[agent.jbrooks] Happy to help — SHP-202511-000347 is on schedule out of our Indianapolis hub; delivery is within the next 1–2 business days.~~NL~~[customer] Thanks for the quick help.
TKT-200243,CLI-0201,SHP-202501-000109,2025-01-06T14:22:00,portal,resolved,4,"[customer] Following up on SHP-202501-000109 — could you send the POD once it's delivered? Accounting needs it.~~NL~~[agent.lchen] Attached the POD for SHP-202501-000109. Let me know if there's anything else!~~NL~~[customer] Perfect, thank you!"
TKT-200231,CLI-0169,SHP-202508-000217,2025-08-10T19:25:00,portal,resolved,5,"[customer] Hello, I need to update the delivery contact for SHP-202508-000217 if it hasn't gone out yet.~~NL~~[agent.dfoster] Sure thing. I've noted the update on SHP-202508-000217 and confirmed it with the Columbus team.~~NL~~[customer] Perfect, thank you!"
TKT-200127,CLI-0007,SHP-202508-000283,2025-08-07T17:07:00,email,resolved,4,"[customer] Can you confirm SHP-202508-000283 is still on track to arrive this week?~~NL~~[agent.dfoster] Attached the POD for SHP-202508-000283. Let me know if there's anything else!~~NL~~[customer] Great, appreciate it."
TKT-200143,CLI-0169,SHP-202506-000086,2025-06-05T20:20:00,phone,resolved,4,[customer] Can you confirm SHP-202506-000086 is still on track to arrive this week?~~NL~~[agent.dfoster] Attached the POD for SHP-202506-000086. Let me know if there's anything else!~~NL~~[customer] Thanks for the quick help.
TKT-200001,CLI-0201,SHP-202512-000200,2025-12-03T11:50:00,email,resolved,5,"[customer] Good morning! Quick question on SHP-202512-000200, currently failed. No rush, just planning around it.~~NL~~[agent.dfoster] Thanks for reaching out — I'm sorry for the trouble with SHP-202512-000200. I see it was affected by an exception at our Detroit hub. Let me pull the latest.~~NL~~[agent.dfoster] Dispatch confirms SHP-202512-000200 will be reattempted next business day. I've flagged your account for a proactive follow-up."
TKT-200295,CLI-0042,SHP-202512-000355,2025-12-09T11:31:00,portal,resolved,5,"[customer] Hi — quick question on SHP-202512-000355. Can you confirm the delivery window?~~NL~~[agent.jbrooks] Attached the POD for SHP-202512-000355. Let me know if there's anything else!~~NL~~[customer] Great, appreciate it."
TKT-200029,CLI-0201,SHP-202512-000358,2025-12-16T23:06:00,phone,resolved,3,[customer] This is the second time I'm reaching out about SHP-202512-000358. It was due days ago and I still have nothing. This is unacceptable for the rates we pay.~~NL~~[agent.lchen] Thanks for reaching out — I'm sorry for the trouble with SHP-202512-000358. I see it was affected by an exception at our Detroit hub. Let me pull the latest.~~NL~~[agent.lchen] Dispatch confirms SHP-202512-000358 will be reattempted next business day. I've flagged your account for a proactive follow-up.
TKT-200193,CLI-0155,SHP-202503-000012,2025-03-03T15:18:00,portal,resolved,5,"[customer] Hello, I need to update the delivery contact for SHP-202503-000012 if it hasn't gone out yet.~~NL~~[agent.mruiz] Happy to help — SHP-202503-000012 is on schedule out of our Detroit hub; delivery is within the next 1–2 business days.~~NL~~[customer] Thanks for the quick help."
TKT-200122,CLI-0155,SHP-202512-000182,2025-12-29T10:28:00,email,resolved,5,"[customer] Hello, I need to update the delivery contact for SHP-202512-000182 if it hasn't gone out yet.~~NL~~[agent.mruiz] Happy to help — SHP-202512-000182 is on schedule out of our Cincinnati hub; delivery is within the next 1–2 business days.~~NL~~[customer] Thanks for the quick help."
TKT-200175,CLI-0007,SHP-202502-000104,2025-02-17T20:14:00,chat,resolved,5,"[customer] Can you confirm SHP-202502-000104 is still on track to arrive this week?~~NL~~[agent.dfoster] Sure thing. I've noted the update on SHP-202502-000104 and confirmed it with the Columbus team.~~NL~~[customer] Perfect, thank you!"
TKT-200280,CLI-0201,SHP-202509-000218,2025-09-19T15:51:00,portal,resolved,5,"[customer] Can you confirm SHP-202509-000218 is still on track to arrive this week?~~NL~~[agent.mruiz] Sure thing. I've noted the update on SHP-202509-000218 and confirmed it with the Chicago team.~~NL~~[customer] Perfect, thank you!"
TKT-200219,CLI-0042,SHP-202506-000177,2025-06-04T17:05:00,portal,resolved,5,[customer] Following up on SHP-202506-000177 — could you send the POD once it's delivered? Accounting needs it.~~NL~~[agent.mruiz] Attached the POD for SHP-202506-000177. Let me know if there's anything else!~~NL~~[customer] Thanks for the quick help.
TKT-200266,CLI-0169,SHP-202511-000247,2025-11-08T15:09:00,chat,resolved,5,"[customer] Hello, I need to update the delivery contact for SHP-202511-000247 if it hasn't gone out yet.~~NL~~[agent.jbrooks] Sure thing. I've noted the update on SHP-202511-000247 and confirmed it with the Cincinnati team.~~NL~~[customer] Perfect, thank you!"
TKT-200192,CLI-0169,SHP-202502-000074,2025-02-18T13:50:00,email,resolved,5,"[customer] Following up on SHP-202502-000074 — could you send the POD once it's delivered? Accounting needs it.~~NL~~[agent.kobrien] Sure thing. I've noted the update on SHP-202502-000074 and confirmed it with the Chicago team.~~NL~~[customer] Perfect, thank you!"
TKT-200291,CLI-0155,SHP-202502-000126,2025-02-22T18:10:00,portal,resolved,4,"[customer] Hi — quick question on SHP-202502-000126. Can you confirm the delivery window?~~NL~~[agent.tpatel] Attached the POD for SHP-202502-000126. Let me know if there's anything else!~~NL~~[customer] Perfect, thank you!"
TKT-200021,CLI-0169,SHP-202502-000275,2025-02-15T17:47:00,chat,resolved,1,"[customer] Where is SHP-202502-000275?? Your tracking hasn't updated and my customer is furious. I need answers today.~~NL~~[agent.dfoster] Thanks for reaching out — I'm sorry for the trouble with SHP-202502-000275. I see it was affected by an exception at our Cincinnati hub. Let me pull the latest.~~NL~~[customer] Okay, thank you. Please keep me posted."
TKT-200004,CLI-0201,SHP-202511-000198,2025-11-14T10:00:00,phone,pending,,[customer] Where is SHP-202511-000198?? Your tracking hasn't updated and my customer is furious. I need answers today.~~NL~~[agent.mruiz] Thanks for reaching out — I'm sorry for the trouble with SHP-202511-000198. I see it was affected by an exception at our Chicago hub. Let me pull the latest.~~NL~~[agent.mruiz] Good news — SHP-202511-000198 is back in motion. I'll monitor it through delivery and confirm the POD with you.~~NL~~[customer] That still isn't good enough but I'll wait for the update.
TKT-200015,CLI-0155,SHP-202507-000197,2025-07-18T19:53:00,portal,resolved,3,[customer] Following up on SHP-202507-000197. Could you confirm whether this will still be delivered this week?~~NL~~[agent.tpatel] Thanks for reaching out — I'm sorry for the trouble with SHP-202507-000197. I see it was affected by an exception at our Indianapolis hub. Let me pull the latest.~~NL~~[agent.tpatel] Good news — SHP-202507-000197 is back in motion. I'll monitor it through delivery and confirm the POD with you.~~NL~~[customer] That still isn't good enough but I'll wait for the update.
TKT-900000,CLI-0042,SHP-202501-900001,2025-01-14T09:00:00,phone,pending,,[customer] Where is SHP-202501-900001?? Nothing's moved for days. I know Chicago got hit but I need a real ETA.~~NL~~[agent.lchen] I'm sorry — the Jan winter storm at our Chicago hub (incident INC-2025-00417) delayed a large batch including SHP-202501-900001. It's re-routed and moving now; expect delivery within 48 hours.~~NL~~[customer] Fine. Please make sure it actually does this time.
TKT-900001,CLI-0042,SHP-202501-900002,2025-01-15T10:07:00,phone,pending,,[customer] Where is SHP-202501-900002?? Nothing's moved for days. I know Chicago got hit but I need a real ETA.~~NL~~[agent.mruiz] I'm sorry — the Jan winter storm at our Chicago hub (incident INC-2025-00417) delayed a large batch including SHP-202501-900002. It's re-routed and moving now; expect delivery within 48 hours.~~NL~~[customer] Fine. Please make sure it actually does this time.
TKT-900002,CLI-0042,SHP-202501-900003,2025-01-16T17:27:00,chat,resolved,3,[customer] Where is SHP-202501-900003?? Nothing's moved for days. I know Chicago got hit but I need a real ETA.~~NL~~[agent.mruiz] I'm sorry — the Jan winter storm at our Chicago hub (incident INC-2025-00417) delayed a large batch including SHP-202501-900003. It's re-routed and moving now; expect delivery within 48 hours.~~NL~~[customer] Fine. Please make sure it actually does this time.
TKT-900003,CLI-0042,SHP-202502-900004,2025-02-03T16:59:00,chat,pending,2,[customer] Where is SHP-202502-900004?? Nothing's moved for days. I know Chicago got hit but I need a real ETA.~~NL~~[agent.mruiz] I'm sorry — the Jan winter storm at our Chicago hub (incident INC-2025-00417) delayed a large batch including SHP-202502-900004. It's re-routed and moving now; expect delivery within 48 hours.~~NL~~[customer] Fine. Please make sure it actually does this time.
TKT-900004,CLI-0042,SHP-202501-900005,2025-01-14T10:34:00,phone,pending,,[customer] Where is SHP-202501-900005?? Nothing's moved for days. I know Chicago got hit but I need a real ETA.~~NL~~[agent.lchen] I'm sorry — the Jan winter storm at our Chicago hub (incident INC-2025-00417) delayed a large batch including SHP-202501-900005. It's re-routed and moving now; expect delivery within 48 hours.~~NL~~[customer] Fine. Please make sure it actually does this time.
TKT-900005,CLI-0042,SHP-202501-900006,2025-01-15T11:13:00,email,resolved,2,[customer] Where is SHP-202501-900006?? Nothing's moved for days. I know Chicago got hit but I need a real ETA.~~NL~~[agent.jbrooks] I'm sorry — the Jan winter storm at our Chicago hub (incident INC-2025-00417) delayed a large batch including SHP-202501-900006. It's re-routed and moving now; expect delivery within 48 hours.~~NL~~[customer] Fine. Please make sure it actually does this time.
TKT-900006,CLI-0042,SHP-202501-900007,2025-01-16T12:51:00,email,resolved,,[customer] Where is SHP-202501-900007?? Nothing's moved for days. I know Chicago got hit but I need a real ETA.~~NL~~[agent.mruiz] I'm sorry — the Jan winter storm at our Chicago hub (incident INC-2025-00417) delayed a large batch including SHP-202501-900007. It's re-routed and moving now; expect delivery within 48 hours.~~NL~~[customer] Fine. Please make sure it actually does this time.
TKT-900007,CLI-0042,SHP-202502-900008,2025-02-03T17:24:00,chat,resolved,2,[customer] Where is SHP-202502-900008?? Nothing's moved for days. I know Chicago got hit but I need a real ETA.~~NL~~[agent.mruiz] I'm sorry — the Jan winter storm at our Chicago hub (incident INC-2025-00417) delayed a large batch including SHP-202502-900008. It's re-routed and moving now; expect delivery within 48 hours.~~NL~~[customer] Fine. Please make sure it actually does this time.
TKT-900008,CLI-0042,SHP-202501-900009,2025-01-14T12:26:00,chat,pending,3,[customer] Where is SHP-202501-900009?? Nothing's moved for days. I know Chicago got hit but I need a real ETA.~~NL~~[agent.jbrooks] I'm sorry — the Jan winter storm at our Chicago hub (incident INC-2025-00417) delayed a large batch including SHP-202501-900009. It's re-routed and moving now; expect delivery within 48 hours.~~NL~~[customer] Fine. Please make sure it actually does this time.
TKT-900009,CLI-0042,SHP-202501-900010,2025-01-15T15:08:00,email,resolved,2,[customer] Where is SHP-202501-900010?? Nothing's moved for days. I know Chicago got hit but I need a real ETA.~~NL~~[agent.jbrooks] I'm sorry — the Jan winter storm at our Chicago hub (incident INC-2025-00417) delayed a large batch including SHP-202501-900010. It's re-routed and moving now; expect delivery within 48 hours.~~NL~~[customer] Fine. Please make sure it actually does this time.
TKT-900010,CLI-0201,SHP-202501-900011,2025-01-16T12:48:00,email,resolved,2,[customer] Where is SHP-202501-900011?? Nothing's moved for days. I know Chicago got hit but I need a real ETA.~~NL~~[agent.mruiz] I'm sorry — the Jan winter storm at our Chicago hub (incident INC-2025-00417) delayed a large batch including SHP-202501-900011. It's re-routed and moving now; expect delivery within 48 hours.~~NL~~[customer] Fine. Please make sure it actually does this time.
TKT-900015,CLI-0007,SHP-202502-900016,2025-02-03T17:58:00,email,resolved,,[customer] Where is SHP-202502-900016?? Nothing's moved for days. I know Chicago got hit but I need a real ETA.~~NL~~[agent.jbrooks] I'm sorry — the Jan winter storm at our Chicago hub (incident INC-2025-00417) delayed a large batch including SHP-202502-900016. It's re-routed and moving now; expect delivery within 48 hours.~~NL~~[customer] Fine. Please make sure it actually does this time.
TKT-900017,CLI-0007,SHP-202501-900018,2025-01-15T12:20:00,email,resolved,1,[customer] Where is SHP-202501-900018?? Nothing's moved for days. I know Chicago got hit but I need a real ETA.~~NL~~[agent.jbrooks] I'm sorry — the Jan winter storm at our Chicago hub (incident INC-2025-00417) delayed a large batch including SHP-202501-900018. It's re-routed and moving now; expect delivery within 48 hours.~~NL~~[customer] Fine. Please make sure it actually does this time.
TKT-910000,CLI-0042,SHP-202505-000271,2025-05-14T14:00:00,phone,pending,3,"[customer] Following up on SHP-202505-000271 — another late LTL load. Our account team keeps promising improvement and we're not seeing it.~~NL~~[agent.lchen] Understood, and I'm sorry. I've logged this against the Jaffle Equipment account (CLI-0042) and flagged it for your account owner Marcus Trent.~~NL~~[customer] Please do. Appreciate it."
TKT-910001,CLI-0042,SHP-202506-000261,2025-06-17T15:00:00,phone,resolved,3,"[customer] Following up on SHP-202506-000261 — another late LTL load. Our account team keeps promising improvement and we're not seeing it.~~NL~~[agent.lchen] Understood, and I'm sorry. I've logged this against the Jaffle Equipment account (CLI-0042) and flagged it for your account owner Marcus Trent.~~NL~~[customer] Please do. Appreciate it."
TKT-910002,CLI-0042,SHP-202506-000261,2025-06-20T11:00:00,phone,open,2,"[customer] Following up on SHP-202506-000261 — another late LTL load. Our account team keeps promising improvement and we're not seeing it.~~NL~~[agent.lchen] Understood, and I'm sorry. I've logged this against the Jaffle Equipment account (CLI-0042) and flagged it for your account owner Marcus Trent.~~NL~~[customer] Please do. Appreciate it."
TKT-910003,CLI-0042,SHP-202507-000266,2025-07-13T09:00:00,email,open,1,"[customer] This keeps happening. Following up on SHP-202507-000266 — another late LTL load. Our account team keeps promising improvement and we're not seeing it.~~NL~~[agent.lchen] Understood, and I'm sorry. I've logged this against the Jaffle Equipment account (CLI-0042) and flagged it for your account owner Marcus Trent.~~NL~~[customer] This needs to actually get fixed, not just promised."
TKT-910004,CLI-0042,SHP-202507-000237,2025-07-12T09:00:00,email,resolved,1,"[customer] This keeps happening. Following up on SHP-202507-000237 — another late LTL load. Our account team keeps promising improvement and we're not seeing it.~~NL~~[agent.lchen] Understood, and I'm sorry. I've logged this against the Jaffle Equipment account (CLI-0042) and flagged it for your account owner Marcus Trent.~~NL~~[customer] This needs to actually get fixed, not just promised."
TKT-910005,CLI-0042,SHP-202507-000266,2025-07-10T15:00:00,phone,resolved,1,"[customer] This keeps happening. Following up on SHP-202507-000266 — another late LTL load. Our account team keeps promising improvement and we're not seeing it.~~NL~~[agent.lchen] Understood, and I'm sorry. I've logged this against the Jaffle Equipment account (CLI-0042) and flagged it for your account owner Marcus Trent.~~NL~~[customer] This needs to actually get fixed, not just promised."
TKT-910006,CLI-0042,SHP-202507-000334,2025-07-10T12:00:00,phone,resolved,1,"[customer] This keeps happening. Following up on SHP-202507-000334 — another late LTL load. Our account team keeps promising improvement and we're not seeing it.~~NL~~[agent.lchen] Understood, and I'm sorry. I've logged this against the Jaffle Equipment account (CLI-0042) and flagged it for your account owner Marcus Trent.~~NL~~[customer] This needs to actually get fixed, not just promised."
TKT-910007,CLI-0042,SHP-202508-000262,2025-08-13T16:00:00,phone,pending,1,"[customer] This keeps happening. Following up on SHP-202508-000262 — another late LTL load. Our account team keeps promising improvement and we're not seeing it.~~NL~~[agent.lchen] Understood, and I'm sorry. I've logged this against the Jaffle Equipment account (CLI-0042) and flagged it for your account owner Marcus Trent.~~NL~~[customer] This needs to actually get fixed, not just promised."
TKT-910008,CLI-0042,SHP-202508-000272,2025-08-21T11:00:00,email,pending,1,"[customer] This keeps happening. Following up on SHP-202508-000272 — another late LTL load. Our account team keeps promising improvement and we're not seeing it.~~NL~~[agent.lchen] Understood, and I'm sorry. I've logged this against the Jaffle Equipment account (CLI-0042) and flagged it for your account owner Marcus Trent.~~NL~~[customer] This needs to actually get fixed, not just promised."
TKT-910009,CLI-0042,SHP-202508-000250,2025-08-22T12:00:00,phone,open,2,"[customer] This keeps happening. Following up on SHP-202508-000250 — another late LTL load. Our account team keeps promising improvement and we're not seeing it.~~NL~~[agent.lchen] Understood, and I'm sorry. I've logged this against the Jaffle Equipment account (CLI-0042) and flagged it for your account owner Marcus Trent.~~NL~~[customer] This needs to actually get fixed, not just promised."
TKT-910010,CLI-0042,SHP-202508-000277,2025-08-21T16:00:00,phone,resolved,2,"[customer] This keeps happening. Following up on SHP-202508-000277 — another late LTL load. Our account team keeps promising improvement and we're not seeing it.~~NL~~[agent.lchen] Understood, and I'm sorry. I've logged this against the Jaffle Equipment account (CLI-0042) and flagged it for your account owner Marcus Trent.~~NL~~[customer] This needs to actually get fixed, not just promised."
TKT-910011,CLI-0042,SHP-202508-000262,2025-08-21T11:00:00,phone,resolved,2,"[customer] This keeps happening. Following up on SHP-202508-000262 — another late LTL load. Our account team keeps promising improvement and we're not seeing it.~~NL~~[agent.lchen] Understood, and I'm sorry. I've logged this against the Jaffle Equipment account (CLI-0042) and flagged it for your account owner Marcus Trent.~~NL~~[customer] This needs to actually get fixed, not just promised."
TKT-910012,CLI-0042,SHP-202508-000272,2025-08-11T12:00:00,email,open,1,"[customer] This keeps happening. Following up on SHP-202508-000272 — another late LTL load. Our account team keeps promising improvement and we're not seeing it.~~NL~~[agent.lchen] Understood, and I'm sorry. I've logged this against the Jaffle Equipment account (CLI-0042) and flagged it for your account owner Marcus Trent.~~NL~~[customer] This needs to actually get fixed, not just promised."
TKT-910013,CLI-0042,SHP-202509-000294,2025-09-23T13:00:00,phone,pending,1,"[customer] This keeps happening. Following up on SHP-202509-000294 — another late LTL load. Our account team keeps promising improvement and we're not seeing it.~~NL~~[agent.lchen] Understood, and I'm sorry. I've logged this against the Jaffle Equipment account (CLI-0042) and flagged it for your account owner Marcus Trent.~~NL~~[customer] This needs to actually get fixed, not just promised."
TKT-910014,CLI-0042,SHP-202509-000282,2025-09-14T10:00:00,phone,open,1,"[customer] This keeps happening. Following up on SHP-202509-000282 — another late LTL load. Our account team keeps promising improvement and we're not seeing it.~~NL~~[agent.lchen] Understood, and I'm sorry. I've logged this against the Jaffle Equipment account (CLI-0042) and flagged it for your account owner Marcus Trent.~~NL~~[customer] This needs to actually get fixed, not just promised."
TKT-910015,CLI-0042,SHP-202509-000255,2025-09-12T11:00:00,email,pending,1,"[customer] This keeps happening. Following up on SHP-202509-000255 — another late LTL load. Our account team keeps promising improvement and we're not seeing it.~~NL~~[agent.lchen] Understood, and I'm sorry. I've logged this against the Jaffle Equipment account (CLI-0042) and flagged it for your account owner Marcus Trent.~~NL~~[customer] This needs to actually get fixed, not just promised."
TKT-910016,CLI-0042,SHP-202509-000292,2025-09-10T13:00:00,email,open,2,"[customer] This keeps happening. Following up on SHP-202509-000292 — another late LTL load. Our account team keeps promising improvement and we're not seeing it.~~NL~~[agent.lchen] Understood, and I'm sorry. I've logged this against the Jaffle Equipment account (CLI-0042) and flagged it for your account owner Marcus Trent.~~NL~~[customer] This needs to actually get fixed, not just promised."
TKT-910017,CLI-0042,SHP-202509-000294,2025-09-13T14:00:00,phone,resolved,1,"[customer] This keeps happening. Following up on SHP-202509-000294 — another late LTL load. Our account team keeps promising improvement and we're not seeing it.~~NL~~[agent.lchen] Understood, and I'm sorry. I've logged this against the Jaffle Equipment account (CLI-0042) and flagged it for your account owner Marcus Trent.~~NL~~[customer] This needs to actually get fixed, not just promised."
TKT-910018,CLI-0042,SHP-202509-000259,2025-09-19T15:00:00,email,resolved,1,"[customer] This keeps happening. Following up on SHP-202509-000259 — another late LTL load. Our account team keeps promising improvement and we're not seeing it.~~NL~~[agent.lchen] Understood, and I'm sorry. I've logged this against the Jaffle Equipment account (CLI-0042) and flagged it for your account owner Marcus Trent.~~NL~~[customer] This needs to actually get fixed, not just promised."
TKT-910019,CLI-0042,SHP-202509-000294,2025-09-18T13:00:00,email,resolved,1,"[customer] This keeps happening. Following up on SHP-202509-000294 — another late LTL load. Our account team keeps promising improvement and we're not seeing it.~~NL~~[agent.lchen] Understood, and I'm sorry. I've logged this against the Jaffle Equipment account (CLI-0042) and flagged it for your account owner Marcus Trent.~~NL~~[customer] This needs to actually get fixed, not just promised."
TKT-910020,CLI-0042,SHP-202510-000259,2025-10-26T15:00:00,email,pending,1,"[customer] This keeps happening. Following up on SHP-202510-000259 — another late LTL load. Our account team keeps promising improvement and we're not seeing it.~~NL~~[agent.lchen] Understood, and I'm sorry. I've logged this against the Jaffle Equipment account (CLI-0042) and flagged it for your account owner Marcus Trent.~~NL~~[customer] This needs to actually get fixed, not just promised."
TKT-910021,CLI-0042,SHP-202510-000312,2025-10-19T12:00:00,email,open,1,"[customer] This keeps happening. Following up on SHP-202510-000312 — another late LTL load. Our account team keeps promising improvement and we're not seeing it.~~NL~~[agent.lchen] Understood, and I'm sorry. I've logged this against the Jaffle Equipment account (CLI-0042) and flagged it for your account owner Marcus Trent.~~NL~~[customer] This needs to actually get fixed, not just promised."
TKT-910022,CLI-0042,SHP-202510-000259,2025-10-19T15:00:00,phone,resolved,1,"[customer] This keeps happening. Following up on SHP-202510-000259 — another late LTL load. Our account team keeps promising improvement and we're not seeing it.~~NL~~[agent.lchen] Understood, and I'm sorry. I've logged this against the Jaffle Equipment account (CLI-0042) and flagged it for your account owner Marcus Trent.~~NL~~[customer] This needs to actually get fixed, not just promised."
TKT-910023,CLI-0042,SHP-202510-000332,2025-10-15T14:00:00,email,open,2,"[customer] This keeps happening. Following up on SHP-202510-000332 — another late LTL load. Our account team keeps promising improvement and we're not seeing it.~~NL~~[agent.lchen] Understood, and I'm sorry. I've logged this against the Jaffle Equipment account (CLI-0042) and flagged it for your account owner Marcus Trent.~~NL~~[customer] This needs to actually get fixed, not just promised."
TKT-910024,CLI-0042,SHP-202510-000312,2025-10-15T15:00:00,email,open,2,"[customer] This keeps happening. Following up on SHP-202510-000312 — another late LTL load. Our account team keeps promising improvement and we're not seeing it.~~NL~~[agent.lchen] Understood, and I'm sorry. I've logged this against the Jaffle Equipment account (CLI-0042) and flagged it for your account owner Marcus Trent.~~NL~~[customer] This needs to actually get fixed, not just promised."
TKT-910025,CLI-0042,SHP-202510-000259,2025-10-20T11:00:00,email,resolved,1,"[customer] This keeps happening. Following up on SHP-202510-000259 — another late LTL load. Our account team keeps promising improvement and we're not seeing it.~~NL~~[agent.lchen] Understood, and I'm sorry. I've logged this against the Jaffle Equipment account (CLI-0042) and flagged it for your account owner Marcus Trent.~~NL~~[customer] This needs to actually get fixed, not just promised."
TKT-910026,CLI-0042,SHP-202510-000299,2025-10-10T13:00:00,phone,resolved,2,"[customer] This keeps happening. Following up on SHP-202510-000299 — another late LTL load. Our account team keeps promising improvement and we're not seeing it.~~NL~~[agent.lchen] Understood, and I'm sorry. I've logged this against the Jaffle Equipment account (CLI-0042) and flagged it for your account owner Marcus Trent.~~NL~~[customer] This needs to actually get fixed, not just promised."
TKT-910027,CLI-0042,SHP-202510-000312,2025-10-23T15:00:00,phone,pending,2,"[customer] This keeps happening. Following up on SHP-202510-000312 — another late LTL load. Our account team keeps promising improvement and we're not seeing it.~~NL~~[agent.lchen] Understood, and I'm sorry. I've logged this against the Jaffle Equipment account (CLI-0042) and flagged it for your account owner Marcus Trent.~~NL~~[customer] This needs to actually get fixed, not just promised."
TKT-910028,CLI-0042,SHP-202511-000387,2025-11-26T15:00:00,email,pending,1,"[customer] This keeps happening. Following up on SHP-202511-000387 — another late LTL load. Our account team keeps promising improvement and we're not seeing it.~~NL~~[agent.lchen] Understood, and I'm sorry. I've logged this against the Jaffle Equipment account (CLI-0042) and flagged it for your account owner Marcus Trent.~~NL~~[customer] This needs to actually get fixed, not just promised."
TKT-910029,CLI-0042,SHP-202511-000405,2025-11-24T16:00:00,phone,pending,2,"[customer] This keeps happening. Following up on SHP-202511-000405 — another late LTL load. Our account team keeps promising improvement and we're not seeing it.~~NL~~[agent.lchen] Understood, and I'm sorry. I've logged this against the Jaffle Equipment account (CLI-0042) and flagged it for your account owner Marcus Trent.~~NL~~[customer] This needs to actually get fixed, not just promised."
TKT-910030,CLI-0042,SHP-202511-000405,2025-11-17T15:00:00,email,pending,1,"[customer] This keeps happening. Following up on SHP-202511-000405 — another late LTL load. Our account team keeps promising improvement and we're not seeing it.~~NL~~[agent.lchen] Understood, and I'm sorry. I've logged this against the Jaffle Equipment account (CLI-0042) and flagged it for your account owner Marcus Trent.~~NL~~[customer] This needs to actually get fixed, not just promised."
TKT-910031,CLI-0042,SHP-202511-000380,2025-11-14T11:00:00,email,open,2,"[customer] This keeps happening. Following up on SHP-202511-000380 — another late LTL load. Our account team keeps promising improvement and we're not seeing it.~~NL~~[agent.lchen] Understood, and I'm sorry. I've logged this against the Jaffle Equipment account (CLI-0042) and flagged it for your account owner Marcus Trent.~~NL~~[customer] This needs to actually get fixed, not just promised."
TKT-910032,CLI-0042,SHP-202511-000346,2025-11-25T09:00:00,phone,open,2,"[customer] This keeps happening. Following up on SHP-202511-000346 — another late LTL load. Our account team keeps promising improvement and we're not seeing it.~~NL~~[agent.lchen] Understood, and I'm sorry. I've logged this against the Jaffle Equipment account (CLI-0042) and flagged it for your account owner Marcus Trent.~~NL~~[customer] This needs to actually get fixed, not just promised."
TKT-920000,CLI-0007,SHP-202505-950001,2025-05-13T16:00:00,chat,resolved,1,"[customer] We received the WRONG items for SHP-202505-950001. This isn't what we ordered at all — looks like it was meant for someone else.~~NL~~[agent.mruiz] Apologies — we've identified a fulfillment error at our Indianapolis warehouse affecting several orders (incident INC-2025-02233). We'll arrange pickup of the wrong items and expedite the correct ones.~~NL~~[customer] Thank you, please hurry."
TKT-920003,CLI-0155,SHP-202505-950004,2025-05-16T11:00:00,phone,resolved,2,"[customer] We received the WRONG items for SHP-202505-950004. This isn't what we ordered at all — looks like it was meant for someone else.~~NL~~[agent.mruiz] Apologies — we've identified a fulfillment error at our Indianapolis warehouse affecting several orders (incident INC-2025-02233). We'll arrange pickup of the wrong items and expedite the correct ones.~~NL~~[customer] Thank you, please hurry."
TKT-920004,CLI-0169,SHP-202505-950005,2025-05-12T13:00:00,phone,resolved,3,"[customer] We received the WRONG items for SHP-202505-950005. This isn't what we ordered at all — looks like it was meant for someone else.~~NL~~[agent.mruiz] Apologies — we've identified a fulfillment error at our Indianapolis warehouse affecting several orders (incident INC-2025-02233). We'll arrange pickup of the wrong items and expedite the correct ones.~~NL~~[customer] Thank you, please hurry."
TKT-920005,CLI-0201,SHP-202505-950006,2025-05-13T13:00:00,phone,resolved,2,"[customer] We received the WRONG items for SHP-202505-950006. This isn't what we ordered at all — looks like it was meant for someone else.~~NL~~[agent.mruiz] Apologies — we've identified a fulfillment error at our Indianapolis warehouse affecting several orders (incident INC-2025-02233). We'll arrange pickup of the wrong items and expedite the correct ones.~~NL~~[customer] Thank you, please hurry."
TKT-200300,CLI-0155,SHP-202301-000094,2023-01-13T13:10:06,phone,pending,3,[customer] Where is SHP-202301-000094?? Your tracking hasn't updated and my customer is furious. I need answers today.~~NL~~[agent.kobrien] Thank you for your patience. I've located SHP-202301-000094 in our system (origin HUB-CHI). Checking with dispatch now.~~NL~~[customer] That still isn't good enough but I'll wait for the update.
TKT-200301,CLI-0155,SHP-202301-000106,2023-01-15T00:38:09,phone,pending,5,"[customer] Good morning! Quick question on SHP-202301-000106, currently delayed. No rush, just planning around it.~~NL~~[agent.tpatel] Thank you for your patience. I've located SHP-202301-000106 in our system (origin HUB-CHI). Checking with dispatch now.~~NL~~[agent.tpatel] Apologies for the delay on SHP-202301-000106. I've opened an investigation and looped in the Chicago operations team."
TKT-200302,CLI-0169,SHP-202301-000019,2023-01-31T20:24:58,phone,resolved,4,"[customer] Good morning! Quick question on SHP-202301-000019, currently delayed. No rush, just planning around it.~~NL~~[agent.tpatel] Thank you for your patience. I've located SHP-202301-000019 in our system (origin HUB-DET). Checking with dispatch now.~~NL~~[customer] Thanks for the quick help."
TKT-200303,CLI-0007,SHP-202301-000151,2023-01-26T19:00:34,chat,resolved,2,"[customer] We received the WRONG items for SHP-202301-000151. This isn't what we ordered at all — looks like it was meant for someone else.~~NL~~[agent.jbrooks] Apologies — we've identified a fulfillment error at our Detroit warehouse and will arrange pickup of the wrong items and expedite the correct ones.~~NL~~[customer] Thank you, please hurry."
TKT-200304,CLI-0155,SHP-202301-000106,2023-01-11T21:13:09,chat,resolved,3,[customer] Following up on SHP-202301-000106. Could you confirm whether this will still be delivered this week?~~NL~~[agent.jbrooks] Thanks for reaching out — I'm sorry for the trouble with SHP-202301-000106. I see it was affected by an exception at our Chicago hub. Let me pull the latest.
TKT-200305,CLI-0007,SHP-202301-000157,2023-01-27T11:16:54,portal,resolved,4,"[customer] Can you confirm SHP-202301-000157 is still on track to arrive this week?~~NL~~[agent.tpatel] Attached the POD for SHP-202301-000157. Let me know if there's anything else!~~NL~~[customer] Great, appreciate it."
TKT-200306,CLI-0201,SHP-202301-000166,2023-01-14T19:45:51,email,pending,4,"[customer] Can you confirm SHP-202301-000166 is still on track to arrive this week?~~NL~~[agent.tpatel] Happy to help — SHP-202301-000166 is on schedule out of our Detroit hub; delivery is within the next 1–2 business days.~~NL~~[customer] Great, appreciate it."
TKT-200307,CLI-0155,SHP-202301-000106,2023-01-13T00:31:09,email,resolved,2,"[customer] Following up on SHP-202301-000106. Could you confirm whether this will still be delivered this week?~~NL~~[agent.tpatel] Thank you for your patience. I've located SHP-202301-000106 in our system (origin HUB-CHI). Checking with dispatch now.~~NL~~[agent.tpatel] Good news — SHP-202301-000106 is back in motion. I'll monitor it through delivery and confirm the POD with you.~~NL~~[customer] Okay, thank you. Please keep me posted."
TKT-200308,CLI-0201,SHP-202301-000072,2023-01-28T00:04:31,phone,resolved,3,"[customer] Hi, I'm checking on shipment SHP-202301-000072. The status shows delayed — can you tell me the latest ETA?~~NL~~[agent.mruiz] Thank you for your patience. I've located SHP-202301-000072 in our system (origin HUB-CHI). Checking with dispatch now.~~NL~~[agent.mruiz] Good news — SHP-202301-000072 is back in motion. I'll monitor it through delivery and confirm the POD with you.~~NL~~[customer] Okay, thank you. Please keep me posted."
TKT-200309,CLI-0155,SHP-202302-000048,2023-02-21T18:23:04,email,resolved,5,"[customer] Hi — quick question on SHP-202302-000048. Can you confirm the delivery window?~~NL~~[agent.kobrien] Attached the POD for SHP-202302-000048. Let me know if there's anything else!~~NL~~[customer] Perfect, thank you!"
TKT-200310,CLI-0042,SHP-202302-000128,2023-02-28T08:14:58,email,resolved,4,"[customer] Following up on SHP-202302-000128. Could you confirm whether this will still be delivered this week?~~NL~~[agent.jbrooks] Thanks for reaching out — I'm sorry for the trouble with SHP-202302-000128. I see it was affected by an exception at our Detroit hub. Let me pull the latest.~~NL~~[agent.jbrooks] Update: SHP-202302-000128 is re-routed and expected to deliver within 48 hours. I've added a note to prioritize it. Anything else I can do?~~NL~~[customer] Okay, thank you. Please keep me posted."
TKT-200311,CLI-0007,SHP-202302-000141,2023-02-14T10:22:40,chat,resolved,5,[customer] Hi — quick question on SHP-202302-000141. Can you confirm the delivery window?~~NL~~[agent.mruiz] Sure thing. I've noted the update on SHP-202302-000141 and confirmed it with the Indianapolis team.~~NL~~[customer] Appreciate the quick turnaround.
TKT-200312,CLI-0155,SHP-202302-000010,2023-02-06T17:55:13,phone,resolved,4,"[customer] Requesting an update on SHP-202302-000010. It appears to be delayed.~~NL~~[agent.mruiz] Thank you for your patience. I've located SHP-202302-000010 in our system (origin HUB-CHI). Checking with dispatch now.~~NL~~[agent.mruiz] Good news — SHP-202302-000010 is back in motion. I'll monitor it through delivery and confirm the POD with you.~~NL~~[customer] Okay, thank you. Please keep me posted."
TKT-200313,CLI-0007,SHP-202302-000084,2023-02-17T13:25:15,chat,resolved,5,"[customer] Hi — quick question on SHP-202302-000084. Can you confirm the delivery window?~~NL~~[agent.dfoster] Happy to help — SHP-202302-000084 is on schedule out of our Indianapolis hub; delivery is within the next 1–2 business days.~~NL~~[customer] Great, appreciate it."
TKT-200314,CLI-0155,SHP-202302-000053,2023-02-21T07:50:01,chat,open,,"[customer] Can you confirm SHP-202302-000053 is still on track to arrive this week?~~NL~~[agent.jbrooks] Happy to help — SHP-202302-000053 is on schedule out of our Indianapolis hub; delivery is within the next 1–2 business days.~~NL~~[customer] Perfect, thank you!"
TKT-200315,CLI-0042,SHP-202302-000128,2023-02-28T11:14:58,email,resolved,4,"[customer] Hi, I'm checking on shipment SHP-202302-000128. The status shows delayed — can you tell me the latest ETA?~~NL~~[agent.tpatel] Thanks for reaching out — I'm sorry for the trouble with SHP-202302-000128. I see it was affected by an exception at our Detroit hub. Let me pull the latest.~~NL~~[agent.tpatel] Dispatch confirms SHP-202302-000128 will be reattempted next business day. I've flagged your account for a proactive follow-up."
TKT-200316,CLI-0201,SHP-202308-000159,2023-08-26T14:02:01,portal,resolved,2,[customer] This is the second time I'm reaching out about SHP-202308-000159. It was due days ago and I still have nothing. This is unacceptable for the rates we pay.~~NL~~[agent.dfoster] Thank you for your patience. I've located SHP-202308-000159 in our system (origin HUB-DET). Checking with dispatch now.~~NL~~[agent.dfoster] Apologies for the delay on SHP-202308-000159. I've opened an investigation and looped in the Detroit operations team.~~NL~~[customer] That still isn't good enough but I'll wait for the update.
TKT-200317,CLI-0201,SHP-202303-000044,2023-03-10T06:18:14,phone,resolved,3,"[customer] Hi, I'm checking on shipment SHP-202303-000044. The status shows delayed — can you tell me the latest ETA?~~NL~~[agent.jbrooks] Thanks for reaching out — I'm sorry for the trouble with SHP-202303-000044. I see it was affected by an exception at our Cincinnati hub. Let me pull the latest.~~NL~~[agent.jbrooks] Good news — SHP-202303-000044 is back in motion. I'll monitor it through delivery and confirm the POD with you.~~NL~~[customer] Okay, thank you. Please keep me posted."
TKT-200318,CLI-0042,SHP-202303-000119,2023-03-13T22:55:46,email,resolved,3,"[customer] Following up on SHP-202303-000119 — could you send the POD once it's delivered? Accounting needs it.~~NL~~[agent.tpatel] Happy to help — SHP-202303-000119 is on schedule out of our Columbus hub; delivery is within the next 1–2 business days.~~NL~~[customer] Great, appreciate it."
TKT-200319,CLI-0007,SHP-202303-000102,2023-03-15T21:38:09,chat,resolved,5,[customer] Following up on SHP-202303-000102 — could you send the POD once it's delivered? Accounting needs it.~~NL~~[agent.tpatel] Attached the POD for SHP-202303-000102. Let me know if there's anything else!~~NL~~[customer] Thanks for the quick help.
TKT-200320,CLI-0201,SHP-202303-000094,2023-03-02T13:50:55,chat,open,,"[customer] Following up on SHP-202303-000094 — could you send the POD once it's delivered? Accounting needs it.~~NL~~[agent.jbrooks] Happy to help — SHP-202303-000094 is on schedule out of our Indianapolis hub; delivery is within the next 1–2 business days.~~NL~~[customer] Perfect, thank you!"
TKT-200321,CLI-0007,SHP-202303-000095,2023-03-17T16:28:49,chat,resolved,4,"[customer] Hello, I need to update the delivery contact for SHP-202303-000095 if it hasn't gone out yet.~~NL~~[agent.tpatel] Happy to help — SHP-202303-000095 is on schedule out of our Chicago hub; delivery is within the next 1–2 business days.~~NL~~[customer] Appreciate the quick turnaround."
TKT-200322,CLI-0201,SHP-202303-000089,2023-03-18T21:31:20,phone,resolved,3,"[customer] Hi, I'm checking on shipment SHP-202303-000089. The status shows delayed — can you tell me the latest ETA?~~NL~~[agent.mruiz] Thank you for your patience. I've located SHP-202303-000089 in our system (origin HUB-IND). Checking with dispatch now.~~NL~~[agent.mruiz] Update: SHP-202303-000089 is re-routed and expected to deliver within 48 hours. I've added a note to prioritize it. Anything else I can do?~~NL~~[customer] Okay, thank you. Please keep me posted."
TKT-200323,CLI-0155,SHP-202303-000027,2023-03-22T19:09:52,phone,resolved,5,"[customer] Following up on SHP-202303-000027 — could you send the POD once it's delivered? Accounting needs it.~~NL~~[agent.lchen] Attached the POD for SHP-202303-000027. Let me know if there's anything else!~~NL~~[customer] Perfect, thank you!"
TKT-200324,CLI-0201,SHP-202303-000151,2023-03-31T14:50:44,chat,resolved,5,"[customer] Hello, hoping you can help with SHP-202303-000151. I understand there may be delays — just need an updated delivery window when you have a moment. Thanks!~~NL~~[agent.mruiz] Thank you for your patience. I've located SHP-202303-000151 in our system (origin HUB-IND). Checking with dispatch now.~~NL~~[customer] Great, appreciate it."
TKT-200325,CLI-0169,SHP-202303-000038,2023-03-10T15:40:15,email,pending,5,"[customer] Hello, I need to update the delivery contact for SHP-202303-000038 if it hasn't gone out yet.~~NL~~[agent.lchen] Attached the POD for SHP-202303-000038. Let me know if there's anything else!~~NL~~[customer] Great, appreciate it."
TKT-200326,CLI-0155,SHP-202304-000007,2023-04-03T19:41:13,email,resolved,4,"[customer] Hi, I'm checking on shipment SHP-202304-000007. The status shows delayed — can you tell me the latest ETA?~~NL~~[agent.jbrooks] Thanks for reaching out — I'm sorry for the trouble with SHP-202304-000007. I see it was affected by an exception at our Chicago hub. Let me pull the latest.~~NL~~[agent.jbrooks] Good news — SHP-202304-000007 is back in motion. I'll monitor it through delivery and confirm the POD with you.~~NL~~[customer] Okay, thank you. Please keep me posted."
TKT-200327,CLI-0201,SHP-202304-000053,2023-04-27T22:31:32,phone,resolved,5,[customer] Following up on SHP-202304-000053 — could you send the POD once it's delivered? Accounting needs it.~~NL~~[agent.tpatel] Attached the POD for SHP-202304-000053. Let me know if there's anything else!~~NL~~[customer] Appreciate the quick turnaround.
TKT-200328,CLI-0007,SHP-202304-000017,2023-04-14T18:12:34,phone,resolved,4,[customer] Can you confirm SHP-202304-000017 is still on track to arrive this week?~~NL~~[agent.jbrooks] Happy to help — SHP-202304-000017 is on schedule out of our Cincinnati hub; delivery is within the next 1–2 business days.~~NL~~[customer] Thanks for the quick help.
TKT-200329,CLI-0007,SHP-202304-000024,2023-04-04T12:21:42,chat,resolved,2,[customer] Where is SHP-202304-000024?? Your tracking hasn't updated and my customer is furious. I need answers today.~~NL~~[agent.lchen] Thanks for reaching out — I'm sorry for the trouble with SHP-202304-000024. I see it was affected by an exception at our Detroit hub. Let me pull the latest.~~NL~~[agent.lchen] Update: SHP-202304-000024 is re-routed and expected to deliver within 48 hours. I've added a note to prioritize it. Anything else I can do?~~NL~~[customer] That still isn't good enough but I'll wait for the update.
TKT-200330,CLI-0201,SHP-202304-000093,2023-04-27T21:25:38,email,resolved,4,[customer] Following up on SHP-202304-000093 — could you send the POD once it's delivered? Accounting needs it.~~NL~~[agent.mruiz] Happy to help — SHP-202304-000093 is on schedule out of our Detroit hub; delivery is within the next 1–2 business days.~~NL~~[customer] Appreciate the quick turnaround.
TKT-200331,CLI-0042,SHP-202304-000107,2023-04-18T10:05:22,chat,resolved,5,"[customer] Hello, I need to update the delivery contact for SHP-202304-000107 if it hasn't gone out yet.~~NL~~[agent.tpatel] Attached the POD for SHP-202304-000107. Let me know if there's anything else!~~NL~~[customer] Perfect, thank you!"
TKT-200332,CLI-0007,SHP-202304-000024,2023-04-02T13:58:42,email,resolved,1,[customer] Where is SHP-202304-000024?? Your tracking hasn't updated and my customer is furious. I need answers today.~~NL~~[agent.lchen] Thank you for your patience. I've located SHP-202304-000024 in our system (origin HUB-DET). Checking with dispatch now.~~NL~~[agent.lchen] Update: SHP-202304-000024 is re-routed and expected to deliver within 48 hours. I've added a note to prioritize it. Anything else I can do?~~NL~~[customer] That still isn't good enough but I'll wait for the update.
TKT-200333,CLI-0155,SHP-202304-000007,2023-04-06T20:36:13,portal,resolved,2,[customer] This is the second time I'm reaching out about SHP-202304-000007. It was due days ago and I still have nothing. This is unacceptable for the rates we pay.~~NL~~[agent.tpatel] Thank you for your patience. I've located SHP-202304-000007 in our system (origin HUB-CHI). Checking with dispatch now.~~NL~~[agent.tpatel] Apologies for the delay on SHP-202304-000007. I've opened an investigation and looped in the Chicago operations team.~~NL~~[customer] That still isn't good enough but I'll wait for the update.
TKT-200334,CLI-0007,SHP-202305-000058,2023-05-11T13:08:34,chat,open,,"[customer] Hi — quick question on SHP-202305-000058. Can you confirm the delivery window?~~NL~~[agent.jbrooks] Sure thing. I've noted the update on SHP-202305-000058 and confirmed it with the Chicago team.~~NL~~[customer] Perfect, thank you!"
TKT-200335,CLI-0007,SHP-202305-000090,2023-05-25T21:49:44,email,resolved,1,[customer] This is the second time I'm reaching out about SHP-202305-000090. It was due days ago and I still have nothing. This is unacceptable for the rates we pay.~~NL~~[agent.kobrien] Thanks for reaching out — I'm sorry for the trouble with SHP-202305-000090. I see it was affected by an exception at our Detroit hub. Let me pull the latest.~~NL~~[agent.kobrien] Apologies for the delay on SHP-202305-000090. I've opened an investigation and looped in the Detroit operations team.
TKT-200336,CLI-0169,SHP-202305-000134,2023-05-05T20:23:59,email,open,,"[customer] We received the WRONG items for SHP-202305-000134. This isn't what we ordered at all — looks like it was meant for someone else.~~NL~~[agent.lchen] Apologies — we've identified a fulfillment error at our Detroit warehouse and will arrange pickup of the wrong items and expedite the correct ones.~~NL~~[customer] Thank you, please hurry."
TKT-200337,CLI-0007,SHP-202305-000090,2023-05-26T23:06:44,email,resolved,5,"[customer] Hello, hoping you can help with SHP-202305-000090. I understand there may be delays — just need an updated delivery window when you have a moment. Thanks!~~NL~~[agent.lchen] Thanks for reaching out — I'm sorry for the trouble with SHP-202305-000090. I see it was affected by an exception at our Detroit hub. Let me pull the latest.~~NL~~[agent.lchen] Dispatch confirms SHP-202305-000090 will be reattempted next business day. I've flagged your account for a proactive follow-up.~~NL~~[customer] Perfect, thank you!"
TKT-200338,CLI-0007,SHP-202305-000084,2023-05-07T16:47:49,email,resolved,5,"[customer] Hi — quick question on SHP-202305-000084. Can you confirm the delivery window?~~NL~~[agent.jbrooks] Attached the POD for SHP-202305-000084. Let me know if there's anything else!~~NL~~[customer] Great, appreciate it."
TKT-200339,CLI-0007,SHP-202305-000090,2023-05-25T20:45:44,chat,resolved,3,[customer] This is the second time I'm reaching out about SHP-202305-000090. It was due days ago and I still have nothing. This is unacceptable for the rates we pay.~~NL~~[agent.jbrooks] Thanks for reaching out — I'm sorry for the trouble with SHP-202305-000090. I see it was affected by an exception at our Detroit hub. Let me pull the latest.~~NL~~[agent.jbrooks] Dispatch confirms SHP-202305-000090 will be reattempted next business day. I've flagged your account for a proactive follow-up.
TKT-200340,CLI-0201,SHP-202305-000022,2023-05-10T09:19:42,email,resolved,5,"[customer] Can you confirm SHP-202305-000022 is still on track to arrive this week?~~NL~~[agent.lchen] Sure thing. I've noted the update on SHP-202305-000022 and confirmed it with the Detroit team.~~NL~~[customer] Great, appreciate it."
TKT-200341,CLI-0007,SHP-202305-000090,2023-05-25T19:00:44,portal,resolved,1,[customer] This is the second time I'm reaching out about SHP-202305-000090. It was due days ago and I still have nothing. This is unacceptable for the rates we pay.~~NL~~[agent.mruiz] Thank you for your patience. I've located SHP-202305-000090 in our system (origin HUB-DET). Checking with dispatch now.~~NL~~[agent.mruiz] Good news — SHP-202305-000090 is back in motion. I'll monitor it through delivery and confirm the POD with you.~~NL~~[customer] That still isn't good enough but I'll wait for the update.
TKT-200342,CLI-0201,SHP-202305-000070,2023-05-25T12:50:15,phone,open,,[customer] Can you confirm SHP-202305-000070 is still on track to arrive this week?~~NL~~[agent.kobrien] Happy to help — SHP-202305-000070 is on schedule out of our Chicago hub; delivery is within the next 1–2 business days.~~NL~~[customer] Thanks for the quick help.
TKT-200343,CLI-0169,SHP-202306-000014,2023-06-24T13:23:57,portal,open,,[customer] Where is SHP-202306-000014?? Your tracking hasn't updated and my customer is furious. I need answers today.~~NL~~[agent.lchen] Thank you for your patience. I've located SHP-202306-000014 in our system (origin HUB-DET). Checking with dispatch now.~~NL~~[customer] That still isn't good enough but I'll wait for the update.
TKT-200344,CLI-0201,SHP-202306-000088,2023-06-07T19:50:23,portal,resolved,5,[customer] Hi — quick question on SHP-202306-000088. Can you confirm the delivery window?~~NL~~[agent.tpatel] Happy to help — SHP-202306-000088 is on schedule out of our Indianapolis hub; delivery is within the next 1–2 business days.~~NL~~[customer] Thanks for the quick help.
TKT-200345,CLI-0169,SHP-202306-000134,2023-06-28T23:01:17,phone,open,,"[customer] Hello, I need to update the delivery contact for SHP-202306-000134 if it hasn't gone out yet.~~NL~~[agent.dfoster] Happy to help — SHP-202306-000134 is on schedule out of our Cincinnati hub; delivery is within the next 1–2 business days.~~NL~~[customer] Appreciate the quick turnaround."
TKT-200346,CLI-0169,SHP-202306-000014,2023-06-21T07:28:57,email,resolved,1,[customer] Where is SHP-202306-000014?? Your tracking hasn't updated and my customer is furious. I need answers today.~~NL~~[agent.jbrooks] Thanks for reaching out — I'm sorry for the trouble with SHP-202306-000014. I see it was affected by an exception at our Detroit hub. Let me pull the latest.
TKT-200347,CLI-0169,SHP-202306-000034,2023-06-28T17:23:03,email,resolved,3,"[customer] Following up on SHP-202306-000034. Could you confirm whether this will still be delivered this week?~~NL~~[agent.jbrooks] Thank you for your patience. I've located SHP-202306-000034 in our system (origin HUB-CHI). Checking with dispatch now.~~NL~~[agent.jbrooks] Update: SHP-202306-000034 is re-routed and expected to deliver within 48 hours. I've added a note to prioritize it. Anything else I can do?~~NL~~[customer] Okay, thank you. Please keep me posted."
TKT-200348,CLI-0169,SHP-202306-000034,2023-06-30T12:49:03,phone,resolved,4,"[customer] Hi, I'm checking on shipment SHP-202306-000034. The status shows delayed — can you tell me the latest ETA?~~NL~~[agent.tpatel] Thank you for your patience. I've located SHP-202306-000034 in our system (origin HUB-CHI). Checking with dispatch now.~~NL~~[customer] Okay, thank you. Please keep me posted."
TKT-200349,CLI-0042,SHP-202306-000004,2023-06-10T14:29:13,email,resolved,4,"[customer] Hello, I need to update the delivery contact for SHP-202306-000004 if it hasn't gone out yet.~~NL~~[agent.jbrooks] Sure thing. I've noted the update on SHP-202306-000004 and confirmed it with the Columbus team.~~NL~~[customer] Appreciate the quick turnaround."
TKT-200350,CLI-0169,SHP-202306-000014,2023-06-22T08:09:57,chat,resolved,3,"[customer] Requesting an update on SHP-202306-000014. It appears to be failed.~~NL~~[agent.tpatel] Thank you for your patience. I've located SHP-202306-000014 in our system (origin HUB-DET). Checking with dispatch now.~~NL~~[customer] Okay, thank you. Please keep me posted."
TKT-200351,CLI-0007,SHP-202307-000125,2023-07-08T13:53:59,phone,resolved,3,"[customer] Hi, I'm checking on shipment SHP-202307-000125. The status shows delayed — can you tell me the latest ETA?~~NL~~[agent.jbrooks] Thanks for reaching out — I'm sorry for the trouble with SHP-202307-000125. I see it was affected by an exception at our Cincinnati hub. Let me pull the latest.~~NL~~[agent.jbrooks] Update: SHP-202307-000125 is re-routed and expected to deliver within 48 hours. I've added a note to prioritize it. Anything else I can do?~~NL~~[customer] Okay, thank you. Please keep me posted."
TKT-200352,CLI-0007,SHP-202307-000125,2023-07-07T17:18:59,portal,resolved,2,[customer] This is the second time I'm reaching out about SHP-202307-000125. It was due days ago and I still have nothing. This is unacceptable for the rates we pay.~~NL~~[agent.lchen] Thank you for your patience. I've located SHP-202307-000125 in our system (origin HUB-CIN). Checking with dispatch now.~~NL~~[agent.lchen] Dispatch confirms SHP-202307-000125 will be reattempted next business day. I've flagged your account for a proactive follow-up.~~NL~~[customer] That still isn't good enough but I'll wait for the update.
TKT-200353,CLI-0155,SHP-202307-000141,2023-07-27T18:51:03,phone,resolved,4,"[customer] Hello, I need to update the delivery contact for SHP-202307-000141 if it hasn't gone out yet.~~NL~~[agent.dfoster] Happy to help — SHP-202307-000141 is on schedule out of our Detroit hub; delivery is within the next 1–2 business days.~~NL~~[customer] Appreciate the quick turnaround."
TKT-200354,CLI-0201,SHP-202307-000163,2023-07-10T17:35:18,phone,resolved,5,"[customer] Hi — quick question on SHP-202307-000163. Can you confirm the delivery window?~~NL~~[agent.mruiz] Happy to help — SHP-202307-000163 is on schedule out of our Columbus hub; delivery is within the next 1–2 business days.~~NL~~[customer] Great, appreciate it."
TKT-200355,CLI-0201,SHP-202307-000050,2023-07-14T16:42:55,chat,resolved,5,[customer] Can you confirm SHP-202307-000050 is still on track to arrive this week?~~NL~~[agent.lchen] Attached the POD for SHP-202307-000050. Let me know if there's anything else!~~NL~~[customer] Appreciate the quick turnaround.
TKT-200356,CLI-0155,SHP-202307-000147,2023-07-26T10:57:13,chat,resolved,3,"[customer] Following up on SHP-202307-000147. Could you confirm whether this will still be delivered this week?~~NL~~[agent.kobrien] Thanks for reaching out — I'm sorry for the trouble with SHP-202307-000147. I see it was affected by an exception at our Detroit hub. Let me pull the latest.~~NL~~[agent.kobrien] Good news — SHP-202307-000147 is back in motion. I'll monitor it through delivery and confirm the POD with you.~~NL~~[customer] Okay, thank you. Please keep me posted."
TKT-200357,CLI-0169,SHP-202307-000075,2023-07-28T12:54:14,phone,pending,,"[customer] Can you confirm SHP-202307-000075 is still on track to arrive this week?~~NL~~[agent.kobrien] Attached the POD for SHP-202307-000075. Let me know if there's anything else!~~NL~~[customer] Great, appreciate it."
TKT-200358,CLI-0169,SHP-202307-000104,2023-07-23T10:00:09,phone,resolved,4,[customer] Can you confirm SHP-202307-000104 is still on track to arrive this week?~~NL~~[agent.dfoster] Attached the POD for SHP-202307-000104. Let me know if there's anything else!~~NL~~[customer] Thanks for the quick help.
TKT-200359,CLI-0042,SHP-202307-000013,2023-07-29T23:57:47,chat,resolved,3,"[customer] Can you confirm SHP-202307-000013 is still on track to arrive this week?~~NL~~[agent.kobrien] Attached the POD for SHP-202307-000013. Let me know if there's anything else!~~NL~~[customer] Great, appreciate it."
TKT-200360,CLI-0007,SHP-202308-000005,2023-08-15T16:07:54,phone,resolved,3,"[customer] Hi, I'm checking on shipment SHP-202308-000005. The status shows delayed — can you tell me the latest ETA?~~NL~~[agent.tpatel] Thank you for your patience. I've located SHP-202308-000005 in our system (origin HUB-CHI). Checking with dispatch now.~~NL~~[agent.tpatel] Apologies for the delay on SHP-202308-000005. I've opened an investigation and looped in the Chicago operations team.~~NL~~[customer] Okay, thank you. Please keep me posted."
TKT-200361,CLI-0007,SHP-202308-000157,2023-08-29T20:36:17,email,resolved,5,[customer] Can you confirm SHP-202308-000157 is still on track to arrive this week?~~NL~~[agent.jbrooks] Happy to help — SHP-202308-000157 is on schedule out of our Chicago hub; delivery is within the next 1–2 business days.~~NL~~[customer] Appreciate the quick turnaround.
TKT-200362,CLI-0007,SHP-202308-000005,2023-08-15T17:44:54,email,resolved,5,"[customer] Hello, hoping you can help with SHP-202308-000005. I understand there may be delays — just need an updated delivery window when you have a moment. Thanks!~~NL~~[agent.lchen] Thank you for your patience. I've located SHP-202308-000005 in our system (origin HUB-CHI). Checking with dispatch now.~~NL~~[agent.lchen] Apologies for the delay on SHP-202308-000005. I've opened an investigation and looped in the Chicago operations team.~~NL~~[customer] Perfect, thank you!"
TKT-200363,CLI-0007,SHP-202308-000144,2023-08-14T16:43:54,chat,pending,5,[customer] Hi — quick question on SHP-202308-000144. Can you confirm the delivery window?~~NL~~[agent.mruiz] Happy to help — SHP-202308-000144 is on schedule out of our Cincinnati hub; delivery is within the next 1–2 business days.~~NL~~[customer] Appreciate the quick turnaround.
TKT-200364,CLI-0169,SHP-202308-000015,2023-08-24T13:03:44,portal,resolved,5,[customer] Hi — quick question on SHP-202308-000015. Can you confirm the delivery window?~~NL~~[agent.kobrien] Happy to help — SHP-202308-000015 is on schedule out of our Detroit hub; delivery is within the next 1–2 business days.~~NL~~[customer] Thanks for the quick help.
TKT-200365,CLI-0007,SHP-202308-000005,2023-08-14T15:22:54,email,resolved,4,[customer] Following up on SHP-202308-000005. Could you confirm whether this will still be delivered this week?~~NL~~[agent.jbrooks] Thank you for your patience. I've located SHP-202308-000005 in our system (origin HUB-CHI). Checking with dispatch now.~~NL~~[agent.jbrooks] Apologies for the delay on SHP-202308-000005. I've opened an investigation and looped in the Chicago operations team.
TKT-200366,CLI-0155,SHP-202308-000017,2023-08-10T12:14:50,portal,resolved,4,"[customer] Following up on SHP-202308-000017 — could you send the POD once it's delivered? Accounting needs it.~~NL~~[agent.lchen] Attached the POD for SHP-202308-000017. Let me know if there's anything else!~~NL~~[customer] Great, appreciate it."
TKT-200367,CLI-0155,SHP-202308-000032,2023-08-03T10:22:35,email,resolved,5,[customer] Following up on SHP-202308-000032 — could you send the POD once it's delivered? Accounting needs it.~~NL~~[agent.mruiz] Attached the POD for SHP-202308-000032. Let me know if there's anything else!~~NL~~[customer] Appreciate the quick turnaround.
TKT-200368,CLI-0007,SHP-202308-000107,2023-08-10T12:57:46,email,resolved,2,"[customer] We received the WRONG items for SHP-202308-000107. This isn't what we ordered at all — looks like it was meant for someone else.~~NL~~[agent.dfoster] Apologies — we've identified a fulfillment error at our Chicago warehouse and will arrange pickup of the wrong items and expedite the correct ones.~~NL~~[customer] Thank you, please hurry."
TKT-200369,CLI-0169,SHP-202308-000133,2023-08-06T21:05:17,chat,open,,"[customer] Hi, I'm checking on shipment SHP-202308-000133. The status shows failed — can you tell me the latest ETA?~~NL~~[agent.dfoster] Thank you for your patience. I've located SHP-202308-000133 in our system (origin HUB-DET). Checking with dispatch now.~~NL~~[agent.dfoster] Update: SHP-202308-000133 is re-routed and expected to deliver within 48 hours. I've added a note to prioritize it. Anything else I can do?"
TKT-200370,CLI-0155,SHP-202309-000039,2023-09-06T18:23:10,chat,resolved,4,[customer] Can you confirm SHP-202309-000039 is still on track to arrive this week?~~NL~~[agent.dfoster] Attached the POD for SHP-202309-000039. Let me know if there's anything else!~~NL~~[customer] Appreciate the quick turnaround.
TKT-200371,CLI-0042,SHP-202309-000141,2023-09-10T14:06:26,phone,resolved,4,"[customer] Requesting an update on SHP-202309-000141. It appears to be delayed.~~NL~~[agent.mruiz] Thank you for your patience. I've located SHP-202309-000141 in our system (origin HUB-DET). Checking with dispatch now.~~NL~~[agent.mruiz] Apologies for the delay on SHP-202309-000141. I've opened an investigation and looped in the Detroit operations team.~~NL~~[customer] Okay, thank you. Please keep me posted."
TKT-200372,CLI-0042,SHP-202309-000141,2023-09-07T12:43:26,phone,open,,"[customer] Following up on SHP-202309-000141. Could you confirm whether this will still be delivered this week?~~NL~~[agent.tpatel] Thank you for your patience. I've located SHP-202309-000141 in our system (origin HUB-DET). Checking with dispatch now.~~NL~~[agent.tpatel] Good news — SHP-202309-000141 is back in motion. I'll monitor it through delivery and confirm the POD with you.~~NL~~[customer] Okay, thank you. Please keep me posted."
TKT-200373,CLI-0169,SHP-202309-000093,2023-09-05T13:56:47,portal,resolved,3,"[customer] Following up on SHP-202309-000093 — could you send the POD once it's delivered? Accounting needs it.~~NL~~[agent.mruiz] Sure thing. I've noted the update on SHP-202309-000093 and confirmed it with the Columbus team.~~NL~~[customer] Great, appreciate it."
TKT-200374,CLI-0201,SHP-202309-000128,2023-09-07T20:10:41,chat,open,,"[customer] Hello, I need to update the delivery contact for SHP-202309-000128 if it hasn't gone out yet.~~NL~~[agent.dfoster] Happy to help — SHP-202309-000128 is on schedule out of our Detroit hub; delivery is within the next 1–2 business days.~~NL~~[customer] Thanks for the quick help."
TKT-200375,CLI-0201,SHP-202309-000055,2023-09-17T14:58:57,phone,resolved,1,[customer] This is the second time I'm reaching out about SHP-202309-000055. It was due days ago and I still have nothing. This is unacceptable for the rates we pay.~~NL~~[agent.kobrien] Thanks for reaching out — I'm sorry for the trouble with SHP-202309-000055. I see it was affected by an exception at our Indianapolis hub. Let me pull the latest.~~NL~~[agent.kobrien] Dispatch confirms SHP-202309-000055 will be reattempted next business day. I've flagged your account for a proactive follow-up.~~NL~~[customer] That still isn't good enough but I'll wait for the update.
TKT-200376,CLI-0155,SHP-202309-000159,2023-09-13T17:37:46,chat,resolved,2,[customer] This is the second time I'm reaching out about SHP-202309-000159. It was due days ago and I still have nothing. This is unacceptable for the rates we pay.~~NL~~[agent.mruiz] Thank you for your patience. I've located SHP-202309-000159 in our system (origin HUB-CIN). Checking with dispatch now.~~NL~~[agent.mruiz] Update: SHP-202309-000159 is re-routed and expected to deliver within 48 hours. I've added a note to prioritize it. Anything else I can do?~~NL~~[customer] That still isn't good enough but I'll wait for the update.
TKT-200377,CLI-0042,SHP-202310-000059,2023-10-25T16:43:53,email,resolved,1,[customer] Extremely disappointed. SHP-202310-000059 was marked returned with zero communication. Please escalate.~~NL~~[agent.lchen] Thank you for your patience. I've located SHP-202310-000059 in our system (origin HUB-CMH). Checking with dispatch now.~~NL~~[agent.lchen] Good news — SHP-202310-000059 is back in motion. I'll monitor it through delivery and confirm the POD with you.~~NL~~[customer] That still isn't good enough but I'll wait for the update.
TKT-200378,CLI-0042,SHP-202310-000007,2023-10-20T11:33:13,email,pending,5,[customer] Following up on SHP-202310-000007 — could you send the POD once it's delivered? Accounting needs it.~~NL~~[agent.mruiz] Attached the POD for SHP-202310-000007. Let me know if there's anything else!~~NL~~[customer] Thanks for the quick help.
TKT-200379,CLI-0042,SHP-202310-000059,2023-10-25T15:50:53,phone,resolved,2,[customer] Requesting an update on SHP-202310-000059. It appears to be failed.~~NL~~[agent.dfoster] Thanks for reaching out — I'm sorry for the trouble with SHP-202310-000059. I see it was affected by an exception at our Columbus hub. Let me pull the latest.~~NL~~[agent.dfoster] Update: SHP-202310-000059 is re-routed and expected to deliver within 48 hours. I've added a note to prioritize it. Anything else I can do?
TKT-200380,CLI-0201,SHP-202310-000141,2023-10-23T13:26:24,chat,resolved,5,"[customer] Can you confirm SHP-202310-000141 is still on track to arrive this week?~~NL~~[agent.mruiz] Happy to help — SHP-202310-000141 is on schedule out of our Cincinnati hub; delivery is within the next 1–2 business days.~~NL~~[customer] Perfect, thank you!"
TKT-200381,CLI-0155,SHP-202310-000124,2023-10-28T20:21:15,chat,resolved,4,"[customer] Hi, I'm checking on shipment SHP-202310-000124. The status shows delayed — can you tell me the latest ETA?~~NL~~[agent.lchen] Thank you for your patience. I've located SHP-202310-000124 in our system (origin HUB-CMH). Checking with dispatch now.~~NL~~[customer] Okay, thank you. Please keep me posted."
TKT-200382,CLI-0007,SHP-202310-000143,2023-10-29T11:05:02,phone,pending,,"[customer] Following up on SHP-202310-000143 — could you send the POD once it's delivered? Accounting needs it.~~NL~~[agent.tpatel] Attached the POD for SHP-202310-000143. Let me know if there's anything else!~~NL~~[customer] Perfect, thank you!"
TKT-200383,CLI-0169,SHP-202310-000033,2023-10-23T23:24:07,portal,resolved,5,"[customer] Hi — quick question on SHP-202310-000033. Can you confirm the delivery window?~~NL~~[agent.tpatel] Happy to help — SHP-202310-000033 is on schedule out of our Chicago hub; delivery is within the next 1–2 business days.~~NL~~[customer] Perfect, thank you!"
TKT-200384,CLI-0007,SHP-202310-000113,2023-10-25T23:08:40,chat,resolved,4,"[customer] Hello, I need to update the delivery contact for SHP-202310-000113 if it hasn't gone out yet.~~NL~~[agent.tpatel] Attached the POD for SHP-202310-000113. Let me know if there's anything else!~~NL~~[customer] Appreciate the quick turnaround."
TKT-200385,CLI-0007,SHP-202310-000120,2023-10-22T20:35:52,phone,resolved,4,"[customer] Good morning! Quick question on SHP-202310-000120, currently delayed. No rush, just planning around it.~~NL~~[agent.mruiz] Thanks for reaching out — I'm sorry for the trouble with SHP-202310-000120. I see it was affected by an exception at our Columbus hub. Let me pull the latest.~~NL~~[agent.mruiz] Good news — SHP-202310-000120 is back in motion. I'll monitor it through delivery and confirm the POD with you.~~NL~~[customer] Perfect, thank you!"
TKT-200386,CLI-0169,SHP-202311-000050,2023-11-17T19:44:03,portal,resolved,4,"[customer] Hello, hoping you can help with SHP-202311-000050. I understand there may be delays — just need an updated delivery window when you have a moment. Thanks!~~NL~~[agent.mruiz] Thank you for your patience. I've located SHP-202311-000050 in our system (origin HUB-DET). Checking with dispatch now.~~NL~~[agent.mruiz] Update: SHP-202311-000050 is re-routed and expected to deliver within 48 hours. I've added a note to prioritize it. Anything else I can do?"
TKT-200387,CLI-0007,SHP-202311-000047,2023-11-24T01:33:09,email,resolved,5,[customer] Following up on SHP-202311-000047 — could you send the POD once it's delivered? Accounting needs it.~~NL~~[agent.lchen] Happy to help — SHP-202311-000047 is on schedule out of our Chicago hub; delivery is within the next 1–2 business days.~~NL~~[customer] Appreciate the quick turnaround.
TKT-200388,CLI-0042,SHP-202311-000202,2023-11-10T15:21:14,phone,resolved,4,[customer] Following up on SHP-202311-000202 — could you send the POD once it's delivered? Accounting needs it.~~NL~~[agent.jbrooks] Sure thing. I've noted the update on SHP-202311-000202 and confirmed it with the Cincinnati team.~~NL~~[customer] Thanks for the quick help.
TKT-200389,CLI-0201,SHP-202311-000170,2023-11-27T14:43:30,email,resolved,5,[customer] Can you confirm SHP-202311-000170 is still on track to arrive this week?~~NL~~[agent.kobrien] Attached the POD for SHP-202311-000170. Let me know if there's anything else!~~NL~~[customer] Appreciate the quick turnaround.
TKT-200390,CLI-0201,SHP-202311-000101,2023-11-30T16:36:32,email,resolved,2,[customer] Following up on SHP-202311-000101. Could you confirm whether this will still be delivered this week?~~NL~~[agent.kobrien] Thank you for your patience. I've located SHP-202311-000101 in our system (origin HUB-CHI). Checking with dispatch now.~~NL~~[agent.kobrien] Update: SHP-202311-000101 is re-routed and expected to deliver within 48 hours. I've added a note to prioritize it. Anything else I can do?
TKT-200391,CLI-0042,SHP-202311-000012,2023-11-18T15:54:55,email,resolved,3,[customer] This is the second time I'm reaching out about SHP-202311-000012. It was due days ago and I still have nothing. This is unacceptable for the rates we pay.~~NL~~[agent.lchen] Thank you for your patience. I've located SHP-202311-000012 in our system (origin HUB-CHI). Checking with dispatch now.~~NL~~[agent.lchen] Apologies for the delay on SHP-202311-000012. I've opened an investigation and looped in the Chicago operations team.~~NL~~[customer] That still isn't good enough but I'll wait for the update.
TKT-200392,CLI-0155,SHP-202311-000147,2023-11-28T21:14:42,portal,resolved,5,[customer] Following up on SHP-202311-000147 — could you send the POD once it's delivered? Accounting needs it.~~NL~~[agent.dfoster] Happy to help — SHP-202311-000147 is on schedule out of our Columbus hub; delivery is within the next 1–2 business days.~~NL~~[customer] Appreciate the quick turnaround.
TKT-200393,CLI-0201,SHP-202311-000101,2023-11-30T16:36:32,email,resolved,3,"[customer] Hi, I'm checking on shipment SHP-202311-000101. The status shows delayed — can you tell me the latest ETA?~~NL~~[agent.lchen] Thank you for your patience. I've located SHP-202311-000101 in our system (origin HUB-CHI). Checking with dispatch now.~~NL~~[agent.lchen] Update: SHP-202311-000101 is re-routed and expected to deliver within 48 hours. I've added a note to prioritize it. Anything else I can do?"
TKT-200394,CLI-0201,SHP-202311-000203,2023-11-07T14:21:37,chat,resolved,5,"[customer] Can you confirm SHP-202311-000203 is still on track to arrive this week?~~NL~~[agent.dfoster] Sure thing. I've noted the update on SHP-202311-000203 and confirmed it with the Chicago team.~~NL~~[customer] Great, appreciate it."
TKT-200395,CLI-0169,SHP-202311-000050,2023-11-14T15:16:03,portal,resolved,3,"[customer] Hi, I'm checking on shipment SHP-202311-000050. The status shows delayed — can you tell me the latest ETA?~~NL~~[agent.dfoster] Thanks for reaching out — I'm sorry for the trouble with SHP-202311-000050. I see it was affected by an exception at our Detroit hub. Let me pull the latest.~~NL~~[agent.dfoster] Good news — SHP-202311-000050 is back in motion. I'll monitor it through delivery and confirm the POD with you.~~NL~~[customer] Okay, thank you. Please keep me posted."
TKT-200396,CLI-0169,SHP-202312-000169,2023-12-07T21:15:53,portal,resolved,3,"[customer] Hi — quick question on SHP-202312-000169. Can you confirm the delivery window?~~NL~~[agent.jbrooks] Sure thing. I've noted the update on SHP-202312-000169 and confirmed it with the Indianapolis team.~~NL~~[customer] Perfect, thank you!"
TKT-200397,CLI-0042,SHP-202312-000157,2023-12-27T13:26:13,email,resolved,4,"[customer] Following up on SHP-202312-000157. Could you confirm whether this will still be delivered this week?~~NL~~[agent.dfoster] Thank you for your patience. I've located SHP-202312-000157 in our system (origin HUB-CHI). Checking with dispatch now.~~NL~~[customer] Okay, thank you. Please keep me posted."
TKT-200398,CLI-0201,SHP-202312-000136,2023-12-19T16:24:12,phone,resolved,4,[customer] Can you confirm SHP-202312-000136 is still on track to arrive this week?~~NL~~[agent.lchen] Happy to help — SHP-202312-000136 is on schedule out of our Detroit hub; delivery is within the next 1–2 business days.~~NL~~[customer] Thanks for the quick help.
TKT-200399,CLI-0201,SHP-202312-000132,2023-12-16T00:06:31,portal,open,,[customer] Hi — quick question on SHP-202312-000132. Can you confirm the delivery window?~~NL~~[agent.lchen] Attached the POD for SHP-202312-000132. Let me know if there's anything else!~~NL~~[customer] Thanks for the quick help.
TKT-200400,CLI-0007,SHP-202312-000197,2023-12-05T16:20:41,phone,resolved,5,[customer] Hi — quick question on SHP-202312-000197. Can you confirm the delivery window?~~NL~~[agent.jbrooks] Attached the POD for SHP-202312-000197. Let me know if there's anything else!~~NL~~[customer] Appreciate the quick turnaround.
TKT-200401,CLI-0042,SHP-202312-000157,2023-12-26T15:18:13,email,resolved,5,"[customer] Hello, hoping you can help with SHP-202312-000157. I understand there may be delays — just need an updated delivery window when you have a moment. Thanks!~~NL~~[agent.dfoster] Thanks for reaching out — I'm sorry for the trouble with SHP-202312-000157. I see it was affected by an exception at our Chicago hub. Let me pull the latest.~~NL~~[agent.dfoster] Good news — SHP-202312-000157 is back in motion. I'll monitor it through delivery and confirm the POD with you.~~NL~~[customer] Thanks for the quick help."
TKT-200402,CLI-0155,SHP-202312-000180,2023-12-25T20:44:28,chat,open,,"[customer] Following up on SHP-202312-000180 — could you send the POD once it's delivered? Accounting needs it.~~NL~~[agent.mruiz] Sure thing. I've noted the update on SHP-202312-000180 and confirmed it with the Detroit team.~~NL~~[customer] Great, appreciate it."
TKT-200403,CLI-0169,SHP-202312-000027,2023-12-28T13:01:24,phone,resolved,3,"[customer] Following up on SHP-202312-000027 — could you send the POD once it's delivered? Accounting needs it.~~NL~~[agent.dfoster] Happy to help — SHP-202312-000027 is on schedule out of our Detroit hub; delivery is within the next 1–2 business days.~~NL~~[customer] Perfect, thank you!"
TKT-200404,CLI-0042,SHP-202312-000157,2023-12-26T10:27:13,email,resolved,4,"[customer] Hi, I'm checking on shipment SHP-202312-000157. The status shows delayed — can you tell me the latest ETA?~~NL~~[agent.jbrooks] Thanks for reaching out — I'm sorry for the trouble with SHP-202312-000157. I see it was affected by an exception at our Chicago hub. Let me pull the latest.~~NL~~[agent.jbrooks] Good news — SHP-202312-000157 is back in motion. I'll monitor it through delivery and confirm the POD with you.~~NL~~[customer] Okay, thank you. Please keep me posted."
TKT-200405,CLI-0042,SHP-202312-000167,2023-12-11T18:15:04,email,resolved,5,[customer] Hi — quick question on SHP-202312-000167. Can you confirm the delivery window?~~NL~~[agent.jbrooks] Happy to help — SHP-202312-000167 is on schedule out of our Detroit hub; delivery is within the next 1–2 business days.~~NL~~[customer] Appreciate the quick turnaround.
TKT-200406,CLI-0007,SHP-202312-000049,2023-12-21T21:49:23,phone,resolved,4,[customer] Can you confirm SHP-202312-000049 is still on track to arrive this week?~~NL~~[agent.lchen] Happy to help — SHP-202312-000049 is on schedule out of our Indianapolis hub; delivery is within the next 1–2 business days.~~NL~~[customer] Appreciate the quick turnaround.
TKT-200407,CLI-0007,SHP-202401-000123,2024-01-23T10:08:59,phone,resolved,4,"[customer] Can you confirm SHP-202401-000123 is still on track to arrive this week?~~NL~~[agent.kobrien] Happy to help — SHP-202401-000123 is on schedule out of our Chicago hub; delivery is within the next 1–2 business days.~~NL~~[customer] Great, appreciate it."
TKT-200408,CLI-0201,SHP-202401-000176,2024-01-01T19:39:12,email,resolved,1,"[customer] We received the WRONG items for SHP-202401-000176. This isn't what we ordered at all — looks like it was meant for someone else.~~NL~~[agent.lchen] Apologies — we've identified a fulfillment error at our Columbus warehouse and will arrange pickup of the wrong items and expedite the correct ones.~~NL~~[customer] Thank you, please hurry."
TKT-200409,CLI-0169,SHP-202401-000109,2024-01-24T13:49:41,email,resolved,4,"[customer] Can you confirm SHP-202401-000109 is still on track to arrive this week?~~NL~~[agent.dfoster] Attached the POD for SHP-202401-000109. Let me know if there's anything else!~~NL~~[customer] Perfect, thank you!"
TKT-200410,CLI-0042,SHP-202401-000134,2024-01-09T19:17:57,phone,resolved,5,"[customer] Hi — quick question on SHP-202401-000134. Can you confirm the delivery window?~~NL~~[agent.dfoster] Sure thing. I've noted the update on SHP-202401-000134 and confirmed it with the Columbus team.~~NL~~[customer] Perfect, thank you!"
TKT-200411,CLI-0169,SHP-202401-000161,2024-01-16T01:50:54,email,resolved,5,"[customer] Following up on SHP-202401-000161 — could you send the POD once it's delivered? Accounting needs it.~~NL~~[agent.lchen] Happy to help — SHP-202401-000161 is on schedule out of our Chicago hub; delivery is within the next 1–2 business days.~~NL~~[customer] Great, appreciate it."
TKT-200412,CLI-0155,SHP-202401-000062,2024-01-21T11:59:37,portal,resolved,5,"[customer] Can you confirm SHP-202401-000062 is still on track to arrive this week?~~NL~~[agent.kobrien] Sure thing. I've noted the update on SHP-202401-000062 and confirmed it with the Columbus team.~~NL~~[customer] Great, appreciate it."
TKT-200413,CLI-0201,SHP-202401-000032,2024-01-11T03:01:02,chat,resolved,4,"[customer] Can you confirm SHP-202401-000032 is still on track to arrive this week?~~NL~~[agent.dfoster] Happy to help — SHP-202401-000032 is on schedule out of our Cincinnati hub; delivery is within the next 1–2 business days.~~NL~~[customer] Great, appreciate it."
TKT-200414,CLI-0007,SHP-202401-000142,2024-01-26T13:40:44,phone,resolved,5,"[customer] Hello, hoping you can help with SHP-202401-000142. I understand there may be delays — just need an updated delivery window when you have a moment. Thanks!~~NL~~[agent.kobrien] Thank you for your patience. I've located SHP-202401-000142 in our system (origin HUB-IND). Checking with dispatch now.~~NL~~[agent.kobrien] Apologies for the delay on SHP-202401-000142. I've opened an investigation and looped in the Indianapolis operations team."
TKT-200415,CLI-0007,SHP-202401-000142,2024-01-29T19:42:44,email,resolved,2,[customer] Extremely disappointed. SHP-202401-000142 was marked delayed with zero communication. Please escalate.~~NL~~[agent.lchen] Thank you for your patience. I've located SHP-202401-000142 in our system (origin HUB-IND). Checking with dispatch now.~~NL~~[agent.lchen] Update: SHP-202401-000142 is re-routed and expected to deliver within 48 hours. I've added a note to prioritize it. Anything else I can do?
TKT-200416,CLI-0201,SHP-202402-000105,2024-02-27T09:41:25,email,resolved,1,[customer] This is the second time I'm reaching out about SHP-202402-000105. It was due days ago and I still have nothing. This is unacceptable for the rates we pay.~~NL~~[agent.lchen] Thanks for reaching out — I'm sorry for the trouble with SHP-202402-000105. I see it was affected by an exception at our Detroit hub. Let me pull the latest.
TKT-200417,CLI-0155,SHP-202402-000014,2024-02-25T15:07:30,email,resolved,1,[customer] This is the second time I'm reaching out about SHP-202402-000014. It was due days ago and I still have nothing. This is unacceptable for the rates we pay.~~NL~~[agent.jbrooks] Thank you for your patience. I've located SHP-202402-000014 in our system (origin HUB-DET). Checking with dispatch now.~~NL~~[agent.jbrooks] Update: SHP-202402-000014 is re-routed and expected to deliver within 48 hours. I've added a note to prioritize it. Anything else I can do?~~NL~~[customer] That still isn't good enough but I'll wait for the update.
TKT-200418,CLI-0201,SHP-202402-000105,2024-02-27T10:17:25,phone,resolved,4,"[customer] Hi, I'm checking on shipment SHP-202402-000105. The status shows delayed — can you tell me the latest ETA?~~NL~~[agent.dfoster] Thank you for your patience. I've located SHP-202402-000105 in our system (origin HUB-DET). Checking with dispatch now."
TKT-200419,CLI-0169,SHP-202402-000136,2024-02-07T23:20:58,phone,resolved,3,"[customer] Hi — quick question on SHP-202402-000136. Can you confirm the delivery window?~~NL~~[agent.dfoster] Sure thing. I've noted the update on SHP-202402-000136 and confirmed it with the Cincinnati team.~~NL~~[customer] Perfect, thank you!"
TKT-200420,CLI-0155,SHP-202402-000130,2024-02-28T10:55:22,chat,resolved,4,"[customer] Hi — quick question on SHP-202402-000130. Can you confirm the delivery window?~~NL~~[agent.tpatel] Sure thing. I've noted the update on SHP-202402-000130 and confirmed it with the Chicago team.~~NL~~[customer] Great, appreciate it."
TKT-200421,CLI-0201,SHP-202402-000105,2024-02-29T11:20:25,portal,resolved,2,[customer] This is the second time I'm reaching out about SHP-202402-000105. It was due days ago and I still have nothing. This is unacceptable for the rates we pay.~~NL~~[agent.lchen] Thanks for reaching out — I'm sorry for the trouble with SHP-202402-000105. I see it was affected by an exception at our Detroit hub. Let me pull the latest.~~NL~~[agent.lchen] Good news — SHP-202402-000105 is back in motion. I'll monitor it through delivery and confirm the POD with you.~~NL~~[customer] That still isn't good enough but I'll wait for the update.
TKT-200422,CLI-0155,SHP-202402-000112,2024-02-08T17:25:37,portal,resolved,5,[customer] Can you confirm SHP-202402-000112 is still on track to arrive this week?~~NL~~[agent.jbrooks] Sure thing. I've noted the update on SHP-202402-000112 and confirmed it with the Chicago team.~~NL~~[customer] Appreciate the quick turnaround.
TKT-200423,CLI-0007,SHP-202402-000048,2024-02-27T12:54:55,email,resolved,4,[customer] Can you confirm SHP-202402-000048 is still on track to arrive this week?~~NL~~[agent.jbrooks] Happy to help — SHP-202402-000048 is on schedule out of our Cincinnati hub; delivery is within the next 1–2 business days.~~NL~~[customer] Thanks for the quick help.
TKT-200424,CLI-0155,SHP-202403-000057,2024-03-29T21:57:02,portal,resolved,2,[customer] This is the second time I'm reaching out about SHP-202403-000057. It was due days ago and I still have nothing. This is unacceptable for the rates we pay.~~NL~~[agent.lchen] Thank you for your patience. I've located SHP-202403-000057 in our system (origin HUB-CMH). Checking with dispatch now.~~NL~~[agent.lchen] Good news — SHP-202403-000057 is back in motion. I'll monitor it through delivery and confirm the POD with you.~~NL~~[customer] That still isn't good enough but I'll wait for the update.
TKT-200425,CLI-0155,SHP-202403-000057,2024-03-30T19:11:02,phone,resolved,3,"[customer] Following up on SHP-202403-000057. Could you confirm whether this will still be delivered this week?~~NL~~[agent.lchen] Thank you for your patience. I've located SHP-202403-000057 in our system (origin HUB-CMH). Checking with dispatch now.~~NL~~[customer] Okay, thank you. Please keep me posted."
TKT-200426,CLI-0007,SHP-202412-000116,2024-12-07T17:22:42,phone,resolved,1,[customer] This is the second time I'm reaching out about SHP-202412-000116. It was due days ago and I still have nothing. This is unacceptable for the rates we pay.~~NL~~[agent.dfoster] Thank you for your patience. I've located SHP-202412-000116 in our system (origin HUB-CIN). Checking with dispatch now.~~NL~~[customer] That still isn't good enough but I'll wait for the update.
TKT-200427,CLI-0007,SHP-202403-000105,2024-03-19T13:44:28,email,pending,1,"[customer] We received the WRONG items for SHP-202403-000105. This isn't what we ordered at all — looks like it was meant for someone else.~~NL~~[agent.kobrien] Apologies — we've identified a fulfillment error at our Indianapolis warehouse and will arrange pickup of the wrong items and expedite the correct ones.~~NL~~[customer] Thank you, please hurry."
TKT-200428,CLI-0155,SHP-202403-000057,2024-03-28T20:09:02,portal,resolved,2,"[customer] Hi, I'm checking on shipment SHP-202403-000057. The status shows delayed — can you tell me the latest ETA?~~NL~~[agent.kobrien] Thank you for your patience. I've located SHP-202403-000057 in our system (origin HUB-CMH). Checking with dispatch now.~~NL~~[agent.kobrien] Dispatch confirms SHP-202403-000057 will be reattempted next business day. I've flagged your account for a proactive follow-up.~~NL~~[customer] Okay, thank you. Please keep me posted."
TKT-200429,CLI-0169,SHP-202405-000051,2024-05-29T15:44:16,chat,resolved,1,[customer] This is the second time I'm reaching out about SHP-202405-000051. It was due days ago and I still have nothing. This is unacceptable for the rates we pay.~~NL~~[agent.jbrooks] Thank you for your patience. I've located SHP-202405-000051 in our system (origin HUB-CHI). Checking with dispatch now.~~NL~~[agent.jbrooks] Good news — SHP-202405-000051 is back in motion. I'll monitor it through delivery and confirm the POD with you.~~NL~~[customer] That still isn't good enough but I'll wait for the update.
TKT-200430,CLI-0201,SHP-202403-000082,2024-03-18T20:40:28,phone,resolved,4,"[customer] Hello, I need to update the delivery contact for SHP-202403-000082 if it hasn't gone out yet.~~NL~~[agent.tpatel] Happy to help — SHP-202403-000082 is on schedule out of our Chicago hub; delivery is within the next 1–2 business days.~~NL~~[customer] Appreciate the quick turnaround."
TKT-200431,CLI-0201,SHP-202411-000128,2024-11-10T10:39:47,phone,resolved,5,"[customer] Good morning! Quick question on SHP-202411-000128, currently failed. No rush, just planning around it.~~NL~~[agent.tpatel] Thank you for your patience. I've located SHP-202411-000128 in our system (origin HUB-CMH). Checking with dispatch now.~~NL~~[agent.tpatel] Update: SHP-202411-000128 is re-routed and expected to deliver within 48 hours. I've added a note to prioritize it. Anything else I can do?"
TKT-200432,CLI-0201,SHP-202403-000062,2024-03-21T08:30:54,email,resolved,4,[customer] Can you confirm SHP-202403-000062 is still on track to arrive this week?~~NL~~[agent.lchen] Attached the POD for SHP-202403-000062. Let me know if there's anything else!~~NL~~[customer] Thanks for the quick help.
TKT-200433,CLI-0169,SHP-202404-000012,2024-04-04T13:00:47,chat,resolved,5,"[customer] Can you confirm SHP-202404-000012 is still on track to arrive this week?~~NL~~[agent.mruiz] Attached the POD for SHP-202404-000012. Let me know if there's anything else!~~NL~~[customer] Perfect, thank you!"
TKT-200434,CLI-0169,SHP-202404-000041,2024-04-07T13:02:18,email,open,,"[customer] Good morning! Quick question on SHP-202404-000041, currently delayed. No rush, just planning around it.~~NL~~[agent.dfoster] Thank you for your patience. I've located SHP-202404-000041 in our system (origin HUB-CHI). Checking with dispatch now.~~NL~~[agent.dfoster] Apologies for the delay on SHP-202404-000041. I've opened an investigation and looped in the Chicago operations team."
TKT-200435,CLI-0169,SHP-202404-000038,2024-04-25T22:07:05,chat,resolved,2,"[customer] We received the WRONG items for SHP-202404-000038. This isn't what we ordered at all — looks like it was meant for someone else.~~NL~~[agent.lchen] Apologies — we've identified a fulfillment error at our Columbus warehouse and will arrange pickup of the wrong items and expedite the correct ones.~~NL~~[customer] Thank you, please hurry."
TKT-200436,CLI-0007,SHP-202404-000004,2024-04-19T07:39:41,phone,resolved,4,[customer] Following up on SHP-202404-000004 — could you send the POD once it's delivered? Accounting needs it.~~NL~~[agent.tpatel] Happy to help — SHP-202404-000004 is on schedule out of our Indianapolis hub; delivery is within the next 1–2 business days.~~NL~~[customer] Thanks for the quick help.
TKT-200437,CLI-0201,SHP-202404-000016,2024-04-11T22:58:31,phone,resolved,4,"[customer] Hi, I'm checking on shipment SHP-202404-000016. The status shows failed — can you tell me the latest ETA?~~NL~~[agent.lchen] Thanks for reaching out — I'm sorry for the trouble with SHP-202404-000016. I see it was affected by an exception at our Columbus hub. Let me pull the latest.~~NL~~[agent.lchen] Dispatch confirms SHP-202404-000016 will be reattempted next business day. I've flagged your account for a proactive follow-up."
TKT-200438,CLI-0169,SHP-202404-000041,2024-04-04T16:39:18,phone,open,,"[customer] Hi, I'm checking on shipment SHP-202404-000041. The status shows delayed — can you tell me the latest ETA?~~NL~~[agent.jbrooks] Thank you for your patience. I've located SHP-202404-000041 in our system (origin HUB-CHI). Checking with dispatch now.~~NL~~[agent.jbrooks] Update: SHP-202404-000041 is re-routed and expected to deliver within 48 hours. I've added a note to prioritize it. Anything else I can do?~~NL~~[customer] Okay, thank you. Please keep me posted."
TKT-200439,CLI-0042,SHP-202404-000105,2024-04-14T20:48:22,portal,resolved,2,"[customer] We received the WRONG items for SHP-202404-000105. This isn't what we ordered at all — looks like it was meant for someone else.~~NL~~[agent.jbrooks] Apologies — we've identified a fulfillment error at our Columbus warehouse and will arrange pickup of the wrong items and expedite the correct ones.~~NL~~[customer] Thank you, please hurry."
TKT-200440,CLI-0201,SHP-202404-000098,2024-04-01T12:52:13,email,resolved,3,"[customer] Hi, I'm checking on shipment SHP-202404-000098. The status shows delayed — can you tell me the latest ETA?~~NL~~[agent.mruiz] Thank you for your patience. I've located SHP-202404-000098 in our system (origin HUB-CIN). Checking with dispatch now."
TKT-200441,CLI-0042,SHP-202405-000025,2024-05-18T19:08:51,email,resolved,1,"[customer] We received the WRONG items for SHP-202405-000025. This isn't what we ordered at all — looks like it was meant for someone else.~~NL~~[agent.mruiz] Apologies — we've identified a fulfillment error at our Chicago warehouse and will arrange pickup of the wrong items and expedite the correct ones.~~NL~~[customer] Thank you, please hurry."
TKT-200442,CLI-0201,SHP-202405-000033,2024-05-15T17:09:14,phone,resolved,5,[customer] Following up on SHP-202405-000033 — could you send the POD once it's delivered? Accounting needs it.~~NL~~[agent.jbrooks] Happy to help — SHP-202405-000033 is on schedule out of our Cincinnati hub; delivery is within the next 1–2 business days.~~NL~~[customer] Thanks for the quick help.
TKT-200443,CLI-0169,SHP-202405-000081,2024-05-03T21:46:00,portal,resolved,4,"[customer] Hi — quick question on SHP-202405-000081. Can you confirm the delivery window?~~NL~~[agent.lchen] Attached the POD for SHP-202405-000081. Let me know if there's anything else!~~NL~~[customer] Great, appreciate it."
TKT-200444,CLI-0169,SHP-202405-000074,2024-05-21T19:36:33,portal,resolved,4,"[customer] Following up on SHP-202405-000074 — could you send the POD once it's delivered? Accounting needs it.~~NL~~[agent.mruiz] Attached the POD for SHP-202405-000074. Let me know if there's anything else!~~NL~~[customer] Great, appreciate it."
TKT-200445,CLI-0169,SHP-202405-000010,2024-05-25T11:12:38,portal,resolved,5,"[customer] Can you confirm SHP-202405-000010 is still on track to arrive this week?~~NL~~[agent.lchen] Attached the POD for SHP-202405-000010. Let me know if there's anything else!~~NL~~[customer] Great, appreciate it."
TKT-200446,CLI-0155,SHP-202405-000092,2024-05-15T11:17:02,phone,open,,[customer] Hi — quick question on SHP-202405-000092. Can you confirm the delivery window?~~NL~~[agent.lchen] Sure thing. I've noted the update on SHP-202405-000092 and confirmed it with the Indianapolis team.~~NL~~[customer] Appreciate the quick turnaround.
TKT-200447,CLI-0169,SHP-202409-000090,2024-09-28T00:48:51,phone,resolved,3,[customer] Requesting an update on SHP-202409-000090. It appears to be delayed.~~NL~~[agent.kobrien] Thank you for your patience. I've located SHP-202409-000090 in our system (origin HUB-CMH). Checking with dispatch now.
TKT-200448,CLI-0169,SHP-202405-000150,2024-05-22T12:35:11,chat,resolved,5,"[customer] Hello, I need to update the delivery contact for SHP-202405-000150 if it hasn't gone out yet.~~NL~~[agent.mruiz] Happy to help — SHP-202405-000150 is on schedule out of our Detroit hub; delivery is within the next 1–2 business days.~~NL~~[customer] Thanks for the quick help."
TKT-200449,CLI-0042,SHP-202405-000126,2024-05-22T19:37:46,email,resolved,5,[customer] Hi — quick question on SHP-202405-000126. Can you confirm the delivery window?~~NL~~[agent.lchen] Happy to help — SHP-202405-000126 is on schedule out of our Indianapolis hub; delivery is within the next 1–2 business days.~~NL~~[customer] Thanks for the quick help.
TKT-200450,CLI-0169,SHP-202406-000025,2024-06-28T16:43:13,email,open,,"[customer] We received the WRONG items for SHP-202406-000025. This isn't what we ordered at all — looks like it was meant for someone else.~~NL~~[agent.kobrien] Apologies — we've identified a fulfillment error at our Chicago warehouse and will arrange pickup of the wrong items and expedite the correct ones.~~NL~~[customer] Thank you, please hurry."
TKT-200451,CLI-0007,SHP-202406-000013,2024-06-30T17:35:25,email,resolved,5,"[customer] Hi — quick question on SHP-202406-000013. Can you confirm the delivery window?~~NL~~[agent.mruiz] Happy to help — SHP-202406-000013 is on schedule out of our Columbus hub; delivery is within the next 1–2 business days.~~NL~~[customer] Great, appreciate it."
TKT-200452,CLI-0155,SHP-202406-000063,2024-06-29T18:59:27,email,resolved,4,[customer] Following up on SHP-202406-000063. Could you confirm whether this will still be delivered this week?~~NL~~[agent.jbrooks] Thank you for your patience. I've located SHP-202406-000063 in our system (origin HUB-CHI). Checking with dispatch now.~~NL~~[agent.jbrooks] Update: SHP-202406-000063 is re-routed and expected to deliver within 48 hours. I've added a note to prioritize it. Anything else I can do?
TKT-200453,CLI-0169,SHP-202406-000037,2024-06-28T19:36:05,chat,resolved,5,[customer] Hi — quick question on SHP-202406-000037. Can you confirm the delivery window?~~NL~~[agent.lchen] Attached the POD for SHP-202406-000037. Let me know if there's anything else!~~NL~~[customer] Thanks for the quick help.
TKT-200454,CLI-0155,SHP-202406-000079,2024-06-24T17:14:53,email,resolved,4,"[customer] Following up on SHP-202406-000079. Could you confirm whether this will still be delivered this week?~~NL~~[agent.tpatel] Thanks for reaching out — I'm sorry for the trouble with SHP-202406-000079. I see it was affected by an exception at our Chicago hub. Let me pull the latest.~~NL~~[agent.tpatel] Update: SHP-202406-000079 is re-routed and expected to deliver within 48 hours. I've added a note to prioritize it. Anything else I can do?~~NL~~[customer] Okay, thank you. Please keep me posted."
TKT-200455,CLI-0201,SHP-202406-000105,2024-06-15T18:53:44,portal,resolved,4,[customer] Can you confirm SHP-202406-000105 is still on track to arrive this week?~~NL~~[agent.lchen] Sure thing. I've noted the update on SHP-202406-000105 and confirmed it with the Cincinnati team.~~NL~~[customer] Thanks for the quick help.
TKT-200456,CLI-0201,SHP-202406-000066,2024-06-11T07:47:31,email,pending,5,[customer] Following up on SHP-202406-000066 — could you send the POD once it's delivered? Accounting needs it.~~NL~~[agent.mruiz] Happy to help — SHP-202406-000066 is on schedule out of our Indianapolis hub; delivery is within the next 1–2 business days.~~NL~~[customer] Thanks for the quick help.
TKT-200457,CLI-0042,SHP-202406-000118,2024-06-23T15:07:38,email,resolved,5,"[customer] Good morning! Quick question on SHP-202406-000118, currently failed. No rush, just planning around it.~~NL~~[agent.lchen] Thanks for reaching out — I'm sorry for the trouble with SHP-202406-000118. I see it was affected by an exception at our Columbus hub. Let me pull the latest.~~NL~~[agent.lchen] Update: SHP-202406-000118 is re-routed and expected to deliver within 48 hours. I've added a note to prioritize it. Anything else I can do?"
TKT-200458,CLI-0042,SHP-202407-000114,2024-07-10T13:19:06,email,resolved,5,[customer] Following up on SHP-202407-000114 — could you send the POD once it's delivered? Accounting needs it.~~NL~~[agent.mruiz] Happy to help — SHP-202407-000114 is on schedule out of our Detroit hub; delivery is within the next 1–2 business days.~~NL~~[customer] Appreciate the quick turnaround.
TKT-200459,CLI-0007,SHP-202407-000123,2024-07-30T14:31:16,email,resolved,5,"[customer] Hello, hoping you can help with SHP-202407-000123. I understand there may be delays — just need an updated delivery window when you have a moment. Thanks!~~NL~~[agent.mruiz] Thanks for reaching out — I'm sorry for the trouble with SHP-202407-000123. I see it was affected by an exception at our Columbus hub. Let me pull the latest.~~NL~~[agent.mruiz] Good news — SHP-202407-000123 is back in motion. I'll monitor it through delivery and confirm the POD with you.~~NL~~[customer] Perfect, thank you!"
TKT-200460,CLI-0169,SHP-202407-000054,2024-07-03T14:49:29,portal,resolved,5,"[customer] Following up on SHP-202407-000054 — could you send the POD once it's delivered? Accounting needs it.~~NL~~[agent.jbrooks] Happy to help — SHP-202407-000054 is on schedule out of our Indianapolis hub; delivery is within the next 1–2 business days.~~NL~~[customer] Great, appreciate it."
TKT-200461,CLI-0201,SHP-202407-000145,2024-07-11T02:19:32,chat,resolved,5,"[customer] Following up on SHP-202407-000145 — could you send the POD once it's delivered? Accounting needs it.~~NL~~[agent.tpatel] Attached the POD for SHP-202407-000145. Let me know if there's anything else!~~NL~~[customer] Great, appreciate it."
TKT-200462,CLI-0042,SHP-202407-000050,2024-07-16T17:58:51,chat,resolved,4,"[customer] Hi, I'm checking on shipment SHP-202407-000050. The status shows delayed — can you tell me the latest ETA?~~NL~~[agent.mruiz] Thank you for your patience. I've located SHP-202407-000050 in our system (origin HUB-CHI). Checking with dispatch now.~~NL~~[agent.mruiz] Dispatch confirms SHP-202407-000050 will be reattempted next business day. I've flagged your account for a proactive follow-up.~~NL~~[customer] Okay, thank you. Please keep me posted."
TKT-200463,CLI-0201,SHP-202411-000128,2024-11-09T13:54:47,phone,pending,,[customer] Extremely disappointed. SHP-202411-000128 was marked returned with zero communication. Please escalate.~~NL~~[agent.mruiz] Thank you for your patience. I've located SHP-202411-000128 in our system (origin HUB-CMH). Checking with dispatch now.~~NL~~[agent.mruiz] Update: SHP-202411-000128 is re-routed and expected to deliver within 48 hours. I've added a note to prioritize it. Anything else I can do?~~NL~~[customer] That still isn't good enough but I'll wait for the update.
TKT-200464,CLI-0042,SHP-202407-000105,2024-07-21T15:33:59,chat,resolved,1,"[customer] We received the WRONG items for SHP-202407-000105. This isn't what we ordered at all — looks like it was meant for someone else.~~NL~~[agent.tpatel] Apologies — we've identified a fulfillment error at our Indianapolis warehouse and will arrange pickup of the wrong items and expedite the correct ones.~~NL~~[customer] Thank you, please hurry."
TKT-200465,CLI-0042,SHP-202407-000050,2024-07-20T12:02:51,portal,resolved,4,[customer] Following up on SHP-202407-000050. Could you confirm whether this will still be delivered this week?~~NL~~[agent.dfoster] Thank you for your patience. I've located SHP-202407-000050 in our system (origin HUB-CHI). Checking with dispatch now.~~NL~~[agent.dfoster] Update: SHP-202407-000050 is re-routed and expected to deliver within 48 hours. I've added a note to prioritize it. Anything else I can do?
TKT-200466,CLI-0042,SHP-202407-000050,2024-07-17T12:16:51,portal,resolved,4,"[customer] Following up on SHP-202407-000050. Could you confirm whether this will still be delivered this week?~~NL~~[agent.dfoster] Thanks for reaching out — I'm sorry for the trouble with SHP-202407-000050. I see it was affected by an exception at our Chicago hub. Let me pull the latest.~~NL~~[agent.dfoster] Apologies for the delay on SHP-202407-000050. I've opened an investigation and looped in the Chicago operations team.~~NL~~[customer] Okay, thank you. Please keep me posted."
TKT-200467,CLI-0201,SHP-202408-000033,2024-08-30T16:25:24,phone,resolved,5,"[customer] Hello, I need to update the delivery contact for SHP-202408-000033 if it hasn't gone out yet.~~NL~~[agent.dfoster] Sure thing. I've noted the update on SHP-202408-000033 and confirmed it with the Cincinnati team.~~NL~~[customer] Thanks for the quick help."
TKT-200468,CLI-0201,SHP-202408-000156,2024-08-29T14:41:45,chat,pending,5,[customer] Can you confirm SHP-202408-000156 is still on track to arrive this week?~~NL~~[agent.mruiz] Attached the POD for SHP-202408-000156. Let me know if there's anything else!~~NL~~[customer] Thanks for the quick help.
TKT-200469,CLI-0169,SHP-202408-000052,2024-08-21T22:34:43,portal,resolved,4,[customer] Following up on SHP-202408-000052. Could you confirm whether this will still be delivered this week?~~NL~~[agent.mruiz] Thanks for reaching out — I'm sorry for the trouble with SHP-202408-000052. I see it was affected by an exception at our Cincinnati hub. Let me pull the latest.~~NL~~[agent.mruiz] Update: SHP-202408-000052 is re-routed and expected to deliver within 48 hours. I've added a note to prioritize it. Anything else I can do?
TKT-200470,CLI-0155,SHP-202408-000019,2024-08-06T21:11:59,chat,resolved,3,"[customer] Requesting an update on SHP-202408-000019. It appears to be delayed.~~NL~~[agent.lchen] Thanks for reaching out — I'm sorry for the trouble with SHP-202408-000019. I see it was affected by an exception at our Cincinnati hub. Let me pull the latest.~~NL~~[customer] Okay, thank you. Please keep me posted."
TKT-200471,CLI-0169,SHP-202408-000119,2024-08-18T13:44:46,chat,resolved,5,[customer] Can you confirm SHP-202408-000119 is still on track to arrive this week?~~NL~~[agent.tpatel] Sure thing. I've noted the update on SHP-202408-000119 and confirmed it with the Columbus team.~~NL~~[customer] Appreciate the quick turnaround.
TKT-200472,CLI-0155,SHP-202408-000019,2024-08-02T22:21:59,email,resolved,2,"[customer] Hi, I'm checking on shipment SHP-202408-000019. The status shows delayed — can you tell me the latest ETA?~~NL~~[agent.kobrien] Thanks for reaching out — I'm sorry for the trouble with SHP-202408-000019. I see it was affected by an exception at our Cincinnati hub. Let me pull the latest.~~NL~~[agent.kobrien] Update: SHP-202408-000019 is re-routed and expected to deliver within 48 hours. I've added a note to prioritize it. Anything else I can do?"
TKT-200473,CLI-0201,SHP-202402-000003,2024-02-02T08:02:49,phone,pending,3,[customer] Where is SHP-202402-000003?? Your tracking hasn't updated and my customer is furious. I need answers today.~~NL~~[agent.kobrien] Thank you for your patience. I've located SHP-202402-000003 in our system (origin HUB-CHI). Checking with dispatch now.~~NL~~[customer] That still isn't good enough but I'll wait for the update.
TKT-200474,CLI-0169,SHP-202408-000064,2024-08-23T18:44:01,chat,open,,"[customer] We received the WRONG items for SHP-202408-000064. This isn't what we ordered at all — looks like it was meant for someone else.~~NL~~[agent.mruiz] Apologies — we've identified a fulfillment error at our Columbus warehouse and will arrange pickup of the wrong items and expedite the correct ones.~~NL~~[customer] Thank you, please hurry."
TKT-200475,CLI-0201,SHP-202401-000088,2024-01-07T21:34:32,phone,resolved,2,[customer] Where is SHP-202401-000088?? Your tracking hasn't updated and my customer is furious. I need answers today.~~NL~~[agent.mruiz] Thank you for your patience. I've located SHP-202401-000088 in our system (origin HUB-CIN). Checking with dispatch now.~~NL~~[agent.mruiz] Apologies for the delay on SHP-202401-000088. I've opened an investigation and looped in the Cincinnati operations team.
TKT-200476,CLI-0155,SHP-202409-000141,2024-09-26T20:12:43,email,resolved,4,"[customer] Hi — quick question on SHP-202409-000141. Can you confirm the delivery window?~~NL~~[agent.tpatel] Attached the POD for SHP-202409-000141. Let me know if there's anything else!~~NL~~[customer] Great, appreciate it."
TKT-200477,CLI-0201,SHP-202409-000020,2024-09-11T19:12:34,phone,resolved,1,"[customer] We received the WRONG items for SHP-202409-000020. This isn't what we ordered at all — looks like it was meant for someone else.~~NL~~[agent.dfoster] Apologies — we've identified a fulfillment error at our Detroit warehouse and will arrange pickup of the wrong items and expedite the correct ones.~~NL~~[customer] Thank you, please hurry."
TKT-200478,CLI-0007,SHP-202409-000089,2024-09-17T20:08:17,phone,pending,3,[customer] Following up on SHP-202409-000089. Could you confirm whether this will still be delivered this week?~~NL~~[agent.dfoster] Thank you for your patience. I've located SHP-202409-000089 in our system (origin HUB-CHI). Checking with dispatch now.~~NL~~[agent.dfoster] Apologies for the delay on SHP-202409-000089. I've opened an investigation and looped in the Chicago operations team.
TKT-200479,CLI-0169,SHP-202409-000095,2024-09-03T10:32:33,phone,resolved,4,"[customer] Following up on SHP-202409-000095 — could you send the POD once it's delivered? Accounting needs it.~~NL~~[agent.kobrien] Happy to help — SHP-202409-000095 is on schedule out of our Chicago hub; delivery is within the next 1–2 business days.~~NL~~[customer] Perfect, thank you!"
TKT-200480,CLI-0169,SHP-202409-000021,2024-09-08T13:16:45,email,resolved,4,[customer] Hi — quick question on SHP-202409-000021. Can you confirm the delivery window?~~NL~~[agent.tpatel] Happy to help — SHP-202409-000021 is on schedule out of our Indianapolis hub; delivery is within the next 1–2 business days.~~NL~~[customer] Thanks for the quick help.
TKT-200481,CLI-0201,SHP-202402-000003,2024-02-02T09:16:49,chat,resolved,3,[customer] Extremely disappointed. SHP-202402-000003 was marked returned with zero communication. Please escalate.~~NL~~[agent.lchen] Thanks for reaching out — I'm sorry for the trouble with SHP-202402-000003. I see it was affected by an exception at our Chicago hub. Let me pull the latest.~~NL~~[agent.lchen] Update: SHP-202402-000003 is re-routed and expected to deliver within 48 hours. I've added a note to prioritize it. Anything else I can do?
TKT-200482,CLI-0042,SHP-202409-000142,2024-09-20T19:52:16,phone,pending,,"[customer] Hi — quick question on SHP-202409-000142. Can you confirm the delivery window?~~NL~~[agent.kobrien] Sure thing. I've noted the update on SHP-202409-000142 and confirmed it with the Indianapolis team.~~NL~~[customer] Great, appreciate it."
TKT-200483,CLI-0007,SHP-202409-000089,2024-09-17T19:38:17,phone,resolved,5,"[customer] Hello, hoping you can help with SHP-202409-000089. I understand there may be delays — just need an updated delivery window when you have a moment. Thanks!~~NL~~[agent.tpatel] Thank you for your patience. I've located SHP-202409-000089 in our system (origin HUB-CHI). Checking with dispatch now."
TKT-200484,CLI-0169,SHP-202410-000167,2024-10-26T20:48:52,phone,resolved,4,"[customer] Good morning! Quick question on SHP-202410-000167, currently failed. No rush, just planning around it.~~NL~~[agent.tpatel] Thank you for your patience. I've located SHP-202410-000167 in our system (origin HUB-CHI). Checking with dispatch now.~~NL~~[agent.tpatel] Dispatch confirms SHP-202410-000167 will be reattempted next business day. I've flagged your account for a proactive follow-up.~~NL~~[customer] Thanks for the quick help."
TKT-200485,CLI-0007,SHP-202410-000166,2024-10-12T18:19:29,chat,pending,1,"[customer] We received the WRONG items for SHP-202410-000166. This isn't what we ordered at all — looks like it was meant for someone else.~~NL~~[agent.dfoster] Apologies — we've identified a fulfillment error at our Detroit warehouse and will arrange pickup of the wrong items and expedite the correct ones.~~NL~~[customer] Thank you, please hurry."
TKT-200486,CLI-0042,SHP-202410-000067,2024-10-27T11:11:14,email,resolved,5,"[customer] Hi — quick question on SHP-202410-000067. Can you confirm the delivery window?~~NL~~[agent.mruiz] Happy to help — SHP-202410-000067 is on schedule out of our Detroit hub; delivery is within the next 1–2 business days.~~NL~~[customer] Perfect, thank you!"
TKT-200487,CLI-0155,SHP-202410-000007,2024-10-29T11:31:19,email,resolved,4,"[customer] Can you confirm SHP-202410-000007 is still on track to arrive this week?~~NL~~[agent.mruiz] Happy to help — SHP-202410-000007 is on schedule out of our Cincinnati hub; delivery is within the next 1–2 business days.~~NL~~[customer] Perfect, thank you!"
TKT-200488,CLI-0169,SHP-202410-000019,2024-10-29T19:42:04,email,pending,4,[customer] Hi — quick question on SHP-202410-000019. Can you confirm the delivery window?~~NL~~[agent.kobrien] Happy to help — SHP-202410-000019 is on schedule out of our Chicago hub; delivery is within the next 1–2 business days.~~NL~~[customer] Appreciate the quick turnaround.
TKT-200489,CLI-0007,SHP-202410-000064,2024-10-10T09:14:03,email,resolved,5,"[customer] Hi — quick question on SHP-202410-000064. Can you confirm the delivery window?~~NL~~[agent.lchen] Sure thing. I've noted the update on SHP-202410-000064 and confirmed it with the Columbus team.~~NL~~[customer] Perfect, thank you!"
TKT-200490,CLI-0007,SHP-202410-000112,2024-10-30T01:59:04,email,resolved,3,"[customer] Following up on SHP-202410-000112 — could you send the POD once it's delivered? Accounting needs it.~~NL~~[agent.lchen] Sure thing. I've noted the update on SHP-202410-000112 and confirmed it with the Chicago team.~~NL~~[customer] Great, appreciate it."
TKT-200491,CLI-0169,SHP-202410-000098,2024-10-05T22:32:37,chat,resolved,5,"[customer] Hi — quick question on SHP-202410-000098. Can you confirm the delivery window?~~NL~~[agent.kobrien] Happy to help — SHP-202410-000098 is on schedule out of our Columbus hub; delivery is within the next 1–2 business days.~~NL~~[customer] Perfect, thank you!"
TKT-200492,CLI-0169,SHP-202410-000167,2024-10-27T19:33:52,email,resolved,2,[customer] Extremely disappointed. SHP-202410-000167 was marked returned with zero communication. Please escalate.~~NL~~[agent.jbrooks] Thanks for reaching out — I'm sorry for the trouble with SHP-202410-000167. I see it was affected by an exception at our Chicago hub. Let me pull the latest.~~NL~~[agent.jbrooks] Apologies for the delay on SHP-202410-000167. I've opened an investigation and looped in the Chicago operations team.
TKT-200493,CLI-0201,SHP-202411-000128,2024-11-06T08:22:47,portal,resolved,2,[customer] Where is SHP-202411-000128?? Your tracking hasn't updated and my customer is furious. I need answers today.~~NL~~[agent.tpatel] Thanks for reaching out — I'm sorry for the trouble with SHP-202411-000128. I see it was affected by an exception at our Columbus hub. Let me pull the latest.~~NL~~[customer] That still isn't good enough but I'll wait for the update.
TKT-200494,CLI-0042,SHP-202411-000132,2024-11-30T21:56:34,email,pending,3,[customer] Following up on SHP-202411-000132. Could you confirm whether this will still be delivered this week?~~NL~~[agent.kobrien] Thank you for your patience. I've located SHP-202411-000132 in our system (origin HUB-CMH). Checking with dispatch now.~~NL~~[agent.kobrien] Dispatch confirms SHP-202411-000132 will be reattempted next business day. I've flagged your account for a proactive follow-up.
TKT-200495,CLI-0042,SHP-202411-000190,2024-11-05T16:13:18,email,pending,5,"[customer] Hello, hoping you can help with SHP-202411-000190. I understand there may be delays — just need an updated delivery window when you have a moment. Thanks!~~NL~~[agent.kobrien] Thank you for your patience. I've located SHP-202411-000190 in our system (origin HUB-DET). Checking with dispatch now.~~NL~~[agent.kobrien] Update: SHP-202411-000190 is re-routed and expected to deliver within 48 hours. I've added a note to prioritize it. Anything else I can do?"
TKT-200496,CLI-0169,SHP-202411-000169,2024-11-21T18:41:08,phone,pending,4,"[customer] Hello, I need to update the delivery contact for SHP-202411-000169 if it hasn't gone out yet.~~NL~~[agent.kobrien] Attached the POD for SHP-202411-000169. Let me know if there's anything else!~~NL~~[customer] Great, appreciate it."
TKT-200497,CLI-0155,SHP-202411-000119,2024-11-13T21:28:53,phone,resolved,5,[customer] Hi — quick question on SHP-202411-000119. Can you confirm the delivery window?~~NL~~[agent.tpatel] Happy to help — SHP-202411-000119 is on schedule out of our Detroit hub; delivery is within the next 1–2 business days.~~NL~~[customer] Thanks for the quick help.
TKT-200498,CLI-0155,SHP-202411-000047,2024-11-26T09:52:58,chat,resolved,4,"[customer] Hi, I'm checking on shipment SHP-202411-000047. The status shows delayed — can you tell me the latest ETA?~~NL~~[agent.mruiz] Thanks for reaching out — I'm sorry for the trouble with SHP-202411-000047. I see it was affected by an exception at our Columbus hub. Let me pull the latest.~~NL~~[agent.mruiz] Update: SHP-202411-000047 is re-routed and expected to deliver within 48 hours. I've added a note to prioritize it. Anything else I can do?"
TKT-200499,CLI-0201,SHP-202411-000128,2024-11-06T13:44:47,chat,resolved,5,"[customer] Good morning! Quick question on SHP-202411-000128, currently failed. No rush, just planning around it.~~NL~~[agent.dfoster] Thank you for your patience. I've located SHP-202411-000128 in our system (origin HUB-CMH). Checking with dispatch now.~~NL~~[agent.dfoster] Good news — SHP-202411-000128 is back in motion. I'll monitor it through delivery and confirm the POD with you."
TKT-200500,CLI-0042,SHP-202411-000112,2024-11-29T22:15:03,email,resolved,5,[customer] Can you confirm SHP-202411-000112 is still on track to arrive this week?~~NL~~[agent.jbrooks] Happy to help — SHP-202411-000112 is on schedule out of our Columbus hub; delivery is within the next 1–2 business days.~~NL~~[customer] Appreciate the quick turnaround.
TKT-200501,CLI-0155,SHP-202411-000047,2024-11-28T07:49:58,email,resolved,3,[customer] Following up on SHP-202411-000047. Could you confirm whether this will still be delivered this week?~~NL~~[agent.dfoster] Thank you for your patience. I've located SHP-202411-000047 in our system (origin HUB-CMH). Checking with dispatch now.~~NL~~[agent.dfoster] Update: SHP-202411-000047 is re-routed and expected to deliver within 48 hours. I've added a note to prioritize it. Anything else I can do?
TKT-200502,CLI-0042,SHP-202411-000132,2024-11-27T22:44:34,phone,resolved,3,[customer] Following up on SHP-202411-000132. Could you confirm whether this will still be delivered this week?~~NL~~[agent.dfoster] Thanks for reaching out — I'm sorry for the trouble with SHP-202411-000132. I see it was affected by an exception at our Columbus hub. Let me pull the latest.~~NL~~[agent.dfoster] Update: SHP-202411-000132 is re-routed and expected to deliver within 48 hours. I've added a note to prioritize it. Anything else I can do?
TKT-200503,CLI-0201,SHP-202412-000048,2024-12-04T20:39:29,email,resolved,3,"[customer] Hi, I'm checking on shipment SHP-202412-000048. The status shows failed — can you tell me the latest ETA?~~NL~~[agent.kobrien] Thanks for reaching out — I'm sorry for the trouble with SHP-202412-000048. I see it was affected by an exception at our Cincinnati hub. Let me pull the latest.~~NL~~[agent.kobrien] Apologies for the delay on SHP-202412-000048. I've opened an investigation and looped in the Cincinnati operations team."
TKT-200504,CLI-0201,SHP-202412-000177,2024-12-22T00:22:46,phone,resolved,4,"[customer] Hello, I need to update the delivery contact for SHP-202412-000177 if it hasn't gone out yet.~~NL~~[agent.dfoster] Attached the POD for SHP-202412-000177. Let me know if there's anything else!~~NL~~[customer] Appreciate the quick turnaround."
TKT-200505,CLI-0007,SHP-202412-000116,2024-12-05T15:54:42,phone,resolved,1,[customer] Where is SHP-202412-000116?? Your tracking hasn't updated and my customer is furious. I need answers today.~~NL~~[agent.tpatel] Thank you for your patience. I've located SHP-202412-000116 in our system (origin HUB-CIN). Checking with dispatch now.~~NL~~[agent.tpatel] Good news — SHP-202412-000116 is back in motion. I'll monitor it through delivery and confirm the POD with you.~~NL~~[customer] That still isn't good enough but I'll wait for the update.
TKT-200506,CLI-0201,SHP-202412-000141,2024-12-18T20:38:58,phone,resolved,1,"[customer] We received the WRONG items for SHP-202412-000141. This isn't what we ordered at all — looks like it was meant for someone else.~~NL~~[agent.jbrooks] Apologies — we've identified a fulfillment error at our Cincinnati warehouse and will arrange pickup of the wrong items and expedite the correct ones.~~NL~~[customer] Thank you, please hurry."
TKT-200507,CLI-0169,SHP-202412-000103,2024-12-07T10:18:24,email,pending,5,[customer] Can you confirm SHP-202412-000103 is still on track to arrive this week?~~NL~~[agent.dfoster] Attached the POD for SHP-202412-000103. Let me know if there's anything else!~~NL~~[customer] Thanks for the quick help.
TKT-200508,CLI-0169,SHP-202412-000096,2024-12-14T01:40:44,email,resolved,5,"[customer] Hello, I need to update the delivery contact for SHP-202412-000096 if it hasn't gone out yet.~~NL~~[agent.dfoster] Happy to help — SHP-202412-000096 is on schedule out of our Indianapolis hub; delivery is within the next 1–2 business days.~~NL~~[customer] Thanks for the quick help."
TKT-200509,CLI-0042,SHP-202412-000209,2024-12-04T17:51:37,email,pending,3,[customer] Hi — quick question on SHP-202412-000209. Can you confirm the delivery window?~~NL~~[agent.kobrien] Happy to help — SHP-202412-000209 is on schedule out of our Indianapolis hub; delivery is within the next 1–2 business days.~~NL~~[customer] Appreciate the quick turnaround.
TKT-200510,CLI-0007,SHP-202412-000120,2024-12-20T16:39:15,chat,resolved,5,"[customer] Following up on SHP-202412-000120 — could you send the POD once it's delivered? Accounting needs it.~~NL~~[agent.tpatel] Sure thing. I've noted the update on SHP-202412-000120 and confirmed it with the Indianapolis team.~~NL~~[customer] Great, appreciate it."
TKT-200511,CLI-0201,SHP-202412-000149,2024-12-30T22:42:45,phone,resolved,4,[customer] Hi — quick question on SHP-202412-000149. Can you confirm the delivery window?~~NL~~[agent.dfoster] Attached the POD for SHP-202412-000149. Let me know if there's anything else!~~NL~~[customer] Appreciate the quick turnaround.
TKT-200512,CLI-0169,SHP-202412-000111,2024-12-15T16:17:59,phone,resolved,2,[customer] Following up on SHP-202412-000111. Could you confirm whether this will still be delivered this week?~~NL~~[agent.tpatel] Thanks for reaching out — I'm sorry for the trouble with SHP-202412-000111. I see it was affected by an exception at our Columbus hub. Let me pull the latest.~~NL~~[agent.tpatel] Dispatch confirms SHP-202412-000111 will be reattempted next business day. I've flagged your account for a proactive follow-up.
TKT-200513,CLI-0169,SHP-202412-000023,2024-12-25T08:25:16,chat,resolved,5,[customer] Can you confirm SHP-202412-000023 is still on track to arrive this week?~~NL~~[agent.tpatel] Attached the POD for SHP-202412-000023. Let me know if there's anything else!~~NL~~[customer] Thanks for the quick help.
